module,subbase_thickness_in,pavement_thickness_in,bar_size,bar_spacing_in,axle_load_kip,wheel_load_kip,tire_pressure_psi,subbase_material,k_eff_pci,radius_relative_stiffness_in,contact_radius_in,equivalent_resisting_radius_b_in,edge_stress_psi,Mu_kip_in_per_ft,As_per_ft_in2,effective_depth_in,a_in,Mn_kip_in_per_ft,phi_Mn_kip_in_per_ft,Mcr_kip_in_per_ft,demand_capacity_ratio,cracking_ratio,epsilon_t,reinforcement_directions,parking_lot_area_sf,roadway_area_sf,total_area_sf,concrete_volume_cy_total,subbase_volume_cy_total,class_a_lap_length_in,rebar_stock_length_ft,parking_lot_reinforcement_directions,roadway_reinforcement_directions,parking_lot_rebar_length_ft,roadway_rebar_length_ft,total_rebar_length_ft_with_laps,parking_lot_longitudinal_bar_count,parking_lot_transverse_bar_count,roadway_longitudinal_bar_count,roadway_transverse_bar_count,roadway_longitudinal_splices_per_bar,roadway_transverse_splices_per_bar,parking_lot_longitudinal_splices_per_bar,parking_lot_transverse_splices_per_bar,steel_weight_lb_total,steel_weight_ton_total,feasible,warnings,lcc_analysis_period_yr,lcc_end_of_service_life_yr,lcc_real_discount_rate,rsmeans_saginaw_county_location_factor,maintenance_present_worth,initial_concrete_cost,initial_57_stone_cost,initial_reinforcing_steel_cost,initial_fiber_cost,initial_construction_cost,end_of_life_concrete_tons,end_of_life_demo_cost_future,end_of_life_crushing_cost_future,end_of_life_subbase_removal_cost_future,end_of_life_recycled_aggregate_credit_future,end_of_life_net_future_cost,end_of_life_pv_factor,end_of_life_present_worth,total_present_worth,present_worth_per_sf,fe3_psi,concrete_MR_psi,Re3_decimal,Re3_percent,tufstrand_dosage_lb_per_cy,Mn_FRC_kip_in_per_ft,Mtotal_FRC_kip_in_per_ft,phi_FRC,phi_Mtotal_FRC_kip_in_per_ft,fe3_psi_for_lcc_lca_mapping,fiber_quantity_note
SRC,4,6,#4,6,19.0,9.5,100.0,#57 stone,110.00000000000001,28.285316431310303,5.499039842323396,5.136027579968186,501.5483550550628,36.111481563964524,0.4000000000000001,2.75,0.5228758169934641,59.72549019607844,53.75294117647059,46.8,0.6718047566069127,0.771612853930866,0.010016953124999999,2.0,45000.0,41000.0,86000.0,1592.5925925925926,1061.7283950617284,26.83281572999748,40.0,2.0,1.0,189193.02579202416,88725.61814095205,277918.6439329762,301.0,601.0,41.0,0.0,51.0,0.0,7.0,3.0,189139.07712105327,94.56953856052664,True,,50,50,0.03,1.0,0.0,294629.6296296296,61580.246913580246,302622.52339368523,0.0,658832.3999368951,3225.0,66888.88888888889,29025.0,19111.11111111111,19350.0,95675.0,0.22810707978975348,21824.144858884665,680656.5447957797,7.914610985997439,,,,,,,,,,,
SRC,4,6,#4,8,19.0,9.5,100.0,#57 stone,110.00000000000001,28.285316431310303,5.499039842323396,5.136027579968186,501.5483550550628,36.111481563964524,0.30000000000000004,2.75,0.39215686274509814,45.97058823529412,41.373529411764714,46.8,0.8728160753357458,0.771612853930866,0.014355937499999997,2.0,45000.0,41000.0,86000.0,1592.5925925925926,1061.7283950617284,26.83281572999748,40.0,2.0,1.0,142012.85951396188,67085.22347242717,209098.08298638905,226.0,451.0,31.0,0.0,51.0,0.0,7.0,3.0,142302.86203240367,71.15143101620184,True,,50,50,0.03,1.0,0.0,294629.6296296296,61580.246913580246,227684.5792518459,0.0,583894.4557950557,3225.0,66888.88888888889,29025.0,19111.11111111111,19350.0,95675.0,0.22810707978975348,21824.144858884665,605718.6006539403,7.043239542487679,,,,,,,,,,,
SRC,4,6,#5,6,19.0,9.5,100.0,#57 stone,110.00000000000001,28.285316431310303,5.499039842323396,5.136027579968186,501.5483550550628,36.111481563964524,0.62,2.6875,0.8104575163398693,84.90049019607844,76.41044117647058,46.8,0.47259878372596675,0.771612853930866,0.005207169858870968,2.0,45000.0,41000.0,86000.0,1592.5925925925926,1061.7283950617284,33.54101966249685,40.0,2.0,1.0,191378.78224003024,89894.52267619007,281273.3049162203,301.0,601.0,41.0,0.0,51.0,0.0,7.0,3.0,296704.27094981854,148.35213547490926,True,,50,50,0.03,1.0,0.0,294629.6296296296,61580.246913580246,474726.83351970965,0.0,830936.7100629194,3225.0,66888.88888888889,29025.0,19111.11111111111,19350.0,95675.0,0.22810707978975348,21824.144858884665,852760.854921804,9.915823894439582,,,,,,,,,,,
SRC,4,6,#5,8,19.0,9.5,100.0,#57 stone,110.00000000000001,28.285316431310303,5.499039842323396,5.136027579968186,501.5483550550628,36.111481563964524,0.46499999999999997,2.6875,0.6078431372549019,66.50183823529412,59.8516544117647,46.8,0.6033497639935964,0.771612853930866,0.007942893145161292,2.0,45000.0,41000.0,86000.0,1592.5925925925926,1061.7283950617284,33.54101966249685,40.0,2.0,1.0,143653.57439245237,67969.02934053396,211622.60373298632,226.0,451.0,31.0,0.0,51.0,0.0,7.0,3.0,223232.4549100043,111.61622745500216,True,,50,50,0.03,1.0,0.0,294629.6296296296,61580.246913580246,357171.9278560069,0.0,713381.8043992168,3225.0,66888.88888888889,29025.0,19111.11111111111,19350.0,95675.0,0.22810707978975348,21824.144858884665,735205.9492581014,8.54890638672211,,,,,,,,,,,
SRC,4,6,#5,10,19.0,9.5,100.0,#57 stone,110.00000000000001,28.285316431310303,5.499039842323396,5.136027579968186,501.5483550550628,36.111481563964524,0.372,2.6875,0.48627450980392156,54.558176470588236,49.102358823529414,46.8,0.73543272521279,0.771612853930866,0.010678616431451614,2.0,45000.0,41000.0,86000.0,1592.5925925925926,1061.7283950617284,33.54101966249685,40.0,2.0,1.0,115018.44968390564,54813.733339140286,169832.18302304592,181.0,361.0,25.0,0.0,51.0,0.0,7.0,3.0,179149.36528611582,89.57468264305791,True,,50,50,0.03,1.0,0.0,294629.6296296296,61580.246913580246,286638.9844577853,0.0,642848.8610009952,3225.0,66888.88888888889,29025.0,19111.11111111111,19350.0,95675.0,0.22810707978975348,21824.144858884665,664673.0058598798,7.728755882091625,,,,,,,,,,,
SRC,4,6,#5,12,19.0,9.5,100.0,#57 stone,110.00000000000001,28.285316431310303,5.499039842323396,5.136027579968186,501.5483550550628,36.111481563964524,0.31,2.6875,0.40522875816993464,46.2188725490196,41.596985294117644,46.8,0.8681273729005347,0.771612853930866,0.013414339717741934,2.0,45000.0,41000.0,86000.0,1592.5925925925926,1061.7283950617284,33.54101966249685,40.0,2.0,1.0,95928.36654487449,46043.53600487784,141971.90254975233,151.0,301.0,21.0,0.0,51.0,0.0,7.0,3.0,149760.63887019013,74.88031943509506,True,,50,50,0.03,1.0,0.0,294629.6296296296,61580.246913580246,239617.0221923042,0.0,595826.898735514,3225.0,66888.88888888889,29025.0,19111.11111111111,19350.0,95675.0,0.22810707978975348,21824.144858884665,617651.0435943987,7.181988879004636,,,,,,,,,,,
SRC,4,6,#6,6,19.0,9.5,100.0,#57 stone,110.00000000000001,28.285316431310303,5.499039842323396,5.136027579968186,501.5483550550628,36.111481563964524,0.88,2.625,1.1503267973856208,108.23137254901962,97.40823529411766,46.8,0.37072308573221063,0.771612853930866,0.0026478515625000007,2.0,45000.0,41000.0,86000.0,1592.5925925925926,1061.7283950617284,40.249223594996224,40.0,2.0,1.0,193564.53868803626,91063.42721142809,284627.9658994643,301.0,601.0,41.0,0.0,51.0,0.0,7.0,3.0,426151.31561058684,213.07565780529342,True,Section may not be tension-controlled; phi = 0.90 should be reviewed.,50,50,0.03,1.0,0.0,294629.6296296296,61580.246913580246,681842.1049769389,0.0,1038051.9815201487,3225.0,66888.88888888889,29025.0,19111.11111111111,19350.0,95675.0,0.22810707978975348,21824.144858884665,1059876.1263790333,12.324141004407364,,,,,,,,,,,
SRC,4,6,#6,8,19.0,9.5,100.0,#57 stone,110.00000000000001,28.285316431310303,5.499039842323396,5.136027579968186,501.5483550550628,36.111481563964524,0.66,2.625,0.8627450980392157,86.86764705882352,78.18088235294117,46.8,0.4618965721177488,0.771612853930866,0.00453046875,2.0,45000.0,41000.0,86000.0,1592.5925925925926,1061.7283950617284,40.249223594996224,40.0,2.0,1.0,145294.28927094283,68852.83520864075,214147.12447958358,226.0,451.0,31.0,0.0,51.0,0.0,7.0,3.0,320625.833595821,160.3129167979105,True,Section may not be tension-controlled; phi = 0.90 should be reviewed.,50,50,0.03,1.0,0.0,294629.6296296296,61580.246913580246,513001.33375331364,0.0,869211.2102965235,3225.0,66888.88888888889,29025.0,19111.11111111111,19350.0,95675.0,0.22810707978975348,21824.144858884665,891035.3551554081,10.360876222737303,,,,,,,,,,,
SRC,4,6,#6,10,19.0,9.5,100.0,#57 stone,110.00000000000001,28.285316431310303,5.499039842323396,5.136027579968186,501.5483550550628,36.111481563964524,0.528,2.625,0.6901960784313725,72.22729411764705,65.00456470588234,46.8,0.5555222425894769,0.771612853930866,0.0064130859375,2.0,45000.0,41000.0,86000.0,1592.5925925925926,1061.7283950617284,40.249223594996224,40.0,2.0,1.0,116332.13962068676,55526.48000696835,171858.6196276551,181.0,361.0,25.0,0.0,51.0,0.0,7.0,3.0,257310.54438696138,128.6552721934807,True,,50,50,0.03,1.0,0.0,294629.6296296296,61580.246913580246,411696.87101913826,0.0,767906.7475623481,3225.0,66888.88888888889,29025.0,19111.11111111111,19350.0,95675.0,0.22810707978975348,21824.144858884665,789730.8924212328,9.182917353735265,,,,,,,,,,,
SRC,4,6,#6,12,19.0,9.5,100.0,#57 stone,110.00000000000001,28.285316431310303,5.499039842323396,5.136027579968186,501.5483550550628,36.111481563964524,0.44,2.625,0.5751633986928104,61.707843137254905,55.537058823529414,46.8,0.6502231542132936,0.771612853930866,0.008295703125000001,2.0,45000.0,41000.0,86000.0,1592.5925925925926,1061.7283950617284,40.249223594996224,40.0,2.0,1.0,97024.03985384939,46642.24320585341,143666.2830597028,151.0,301.0,21.0,0.0,51.0,0.0,7.0,3.0,215100.35158105503,107.55017579052752,True,,50,50,0.03,1.0,0.0,294629.6296296296,61580.246913580246,344160.56252968806,0.0,700370.4390728979,3225.0,66888.88888888889,29025.0,19111.11111111111,19350.0,95675.0,0.22810707978975348,21824.144858884665,722194.5839317825,8.39761144106724,,,,,,,,,,,
SRC,4,6,#6,15,19.0,9.5,100.0,#57 stone,110.00000000000001,28.285316431310303,5.499039842323396,5.136027579968186,501.5483550550628,36.111481563964524,0.35200000000000004,2.625,0.46013071895424845,50.581019607843146,45.52291764705883,46.8,0.7932593829758104,0.771612853930866,0.011119628906249995,2.0,45000.0,41000.0,86000.0,1592.5925925925926,1061.7283950617284,40.249223594996224,40.0,2.0,1.0,77715.94008701202,37758.00640473847,115473.94649175048,121.0,241.0,17.0,0.0,51.0,0.0,7.0,3.0,172890.15877514865,86.44507938757432,True,,50,50,0.03,1.0,0.0,294629.6296296296,61580.246913580246,276624.25404023787,0.0,632834.1305834476,3225.0,66888.88888888889,29025.0,19111.11111111111,19350.0,95675.0,0.22810707978975348,21824.144858884665,654658.2754423323,7.6123055283992125,,,,,,,,,,,
SRC,4,6,#6,18,19.0,9.5,100.0,#57 stone,110.00000000000001,28.285316431310303,5.499039842323396,5.136027579968186,501.5483550550628,36.111481563964524,0.29333333333333333,2.625,0.38344226579520696,42.82570806100218,38.543137254901964,46.8,0.9369108001028593,0.771612853930866,0.013943554687499998,2.0,45000.0,41000.0,86000.0,1592.5925925925926,1061.7283950617284,40.249223594996224,40.0,2.0,1.0,64843.87357578709,33315.88800418101,98159.7615799681,101.0,201.0,15.0,0.0,51.0,0.0,7.0,3.0,146966.97636556334,73.48348818278167,True,,50,50,0.03,1.0,0.0,294629.6296296296,61580.246913580246,235147.16218490133,0.0,591357.0387281112,3225.0,66888.88888888889,29025.0,19111.11111111111,19350.0,95675.0,0.22810707978975348,21824.144858884665,613181.1835869958,7.130013762639487,,,,,,,,,,,
SRC,4,8,#3,6,19.0,9.5,100.0,#57 stone,110.00000000000001,35.096603882957105,5.499039842323396,5.201089693986001,312.08845996263085,39.94732287521675,0.22,4.8125,0.2875816993464052,61.62696078431372,55.46426470588235,83.2,0.7202353278647192,0.48013609225020126,0.038417578125,2.0,45000.0,41000.0,86000.0,2123.456790123457,1061.7283950617284,20.124611797498112,40.0,2.0,1.0,187007.26934401813,87556.71360571406,274563.9829497322,301.0,601.0,41.0,0.0,51.0,0.0,7.0,3.0,102770.82417354561,51.3854120867728,True,,50,50,0.03,1.0,0.0,392839.5061728395,61580.246913580246,164433.31867767297,0.0,618853.0717640927,4300.0,89185.18518518518,38700.0,19111.11111111111,25800.0,121196.29629629629,0.22810707978975348,27645.733229481863,646498.8049935745,7.517427965041564,,,,,,,,,,,
SRC,4,8,#3,8,19.0,9.5,100.0,#57 stone,110.00000000000001,35.096603882957105,5.499039842323396,5.201089693986001,312.08845996263085,39.94732287521675,0.165,4.8125,0.21568627450980393,46.57610294117647,41.918492647058834,83.2,0.9529761294510577,0.48013609225020126,0.052223437500000004,2.0,45000.0,41000.0,86000.0,2123.456790123457,1061.7283950617284,20.124611797498112,40.0,2.0,1.0,140372.1446354714,66201.41760432038,206573.5622397918,226.0,451.0,31.0,0.0,51.0,0.0,7.0,3.0,77321.63197725541,38.660815988627704,True,,50,50,0.03,1.0,0.0,392839.5061728395,61580.246913580246,123714.61116360866,0.0,578134.3642500284,4300.0,89185.18518518518,38700.0,19111.11111111111,25800.0,121196.29629629629,0.22810707978975348,27645.733229481863,605780.0974795102,7.043954621854771,,,,,,,,,,,
SRC,4,8,#4,6,19.0,9.5,100.0,#57 stone,110.00000000000001,35.096603882957105,5.499039842323396,5.201089693986001,312.08845996263085,39.94732287521675,0.4000000000000001,4.75,0.5228758169934641,107.72549019607845,96.9529411764706,83.2,0.41202796315901263,0.48013609225020126,0.019483828124999998,2.0,45000.0,41000.0,86000.0,2123.456790123457,1061.7283950617284,26.83281572999748,40.0,2.0,1.0,189193.02579202416,88725.61814095205,277918.6439329762,301.0,601.0,41.0,0.0,51.0,0.0,7.0,3.0,189139.07712105327,94.56953856052664,True,,50,50,0.03,1.0,0.0,392839.5061728395,61580.246913580246,302622.52339368523,0.0,757042.276480105,4300.0,89185.18518518518,38700.0,19111.11111111111,25800.0,121196.29629629629,0.22810707978975348,27645.733229481863,784688.0097095869,9.124279182669614,,,,,,,,,,,
SRC,4,8,#4,8,19.0,9.5,100.0,#57 stone,110.00000000000001,35.096603882957105,5.499039842323396,5.201089693986001,312.08845996263085,39.94732287521675,0.30000000000000004,4.75,0.39215686274509814,81.97058823529413,73.77352941176471,83.2,0.5414858580542078,0.48013609225020126,0.02697843749999999,2.0,45000.0,41000.0,86000.0,2123.456790123457,1061.7283950617284,26.83281572999748,40.0,2.0,1.0,142012.85951396188,67085.22347242717,209098.08298638905,226.0,451.0,31.0,0.0,51.0,0.0,7.0,3.0,142302.86203240367,71.15143101620184,True,,50,50,0.03,1.0,0.0,392839.5061728395,61580.246913580246,227684.5792518459,0.0,682104.3323382656,4300.0,89185.18518518518,38700.0,19111.11111111111,25800.0,121196.29629629629,0.22810707978975348,27645.733229481863,709750.0655677475,8.252907739159854,,,,,,,,,,,
SRC,4,8,#4,10,19.0,9.5,100.0,#57 stone,110.00000000000001,35.096603882957105,5.499039842323396,5.201089693986001,312.08845996263085,39.94732287521675,0.24000000000000005,4.75,0.31372549019607854,66.14117647058825,59.52705882352943,83.2,0.6710783913185151,0.48013609225020126,0.03447304687499999,2.0,45000.0,41000.0,86000.0,2123.456790123457,1061.7283950617284,26.83281572999748,40.0,2.0,1.0,113704.75974712451,54100.986671312225,167805.74641843673,181.0,361.0,25.0,0.0,51.0,0.0,7.0,3.0,114201.13297921389,57.10056648960694,True,,50,50,0.03,1.0,0.0,392839.5061728395,61580.246913580246,182721.81276674222,0.0,637141.565853162,4300.0,89185.18518518518,38700.0,19111.11111111111,25800.0,121196.29629629629,0.22810707978975348,27645.733229481863,664787.2990826438,7.730084873053998,,,,,,,,,,,
SRC,4,8,#4,12,19.0,9.5,100.0,#57 stone,110.00000000000001,35.096603882957105,5.499039842323396,5.201089693986001,312.08845996263085,39.94732287521675,0.20000000000000004,4.75,0.26143790849673204,55.431372549019606,49.88823529411765,83.2,0.800736338732089,0.48013609225020126,0.04196765625,2.0,45000.0,41000.0,86000.0,2123.456790123457,1061.7283950617284,26.83281572999748,40.0,2.0,1.0,94832.69323589958,45444.828803902274,140277.52203980187,151.0,301.0,21.0,0.0,51.0,0.0,7.0,3.0,95466.64694375407,47.733323471877036,True,,50,50,0.03,1.0,0.0,392839.5061728395,61580.246913580246,152746.63511000652,0.0,607166.3881964262,4300.0,89185.18518518518,38700.0,19111.11111111111,25800.0,121196.29629629629,0.22810707978975348,27645.733229481863,634812.1214259081,7.381536295650093,,,,,,,,,,,
SRC,4,8,#4,15,19.0,9.5,100.0,#57 stone,110.00000000000001,35.096603882957105,5.499039842323396,5.201089693986001,312.08845996263085,39.94732287521675,0.16000000000000003,4.75,0.20915032679738566,44.59607843137256,40.136470588235305,83.2,0.995287385506338,0.48013609225020126,0.05320957031249999,2.0,45000.0,41000.0,86000.0,2123.456790123457,1061.7283950617284,26.83281572999748,40.0,2.0,1.0,75960.62672467467,36788.670936492315,112749.29766116699,121.0,241.0,17.0,0.0,51.0,0.0,7.0,3.0,76732.16090829422,38.36608045414711,True,,50,50,0.03,1.0,0.0,392839.5061728395,61580.246913580246,122771.45745327075,0.0,577191.2105396905,4300.0,89185.18518518518,38700.0,19111.11111111111,25800.0,121196.29629629629,0.22810707978975348,27645.733229481863,604836.9437691723,7.03298771824619,,,,,,,,,,,
SRC,4,8,#5,6,19.0,9.5,100.0,#57 stone,110.00000000000001,35.096603882957105,5.499039842323396,5.201089693986001,312.08845996263085,39.94732287521675,0.62,4.6875,0.8104575163398693,159.3004901960784,143.37044117647056,83.2,0.2786301175292244,0.48013609225020126,0.011314831149193547,2.0,45000.0,41000.0,86000.0,2123.456790123457,1061.7283950617284,33.54101966249685,40.0,2.0,1.0,191378.78224003024,89894.52267619007,281273.3049162203,301.0,601.0,41.0,0.0,51.0,0.0,7.0,3.0,296704.27094981854,148.35213547490926,True,,50,50,0.03,1.0,0.0,392839.5061728395,61580.246913580246,474726.83351970965,0.0,929146.5866061293,4300.0,89185.18518518518,38700.0,19111.11111111111,25800.0,121196.29629629629,0.22810707978975348,27645.733229481863,956792.3198356112,11.125492091111758,,,,,,,,,,,
SRC,4,8,#5,8,19.0,9.5,100.0,#57 stone,110.00000000000001,35.096603882957105,5.499039842323396,5.201089693986001,312.08845996263085,39.94732287521675,0.46499999999999997,4.6875,0.6078431372549019,122.30183823529411,110.0716544117647,83.2,0.36292107253860895,0.48013609225020126,0.016086441532258064,2.0,45000.0,41000.0,86000.0,2123.456790123457,1061.7283950617284,33.54101966249685,40.0,2.0,1.0,143653.57439245237,67969.02934053396,211622.60373298632,226.0,451.0,31.0,0.0,51.0,0.0,7.0,3.0,223232.4549100043,111.61622745500216,True,,50,50,0.03,1.0,0.0,392839.5061728395,61580.246913580246,357171.9278560069,0.0,811591.6809424267,4300.0,89185.18518518518,38700.0,19111.11111111111,25800.0,121196.29629629629,0.22810707978975348,27645.733229481863,839237.4141719085,9.758574583394285,,,,,,,,,,,
SRC,4,8,#5,10,19.0,9.5,100.0,#57 stone,110.00000000000001,35.096603882957105,5.499039842323396,5.201089693986001,312.08845996263085,39.94732287521675,0.372,4.6875,0.48627450980392156,99.19817647058824,89.27835882352942,83.2,0.4474468774025961,0.48013609225020126,0.02085805191532258,2.0,45000.0,41000.0,86000.0,2123.456790123457,1061.7283950617284,33.54101966249685,40.0,2.0,1.0,115018.44968390564,54813.733339140286,169832.18302304592,181.0,361.0,25.0,0.0,51.0,0.0,7.0,3.0,179149.36528611582,89.57468264305791,True,,50,50,0.03,1.0,0.0,392839.5061728395,61580.246913580246,286638.9844577853,0.0,741058.737544205,4300.0,89185.18518518518,38700.0,19111.11111111111,25800.0,121196.29629629629,0.22810707978975348,27645.733229481863,768704.4707736869,8.9384240787638,,,,,,,,,,,
SRC,4,8,#5,12,19.0,9.5,100.0,#57 stone,110.00000000000001,35.096603882957105,5.499039842323396,5.201089693986001,312.08845996263085,39.94732287521675,0.31,4.6875,0.40522875816993464,83.41887254901961,75.07698529411765,83.2,0.5320848022695799,0.48013609225020126,0.02562966229838709,2.0,45000.0,41000.0,86000.0,2123.456790123457,1061.7283950617284,33.54101966249685,40.0,2.0,1.0,95928.36654487449,46043.53600487784,141971.90254975233,151.0,301.0,21.0,0.0,51.0,0.0,7.0,3.0,149760.63887019013,74.88031943509506,True,,50,50,0.03,1.0,0.0,392839.5061728395,61580.246913580246,239617.0221923042,0.0,694036.7752787239,4300.0,89185.18518518518,38700.0,19111.11111111111,25800.0,121196.29629629629,0.22810707978975348,27645.733229481863,721682.5085082058,8.391657075676811,,,,,,,,,,,
SRC,4,8,#5,15,19.0,9.5,100.0,#57 stone,110.00000000000001,35.096603882957105,5.499039842323396,5.201089693986001,312.08845996263085,39.94732287521675,0.24799999999999997,4.6875,0.32418300653594767,67.33807843137254,60.60427058823528,83.2,0.6591502956389259,0.48013609225020126,0.03278707787298387,2.0,45000.0,41000.0,86000.0,2123.456790123457,1061.7283950617284,33.54101966249685,40.0,2.0,1.0,76838.28340584334,37273.3386706154,114111.62207645873,121.0,241.0,17.0,0.0,51.0,0.0,7.0,3.0,120371.91245426444,60.18595622713222,True,,50,50,0.03,1.0,0.0,392839.5061728395,61580.246913580246,192595.0599268231,0.0,647014.8130132428,4300.0,89185.18518518518,38700.0,19111.11111111111,25800.0,121196.29629629629,0.22810707978975348,27645.733229481863,674660.5462427246,7.844890072589822,,,,,,,,,,,
SRC,4,8,#5,18,19.0,9.5,100.0,#57 stone,110.00000000000001,35.096603882957105,5.499039842323396,5.201089693986001,312.08845996263085,39.94732287521675,0.20666666666666667,4.6875,0.2701525054466231,56.45005446623094,50.80504901960784,83.2,0.7862864743974436,0.48013609225020126,0.03994449344758064,2.0,45000.0,41000.0,86000.0,2123.456790123457,1061.7283950617284,33.54101966249685,40.0,2.0,1.0,64111.56131315591,32888.24000348417,96999.80131664008,101.0,201.0,15.0,0.0,51.0,0.0,7.0,3.0,102321.31819442795,51.16065909721397,True,,50,50,0.03,1.0,0.0,392839.5061728395,61580.246913580246,163714.10911108472,0.0,618133.8621975044,4300.0,89185.18518518518,38700.0,19111.11111111111,25800.0,121196.29629629629,0.22810707978975348,27645.733229481863,645779.5954269862,7.509065063104491,,,,,,,,,,,
SRC,4,8,#6,6,19.0,9.5,100.0,#57 stone,110.00000000000001,35.096603882957105,5.499039842323396,5.201089693986001,312.08845996263085,39.94732287521675,0.88,4.625,1.1503267973856208,213.83137254901962,192.44823529411764,83.2,0.20757437871106202,0.48013609225020126,0.006950976562500001,2.0,45000.0,41000.0,86000.0,2123.456790123457,1061.7283950617284,40.249223594996224,40.0,2.0,1.0,193564.53868803626,91063.42721142809,284627.9658994643,301.0,601.0,41.0,0.0,51.0,0.0,7.0,3.0,426151.31561058684,213.07565780529342,True,,50,50,0.03,1.0,0.0,392839.5061728395,61580.246913580246,681842.1049769389,0.0,1136261.8580633586,4300.0,89185.18518518518,38700.0,19111.11111111111,25800.0,121196.29629629629,0.22810707978975348,27645.733229481863,1163907.5912928404,13.53380920107954,,,,,,,,,,,
SRC,4,8,#6,8,19.0,9.5,100.0,#57 stone,110.00000000000001,35.096603882957105,5.499039842323396,5.201089693986001,312.08845996263085,39.94732287521675,0.66,4.625,0.8627450980392157,166.06764705882352,149.46088235294118,83.2,0.2672761076097758,0.48013609225020126,0.010267968749999998,2.0,45000.0,41000.0,86000.0,2123.456790123457,1061.7283950617284,40.249223594996224,40.0,2.0,1.0,145294.28927094283,68852.83520864075,214147.12447958358,226.0,451.0,31.0,0.0,51.0,0.0,7.0,3.0,320625.833595821,160.3129167979105,True,,50,50,0.03,1.0,0.0,392839.5061728395,61580.246913580246,513001.33375331364,0.0,967421.0868397334,4300.0,89185.18518518518,38700.0,19111.11111111111,25800.0,121196.29629629629,0.22810707978975348,27645.733229481863,995066.8200692153,11.57054441940948,,,,,,,,,,,
SRC,4,8,#6,10,19.0,9.5,100.0,#57 stone,110.00000000000001,35.096603882957105,5.499039842323396,5.201089693986001,312.08845996263085,39.94732287521675,0.528,4.625,0.6901960784313725,135.58729411764708,122.02856470588236,83.2,0.3273604255814958,0.48013609225020126,0.013584960937499998,2.0,45000.0,41000.0,86000.0,2123.456790123457,1061.7283950617284,40.249223594996224,40.0,2.0,1.0,116332.13962068676,55526.48000696835,171858.6196276551,181.0,361.0,25.0,0.0,51.0,0.0,7.0,3.0,257310.54438696138,128.6552721934807,True,,50,50,0.03,1.0,0.0,392839.5061728395,61580.246913580246,411696.87101913826,0.0,866116.624105558,4300.0,89185.18518518518,38700.0,19111.11111111111,25800.0,121196.29629629629,0.22810707978975348,27645.733229481863,893762.3573350399,10.392585550407441,,,,,,,,,,,
SRC,4,8,#6,12,19.0,9.5,100.0,#57 stone,110.00000000000001,35.096603882957105,5.499039842323396,5.201089693986001,312.08845996263085,39.94732287521675,0.44,4.625,0.5751633986928104,114.50784313725491,103.05705882352943,83.2,0.38762335478272153,0.48013609225020126,0.016901953125,2.0,45000.0,41000.0,86000.0,2123.456790123457,1061.7283950617284,40.249223594996224,40.0,2.0,1.0,97024.03985384939,46642.24320585341,143666.2830597028,151.0,301.0,21.0,0.0,51.0,0.0,7.0,3.0,215100.35158105503,107.55017579052752,True,,50,50,0.03,1.0,0.0,392839.5061728395,61580.246913580246,344160.56252968806,0.0,798580.3156161078,4300.0,89185.18518518518,38700.0,19111.11111111111,25800.0,121196.29629629629,0.22810707978975348,27645.733229481863,826226.0488455896,9.607279637739413,,,,,,,,,,,
SRC,4,8,#6,15,19.0,9.5,100.0,#57 stone,110.00000000000001,35.096603882957105,5.499039842323396,5.201089693986001,312.08845996263085,39.94732287521675,0.35200000000000004,4.625,0.46013071895424845,92.82101960784314,83.53891764705882,83.2,0.47818817864015245,0.48013609225020126,0.021877441406249993,2.0,45000.0,41000.0,86000.0,2123.456790123457,1061.7283950617284,40.249223594996224,40.0,2.0,1.0,77715.94008701202,37758.00640473847,115473.94649175048,121.0,241.0,17.0,0.0,51.0,0.0,7.0,3.0,172890.15877514865,86.44507938757432,True,,50,50,0.03,1.0,0.0,392839.5061728395,61580.246913580246,276624.25404023787,0.0,731044.0071266575,4300.0,89185.18518518518,38700.0,19111.11111111111,25800.0,121196.29629629629,0.22810707978975348,27645.733229481863,758689.7403561394,8.821973725071388,,,,,,,,,,,
SRC,4,8,#6,18,19.0,9.5,100.0,#57 stone,110.00000000000001,35.096603882957105,5.499039842323396,5.201089693986001,312.08845996263085,39.94732287521675,0.29333333333333333,4.625,0.38344226579520696,78.02570806100218,70.22313725490196,83.2,0.5688626916540703,0.48013609225020126,0.0268529296875,2.0,45000.0,41000.0,86000.0,2123.456790123457,1061.7283950617284,40.249223594996224,40.0,2.0,1.0,64843.87357578709,33315.88800418101,98159.7615799681,101.0,201.0,15.0,0.0,51.0,0.0,7.0,3.0,146966.97636556334,73.48348818278167,True,,50,50,0.03,1.0,0.0,392839.5061728395,61580.246913580246,235147.16218490133,0.0,689566.9152713211,4300.0,89185.18518518518,38700.0,19111.11111111111,25800.0,121196.29629629629,0.22810707978975348,27645.733229481863,717212.6485008029,8.339681959311662,,,,,,,,,,,
SRC,4,8,#6,24,19.0,9.5,100.0,#57 stone,110.00000000000001,35.096603882957105,5.499039842323396,5.201089693986001,312.08845996263085,39.94732287521675,0.22,4.625,0.2875816993464052,59.15196078431372,53.23676470588235,83.2,0.7503709719385484,0.48013609225020126,0.036803906250000004,2.0,45000.0,41000.0,86000.0,2123.456790123457,1061.7283950617284,40.249223594996224,40.0,2.0,1.0,48753.79043675594,24431.651203066074,73185.441639822,76.0,151.0,11.0,0.0,51.0,0.0,7.0,3.0,109574.86956628907,54.78743478314453,True,,50,50,0.03,1.0,0.0,392839.5061728395,61580.246913580246,175319.7913060625,0.0,629739.5443924823,4300.0,89185.18518518518,38700.0,19111.11111111111,25800.0,121196.29629629629,0.22810707978975348,27645.733229481863,657385.2776219641,7.64401485606935,,,,,,,,,,,
SRC,4,10,#3,6,19.0,9.5,100.0,#57 stone,110.00000000000001,41.4903982835187,5.499039842323396,5.431260308356283,211.44715282288252,42.2894305645765,0.22,6.8125,0.2875816993464052,88.02696078431372,79.22426470588235,130.0,0.5337939168204933,0.32530331203520385,0.055630078125,2.0,45000.0,41000.0,86000.0,2654.320987654321,1061.7283950617284,20.124611797498112,40.0,2.0,1.0,187007.26934401813,87556.71360571406,274563.9829497322,301.0,601.0,41.0,0.0,51.0,0.0,7.0,3.0,102770.82417354561,51.3854120867728,True,,50,50,0.03,1.0,0.0,491049.3827160494,61580.246913580246,164433.31867767297,0.0,717062.9483073027,5375.0,111481.48148148149,48375.0,19111.11111111111,32250.0,146717.59259259258,0.22810707978975348,33467.32160007906,750530.2699073817,8.72709616171374,,,,,,,,,,,
SRC,4,10,#3,8,19.0,9.5,100.0,#57 stone,110.00000000000001,41.4903982835187,5.499039842323396,5.431260308356283,211.44715282288252,42.2894305645765,0.165,6.8125,0.21568627450980393,66.37610294117647,59.738492647058834,130.0,0.7079092339076383,0.32530331203520385,0.0751734375,2.0,45000.0,41000.0,86000.0,2654.320987654321,1061.7283950617284,20.124611797498112,40.0,2.0,1.0,140372.1446354714,66201.41760432038,206573.5622397918,226.0,451.0,31.0,0.0,51.0,0.0,7.0,3.0,77321.63197725541,38.660815988627704,True,,50,50,0.03,1.0,0.0,491049.3827160494,61580.246913580246,123714.61116360866,0.0,676344.2407932383,5375.0,111481.48148148149,48375.0,19111.11111111111,32250.0,146717.59259259258,0.22810707978975348,33467.32160007906,709811.5623933173,8.253622818526946,,,,,,,,,,,
SRC,4,10,#3,10,19.0,9.5,100.0,#57 stone,110.00000000000001,41.4903982835187,5.499039842323396,5.431260308356283,211.44715282288252,42.2894305645765,0.132,6.8125,0.17254901960784313,53.27170588235295,47.94453529411766,130.0,0.8820490240472727,0.32530331203520385,0.094716796875,2.0,45000.0,41000.0,86000.0,2654.320987654321,1061.7283950617284,20.124611797498112,40.0,2.0,1.0,112391.06981034338,53388.24000348418,165779.30981382757,181.0,361.0,25.0,0.0,51.0,0.0,7.0,3.0,62052.1166594813,31.02605832974065,True,,50,50,0.03,1.0,0.0,491049.3827160494,61580.246913580246,99283.38665517008,0.0,651913.0162847998,5375.0,111481.48148148149,48375.0,19111.11111111111,32250.0,146717.59259259258,0.22810707978975348,33467.32160007906,685380.3378848789,7.9695388126148705,,,,,,,,,,,
SRC,4,10,#4,6,19.0,9.5,100.0,#57 stone,110.00000000000001,41.4903982835187,5.499039842323396,5.431260308356283,211.44715282288252,42.2894305645765,0.4000000000000001,6.75,0.5228758169934641,155.72549019607845,140.15294117647062,130.0,0.3017377317207254,0.32530331203520385,0.028950703124999994,2.0,45000.0,41000.0,86000.0,2654.320987654321,1061.7283950617284,26.83281572999748,40.0,2.0,1.0,189193.02579202416,88725.61814095205,277918.6439329762,301.0,601.0,41.0,0.0,51.0,0.0,7.0,3.0,189139.07712105327,94.56953856052664,True,,50,50,0.03,1.0,0.0,491049.3827160494,61580.246913580246,302622.52339368523,0.0,855252.1530233149,5375.0,111481.48148148149,48375.0,19111.11111111111,32250.0,146717.59259259258,0.22810707978975348,33467.32160007906,888719.474623394,10.33394737934179,,,,,,,,,,,
SRC,4,10,#4,8,19.0,9.5,100.0,#57 stone,110.00000000000001,41.4903982835187,5.499039842323396,5.431260308356283,211.44715282288252,42.2894305645765,0.30000000000000004,6.75,0.39215686274509814,117.97058823529414,106.17352941176473,130.0,0.39830483924640586,0.32530331203520385,0.03960093749999999,2.0,45000.0,41000.0,86000.0,2654.320987654321,1061.7283950617284,26.83281572999748,40.0,2.0,1.0,142012.85951396188,67085.22347242717,209098.08298638905,226.0,451.0,31.0,0.0,51.0,0.0,7.0,3.0,142302.86203240367,71.15143101620184,True,,50,50,0.03,1.0,0.0,491049.3827160494,61580.246913580246,227684.5792518459,0.0,780314.2088814755,5375.0,111481.48148148149,48375.0,19111.11111111111,32250.0,146717.59259259258,0.22810707978975348,33467.32160007906,813781.5304815546,9.46257593583203,,,,,,,,,,,
SRC,4,10,#4,10,19.0,9.5,100.0,#57 stone,110.00000000000001,41.4903982835187,5.499039842323396,5.431260308356283,211.44715282288252,42.2894305645765,0.24000000000000005,6.75,0.31372549019607854,94.94117647058825,85.44705882352943,130.0,0.49491967478851734,0.32530331203520385,0.05025117187499998,2.0,45000.0,41000.0,86000.0,2654.320987654321,1061.7283950617284,26.83281572999748,40.0,2.0,1.0,113704.75974712451,54100.986671312225,167805.74641843673,181.0,361.0,25.0,0.0,51.0,0.0,7.0,3.0,114201.13297921389,57.10056648960694,True,,50,50,0.03,1.0,0.0,491049.3827160494,61580.246913580246,182721.81276674222,0.0,735351.4423963719,5375.0,111481.48148148149,48375.0,19111.11111111111,32250.0,146717.59259259258,0.22810707978975348,33467.32160007906,768818.7639964509,8.939753069726173,,,,,,,,,,,
SRC,4,10,#4,12,19.0,9.5,100.0,#57 stone,110.00000000000001,41.4903982835187,5.499039842323396,5.431260308356283,211.44715282288252,42.2894305645765,0.20000000000000004,6.75,0.26143790849673204,79.43137254901961,71.48823529411764,130.0,0.5915579030673912,0.32530331203520385,0.06090140624999999,2.0,45000.0,41000.0,86000.0,2654.320987654321,1061.7283950617284,26.83281572999748,40.0,2.0,1.0,94832.69323589958,45444.828803902274,140277.52203980187,151.0,301.0,21.0,0.0,51.0,0.0,7.0,3.0,95466.64694375407,47.733323471877036,True,,50,50,0.03,1.0,0.0,491049.3827160494,61580.246913580246,152746.63511000652,0.0,705376.2647396362,5375.0,111481.48148148149,48375.0,19111.11111111111,32250.0,146717.59259259258,0.22810707978975348,33467.32160007906,738843.5863397153,8.591204492322271,,,,,,,,,,,
SRC,4,10,#4,15,19.0,9.5,100.0,#57 stone,110.00000000000001,41.4903982835187,5.499039842323396,5.431260308356283,211.44715282288252,42.2894305645765,0.16000000000000003,6.75,0.20915032679738566,63.796078431372564,57.416470588235306,130.0,0.7365383161193758,0.32530331203520385,0.07687675781249999,2.0,45000.0,41000.0,86000.0,2654.320987654321,1061.7283950617284,26.83281572999748,40.0,2.0,1.0,75960.62672467467,36788.670936492315,112749.29766116699,121.0,241.0,17.0,0.0,51.0,0.0,7.0,3.0,76732.16090829422,38.36608045414711,True,,50,50,0.03,1.0,0.0,491049.3827160494,61580.246913580246,122771.45745327075,0.0,675401.0870829005,5375.0,111481.48148148149,48375.0,19111.11111111111,32250.0,146717.59259259258,0.22810707978975348,33467.32160007906,708868.4086829795,8.242655914918366,,,,,,,,,,,
SRC,4,10,#4,18,19.0,9.5,100.0,#57 stone,110.00000000000001,41.4903982835187,5.499039842323396,5.431260308356283,211.44715282288252,42.2894305645765,0.13333333333333336,6.75,0.1742919389978214,53.30283224400872,47.972549019607854,130.0,0.8815339486607541,0.32530331203520385,0.09285210937499999,2.0,45000.0,41000.0,86000.0,2654.320987654321,1061.7283950617284,26.83281572999748,40.0,2.0,1.0,63379.249050524726,32460.592002787336,95839.84105331206,101.0,201.0,15.0,0.0,51.0,0.0,7.0,3.0,65224.33627239294,32.612168136196466,True,,50,50,0.03,1.0,0.0,491049.3827160494,61580.246913580246,104358.93803582869,0.0,656988.5676654583,5375.0,111481.48148148149,48375.0,19111.11111111111,32250.0,146717.59259259258,0.22810707978975348,33467.32160007906,690455.8892655374,8.028556851924852,,,,,,,,,,,
SRC,4,10,#5,6,19.0,9.5,100.0,#57 stone,110.00000000000001,41.4903982835187,5.499039842323396,5.431260308356283,211.44715282288252,42.2894305645765,0.62,6.6875,0.8104575163398693,233.7004901960784,210.33044117647057,130.0,0.2010618640270668,0.32530331203520385,0.017422492439516126,2.0,45000.0,41000.0,86000.0,2654.320987654321,1061.7283950617284,33.54101966249685,40.0,2.0,1.0,191378.78224003024,89894.52267619007,281273.3049162203,301.0,601.0,41.0,0.0,51.0,0.0,7.0,3.0,296704.27094981854,148.35213547490926,True,,50,50,0.03,1.0,0.0,491049.3827160494,61580.246913580246,474726.83351970965,0.0,1027356.4631493393,5375.0,111481.48148148149,48375.0,19111.11111111111,32250.0,146717.59259259258,0.22810707978975348,33467.32160007906,1060823.7847494183,12.335160287783934,,,,,,,,,,,
SRC,4,10,#5,8,19.0,9.5,100.0,#57 stone,110.00000000000001,41.4903982835187,5.499039842323396,5.431260308356283,211.44715282288252,42.2894305645765,0.46499999999999997,6.6875,0.6078431372549019,178.1018382352941,160.2916544117647,130.0,0.2638280247326004,0.32530331203520385,0.024229989919354843,2.0,45000.0,41000.0,86000.0,2654.320987654321,1061.7283950617284,33.54101966249685,40.0,2.0,1.0,143653.57439245237,67969.02934053396,211622.60373298632,226.0,451.0,31.0,0.0,51.0,0.0,7.0,3.0,223232.4549100043,111.61622745500216,True,,50,50,0.03,1.0,0.0,491049.3827160494,61580.246913580246,357171.9278560069,0.0,909801.5574856366,5375.0,111481.48148148149,48375.0,19111.11111111111,32250.0,146717.59259259258,0.22810707978975348,33467.32160007906,943268.8790857156,10.968242780066461,,,,,,,,,,,
SRC,4,10,#5,10,19.0,9.5,100.0,#57 stone,110.00000000000001,41.4903982835187,5.499039842323396,5.431260308356283,211.44715282288252,42.2894305645765,0.372,6.6875,0.48627450980392156,143.83817647058822,129.4543588235294,130.0,0.32667444301527876,0.32530331203520385,0.03103748739919355,2.0,45000.0,41000.0,86000.0,2654.320987654321,1061.7283950617284,33.54101966249685,40.0,2.0,1.0,115018.44968390564,54813.733339140286,169832.18302304592,181.0,361.0,25.0,0.0,51.0,0.0,7.0,3.0,179149.36528611582,89.57468264305791,True,,50,50,0.03,1.0,0.0,491049.3827160494,61580.246913580246,286638.9844577853,0.0,839268.6140874149,5375.0,111481.48148148149,48375.0,19111.11111111111,32250.0,146717.59259259258,0.22810707978975348,33467.32160007906,872735.935687494,10.148092275435976,,,,,,,,,,,
SRC,4,10,#5,12,19.0,9.5,100.0,#57 stone,110.00000000000001,41.4903982835187,5.499039842323396,5.431260308356283,211.44715282288252,42.2894305645765,0.31,6.6875,0.40522875816993464,120.61887254901961,108.55698529411765,130.0,0.3895597362988674,0.32530331203520385,0.037844984879032255,2.0,45000.0,41000.0,86000.0,2654.320987654321,1061.7283950617284,33.54101966249685,40.0,2.0,1.0,95928.36654487449,46043.53600487784,141971.90254975233,151.0,301.0,21.0,0.0,51.0,0.0,7.0,3.0,149760.63887019013,74.88031943509506,True,,50,50,0.03,1.0,0.0,491049.3827160494,61580.246913580246,239617.0221923042,0.0,792246.6518219339,5375.0,111481.48148148149,48375.0,19111.11111111111,32250.0,146717.59259259258,0.22810707978975348,33467.32160007906,825713.973422013,9.601325272348989,,,,,,,,,,,
SRC,4,10,#5,15,19.0,9.5,100.0,#57 stone,110.00000000000001,41.4903982835187,5.499039842323396,5.431260308356283,211.44715282288252,42.2894305645765,0.24799999999999997,6.6875,0.32418300653594767,97.09807843137253,87.38827058823527,130.0,0.48392570627515946,0.32530331203520385,0.04805623109879032,2.0,45000.0,41000.0,86000.0,2654.320987654321,1061.7283950617284,33.54101966249685,40.0,2.0,1.0,76838.28340584334,37273.3386706154,114111.62207645873,121.0,241.0,17.0,0.0,51.0,0.0,7.0,3.0,120371.91245426444,60.18595622713222,True,,50,50,0.03,1.0,0.0,491049.3827160494,61580.246913580246,192595.0599268231,0.0,745224.6895564528,5375.0,111481.48148148149,48375.0,19111.11111111111,32250.0,146717.59259259258,0.22810707978975348,33467.32160007906,778692.0111565319,9.054558269261998,,,,,,,,,,,
SRC,4,10,#5,18,19.0,9.5,100.0,#57 stone,110.00000000000001,41.4903982835187,5.499039842323396,5.431260308356283,211.44715282288252,42.2894305645765,0.20666666666666667,6.6875,0.2701525054466231,81.25005446623094,73.12504901960784,130.0,0.5783166114970666,0.32530331203520385,0.05826747731854837,2.0,45000.0,41000.0,86000.0,2654.320987654321,1061.7283950617284,33.54101966249685,40.0,2.0,1.0,64111.56131315591,32888.24000348417,96999.80131664008,101.0,201.0,15.0,0.0,51.0,0.0,7.0,3.0,102321.31819442795,51.16065909721397,True,,50,50,0.03,1.0,0.0,491049.3827160494,61580.246913580246,163714.10911108472,0.0,716343.7387407144,5375.0,111481.48148148149,48375.0,19111.11111111111,32250.0,146717.59259259258,0.22810707978975348,33467.32160007906,749811.0603407935,8.718733259776668,,,,,,,,,,,
SRC,4,10,#5,24,19.0,9.5,100.0,#57 stone,110.00000000000001,41.4903982835187,5.499039842323396,5.431260308356283,211.44715282288252,42.2894305645765,0.155,6.6875,0.20261437908496732,61.2515931372549,55.12643382352941,130.0,0.7671352494876289,0.32530331203520385,0.07868996975806451,2.0,45000.0,41000.0,86000.0,2654.320987654321,1061.7283950617284,33.54101966249685,40.0,2.0,1.0,48203.15869729662,24118.042669221726,72321.20136651835,76.0,151.0,11.0,0.0,51.0,0.0,7.0,3.0,76288.82283037595,38.144411415187975,True,,50,50,0.03,1.0,0.0,491049.3827160494,61580.246913580246,122062.11652860152,0.0,674691.7461582312,5375.0,111481.48148148149,48375.0,19111.11111111111,32250.0,146717.59259259258,0.22810707978975348,33467.32160007906,708159.0677583102,8.234407764631515,,,,,,,,,,,
SRC,4,10,#6,6,19.0,9.5,100.0,#57 stone,110.00000000000001,41.4903982835187,5.499039842323396,5.431260308356283,211.44715282288252,42.2894305645765,0.88,6.625,1.1503267973856208,319.4313725490196,287.4882352941177,130.0,0.14709969095365547,0.32530331203520385,0.0112541015625,2.0,45000.0,41000.0,86000.0,2654.320987654321,1061.7283950617284,40.249223594996224,40.0,2.0,1.0,193564.53868803626,91063.42721142809,284627.9658994643,301.0,601.0,41.0,0.0,51.0,0.0,7.0,3.0,426151.31561058684,213.07565780529342,True,,50,50,0.03,1.0,0.0,491049.3827160494,61580.246913580246,681842.1049769389,0.0,1234471.7346065687,5375.0,111481.48148148149,48375.0,19111.11111111111,32250.0,146717.59259259258,0.22810707978975348,33467.32160007906,1267939.0562066478,14.743477397751718,,,,,,,,,,,
SRC,4,10,#6,8,19.0,9.5,100.0,#57 stone,110.00000000000001,41.4903982835187,5.499039842323396,5.431260308356283,211.44715282288252,42.2894305645765,0.66,6.625,0.8627450980392157,245.2676470588235,220.74088235294118,130.0,0.1915795122036352,0.32530331203520385,0.01600546875,2.0,45000.0,41000.0,86000.0,2654.320987654321,1061.7283950617284,40.249223594996224,40.0,2.0,1.0,145294.28927094283,68852.83520864075,214147.12447958358,226.0,451.0,31.0,0.0,51.0,0.0,7.0,3.0,320625.833595821,160.3129167979105,True,,50,50,0.03,1.0,0.0,491049.3827160494,61580.246913580246,513001.33375331364,0.0,1065630.9633829433,5375.0,111481.48148148149,48375.0,19111.11111111111,32250.0,146717.59259259258,0.22810707978975348,33467.32160007906,1099098.2849830224,12.780212616081656,,,,,,,,,,,
SRC,4,10,#6,10,19.0,9.5,100.0,#57 stone,110.00000000000001,41.4903982835187,5.499039842323396,5.431260308356283,211.44715282288252,42.2894305645765,0.528,6.625,0.6901960784313725,198.9472941176471,179.05256470588236,130.0,0.23618444468551741,0.32530331203520385,0.020756835937500002,2.0,45000.0,41000.0,86000.0,2654.320987654321,1061.7283950617284,40.249223594996224,40.0,2.0,1.0,116332.13962068676,55526.48000696835,171858.6196276551,181.0,361.0,25.0,0.0,51.0,0.0,7.0,3.0,257310.54438696138,128.6552721934807,True,,50,50,0.03,1.0,0.0,491049.3827160494,61580.246913580246,411696.87101913826,0.0,964326.5006487679,5375.0,111481.48148148149,48375.0,19111.11111111111,32250.0,146717.59259259258,0.22810707978975348,33467.32160007906,997793.822248847,11.602253747079617,,,,,,,,,,,
SRC,4,10,#6,12,19.0,9.5,100.0,#57 stone,110.00000000000001,41.4903982835187,5.499039842323396,5.431260308356283,211.44715282288252,42.2894305645765,0.44,6.625,0.5751633986928104,167.3078431372549,150.57705882352943,130.0,0.28084909411159437,0.32530331203520385,0.025508203125000004,2.0,45000.0,41000.0,86000.0,2654.320987654321,1061.7283950617284,40.249223594996224,40.0,2.0,1.0,97024.03985384939,46642.24320585341,143666.2830597028,151.0,301.0,21.0,0.0,51.0,0.0,7.0,3.0,215100.35158105503,107.55017579052752,True,,50,50,0.03,1.0,0.0,491049.3827160494,61580.246913580246,344160.56252968806,0.0,896790.1921593177,5375.0,111481.48148148149,48375.0,19111.11111111111,32250.0,146717.59259259258,0.22810707978975348,33467.32160007906,930257.5137593967,10.81694783441159,,,,,,,,,,,
SRC,4,10,#6,15,19.0,9.5,100.0,#57 stone,110.00000000000001,41.4903982835187,5.499039842323396,5.431260308356283,211.44715282288252,42.2894305645765,0.35200000000000004,6.625,0.46013071895424845,135.06101960784315,121.55491764705884,130.0,0.347903905355488,0.32530331203520385,0.032635253906249995,2.0,45000.0,41000.0,86000.0,2654.320987654321,1061.7283950617284,40.249223594996224,40.0,2.0,1.0,77715.94008701202,37758.00640473847,115473.94649175048,121.0,241.0,17.0,0.0,51.0,0.0,7.0,3.0,172890.15877514865,86.44507938757432,True,,50,50,0.03,1.0,0.0,491049.3827160494,61580.246913580246,276624.25404023787,0.0,829253.8836698675,5375.0,111481.48148148149,48375.0,19111.11111111111,32250.0,146717.59259259258,0.22810707978975348,33467.32160007906,862721.2052699466,10.031641921743566,,,,,,,,,,,
SRC,4,10,#6,18,19.0,9.5,100.0,#57 stone,110.00000000000001,41.4903982835187,5.499039842323396,5.431260308356283,211.44715282288252,42.2894305645765,0.29333333333333333,6.625,0.38344226579520696,113.22570806100218,101.90313725490196,130.0,0.41499635539966856,0.32530331203520385,0.0397623046875,2.0,45000.0,41000.0,86000.0,2654.320987654321,1061.7283950617284,40.249223594996224,40.0,2.0,1.0,64843.87357578709,33315.88800418101,98159.7615799681,101.0,201.0,15.0,0.0,51.0,0.0,7.0,3.0,146966.97636556334,73.48348818278167,True,,50,50,0.03,1.0,0.0,491049.3827160494,61580.246913580246,235147.16218490133,0.0,787776.791814531,5375.0,111481.48148148149,48375.0,19111.11111111111,32250.0,146717.59259259258,0.22810707978975348,33467.32160007906,821244.11341461,9.549350155983838,,,,,,,,,,,
SRC,4,10,#6,24,19.0,9.5,100.0,#57 stone,110.00000000000001,41.4903982835187,5.499039842323396,5.431260308356283,211.44715282288252,42.2894305645765,0.22,6.625,0.2875816993464052,85.55196078431372,76.99676470588236,130.0,0.5492364611177708,0.32530331203520385,0.05401640625,2.0,45000.0,41000.0,86000.0,2654.320987654321,1061.7283950617284,40.249223594996224,40.0,2.0,1.0,48753.79043675594,24431.651203066074,73185.441639822,76.0,151.0,11.0,0.0,51.0,0.0,7.0,3.0,109574.86956628907,54.78743478314453,True,,50,50,0.03,1.0,0.0,491049.3827160494,61580.246913580246,175319.7913060625,0.0,727949.4209356921,5375.0,111481.48148148149,48375.0,19111.11111111111,32250.0,146717.59259259258,0.22810707978975348,33467.32160007906,761416.7425357712,8.853683052741525,,,,,,,,,,,
SRC,4,12,#3,6,19.0,9.5,100.0,#57 stone,110.00000000000001,47.57004238281165,5.499039842323396,5.77022359949313,151.83364242524524,43.728089018470634,0.22,8.8125,0.2875816993464052,114.42696078431374,102.98426470588237,187.2,0.4246094210931714,0.23359021911576194,0.07284257812500002,2.0,45000.0,41000.0,86000.0,3185.185185185185,1061.7283950617284,20.124611797498112,40.0,2.0,1.0,187007.26934401813,87556.71360571406,274563.9829497322,301.0,601.0,41.0,0.0,51.0,0.0,7.0,3.0,102770.82417354561,51.3854120867728,True,,50,50,0.03,1.0,0.0,589259.2592592592,61580.246913580246,164433.31867767297,0.0,815272.8248505124,6450.0,133777.77777777778,58050.0,19111.11111111111,38700.0,172238.88888888888,0.22810707978975348,39288.90997067626,854561.7348211887,9.936764358385915,,,,,,,,,,,
SRC,4,12,#3,8,19.0,9.5,100.0,#57 stone,110.00000000000001,47.57004238281165,5.499039842323396,5.77022359949313,151.83364242524524,43.728089018470634,0.165,8.8125,0.21568627450980393,86.17610294117648,77.55849264705883,187.2,0.563807876172396,0.23359021911576194,0.09812343749999998,2.0,45000.0,41000.0,86000.0,3185.185185185185,1061.7283950617284,20.124611797498112,40.0,2.0,1.0,140372.1446354714,66201.41760432038,206573.5622397918,226.0,451.0,31.0,0.0,51.0,0.0,7.0,3.0,77321.63197725541,38.660815988627704,True,,50,50,0.03,1.0,0.0,589259.2592592592,61580.246913580246,123714.61116360866,0.0,774554.117336448,6450.0,133777.77777777778,58050.0,19111.11111111111,38700.0,172238.88888888888,0.22810707978975348,39288.90997067626,813843.0273071243,9.46329101519912,,,,,,,,,,,
SRC,4,12,#3,10,19.0,9.5,100.0,#57 stone,110.00000000000001,47.57004238281165,5.499039842323396,5.77022359949313,151.83364242524524,43.728089018470634,0.132,8.8125,0.17254901960784313,69.11170588235294,62.20053529411764,187.2,0.7030178890213833,0.23359021911576194,0.123404296875,2.0,45000.0,41000.0,86000.0,3185.185185185185,1061.7283950617284,20.124611797498112,40.0,2.0,1.0,112391.06981034338,53388.24000348418,165779.30981382757,181.0,361.0,25.0,0.0,51.0,0.0,7.0,3.0,62052.1166594813,31.02605832974065,True,,50,50,0.03,1.0,0.0,589259.2592592592,61580.246913580246,99283.38665517008,0.0,750122.8928280096,6450.0,133777.77777777778,58050.0,19111.11111111111,38700.0,172238.88888888888,0.22810707978975348,39288.90997067626,789411.8027986859,9.179207009287044,,,,,,,,,,,
SRC,4,12,#3,12,19.0,9.5,100.0,#57 stone,110.00000000000001,47.57004238281165,5.499039842323396,5.77022359949313,151.83364242524524,43.728089018470634,0.11,8.8125,0.1437908496732026,57.68799019607843,51.9191911764706,187.2,0.8422336332213104,0.23359021911576194,0.14868515625,2.0,45000.0,41000.0,86000.0,3185.185185185185,1061.7283950617284,20.124611797498112,40.0,2.0,1.0,93737.0199269247,44846.12160292671,138583.14152985142,151.0,301.0,21.0,0.0,51.0,0.0,7.0,3.0,51872.43978096522,25.93621989048261,True,,50,50,0.03,1.0,0.0,589259.2592592592,61580.246913580246,82995.90364954436,0.0,733835.4098223838,6450.0,133777.77777777778,58050.0,19111.11111111111,38700.0,172238.88888888888,0.22810707978975348,39288.90997067626,773124.3197930601,8.989817672012327,,,,,,,,,,,
SRC,4,12,#4,6,19.0,9.5,100.0,#57 stone,110.00000000000001,47.57004238281165,5.499039842323396,5.77022359949313,151.83364242524524,43.728089018470634,0.4000000000000001,8.75,0.5228758169934641,203.72549019607843,183.3529411764706,187.2,0.23849134209624662,0.23359021911576194,0.038417578125,2.0,45000.0,41000.0,86000.0,3185.185185185185,1061.7283950617284,26.83281572999748,40.0,2.0,1.0,189193.02579202416,88725.61814095205,277918.6439329762,301.0,601.0,41.0,0.0,51.0,0.0,7.0,3.0,189139.07712105327,94.56953856052664,True,,50,50,0.03,1.0,0.0,589259.2592592592,61580.246913580246,302622.52339368523,0.0,953462.0295665247,6450.0,133777.77777777778,58050.0,19111.11111111111,38700.0,172238.88888888888,0.22810707978975348,39288.90997067626,992750.939537201,11.543615576013964,,,,,,,,,,,
SRC,4,12,#4,8,19.0,9.5,100.0,#57 stone,110.00000000000001,47.57004238281165,5.499039842323396,5.77022359949313,151.83364242524524,43.728089018470634,0.30000000000000004,8.75,0.39215686274509814,153.97058823529414,138.57352941176475,187.2,0.3155587449067178,0.23359021911576194,0.05222343749999999,2.0,45000.0,41000.0,86000.0,3185.185185185185,1061.7283950617284,26.83281572999748,40.0,2.0,1.0,142012.85951396188,67085.22347242717,209098.08298638905,226.0,451.0,31.0,0.0,51.0,0.0,7.0,3.0,142302.86203240367,71.15143101620184,True,,50,50,0.03,1.0,0.0,589259.2592592592,61580.246913580246,227684.5792518459,0.0,878524.0854246854,6450.0,133777.77777777778,58050.0,19111.11111111111,38700.0,172238.88888888888,0.22810707978975348,39288.90997067626,917812.9953953617,10.672244132504206,,,,,,,,,,,
SRC,4,12,#4,10,19.0,9.5,100.0,#57 stone,110.00000000000001,47.57004238281165,5.499039842323396,5.77022359949313,151.83364242524524,43.728089018470634,0.24000000000000005,8.75,0.31372549019607854,123.74117647058829,111.36705882352946,187.2,0.3926483242029539,0.23359021911576194,0.06602929687499998,2.0,45000.0,41000.0,86000.0,3185.185185185185,1061.7283950617284,26.83281572999748,40.0,2.0,1.0,113704.75974712451,54100.986671312225,167805.74641843673,181.0,361.0,25.0,0.0,51.0,0.0,7.0,3.0,114201.13297921389,57.10056648960694,True,,50,50,0.03,1.0,0.0,589259.2592592592,61580.246913580246,182721.81276674222,0.0,833561.3189395816,6450.0,133777.77777777778,58050.0,19111.11111111111,38700.0,172238.88888888888,0.22810707978975348,39288.90997067626,872850.2289102579,10.149421266398347,,,,,,,,,,,
SRC,4,12,#4,12,19.0,9.5,100.0,#57 stone,110.00000000000001,47.57004238281165,5.499039842323396,5.77022359949313,151.83364242524524,43.728089018470634,0.20000000000000004,8.75,0.26143790849673204,103.43137254901963,93.08823529411767,187.2,0.4697488235791473,0.23359021911576194,0.07983515624999998,2.0,45000.0,41000.0,86000.0,3185.185185185185,1061.7283950617284,26.83281572999748,40.0,2.0,1.0,94832.69323589958,45444.828803902274,140277.52203980187,151.0,301.0,21.0,0.0,51.0,0.0,7.0,3.0,95466.64694375407,47.733323471877036,True,,50,50,0.03,1.0,0.0,589259.2592592592,61580.246913580246,152746.63511000652,0.0,803586.141282846,6450.0,133777.77777777778,58050.0,19111.11111111111,38700.0,172238.88888888888,0.22810707978975348,39288.90997067626,842875.0512535223,9.800872688994446,,,,,,,,,,,
SRC,4,12,#4,15,19.0,9.5,100.0,#57 stone,110.00000000000001,47.57004238281165,5.499039842323396,5.77022359949313,151.83364242524524,43.728089018470634,0.16000000000000003,8.75,0.20915032679738566,82.99607843137258,74.69647058823531,187.2,0.5854103771451526,0.23359021911576194,0.1005439453125,2.0,45000.0,41000.0,86000.0,3185.185185185185,1061.7283950617284,26.83281572999748,40.0,2.0,1.0,75960.62672467467,36788.670936492315,112749.29766116699,121.0,241.0,17.0,0.0,51.0,0.0,7.0,3.0,76732.16090829422,38.36608045414711,True,,50,50,0.03,1.0,0.0,589259.2592592592,61580.246913580246,122771.45745327075,0.0,773610.9636261102,6450.0,133777.77777777778,58050.0,19111.11111111111,38700.0,172238.88888888888,0.22810707978975348,39288.90997067626,812899.8735967865,9.45232411159054,,,,,,,,,,,
SRC,4,12,#4,18,19.0,9.5,100.0,#57 stone,110.00000000000001,47.57004238281165,5.499039842323396,5.77022359949313,151.83364242524524,43.728089018470634,0.13333333333333336,8.75,0.1742919389978214,69.30283224400873,62.37254901960785,187.2,0.7010790757441062,0.23359021911576194,0.12125273437499998,2.0,45000.0,41000.0,86000.0,3185.185185185185,1061.7283950617284,26.83281572999748,40.0,2.0,1.0,63379.249050524726,32460.592002787336,95839.84105331206,101.0,201.0,15.0,0.0,51.0,0.0,7.0,3.0,65224.33627239294,32.612168136196466,True,,50,50,0.03,1.0,0.0,589259.2592592592,61580.246913580246,104358.93803582869,0.0,755198.4442086681,6450.0,133777.77777777778,58050.0,19111.11111111111,38700.0,172238.88888888888,0.22810707978975348,39288.90997067626,794487.3541793444,9.238225048597027,,,,,,,,,,,
SRC,4,12,#4,24,19.0,9.5,100.0,#57 stone,110.00000000000001,47.57004238281165,5.499039842323396,5.77022359949313,151.83364242524524,43.728089018470634,0.10000000000000002,8.75,0.13071895424836602,52.10784313725491,46.89705882352942,187.2,0.9324271098325502,0.23359021911576194,0.1626703125,2.0,45000.0,41000.0,86000.0,3185.185185185185,1061.7283950617284,26.83281572999748,40.0,2.0,1.0,47652.5269578373,23804.43413537738,71456.96109321468,76.0,151.0,11.0,0.0,51.0,0.0,7.0,3.0,48630.431855104434,24.315215927552217,True,,50,50,0.03,1.0,0.0,589259.2592592592,61580.246913580246,77808.6909681671,0.0,728648.1971410066,6450.0,133777.77777777778,58050.0,19111.11111111111,38700.0,172238.88888888888,0.22810707978975348,39288.90997067626,767937.1071116829,8.929501245484685,,,,,,,,,,,
SRC,4,12,#5,6,19.0,9.5,100.0,#57 stone,110.00000000000001,47.57004238281165,5.499039842323396,5.77022359949313,151.83364242524524,43.728089018470634,0.62,8.6875,0.8104575163398693,308.10049019607845,277.2904411764706,187.2,0.15769778731983627,0.23359021911576194,0.02353015372983871,2.0,45000.0,41000.0,86000.0,3185.185185185185,1061.7283950617284,33.54101966249685,40.0,2.0,1.0,191378.78224003024,89894.52267619007,281273.3049162203,301.0,601.0,41.0,0.0,51.0,0.0,7.0,3.0,296704.27094981854,148.35213547490926,True,,50,50,0.03,1.0,0.0,589259.2592592592,61580.246913580246,474726.83351970965,0.0,1125566.339692549,6450.0,133777.77777777778,58050.0,19111.11111111111,38700.0,172238.88888888888,0.22810707978975348,39288.90997067626,1164855.2496632254,13.54482848445611,,,,,,,,,,,
SRC,4,12,#5,8,19.0,9.5,100.0,#57 stone,110.00000000000001,47.57004238281165,5.499039842323396,5.77022359949313,151.83364242524524,43.728089018470634,0.46499999999999997,8.6875,0.6078431372549019,233.90183823529406,210.51165441176468,187.2,0.20772288898047273,0.23359021911576194,0.032373538306451614,2.0,45000.0,41000.0,86000.0,3185.185185185185,1061.7283950617284,33.54101966249685,40.0,2.0,1.0,143653.57439245237,67969.02934053396,211622.60373298632,226.0,451.0,31.0,0.0,51.0,0.0,7.0,3.0,223232.4549100043,111.61622745500216,True,,50,50,0.03,1.0,0.0,589259.2592592592,61580.246913580246,357171.9278560069,0.0,1008011.4340288463,6450.0,133777.77777777778,58050.0,19111.11111111111,38700.0,172238.88888888888,0.22810707978975348,39288.90997067626,1047300.3439995226,12.177910976738636,,,,,,,,,,,
SRC,4,12,#5,10,19.0,9.5,100.0,#57 stone,110.00000000000001,47.57004238281165,5.499039842323396,5.77022359949313,151.83364242524524,43.728089018470634,0.372,8.6875,0.48627450980392156,188.47817647058827,169.63035882352943,187.2,0.25778456947062184,0.23359021911576194,0.04121692288306452,2.0,45000.0,41000.0,86000.0,3185.185185185185,1061.7283950617284,33.54101966249685,40.0,2.0,1.0,115018.44968390564,54813.733339140286,169832.18302304592,181.0,361.0,25.0,0.0,51.0,0.0,7.0,3.0,179149.36528611582,89.57468264305791,True,,50,50,0.03,1.0,0.0,589259.2592592592,61580.246913580246,286638.9844577853,0.0,937478.4906306248,6450.0,133777.77777777778,58050.0,19111.11111111111,38700.0,172238.88888888888,0.22810707978975348,39288.90997067626,976767.4006013011,11.357760472108152,,,,,,,,,,,
SRC,4,12,#5,12,19.0,9.5,100.0,#57 stone,110.00000000000001,47.57004238281165,5.499039842323396,5.77022359949313,151.83364242524524,43.728089018470634,0.31,8.6875,0.40522875816993464,157.8188725490196,142.03698529411764,187.2,0.3078641026344115,0.23359021911576194,0.05006030745967741,2.0,45000.0,41000.0,86000.0,3185.185185185185,1061.7283950617284,33.54101966249685,40.0,2.0,1.0,95928.36654487449,46043.53600487784,141971.90254975233,151.0,301.0,21.0,0.0,51.0,0.0,7.0,3.0,149760.63887019013,74.88031943509506,True,,50,50,0.03,1.0,0.0,589259.2592592592,61580.246913580246,239617.0221923042,0.0,890456.5283651436,6450.0,133777.77777777778,58050.0,19111.11111111111,38700.0,172238.88888888888,0.22810707978975348,39288.90997067626,929745.4383358199,10.810993469021161,,,,,,,,,,,
SRC,4,12,#5,15,19.0,9.5,100.0,#57 stone,110.00000000000001,47.57004238281165,5.499039842323396,5.77022359949313,151.83364242524524,43.728089018470634,0.24799999999999997,8.6875,0.32418300653594767,126.85807843137255,114.17227058823529,187.2,0.3830009580537897,0.23359021911576194,0.06332538432459678,2.0,45000.0,41000.0,86000.0,3185.185185185185,1061.7283950617284,33.54101966249685,40.0,2.0,1.0,76838.28340584334,37273.3386706154,114111.62207645873,121.0,241.0,17.0,0.0,51.0,0.0,7.0,3.0,120371.91245426444,60.18595622713222,True,,50,50,0.03,1.0,0.0,589259.2592592592,61580.246913580246,192595.0599268231,0.0,843434.5660996626,6450.0,133777.77777777778,58050.0,19111.11111111111,38700.0,172238.88888888888,0.22810707978975348,39288.90997067626,882723.4760703389,10.264226465934172,,,,,,,,,,,
SRC,4,12,#5,18,19.0,9.5,100.0,#57 stone,110.00000000000001,47.57004238281165,5.499039842323396,5.77022359949313,151.83364242524524,43.728089018470634,0.20666666666666667,8.6875,0.2701525054466231,106.05005446623093,95.44504901960784,187.2,0.4581493693767952,0.23359021911576194,0.07659046118951612,2.0,45000.0,41000.0,86000.0,3185.185185185185,1061.7283950617284,33.54101966249685,40.0,2.0,1.0,64111.56131315591,32888.24000348417,96999.80131664008,101.0,201.0,15.0,0.0,51.0,0.0,7.0,3.0,102321.31819442795,51.16065909721397,True,,50,50,0.03,1.0,0.0,589259.2592592592,61580.246913580246,163714.10911108472,0.0,814553.6152839242,6450.0,133777.77777777778,58050.0,19111.11111111111,38700.0,172238.88888888888,0.22810707978975348,39288.90997067626,853842.5252546004,9.928401456448842,,,,,,,,,,,
SRC,4,12,#5,24,19.0,9.5,100.0,#57 stone,110.00000000000001,47.57004238281165,5.499039842323396,5.77022359949313,151.83364242524524,43.728089018470634,0.155,8.6875,0.20261437908496732,79.85159313725491,71.86643382352943,187.2,0.6084633213587097,0.23359021911576194,0.10312061491935483,2.0,45000.0,41000.0,86000.0,3185.185185185185,1061.7283950617284,33.54101966249685,40.0,2.0,1.0,48203.15869729662,24118.042669221726,72321.20136651835,76.0,151.0,11.0,0.0,51.0,0.0,7.0,3.0,76288.82283037595,38.144411415187975,True,,50,50,0.03,1.0,0.0,589259.2592592592,61580.246913580246,122062.11652860152,0.0,772901.6227014409,6450.0,133777.77777777778,58050.0,19111.11111111111,38700.0,172238.88888888888,0.22810707978975348,39288.90997067626,812190.5326721172,9.444075961303689,,,,,,,,,,,
SRC,4,12,#6,6,19.0,9.5,100.0,#57 stone,110.00000000000001,47.57004238281165,5.499039842323396,5.77022359949313,151.83364242524524,43.728089018470634,0.88,8.625,1.1503267973856208,425.03137254901964,382.52823529411774,187.2,0.11431336299880987,0.23359021911576194,0.015557226562500004,2.0,45000.0,41000.0,86000.0,3185.185185185185,1061.7283950617284,40.249223594996224,40.0,2.0,1.0,193564.53868803626,91063.42721142809,284627.9658994643,301.0,601.0,41.0,0.0,51.0,0.0,7.0,3.0,426151.31561058684,213.07565780529342,True,,50,50,0.03,1.0,0.0,589259.2592592592,61580.246913580246,681842.1049769389,0.0,1332681.6111497784,6450.0,133777.77777777778,58050.0,19111.11111111111,38700.0,172238.88888888888,0.22810707978975348,39288.90997067626,1371970.5211204547,15.95314559442389,,,,,,,,,,,
SRC,4,12,#6,8,19.0,9.5,100.0,#57 stone,110.00000000000001,47.57004238281165,5.499039842323396,5.77022359949313,151.83364242524524,43.728089018470634,0.66,8.625,0.8627450980392157,324.4676470588235,292.02088235294116,187.2,0.14974302065706438,0.23359021911576194,0.021742968749999998,2.0,45000.0,41000.0,86000.0,3185.185185185185,1061.7283950617284,40.249223594996224,40.0,2.0,1.0,145294.28927094283,68852.83520864075,214147.12447958358,226.0,451.0,31.0,0.0,51.0,0.0,7.0,3.0,320625.833595821,160.3129167979105,True,,50,50,0.03,1.0,0.0,589259.2592592592,61580.246913580246,513001.33375331364,0.0,1163840.839926153,6450.0,133777.77777777778,58050.0,19111.11111111111,38700.0,172238.88888888888,0.22810707978975348,39288.90997067626,1203129.7498968292,13.989880812753828,,,,,,,,,,,
SRC,4,12,#6,10,19.0,9.5,100.0,#57 stone,110.00000000000001,47.57004238281165,5.499039842323396,5.77022359949313,151.83364242524524,43.728089018470634,0.528,8.625,0.6901960784313725,262.3072941176471,236.07656470588233,187.2,0.18522841974149185,0.23359021911576194,0.0279287109375,2.0,45000.0,41000.0,86000.0,3185.185185185185,1061.7283950617284,40.249223594996224,40.0,2.0,1.0,116332.13962068676,55526.48000696835,171858.6196276551,181.0,361.0,25.0,0.0,51.0,0.0,7.0,3.0,257310.54438696138,128.6552721934807,True,,50,50,0.03,1.0,0.0,589259.2592592592,61580.246913580246,411696.87101913826,0.0,1062536.3771919776,6450.0,133777.77777777778,58050.0,19111.11111111111,38700.0,172238.88888888888,0.22810707978975348,39288.90997067626,1101825.2871626539,12.81192194375179,,,,,,,,,,,
SRC,4,12,#6,12,19.0,9.5,100.0,#57 stone,110.00000000000001,47.57004238281165,5.499039842323396,5.77022359949313,151.83364242524524,43.728089018470634,0.44,8.625,0.5751633986928104,220.1078431372549,198.0970588235294,187.2,0.22074072819740792,0.23359021911576194,0.034114453125000006,2.0,45000.0,41000.0,86000.0,3185.185185185185,1061.7283950617284,40.249223594996224,40.0,2.0,1.0,97024.03985384939,46642.24320585341,143666.2830597028,151.0,301.0,21.0,0.0,51.0,0.0,7.0,3.0,215100.35158105503,107.55017579052752,True,,50,50,0.03,1.0,0.0,589259.2592592592,61580.246913580246,344160.56252968806,0.0,995000.0687025276,6450.0,133777.77777777778,58050.0,19111.11111111111,38700.0,172238.88888888888,0.22810707978975348,39288.90997067626,1034288.9786732038,12.026616031083766,,,,,,,,,,,
SRC,4,12,#6,15,19.0,9.5,100.0,#57 stone,110.00000000000001,47.57004238281165,5.499039842323396,5.77022359949313,151.83364242524524,43.728089018470634,0.35200000000000004,8.625,0.46013071895424845,177.3010196078432,159.57091764705888,187.2,0.27403545497675846,0.23359021911576194,0.043393066406249986,2.0,45000.0,41000.0,86000.0,3185.185185185185,1061.7283950617284,40.249223594996224,40.0,2.0,1.0,77715.94008701202,37758.00640473847,115473.94649175048,121.0,241.0,17.0,0.0,51.0,0.0,7.0,3.0,172890.15877514865,86.44507938757432,True,,50,50,0.03,1.0,0.0,589259.2592592592,61580.246913580246,276624.25404023787,0.0,927463.7602130773,6450.0,133777.77777777778,58050.0,19111.11111111111,38700.0,172238.88888888888,0.22810707978975348,39288.90997067626,966752.6701837536,11.24131011841574,,,,,,,,,,,
SRC,4,12,#6,18,19.0,9.5,100.0,#57 stone,110.00000000000001,47.57004238281165,5.499039842323396,5.77022359949313,151.83364242524524,43.728089018470634,0.29333333333333333,8.625,0.38344226579520696,148.42570806100215,133.58313725490197,187.2,0.3273473727078976,0.23359021911576194,0.0526716796875,2.0,45000.0,41000.0,86000.0,3185.185185185185,1061.7283950617284,40.249223594996224,40.0,2.0,1.0,64843.87357578709,33315.88800418101,98159.7615799681,101.0,201.0,15.0,0.0,51.0,0.0,7.0,3.0,146966.97636556334,73.48348818278167,True,,50,50,0.03,1.0,0.0,589259.2592592592,61580.246913580246,235147.16218490133,0.0,885986.6683577407,6450.0,133777.77777777778,58050.0,19111.11111111111,38700.0,172238.88888888888,0.22810707978975348,39288.90997067626,925275.578328417,10.759018352656012,,,,,,,,,,,
SRC,4,12,#6,24,19.0,9.5,100.0,#57 stone,110.00000000000001,47.57004238281165,5.499039842323396,5.77022359949313,151.83364242524524,43.728089018470634,0.22,8.625,0.2875816993464052,111.95196078431374,100.75676470588236,187.2,0.43399655741345683,0.23359021911576194,0.07122890625000002,2.0,45000.0,41000.0,86000.0,3185.185185185185,1061.7283950617284,40.249223594996224,40.0,2.0,1.0,48753.79043675594,24431.651203066074,73185.441639822,76.0,151.0,11.0,0.0,51.0,0.0,7.0,3.0,109574.86956628907,54.78743478314453,True,,50,50,0.03,1.0,0.0,589259.2592592592,61580.246913580246,175319.7913060625,0.0,826159.2974789019,6450.0,133777.77777777778,58050.0,19111.11111111111,38700.0,172238.88888888888,0.22810707978975348,39288.90997067626,865448.2074495782,10.0633512494137,,,,,,,,,,,
SRC,6,6,#4,6,19.0,9.5,100.0,#57 stone,120.0,27.67667419824502,5.499039842323396,5.136027579968186,495.84438172525734,35.70079548421853,0.4000000000000001,2.75,0.5228758169934641,59.72549019607844,53.75294117647059,46.8,0.664164503427134,0.7628375103465499,0.010016953124999999,2.0,45000.0,41000.0,86000.0,1592.5925925925926,1592.5925925925926,26.83281572999748,40.0,2.0,1.0,189193.02579202416,88725.61814095205,277918.6439329762,301.0,601.0,41.0,0.0,51.0,0.0,7.0,3.0,189139.07712105327,94.56953856052664,True,,50,50,0.03,1.0,0.0,294629.6296296296,92370.37037037036,302622.52339368523,0.0,689622.5233936852,3225.0,66888.88888888889,29025.0,28666.666666666668,19350.0,105230.55555555556,0.22810707978975348,24003.834732431198,713626.3581261165,8.297980908443215,,,,,,,,,,,
SRC,6,6,#4,8,19.0,9.5,100.0,#57 stone,120.0,27.67667419824502,5.499039842323396,5.136027579968186,495.84438172525734,35.70079548421853,0.30000000000000004,2.75,0.39215686274509814,45.97058823529412,41.373529411764714,46.8,0.8628897749793345,0.7628375103465499,0.014355937499999997,2.0,45000.0,41000.0,86000.0,1592.5925925925926,1592.5925925925926,26.83281572999748,40.0,2.0,1.0,142012.85951396188,67085.22347242717,209098.08298638905,226.0,451.0,31.0,0.0,51.0,0.0,7.0,3.0,142302.86203240367,71.15143101620184,True,,50,50,0.03,1.0,0.0,294629.6296296296,92370.37037037036,227684.5792518459,0.0,614684.5792518458,3225.0,66888.88888888889,29025.0,28666.666666666668,19350.0,105230.55555555556,0.22810707978975348,24003.834732431198,638688.413984277,7.426609464933454,,,,,,,,,,,
SRC,6,6,#5,6,19.0,9.5,100.0,#57 stone,120.0,27.67667419824502,5.499039842323396,5.136027579968186,495.84438172525734,35.70079548421853,0.62,2.6875,0.8104575163398693,84.90049019607844,76.41044117647058,46.8,0.46722404601443446,0.7628375103465499,0.005207169858870968,2.0,45000.0,41000.0,86000.0,1592.5925925925926,1592.5925925925926,33.54101966249685,40.0,2.0,1.0,191378.78224003024,89894.52267619007,281273.3049162203,301.0,601.0,41.0,0.0,51.0,0.0,7.0,3.0,296704.27094981854,148.35213547490926,True,,50,50,0.03,1.0,0.0,294629.6296296296,92370.37037037036,474726.83351970965,0.0,861726.8335197096,3225.0,66888.88888888889,29025.0,28666.666666666668,19350.0,105230.55555555556,0.22810707978975348,24003.834732431198,885730.6682521409,10.299193816885358,,,,,,,,,,,
SRC,6,6,#5,8,19.0,9.5,100.0,#57 stone,120.0,27.67667419824502,5.499039842323396,5.136027579968186,495.84438172525734,35.70079548421853,0.46499999999999997,2.6875,0.6078431372549019,66.50183823529412,59.8516544117647,46.8,0.596488030867214,0.7628375103465499,0.007942893145161292,2.0,45000.0,41000.0,86000.0,1592.5925925925926,1592.5925925925926,33.54101966249685,40.0,2.0,1.0,143653.57439245237,67969.02934053396,211622.60373298632,226.0,451.0,31.0,0.0,51.0,0.0,7.0,3.0,223232.4549100043,111.61622745500216,True,,50,50,0.03,1.0,0.0,294629.6296296296,92370.37037037036,357171.9278560069,0.0,744171.9278560069,3225.0,66888.88888888889,29025.0,28666.666666666668,19350.0,105230.55555555556,0.22810707978975348,24003.834732431198,768175.7625884381,8.932276309167886,,,,,,,,,,,
SRC,6,6,#5,10,19.0,9.5,100.0,#57 stone,120.0,27.67667419824502,5.499039842323396,5.136027579968186,495.84438172525734,35.70079548421853,0.372,2.6875,0.48627450980392156,54.558176470588236,49.102358823529414,46.8,0.7270688484136739,0.7628375103465499,0.010678616431451614,2.0,45000.0,41000.0,86000.0,1592.5925925925926,1592.5925925925926,33.54101966249685,40.0,2.0,1.0,115018.44968390564,54813.733339140286,169832.18302304592,181.0,361.0,25.0,0.0,51.0,0.0,7.0,3.0,179149.36528611582,89.57468264305791,True,,50,50,0.03,1.0,0.0,294629.6296296296,92370.37037037036,286638.9844577853,0.0,673638.9844577853,3225.0,66888.88888888889,29025.0,28666.666666666668,19350.0,105230.55555555556,0.22810707978975348,24003.834732431198,697642.8191902165,8.112125804537401,,,,,,,,,,,
SRC,6,6,#5,12,19.0,9.5,100.0,#57 stone,120.0,27.67667419824502,5.499039842323396,5.136027579968186,495.84438172525734,35.70079548421853,0.31,2.6875,0.40522875816993464,46.2188725490196,41.596985294117644,46.8,0.8582543958844798,0.7628375103465499,0.013414339717741934,2.0,45000.0,41000.0,86000.0,1592.5925925925926,1592.5925925925926,33.54101966249685,40.0,2.0,1.0,95928.36654487449,46043.53600487784,141971.90254975233,151.0,301.0,21.0,0.0,51.0,0.0,7.0,3.0,149760.63887019013,74.88031943509506,True,,50,50,0.03,1.0,0.0,294629.6296296296,92370.37037037036,239617.0221923042,0.0,626617.0221923043,3225.0,66888.88888888889,29025.0,28666.666666666668,19350.0,105230.55555555556,0.22810707978975348,24003.834732431198,650620.8569247355,7.5653588014504125,,,,,,,,,,,
SRC,6,6,#6,6,19.0,9.5,100.0,#57 stone,120.0,27.67667419824502,5.499039842323396,5.136027579968186,495.84438172525734,35.70079548421853,0.88,2.625,1.1503267973856208,108.23137254901962,97.40823529411766,46.8,0.3665069526865194,0.7628375103465499,0.0026478515625000007,2.0,45000.0,41000.0,86000.0,1592.5925925925926,1592.5925925925926,40.249223594996224,40.0,2.0,1.0,193564.53868803626,91063.42721142809,284627.9658994643,301.0,601.0,41.0,0.0,51.0,0.0,7.0,3.0,426151.31561058684,213.07565780529342,True,Section may not be tension-controlled; phi = 0.90 should be reviewed.,50,50,0.03,1.0,0.0,294629.6296296296,92370.37037037036,681842.1049769389,0.0,1068842.104976939,3225.0,66888.88888888889,29025.0,28666.666666666668,19350.0,105230.55555555556,0.22810707978975348,24003.834732431198,1092845.9397093703,12.707510926853143,,,,,,,,,,,
SRC,6,6,#6,8,19.0,9.5,100.0,#57 stone,120.0,27.67667419824502,5.499039842323396,5.136027579968186,495.84438172525734,35.70079548421853,0.66,2.625,0.8627450980392157,86.86764705882352,78.18088235294117,46.8,0.456643547754427,0.7628375103465499,0.00453046875,2.0,45000.0,41000.0,86000.0,1592.5925925925926,1592.5925925925926,40.249223594996224,40.0,2.0,1.0,145294.28927094283,68852.83520864075,214147.12447958358,226.0,451.0,31.0,0.0,51.0,0.0,7.0,3.0,320625.833595821,160.3129167979105,True,Section may not be tension-controlled; phi = 0.90 should be reviewed.,50,50,0.03,1.0,0.0,294629.6296296296,92370.37037037036,513001.33375331364,0.0,900001.3337533136,3225.0,66888.88888888889,29025.0,28666.666666666668,19350.0,105230.55555555556,0.22810707978975348,24003.834732431198,924005.1684857449,10.74424614518308,,,,,,,,,,,
SRC,6,6,#6,10,19.0,9.5,100.0,#57 stone,120.0,27.67667419824502,5.499039842323396,5.136027579968186,495.84438172525734,35.70079548421853,0.528,2.625,0.6901960784313725,72.22729411764705,65.00456470588234,46.8,0.5492044388843961,0.7628375103465499,0.0064130859375,2.0,45000.0,41000.0,86000.0,1592.5925925925926,1592.5925925925926,40.249223594996224,40.0,2.0,1.0,116332.13962068676,55526.48000696835,171858.6196276551,181.0,361.0,25.0,0.0,51.0,0.0,7.0,3.0,257310.54438696138,128.6552721934807,True,,50,50,0.03,1.0,0.0,294629.6296296296,92370.37037037036,411696.87101913826,0.0,798696.8710191383,3225.0,66888.88888888889,29025.0,28666.666666666668,19350.0,105230.55555555556,0.22810707978975348,24003.834732431198,822700.7057515695,9.56628727618104,,,,,,,,,,,
SRC,6,6,#6,12,19.0,9.5,100.0,#57 stone,120.0,27.67667419824502,5.499039842323396,5.136027579968186,495.84438172525734,35.70079548421853,0.44,2.625,0.5751633986928104,61.707843137254905,55.537058823529414,46.8,0.6428283427406343,0.7628375103465499,0.008295703125000001,2.0,45000.0,41000.0,86000.0,1592.5925925925926,1592.5925925925926,40.249223594996224,40.0,2.0,1.0,97024.03985384939,46642.24320585341,143666.2830597028,151.0,301.0,21.0,0.0,51.0,0.0,7.0,3.0,215100.35158105503,107.55017579052752,True,,50,50,0.03,1.0,0.0,294629.6296296296,92370.37037037036,344160.56252968806,0.0,731160.562529688,3225.0,66888.88888888889,29025.0,28666.666666666668,19350.0,105230.55555555556,0.22810707978975348,24003.834732431198,755164.3972621192,8.780981363513014,,,,,,,,,,,
SRC,6,6,#6,15,19.0,9.5,100.0,#57 stone,120.0,27.67667419824502,5.499039842323396,5.136027579968186,495.84438172525734,35.70079548421853,0.35200000000000004,2.625,0.46013071895424845,50.581019607843146,45.52291764705883,46.8,0.7842378592911895,0.7628375103465499,0.011119628906249995,2.0,45000.0,41000.0,86000.0,1592.5925925925926,1592.5925925925926,40.249223594996224,40.0,2.0,1.0,77715.94008701202,37758.00640473847,115473.94649175048,121.0,241.0,17.0,0.0,51.0,0.0,7.0,3.0,172890.15877514865,86.44507938757432,True,,50,50,0.03,1.0,0.0,294629.6296296296,92370.37037037036,276624.25404023787,0.0,663624.2540402379,3225.0,66888.88888888889,29025.0,28666.666666666668,19350.0,105230.55555555556,0.22810707978975348,24003.834732431198,687628.0887726691,7.995675450844989,,,,,,,,,,,
SRC,6,6,#6,18,19.0,9.5,100.0,#57 stone,120.0,27.67667419824502,5.499039842323396,5.136027579968186,495.84438172525734,35.70079548421853,0.29333333333333333,2.625,0.38344226579520696,42.82570806100218,38.543137254901964,46.8,0.9262555678359592,0.7628375103465499,0.013943554687499998,2.0,45000.0,41000.0,86000.0,1592.5925925925926,1592.5925925925926,40.249223594996224,40.0,2.0,1.0,64843.87357578709,33315.88800418101,98159.7615799681,101.0,201.0,15.0,0.0,51.0,0.0,7.0,3.0,146966.97636556334,73.48348818278167,True,,50,50,0.03,1.0,0.0,294629.6296296296,92370.37037037036,235147.16218490133,0.0,622147.1621849013,3225.0,66888.88888888889,29025.0,28666.666666666668,19350.0,105230.55555555556,0.22810707978975348,24003.834732431198,646150.9969173325,7.5133836850852616,,,,,,,,,,,
SRC,6,8,#3,6,19.0,9.5,100.0,#57 stone,120.0,34.3413966568967,5.499039842323396,5.201089693986001,308.87997496461526,39.536636795470756,0.22,4.8125,0.2875816993464052,61.62696078431372,55.46426470588235,83.2,0.7128308110659517,0.4751999614840235,0.038417578125,2.0,45000.0,41000.0,86000.0,2123.456790123457,1592.5925925925926,20.124611797498112,40.0,2.0,1.0,187007.26934401813,87556.71360571406,274563.9829497322,301.0,601.0,41.0,0.0,51.0,0.0,7.0,3.0,102770.82417354561,51.3854120867728,True,,50,50,0.03,1.0,0.0,392839.5061728395,92370.37037037036,164433.31867767297,0.0,649643.1952208829,4300.0,89185.18518518518,38700.0,28666.666666666668,25800.0,130751.85185185185,0.22810707978975348,29825.423103028395,679468.6183239113,7.900797887487341,,,,,,,,,,,
SRC,6,8,#3,8,19.0,9.5,100.0,#57 stone,120.0,34.3413966568967,5.499039842323396,5.201089693986001,308.87997496461526,39.536636795470756,0.165,4.8125,0.21568627450980393,46.57610294117647,41.918492647058834,83.2,0.9431788764056334,0.4751999614840235,0.052223437500000004,2.0,45000.0,41000.0,86000.0,2123.456790123457,1592.5925925925926,20.124611797498112,40.0,2.0,1.0,140372.1446354714,66201.41760432038,206573.5622397918,226.0,451.0,31.0,0.0,51.0,0.0,7.0,3.0,77321.63197725541,38.660815988627704,True,,50,50,0.03,1.0,0.0,392839.5061728395,92370.37037037036,123714.61116360866,0.0,608924.4877068185,4300.0,89185.18518518518,38700.0,28666.666666666668,25800.0,130751.85185185185,0.22810707978975348,29825.423103028395,638749.910809847,7.427324544300546,,,,,,,,,,,
SRC,6,8,#4,6,19.0,9.5,100.0,#57 stone,120.0,34.3413966568967,5.499039842323396,5.201089693986001,308.87997496461526,39.536636795470756,0.4000000000000001,4.75,0.5228758169934641,107.72549019607845,96.9529411764706,83.2,0.4077920310174753,0.4751999614840235,0.019483828124999998,2.0,45000.0,41000.0,86000.0,2123.456790123457,1592.5925925925926,26.83281572999748,40.0,2.0,1.0,189193.02579202416,88725.61814095205,277918.6439329762,301.0,601.0,41.0,0.0,51.0,0.0,7.0,3.0,189139.07712105327,94.56953856052664,True,,50,50,0.03,1.0,0.0,392839.5061728395,92370.37037037036,302622.52339368523,0.0,787832.3999368951,4300.0,89185.18518518518,38700.0,28666.666666666668,25800.0,130751.85185185185,0.22810707978975348,29825.423103028395,817657.8230399236,9.50764910511539,,,,,,,,,,,
SRC,6,8,#4,8,19.0,9.5,100.0,#57 stone,120.0,34.3413966568967,5.499039842323396,5.201089693986001,308.87997496461526,39.536636795470756,0.30000000000000004,4.75,0.39215686274509814,81.97058823529413,73.77352941176471,83.2,0.5359190093075014,0.4751999614840235,0.02697843749999999,2.0,45000.0,41000.0,86000.0,2123.456790123457,1592.5925925925926,26.83281572999748,40.0,2.0,1.0,142012.85951396188,67085.22347242717,209098.08298638905,226.0,451.0,31.0,0.0,51.0,0.0,7.0,3.0,142302.86203240367,71.15143101620184,True,,50,50,0.03,1.0,0.0,392839.5061728395,92370.37037037036,227684.5792518459,0.0,712894.4557950557,4300.0,89185.18518518518,38700.0,28666.666666666668,25800.0,130751.85185185185,0.22810707978975348,29825.423103028395,742719.8788980842,8.63627766160563,,,,,,,,,,,
SRC,6,8,#4,10,19.0,9.5,100.0,#57 stone,120.0,34.3413966568967,5.499039842323396,5.201089693986001,308.87997496461526,39.536636795470756,0.24000000000000005,4.75,0.31372549019607854,66.14117647058825,59.52705882352943,83.2,0.6641792417911802,0.4751999614840235,0.03447304687499999,2.0,45000.0,41000.0,86000.0,2123.456790123457,1592.5925925925926,26.83281572999748,40.0,2.0,1.0,113704.75974712451,54100.986671312225,167805.74641843673,181.0,361.0,25.0,0.0,51.0,0.0,7.0,3.0,114201.13297921389,57.10056648960694,True,,50,50,0.03,1.0,0.0,392839.5061728395,92370.37037037036,182721.81276674222,0.0,667931.6893099521,4300.0,89185.18518518518,38700.0,28666.666666666668,25800.0,130751.85185185185,0.22810707978975348,29825.423103028395,697757.1124129805,8.113454795499774,,,,,,,,,,,
SRC,6,8,#4,12,19.0,9.5,100.0,#57 stone,120.0,34.3413966568967,5.499039842323396,5.201089693986001,308.87997496461526,39.536636795470756,0.20000000000000004,4.75,0.26143790849673204,55.431372549019606,49.88823529411765,83.2,0.7925042159214748,0.4751999614840235,0.04196765625,2.0,45000.0,41000.0,86000.0,2123.456790123457,1592.5925925925926,26.83281572999748,40.0,2.0,1.0,94832.69323589958,45444.828803902274,140277.52203980187,151.0,301.0,21.0,0.0,51.0,0.0,7.0,3.0,95466.64694375407,47.733323471877036,True,,50,50,0.03,1.0,0.0,392839.5061728395,92370.37037037036,152746.63511000652,0.0,637956.5116532164,4300.0,89185.18518518518,38700.0,28666.666666666668,25800.0,130751.85185185185,0.22810707978975348,29825.423103028395,667781.9347562449,7.764906218095871,,,,,,,,,,,
SRC,6,8,#4,15,19.0,9.5,100.0,#57 stone,120.0,34.3413966568967,5.499039842323396,5.201089693986001,308.87997496461526,39.536636795470756,0.16000000000000003,4.75,0.20915032679738566,44.59607843137256,40.136470588235305,83.2,0.9850551435147771,0.4751999614840235,0.05320957031249999,2.0,45000.0,41000.0,86000.0,2123.456790123457,1592.5925925925926,26.83281572999748,40.0,2.0,1.0,75960.62672467467,36788.670936492315,112749.29766116699,121.0,241.0,17.0,0.0,51.0,0.0,7.0,3.0,76732.16090829422,38.36608045414711,True,,50,50,0.03,1.0,0.0,392839.5061728395,92370.37037037036,122771.45745327075,0.0,607981.3339964807,4300.0,89185.18518518518,38700.0,28666.666666666668,25800.0,130751.85185185185,0.22810707978975348,29825.423103028395,637806.7570995091,7.416357640691967,,,,,,,,,,,
SRC,6,8,#5,6,19.0,9.5,100.0,#57 stone,120.0,34.3413966568967,5.499039842323396,5.201089693986001,308.87997496461526,39.536636795470756,0.62,4.6875,0.8104575163398693,159.3004901960784,143.37044117647056,83.2,0.2757656074086167,0.4751999614840235,0.011314831149193547,2.0,45000.0,41000.0,86000.0,2123.456790123457,1592.5925925925926,33.54101966249685,40.0,2.0,1.0,191378.78224003024,89894.52267619007,281273.3049162203,301.0,601.0,41.0,0.0,51.0,0.0,7.0,3.0,296704.27094981854,148.35213547490926,True,,50,50,0.03,1.0,0.0,392839.5061728395,92370.37037037036,474726.83351970965,0.0,959936.7100629195,4300.0,89185.18518518518,38700.0,28666.666666666668,25800.0,130751.85185185185,0.22810707978975348,29825.423103028395,989762.133165948,11.508862013557534,,,,,,,,,,,
SRC,6,8,#5,8,19.0,9.5,100.0,#57 stone,120.0,34.3413966568967,5.499039842323396,5.201089693986001,308.87997496461526,39.536636795470756,0.46499999999999997,4.6875,0.6078431372549019,122.30183823529411,110.0716544117647,83.2,0.35918999316180894,0.4751999614840235,0.016086441532258064,2.0,45000.0,41000.0,86000.0,2123.456790123457,1592.5925925925926,33.54101966249685,40.0,2.0,1.0,143653.57439245237,67969.02934053396,211622.60373298632,226.0,451.0,31.0,0.0,51.0,0.0,7.0,3.0,223232.4549100043,111.61622745500216,True,,50,50,0.03,1.0,0.0,392839.5061728395,92370.37037037036,357171.9278560069,0.0,842381.8043992168,4300.0,89185.18518518518,38700.0,28666.666666666668,25800.0,130751.85185185185,0.22810707978975348,29825.423103028395,872207.2275022452,10.14194450584006,,,,,,,,,,,
SRC,6,8,#5,10,19.0,9.5,100.0,#57 stone,120.0,34.3413966568967,5.499039842323396,5.201089693986001,308.87997496461526,39.536636795470756,0.372,4.6875,0.48627450980392156,99.19817647058824,89.27835882352942,83.2,0.4428468143508349,0.4751999614840235,0.02085805191532258,2.0,45000.0,41000.0,86000.0,2123.456790123457,1592.5925925925926,33.54101966249685,40.0,2.0,1.0,115018.44968390564,54813.733339140286,169832.18302304592,181.0,361.0,25.0,0.0,51.0,0.0,7.0,3.0,179149.36528611582,89.57468264305791,True,,50,50,0.03,1.0,0.0,392839.5061728395,92370.37037037036,286638.9844577853,0.0,771848.8610009952,4300.0,89185.18518518518,38700.0,28666.666666666668,25800.0,130751.85185185185,0.22810707978975348,29825.423103028395,801674.2841040236,9.321794001209577,,,,,,,,,,,
SRC,6,8,#5,12,19.0,9.5,100.0,#57 stone,120.0,34.3413966568967,5.499039842323396,5.201089693986001,308.87997496461526,39.536636795470756,0.31,4.6875,0.40522875816993464,83.41887254901961,75.07698529411765,83.2,0.5266146028717603,0.4751999614840235,0.02562966229838709,2.0,45000.0,41000.0,86000.0,2123.456790123457,1592.5925925925926,33.54101966249685,40.0,2.0,1.0,95928.36654487449,46043.53600487784,141971.90254975233,151.0,301.0,21.0,0.0,51.0,0.0,7.0,3.0,149760.63887019013,74.88031943509506,True,,50,50,0.03,1.0,0.0,392839.5061728395,92370.37037037036,239617.0221923042,0.0,724826.8987355141,4300.0,89185.18518518518,38700.0,28666.666666666668,25800.0,130751.85185185185,0.22810707978975348,29825.423103028395,754652.3218385426,8.775026998122588,,,,,,,,,,,
SRC,6,8,#5,15,19.0,9.5,100.0,#57 stone,120.0,34.3413966568967,5.499039842323396,5.201089693986001,308.87997496461526,39.536636795470756,0.24799999999999997,4.6875,0.32418300653594767,67.33807843137254,60.60427058823528,83.2,0.6523737751765921,0.4751999614840235,0.03278707787298387,2.0,45000.0,41000.0,86000.0,2123.456790123457,1592.5925925925926,33.54101966249685,40.0,2.0,1.0,76838.28340584334,37273.3386706154,114111.62207645873,121.0,241.0,17.0,0.0,51.0,0.0,7.0,3.0,120371.91245426444,60.18595622713222,True,,50,50,0.03,1.0,0.0,392839.5061728395,92370.37037037036,192595.0599268231,0.0,677804.936470033,4300.0,89185.18518518518,38700.0,28666.666666666668,25800.0,130751.85185185185,0.22810707978975348,29825.423103028395,707630.3595730615,8.228259995035598,,,,,,,,,,,
SRC,6,8,#5,18,19.0,9.5,100.0,#57 stone,120.0,34.3413966568967,5.499039842323396,5.201089693986001,308.87997496461526,39.536636795470756,0.20666666666666667,4.6875,0.2701525054466231,56.45005446623094,50.80504901960784,83.2,0.7782029061759566,0.4751999614840235,0.03994449344758064,2.0,45000.0,41000.0,86000.0,2123.456790123457,1592.5925925925926,33.54101966249685,40.0,2.0,1.0,64111.56131315591,32888.24000348417,96999.80131664008,101.0,201.0,15.0,0.0,51.0,0.0,7.0,3.0,102321.31819442795,51.16065909721397,True,,50,50,0.03,1.0,0.0,392839.5061728395,92370.37037037036,163714.10911108472,0.0,648923.9856542946,4300.0,89185.18518518518,38700.0,28666.666666666668,25800.0,130751.85185185185,0.22810707978975348,29825.423103028395,678749.408757323,7.892434985550268,,,,,,,,,,,
SRC,6,8,#6,6,19.0,9.5,100.0,#57 stone,120.0,34.3413966568967,5.499039842323396,5.201089693986001,308.87997496461526,39.536636795470756,0.88,4.625,1.1503267973856208,213.83137254901962,192.44823529411764,83.2,0.20544037067966417,0.4751999614840235,0.006950976562500001,2.0,45000.0,41000.0,86000.0,2123.456790123457,1592.5925925925926,40.249223594996224,40.0,2.0,1.0,193564.53868803626,91063.42721142809,284627.9658994643,301.0,601.0,41.0,0.0,51.0,0.0,7.0,3.0,426151.31561058684,213.07565780529342,True,,50,50,0.03,1.0,0.0,392839.5061728395,92370.37037037036,681842.1049769389,0.0,1167051.981520149,4300.0,89185.18518518518,38700.0,28666.666666666668,25800.0,130751.85185185185,0.22810707978975348,29825.423103028395,1196877.4046231774,13.917179123525319,,,,,,,,,,,
SRC,6,8,#6,8,19.0,9.5,100.0,#57 stone,120.0,34.3413966568967,5.499039842323396,5.201089693986001,308.87997496461526,39.536636795470756,0.66,4.625,0.8627450980392157,166.06764705882352,149.46088235294118,83.2,0.26452832455590497,0.4751999614840235,0.010267968749999998,2.0,45000.0,41000.0,86000.0,2123.456790123457,1592.5925925925926,40.249223594996224,40.0,2.0,1.0,145294.28927094283,68852.83520864075,214147.12447958358,226.0,451.0,31.0,0.0,51.0,0.0,7.0,3.0,320625.833595821,160.3129167979105,True,,50,50,0.03,1.0,0.0,392839.5061728395,92370.37037037036,513001.33375331364,0.0,998211.2102965235,4300.0,89185.18518518518,38700.0,28666.666666666668,25800.0,130751.85185185185,0.22810707978975348,29825.423103028395,1028036.633399552,11.953914341855256,,,,,,,,,,,
SRC,6,8,#6,10,19.0,9.5,100.0,#57 stone,120.0,34.3413966568967,5.499039842323396,5.201089693986001,308.87997496461526,39.536636795470756,0.528,4.625,0.6901960784313725,135.58729411764708,122.02856470588236,83.2,0.3239949342251413,0.4751999614840235,0.013584960937499998,2.0,45000.0,41000.0,86000.0,2123.456790123457,1592.5925925925926,40.249223594996224,40.0,2.0,1.0,116332.13962068676,55526.48000696835,171858.6196276551,181.0,361.0,25.0,0.0,51.0,0.0,7.0,3.0,257310.54438696138,128.6552721934807,True,,50,50,0.03,1.0,0.0,392839.5061728395,92370.37037037036,411696.87101913826,0.0,896906.7475623481,4300.0,89185.18518518518,38700.0,28666.666666666668,25800.0,130751.85185185185,0.22810707978975348,29825.423103028395,926732.1706653766,10.775955472853216,,,,,,,,,,,
SRC,6,8,#6,12,19.0,9.5,100.0,#57 stone,120.0,34.3413966568967,5.499039842323396,5.201089693986001,308.87997496461526,39.536636795470756,0.44,4.625,0.5751633986928104,114.50784313725491,103.05705882352943,83.2,0.38363831887703714,0.4751999614840235,0.016901953125,2.0,45000.0,41000.0,86000.0,2123.456790123457,1592.5925925925926,40.249223594996224,40.0,2.0,1.0,97024.03985384939,46642.24320585341,143666.2830597028,151.0,301.0,21.0,0.0,51.0,0.0,7.0,3.0,215100.35158105503,107.55017579052752,True,,50,50,0.03,1.0,0.0,392839.5061728395,92370.37037037036,344160.56252968806,0.0,829370.4390728979,4300.0,89185.18518518518,38700.0,28666.666666666668,25800.0,130751.85185185185,0.22810707978975348,29825.423103028395,859195.8621759263,9.99064956018519,,,,,,,,,,,
SRC,6,8,#6,15,19.0,9.5,100.0,#57 stone,120.0,34.3413966568967,5.499039842323396,5.201089693986001,308.87997496461526,39.536636795470756,0.35200000000000004,4.625,0.46013071895424845,92.82101960784314,83.53891764705882,83.2,0.4732720737717474,0.4751999614840235,0.021877441406249993,2.0,45000.0,41000.0,86000.0,2123.456790123457,1592.5925925925926,40.249223594996224,40.0,2.0,1.0,77715.94008701202,37758.00640473847,115473.94649175048,121.0,241.0,17.0,0.0,51.0,0.0,7.0,3.0,172890.15877514865,86.44507938757432,True,,50,50,0.03,1.0,0.0,392839.5061728395,92370.37037037036,276624.25404023787,0.0,761834.1305834478,4300.0,89185.18518518518,38700.0,28666.666666666668,25800.0,130751.85185185185,0.22810707978975348,29825.423103028395,791659.5536864762,9.205343647517164,,,,,,,,,,,
SRC,6,8,#6,18,19.0,9.5,100.0,#57 stone,120.0,34.3413966568967,5.499039842323396,5.201089693986001,308.87997496461526,39.536636795470756,0.29333333333333333,4.625,0.38344226579520696,78.02570806100218,70.22313725490196,83.2,0.563014390142629,0.4751999614840235,0.0268529296875,2.0,45000.0,41000.0,86000.0,2123.456790123457,1592.5925925925926,40.249223594996224,40.0,2.0,1.0,64843.87357578709,33315.88800418101,98159.7615799681,101.0,201.0,15.0,0.0,51.0,0.0,7.0,3.0,146966.97636556334,73.48348818278167,True,,50,50,0.03,1.0,0.0,392839.5061728395,92370.37037037036,235147.16218490133,0.0,720357.0387281112,4300.0,89185.18518518518,38700.0,28666.666666666668,25800.0,130751.85185185185,0.22810707978975348,29825.423103028395,750182.4618311396,8.723051881757437,,,,,,,,,,,
SRC,6,8,#6,24,19.0,9.5,100.0,#57 stone,120.0,34.3413966568967,5.499039842323396,5.201089693986001,308.87997496461526,39.536636795470756,0.22,4.625,0.2875816993464052,59.15196078431372,53.23676470588235,83.2,0.7426566398972436,0.4751999614840235,0.036803906250000004,2.0,45000.0,41000.0,86000.0,2123.456790123457,1592.5925925925926,40.249223594996224,40.0,2.0,1.0,48753.79043675594,24431.651203066074,73185.441639822,76.0,151.0,11.0,0.0,51.0,0.0,7.0,3.0,109574.86956628907,54.78743478314453,True,,50,50,0.03,1.0,0.0,392839.5061728395,92370.37037037036,175319.7913060625,0.0,660529.6678492724,4300.0,89185.18518518518,38700.0,28666.666666666668,25800.0,130751.85185185185,0.22810707978975348,29825.423103028395,690355.0909523008,8.027384778515126,,,,,,,,,,,
SRC,6,10,#3,6,19.0,9.5,100.0,#57 stone,120.0,40.59760966213721,5.499039842323396,5.431260308356283,209.39372242415251,41.878744484830506,0.22,6.8125,0.2875816993464052,88.02696078431372,79.22426470588235,130.0,0.5286100747075919,0.32214418834485004,0.055630078125,2.0,45000.0,41000.0,86000.0,2654.320987654321,1592.5925925925926,20.124611797498112,40.0,2.0,1.0,187007.26934401813,87556.71360571406,274563.9829497322,301.0,601.0,41.0,0.0,51.0,0.0,7.0,3.0,102770.82417354561,51.3854120867728,True,,50,50,0.03,1.0,0.0,491049.3827160494,92370.37037037036,164433.31867767297,0.0,747853.0717640928,5375.0,111481.48148148149,48375.0,28666.666666666668,32250.0,156273.14814814815,0.22810707978975348,35647.01147362559,783500.0832377183,9.110466084159516,,,,,,,,,,,
SRC,6,10,#3,8,19.0,9.5,100.0,#57 stone,120.0,40.59760966213721,5.499039842323396,5.431260308356283,209.39372242415251,41.878744484830506,0.165,6.8125,0.21568627450980393,66.37610294117647,59.738492647058834,130.0,0.7010345026991966,0.32214418834485004,0.0751734375,2.0,45000.0,41000.0,86000.0,2654.320987654321,1592.5925925925926,20.124611797498112,40.0,2.0,1.0,140372.1446354714,66201.41760432038,206573.5622397918,226.0,451.0,31.0,0.0,51.0,0.0,7.0,3.0,77321.63197725541,38.660815988627704,True,,50,50,0.03,1.0,0.0,491049.3827160494,92370.37037037036,123714.61116360866,0.0,707134.3642500284,5375.0,111481.48148148149,48375.0,28666.666666666668,32250.0,156273.14814814815,0.22810707978975348,35647.01147362559,742781.3757236539,8.63699274097272,,,,,,,,,,,
SRC,6,10,#3,10,19.0,9.5,100.0,#57 stone,120.0,40.59760966213721,5.499039842323396,5.431260308356283,209.39372242415251,41.878744484830506,0.132,6.8125,0.17254901960784313,53.27170588235295,47.94453529411766,130.0,0.8734831660777121,0.32214418834485004,0.094716796875,2.0,45000.0,41000.0,86000.0,2654.320987654321,1592.5925925925926,20.124611797498112,40.0,2.0,1.0,112391.06981034338,53388.24000348418,165779.30981382757,181.0,361.0,25.0,0.0,51.0,0.0,7.0,3.0,62052.1166594813,31.02605832974065,True,,50,50,0.03,1.0,0.0,491049.3827160494,92370.37037037036,99283.38665517008,0.0,682703.1397415899,5375.0,111481.48148148149,48375.0,28666.666666666668,32250.0,156273.14814814815,0.22810707978975348,35647.01147362559,718350.1512152154,8.352908735060645,,,,,,,,,,,
SRC,6,10,#4,6,19.0,9.5,100.0,#57 stone,120.0,40.59760966213721,5.499039842323396,5.431260308356283,209.39372242415251,41.878744484830506,0.4000000000000001,6.75,0.5228758169934641,155.72549019607845,140.15294117647062,130.0,0.29880746085877546,0.32214418834485004,0.028950703124999994,2.0,45000.0,41000.0,86000.0,2654.320987654321,1592.5925925925926,26.83281572999748,40.0,2.0,1.0,189193.02579202416,88725.61814095205,277918.6439329762,301.0,601.0,41.0,0.0,51.0,0.0,7.0,3.0,189139.07712105327,94.56953856052664,True,,50,50,0.03,1.0,0.0,491049.3827160494,92370.37037037036,302622.52339368523,0.0,886042.276480105,5375.0,111481.48148148149,48375.0,28666.666666666668,32250.0,156273.14814814815,0.22810707978975348,35647.01147362559,921689.2879537306,10.717317301787565,,,,,,,,,,,
SRC,6,10,#4,8,19.0,9.5,100.0,#57 stone,120.0,40.59760966213721,5.499039842323396,5.431260308356283,209.39372242415251,41.878744484830506,0.30000000000000004,6.75,0.39215686274509814,117.97058823529414,106.17352941176473,130.0,0.39443677456002574,0.32214418834485004,0.03960093749999999,2.0,45000.0,41000.0,86000.0,2654.320987654321,1592.5925925925926,26.83281572999748,40.0,2.0,1.0,142012.85951396188,67085.22347242717,209098.08298638905,226.0,451.0,31.0,0.0,51.0,0.0,7.0,3.0,142302.86203240367,71.15143101620184,True,,50,50,0.03,1.0,0.0,491049.3827160494,92370.37037037036,227684.5792518459,0.0,811104.3323382656,5375.0,111481.48148148149,48375.0,28666.666666666668,32250.0,156273.14814814815,0.22810707978975348,35647.01147362559,846751.3438118912,9.845945858277805,,,,,,,,,,,
SRC,6,10,#4,10,19.0,9.5,100.0,#57 stone,120.0,40.59760966213721,5.499039842323396,5.431260308356283,209.39372242415251,41.878744484830506,0.24000000000000005,6.75,0.31372549019607854,94.94117647058825,85.44705882352943,130.0,0.49011335277579404,0.32214418834485004,0.05025117187499998,2.0,45000.0,41000.0,86000.0,2654.320987654321,1592.5925925925926,26.83281572999748,40.0,2.0,1.0,113704.75974712451,54100.986671312225,167805.74641843673,181.0,361.0,25.0,0.0,51.0,0.0,7.0,3.0,114201.13297921389,57.10056648960694,True,,50,50,0.03,1.0,0.0,491049.3827160494,92370.37037037036,182721.81276674222,0.0,766141.565853162,5375.0,111481.48148148149,48375.0,28666.666666666668,32250.0,156273.14814814815,0.22810707978975348,35647.01147362559,801788.5773267875,9.323122992171948,,,,,,,,,,,
SRC,6,10,#4,12,19.0,9.5,100.0,#57 stone,120.0,40.59760966213721,5.499039842323396,5.431260308356283,209.39372242415251,41.878744484830506,0.20000000000000004,6.75,0.26143790849673204,79.43137254901961,71.48823529411764,130.0,0.5858130965540349,0.32214418834485004,0.06090140624999999,2.0,45000.0,41000.0,86000.0,2654.320987654321,1592.5925925925926,26.83281572999748,40.0,2.0,1.0,94832.69323589958,45444.828803902274,140277.52203980187,151.0,301.0,21.0,0.0,51.0,0.0,7.0,3.0,95466.64694375407,47.733323471877036,True,,50,50,0.03,1.0,0.0,491049.3827160494,92370.37037037036,152746.63511000652,0.0,736166.3881964263,5375.0,111481.48148148149,48375.0,28666.666666666668,32250.0,156273.14814814815,0.22810707978975348,35647.01147362559,771813.3996700519,8.974574414768044,,,,,,,,,,,
SRC,6,10,#4,15,19.0,9.5,100.0,#57 stone,120.0,40.59760966213721,5.499039842323396,5.431260308356283,209.39372242415251,41.878744484830506,0.16000000000000003,6.75,0.20915032679738566,63.796078431372564,57.416470588235306,130.0,0.7293855588088256,0.32214418834485004,0.07687675781249999,2.0,45000.0,41000.0,86000.0,2654.320987654321,1592.5925925925926,26.83281572999748,40.0,2.0,1.0,75960.62672467467,36788.670936492315,112749.29766116699,121.0,241.0,17.0,0.0,51.0,0.0,7.0,3.0,76732.16090829422,38.36608045414711,True,,50,50,0.03,1.0,0.0,491049.3827160494,92370.37037037036,122771.45745327075,0.0,706191.2105396906,5375.0,111481.48148148149,48375.0,28666.666666666668,32250.0,156273.14814814815,0.22810707978975348,35647.01147362559,741838.2220133161,8.626025837364141,,,,,,,,,,,
SRC,6,10,#4,18,19.0,9.5,100.0,#57 stone,120.0,40.59760966213721,5.499039842323396,5.431260308356283,209.39372242415251,41.878744484830506,0.13333333333333336,6.75,0.1742919389978214,53.30283224400872,47.972549019607854,130.0,0.8729730927517189,0.32214418834485004,0.09285210937499999,2.0,45000.0,41000.0,86000.0,2654.320987654321,1592.5925925925926,26.83281572999748,40.0,2.0,1.0,63379.249050524726,32460.592002787336,95839.84105331206,101.0,201.0,15.0,0.0,51.0,0.0,7.0,3.0,65224.33627239294,32.612168136196466,True,,50,50,0.03,1.0,0.0,491049.3827160494,92370.37037037036,104358.93803582869,0.0,687778.6911222484,5375.0,111481.48148148149,48375.0,28666.666666666668,32250.0,156273.14814814815,0.22810707978975348,35647.01147362559,723425.702595874,8.411926774370627,,,,,,,,,,,
SRC,6,10,#5,6,19.0,9.5,100.0,#57 stone,120.0,40.59760966213721,5.499039842323396,5.431260308356283,209.39372242415251,41.878744484830506,0.62,6.6875,0.8104575163398693,233.7004901960784,210.33044117647057,130.0,0.19910928846335454,0.32214418834485004,0.017422492439516126,2.0,45000.0,41000.0,86000.0,2654.320987654321,1592.5925925925926,33.54101966249685,40.0,2.0,1.0,191378.78224003024,89894.52267619007,281273.3049162203,301.0,601.0,41.0,0.0,51.0,0.0,7.0,3.0,296704.27094981854,148.35213547490926,True,,50,50,0.03,1.0,0.0,491049.3827160494,92370.37037037036,474726.83351970965,0.0,1058146.5866061295,5375.0,111481.48148148149,48375.0,28666.666666666668,32250.0,156273.14814814815,0.22810707978975348,35647.01147362559,1093793.5980797552,12.718530210229712,,,,,,,,,,,
SRC,6,10,#5,8,19.0,9.5,100.0,#57 stone,120.0,40.59760966213721,5.499039842323396,5.431260308356283,209.39372242415251,41.878744484830506,0.46499999999999997,6.6875,0.6078431372549019,178.1018382352941,160.2916544117647,130.0,0.2612659070649457,0.32214418834485004,0.024229989919354843,2.0,45000.0,41000.0,86000.0,2654.320987654321,1592.5925925925926,33.54101966249685,40.0,2.0,1.0,143653.57439245237,67969.02934053396,211622.60373298632,226.0,451.0,31.0,0.0,51.0,0.0,7.0,3.0,223232.4549100043,111.61622745500216,True,,50,50,0.03,1.0,0.0,491049.3827160494,92370.37037037036,357171.9278560069,0.0,940591.6809424267,5375.0,111481.48148148149,48375.0,28666.666666666668,32250.0,156273.14814814815,0.22810707978975348,35647.01147362559,976238.6924160522,11.351612702512234,,,,,,,,,,,
SRC,6,10,#5,10,19.0,9.5,100.0,#57 stone,120.0,40.59760966213721,5.499039842323396,5.431260308356283,209.39372242415251,41.878744484830506,0.372,6.6875,0.48627450980392156,143.83817647058822,129.4543588235294,130.0,0.323502003836882,0.32214418834485004,0.03103748739919355,2.0,45000.0,41000.0,86000.0,2654.320987654321,1592.5925925925926,33.54101966249685,40.0,2.0,1.0,115018.44968390564,54813.733339140286,169832.18302304592,181.0,361.0,25.0,0.0,51.0,0.0,7.0,3.0,179149.36528611582,89.57468264305791,True,,50,50,0.03,1.0,0.0,491049.3827160494,92370.37037037036,286638.9844577853,0.0,870058.737544205,5375.0,111481.48148148149,48375.0,28666.666666666668,32250.0,156273.14814814815,0.22810707978975348,35647.01147362559,905705.7490178306,10.531462197881751,,,,,,,,,,,
SRC,6,10,#5,12,19.0,9.5,100.0,#57 stone,120.0,40.59760966213721,5.499039842323396,5.431260308356283,209.39372242415251,41.878744484830506,0.31,6.6875,0.40522875816993464,120.61887254901961,108.55698529411765,130.0,0.38577659808225884,0.32214418834485004,0.037844984879032255,2.0,45000.0,41000.0,86000.0,2654.320987654321,1592.5925925925926,33.54101966249685,40.0,2.0,1.0,95928.36654487449,46043.53600487784,141971.90254975233,151.0,301.0,21.0,0.0,51.0,0.0,7.0,3.0,149760.63887019013,74.88031943509506,True,,50,50,0.03,1.0,0.0,491049.3827160494,92370.37037037036,239617.0221923042,0.0,823036.775278724,5375.0,111481.48148148149,48375.0,28666.666666666668,32250.0,156273.14814814815,0.22810707978975348,35647.01147362559,858683.7867523496,9.984695194794762,,,,,,,,,,,
SRC,6,10,#5,15,19.0,9.5,100.0,#57 stone,120.0,40.59760966213721,5.499039842323396,5.431260308356283,209.39372242415251,41.878744484830506,0.24799999999999997,6.6875,0.32418300653594767,97.09807843137253,87.38827058823527,130.0,0.4792261501793408,0.32214418834485004,0.04805623109879032,2.0,45000.0,41000.0,86000.0,2654.320987654321,1592.5925925925926,33.54101966249685,40.0,2.0,1.0,76838.28340584334,37273.3386706154,114111.62207645873,121.0,241.0,17.0,0.0,51.0,0.0,7.0,3.0,120371.91245426444,60.18595622713222,True,,50,50,0.03,1.0,0.0,491049.3827160494,92370.37037037036,192595.0599268231,0.0,776014.8130132429,5375.0,111481.48148148149,48375.0,28666.666666666668,32250.0,156273.14814814815,0.22810707978975348,35647.01147362559,811661.8244868685,9.437928191707773,,,,,,,,,,,
SRC,6,10,#5,18,19.0,9.5,100.0,#57 stone,120.0,40.59760966213721,5.499039842323396,5.431260308356283,209.39372242415251,41.878744484830506,0.20666666666666667,6.6875,0.2701525054466231,81.25005446623094,73.12504901960784,130.0,0.572700395367955,0.32214418834485004,0.05826747731854837,2.0,45000.0,41000.0,86000.0,2654.320987654321,1592.5925925925926,33.54101966249685,40.0,2.0,1.0,64111.56131315591,32888.24000348417,96999.80131664008,101.0,201.0,15.0,0.0,51.0,0.0,7.0,3.0,102321.31819442795,51.16065909721397,True,,50,50,0.03,1.0,0.0,491049.3827160494,92370.37037037036,163714.10911108472,0.0,747133.8621975045,5375.0,111481.48148148149,48375.0,28666.666666666668,32250.0,156273.14814814815,0.22810707978975348,35647.01147362559,782780.87367113,9.102103182222443,,,,,,,,,,,
SRC,6,10,#5,24,19.0,9.5,100.0,#57 stone,120.0,40.59760966213721,5.499039842323396,5.431260308356283,209.39372242415251,41.878744484830506,0.155,6.6875,0.20261437908496732,61.2515931372549,55.12643382352941,130.0,0.7596853556479388,0.32214418834485004,0.07868996975806451,2.0,45000.0,41000.0,86000.0,2654.320987654321,1592.5925925925926,33.54101966249685,40.0,2.0,1.0,48203.15869729662,24118.042669221726,72321.20136651835,76.0,151.0,11.0,0.0,51.0,0.0,7.0,3.0,76288.82283037595,38.144411415187975,True,,50,50,0.03,1.0,0.0,491049.3827160494,92370.37037037036,122062.11652860152,0.0,705481.8696150213,5375.0,111481.48148148149,48375.0,28666.666666666668,32250.0,156273.14814814815,0.22810707978975348,35647.01147362559,741128.8810886468,8.61777768707729,,,,,,,,,,,
SRC,6,10,#6,6,19.0,9.5,100.0,#57 stone,120.0,40.59760966213721,5.499039842323396,5.431260308356283,209.39372242415251,41.878744484830506,0.88,6.625,1.1503267973856208,319.4313725490196,287.4882352941177,130.0,0.1456711591762565,0.32214418834485004,0.0112541015625,2.0,45000.0,41000.0,86000.0,2654.320987654321,1592.5925925925926,40.249223594996224,40.0,2.0,1.0,193564.53868803626,91063.42721142809,284627.9658994643,301.0,601.0,41.0,0.0,51.0,0.0,7.0,3.0,426151.31561058684,213.07565780529342,True,,50,50,0.03,1.0,0.0,491049.3827160494,92370.37037037036,681842.1049769389,0.0,1265261.8580633588,5375.0,111481.48148148149,48375.0,28666.666666666668,32250.0,156273.14814814815,0.22810707978975348,35647.01147362559,1300908.8695369845,15.126847320197493,,,,,,,,,,,
SRC,6,10,#6,8,19.0,9.5,100.0,#57 stone,120.0,40.59760966213721,5.499039842323396,5.431260308356283,209.39372242415251,41.878744484830506,0.66,6.625,0.8627450980392157,245.2676470588235,220.74088235294118,130.0,0.18971902276747651,0.32214418834485004,0.01600546875,2.0,45000.0,41000.0,86000.0,2654.320987654321,1592.5925925925926,40.249223594996224,40.0,2.0,1.0,145294.28927094283,68852.83520864075,214147.12447958358,226.0,451.0,31.0,0.0,51.0,0.0,7.0,3.0,320625.833595821,160.3129167979105,True,,50,50,0.03,1.0,0.0,491049.3827160494,92370.37037037036,513001.33375331364,0.0,1096421.0868397334,5375.0,111481.48148148149,48375.0,28666.666666666668,32250.0,156273.14814814815,0.22810707978975348,35647.01147362559,1132068.098313359,13.16358253852743,,,,,,,,,,,
SRC,6,10,#6,10,19.0,9.5,100.0,#57 stone,120.0,40.59760966213721,5.499039842323396,5.431260308356283,209.39372242415251,41.878744484830506,0.528,6.625,0.6901960784313725,198.9472941176471,179.05256470588236,130.0,0.23389078259572496,0.32214418834485004,0.020756835937500002,2.0,45000.0,41000.0,86000.0,2654.320987654321,1592.5925925925926,40.249223594996224,40.0,2.0,1.0,116332.13962068676,55526.48000696835,171858.6196276551,181.0,361.0,25.0,0.0,51.0,0.0,7.0,3.0,257310.54438696138,128.6552721934807,True,,50,50,0.03,1.0,0.0,491049.3827160494,92370.37037037036,411696.87101913826,0.0,995116.624105558,5375.0,111481.48148148149,48375.0,28666.666666666668,32250.0,156273.14814814815,0.22810707978975348,35647.01147362559,1030763.6355791836,11.98562366952539,,,,,,,,,,,
SRC,6,10,#6,12,19.0,9.5,100.0,#57 stone,120.0,40.59760966213721,5.499039842323396,5.431260308356283,209.39372242415251,41.878744484830506,0.44,6.625,0.5751633986928104,167.3078431372549,150.57705882352943,130.0,0.27812167943797333,0.32214418834485004,0.025508203125000004,2.0,45000.0,41000.0,86000.0,2654.320987654321,1592.5925925925926,40.249223594996224,40.0,2.0,1.0,97024.03985384939,46642.24320585341,143666.2830597028,151.0,301.0,21.0,0.0,51.0,0.0,7.0,3.0,215100.35158105503,107.55017579052752,True,,50,50,0.03,1.0,0.0,491049.3827160494,92370.37037037036,344160.56252968806,0.0,927580.3156161078,5375.0,111481.48148148149,48375.0,28666.666666666668,32250.0,156273.14814814815,0.22810707978975348,35647.01147362559,963227.3270897333,11.200317756857364,,,,,,,,,,,
SRC,6,10,#6,15,19.0,9.5,100.0,#57 stone,120.0,40.59760966213721,5.499039842323396,5.431260308356283,209.39372242415251,41.878744484830506,0.35200000000000004,6.625,0.46013071895424845,135.06101960784315,121.55491764705884,130.0,0.3445253001316464,0.32214418834485004,0.032635253906249995,2.0,45000.0,41000.0,86000.0,2654.320987654321,1592.5925925925926,40.249223594996224,40.0,2.0,1.0,77715.94008701202,37758.00640473847,115473.94649175048,121.0,241.0,17.0,0.0,51.0,0.0,7.0,3.0,172890.15877514865,86.44507938757432,True,,50,50,0.03,1.0,0.0,491049.3827160494,92370.37037037036,276624.25404023787,0.0,860044.0071266576,5375.0,111481.48148148149,48375.0,28666.666666666668,32250.0,156273.14814814815,0.22810707978975348,35647.01147362559,895691.0186002832,10.415011844189339,,,,,,,,,,,
SRC,6,10,#6,18,19.0,9.5,100.0,#57 stone,120.0,40.59760966213721,5.499039842323396,5.431260308356283,209.39372242415251,41.878744484830506,0.29333333333333333,6.625,0.38344226579520696,113.22570806100218,101.90313725490196,130.0,0.41096619410327295,0.32214418834485004,0.0397623046875,2.0,45000.0,41000.0,86000.0,2654.320987654321,1592.5925925925926,40.249223594996224,40.0,2.0,1.0,64843.87357578709,33315.88800418101,98159.7615799681,101.0,201.0,15.0,0.0,51.0,0.0,7.0,3.0,146966.97636556334,73.48348818278167,True,,50,50,0.03,1.0,0.0,491049.3827160494,92370.37037037036,235147.16218490133,0.0,818566.9152713211,5375.0,111481.48148148149,48375.0,28666.666666666668,32250.0,156273.14814814815,0.22810707978975348,35647.01147362559,854213.9267449466,9.932720078429613,,,,,,,,,,,
SRC,6,10,#6,24,19.0,9.5,100.0,#57 stone,120.0,40.59760966213721,5.499039842323396,5.431260308356283,209.39372242415251,41.878744484830506,0.22,6.625,0.2875816993464052,85.55196078431372,76.99676470588236,130.0,0.5439026515568787,0.32214418834485004,0.05401640625,2.0,45000.0,41000.0,86000.0,2654.320987654321,1592.5925925925926,40.249223594996224,40.0,2.0,1.0,48753.79043675594,24431.651203066074,73185.441639822,76.0,151.0,11.0,0.0,51.0,0.0,7.0,3.0,109574.86956628907,54.78743478314453,True,,50,50,0.03,1.0,0.0,491049.3827160494,92370.37037037036,175319.7913060625,0.0,758739.5443924823,5375.0,111481.48148148149,48375.0,28666.666666666668,32250.0,156273.14814814815,0.22810707978975348,35647.01147362559,794386.5558661078,9.2370529751873,,,,,,,,,,,
SRC,6,12,#3,6,19.0,9.5,100.0,#57 stone,120.0,46.546432238898426,5.499039842323396,5.77022359949313,150.4076490927939,43.31740293872463,0.22,8.8125,0.2875816993464052,114.42696078431374,102.98426470588237,187.2,0.4206215683768472,0.2313963832196829,0.07284257812500002,2.0,45000.0,41000.0,86000.0,3185.185185185185,1592.5925925925926,20.124611797498112,40.0,2.0,1.0,187007.26934401813,87556.71360571406,274563.9829497322,301.0,601.0,41.0,0.0,51.0,0.0,7.0,3.0,102770.82417354561,51.3854120867728,True,,50,50,0.03,1.0,0.0,589259.2592592592,92370.37037037036,164433.31867767297,0.0,846062.9483073025,6450.0,133777.77777777778,58050.0,28666.666666666668,38700.0,181794.44444444444,0.22810707978975348,41468.599844222794,887531.5481515253,10.32013428083169,,,,,,,,,,,
SRC,6,12,#3,8,19.0,9.5,100.0,#57 stone,120.0,46.546432238898426,5.499039842323396,5.77022359949313,150.4076490927939,43.31740293872463,0.165,8.8125,0.21568627450980393,86.17610294117648,77.55849264705883,187.2,0.55851269745335,0.2313963832196829,0.09812343749999998,2.0,45000.0,41000.0,86000.0,3185.185185185185,1592.5925925925926,20.124611797498112,40.0,2.0,1.0,140372.1446354714,66201.41760432038,206573.5622397918,226.0,451.0,31.0,0.0,51.0,0.0,7.0,3.0,77321.63197725541,38.660815988627704,True,,50,50,0.03,1.0,0.0,589259.2592592592,92370.37037037036,123714.61116360866,0.0,805344.2407932382,6450.0,133777.77777777778,58050.0,28666.666666666668,38700.0,181794.44444444444,0.22810707978975348,41468.599844222794,846812.8406374609,9.846660937644895,,,,,,,,,,,
SRC,6,12,#3,10,19.0,9.5,100.0,#57 stone,120.0,46.546432238898426,5.499039842323396,5.77022359949313,150.4076490927939,43.31740293872463,0.132,8.8125,0.17254901960784313,69.11170588235294,62.20053529411764,187.2,0.6964152757511911,0.2313963832196829,0.123404296875,2.0,45000.0,41000.0,86000.0,3185.185185185185,1592.5925925925926,20.124611797498112,40.0,2.0,1.0,112391.06981034338,53388.24000348418,165779.30981382757,181.0,361.0,25.0,0.0,51.0,0.0,7.0,3.0,62052.1166594813,31.02605832974065,True,,50,50,0.03,1.0,0.0,589259.2592592592,92370.37037037036,99283.38665517008,0.0,780913.0162847997,6450.0,133777.77777777778,58050.0,28666.666666666668,38700.0,181794.44444444444,0.22810707978975348,41468.599844222794,822381.6161290224,9.562576931732819,,,,,,,,,,,
SRC,6,12,#3,12,19.0,9.5,100.0,#57 stone,120.0,46.546432238898426,5.499039842323396,5.77022359949313,150.4076490927939,43.31740293872463,0.11,8.8125,0.1437908496732026,57.68799019607843,51.9191911764706,187.2,0.83432353157219,0.2313963832196829,0.14868515625,2.0,45000.0,41000.0,86000.0,3185.185185185185,1592.5925925925926,20.124611797498112,40.0,2.0,1.0,93737.0199269247,44846.12160292671,138583.14152985142,151.0,301.0,21.0,0.0,51.0,0.0,7.0,3.0,51872.43978096522,25.93621989048261,True,,50,50,0.03,1.0,0.0,589259.2592592592,92370.37037037036,82995.90364954436,0.0,764625.5332791739,6450.0,133777.77777777778,58050.0,28666.666666666668,38700.0,181794.44444444444,0.22810707978975348,41468.599844222794,806094.1331233967,9.3731875944581,,,,,,,,,,,
SRC,6,12,#4,6,19.0,9.5,100.0,#57 stone,120.0,46.546432238898426,5.499039842323396,5.77022359949313,150.4076490927939,43.31740293872463,0.4000000000000001,8.75,0.5228758169934641,203.72549019607843,183.3529411764706,187.2,0.2362514757646194,0.2313963832196829,0.038417578125,2.0,45000.0,41000.0,86000.0,3185.185185185185,1592.5925925925926,26.83281572999748,40.0,2.0,1.0,189193.02579202416,88725.61814095205,277918.6439329762,301.0,601.0,41.0,0.0,51.0,0.0,7.0,3.0,189139.07712105327,94.56953856052664,True,,50,50,0.03,1.0,0.0,589259.2592592592,92370.37037037036,302622.52339368523,0.0,984252.1530233148,6450.0,133777.77777777778,58050.0,28666.666666666668,38700.0,181794.44444444444,0.22810707978975348,41468.599844222794,1025720.7528675376,11.92698549845974,,,,,,,,,,,
SRC,6,12,#4,8,19.0,9.5,100.0,#57 stone,120.0,46.546432238898426,5.499039842323396,5.77022359949313,150.4076490927939,43.31740293872463,0.30000000000000004,8.75,0.39215686274509814,153.97058823529414,138.57352941176475,187.2,0.3125950758604769,0.2313963832196829,0.05222343749999999,2.0,45000.0,41000.0,86000.0,3185.185185185185,1592.5925925925926,26.83281572999748,40.0,2.0,1.0,142012.85951396188,67085.22347242717,209098.08298638905,226.0,451.0,31.0,0.0,51.0,0.0,7.0,3.0,142302.86203240367,71.15143101620184,True,,50,50,0.03,1.0,0.0,589259.2592592592,92370.37037037036,227684.5792518459,0.0,909314.2088814755,6450.0,133777.77777777778,58050.0,28666.666666666668,38700.0,181794.44444444444,0.22810707978975348,41468.599844222794,950782.8087256983,11.055614054949979,,,,,,,,,,,
SRC,6,12,#4,10,19.0,9.5,100.0,#57 stone,120.0,46.546432238898426,5.499039842323396,5.77022359949313,150.4076490927939,43.31740293872463,0.24000000000000005,8.75,0.31372549019607854,123.74117647058829,111.36705882352946,187.2,0.38896064416466924,0.2313963832196829,0.06602929687499998,2.0,45000.0,41000.0,86000.0,3185.185185185185,1592.5925925925926,26.83281572999748,40.0,2.0,1.0,113704.75974712451,54100.986671312225,167805.74641843673,181.0,361.0,25.0,0.0,51.0,0.0,7.0,3.0,114201.13297921389,57.10056648960694,True,,50,50,0.03,1.0,0.0,589259.2592592592,92370.37037037036,182721.81276674222,0.0,864351.4423963717,6450.0,133777.77777777778,58050.0,28666.666666666668,38700.0,181794.44444444444,0.22810707978975348,41468.599844222794,905820.0422405945,10.532791188844122,,,,,,,,,,,
SRC,6,12,#4,12,19.0,9.5,100.0,#57 stone,120.0,46.546432238898426,5.499039842323396,5.77022359949313,150.4076490927939,43.31740293872463,0.20000000000000004,8.75,0.26143790849673204,103.43137254901963,93.08823529411767,187.2,0.46533702998945886,0.2313963832196829,0.07983515624999998,2.0,45000.0,41000.0,86000.0,3185.185185185185,1592.5925925925926,26.83281572999748,40.0,2.0,1.0,94832.69323589958,45444.828803902274,140277.52203980187,151.0,301.0,21.0,0.0,51.0,0.0,7.0,3.0,95466.64694375407,47.733323471877036,True,,50,50,0.03,1.0,0.0,589259.2592592592,92370.37037037036,152746.63511000652,0.0,834376.2647396361,6450.0,133777.77777777778,58050.0,28666.666666666668,38700.0,181794.44444444444,0.22810707978975348,41468.599844222794,875844.8645838589,10.184242611440219,,,,,,,,,,,
SRC,6,12,#4,15,19.0,9.5,100.0,#57 stone,120.0,46.546432238898426,5.499039842323396,5.77022359949313,150.4076490927939,43.31740293872463,0.16000000000000003,8.75,0.20915032679738566,82.99607843137258,74.69647058823531,187.2,0.5799123117544877,0.2313963832196829,0.1005439453125,2.0,45000.0,41000.0,86000.0,3185.185185185185,1592.5925925925926,26.83281572999748,40.0,2.0,1.0,75960.62672467467,36788.670936492315,112749.29766116699,121.0,241.0,17.0,0.0,51.0,0.0,7.0,3.0,76732.16090829422,38.36608045414711,True,,50,50,0.03,1.0,0.0,589259.2592592592,92370.37037037036,122771.45745327075,0.0,804401.0870829003,6450.0,133777.77777777778,58050.0,28666.666666666668,38700.0,181794.44444444444,0.22810707978975348,41468.599844222794,845869.6869271231,9.835694034036315,,,,,,,,,,,
SRC,6,12,#4,18,19.0,9.5,100.0,#57 stone,120.0,46.546432238898426,5.499039842323396,5.77022359949313,150.4076490927939,43.31740293872463,0.13333333333333336,8.75,0.1742919389978214,69.30283224400873,62.37254901960785,187.2,0.6944946714476441,0.2313963832196829,0.12125273437499998,2.0,45000.0,41000.0,86000.0,3185.185185185185,1592.5925925925926,26.83281572999748,40.0,2.0,1.0,63379.249050524726,32460.592002787336,95839.84105331206,101.0,201.0,15.0,0.0,51.0,0.0,7.0,3.0,65224.33627239294,32.612168136196466,True,,50,50,0.03,1.0,0.0,589259.2592592592,92370.37037037036,104358.93803582869,0.0,785988.5676654582,6450.0,133777.77777777778,58050.0,28666.666666666668,38700.0,181794.44444444444,0.22810707978975348,41468.599844222794,827457.167509681,9.621594971042802,,,,,,,,,,,
SRC,6,12,#4,24,19.0,9.5,100.0,#57 stone,120.0,46.546432238898426,5.499039842323396,5.77022359949313,150.4076490927939,43.31740293872463,0.10000000000000002,8.75,0.13071895424836602,52.10784313725491,46.89705882352942,187.2,0.9236699278247961,0.2313963832196829,0.1626703125,2.0,45000.0,41000.0,86000.0,3185.185185185185,1592.5925925925926,26.83281572999748,40.0,2.0,1.0,47652.5269578373,23804.43413537738,71456.96109321468,76.0,151.0,11.0,0.0,51.0,0.0,7.0,3.0,48630.431855104434,24.315215927552217,True,,50,50,0.03,1.0,0.0,589259.2592592592,92370.37037037036,77808.6909681671,0.0,759438.3205977967,6450.0,133777.77777777778,58050.0,28666.666666666668,38700.0,181794.44444444444,0.22810707978975348,41468.599844222794,800906.9204420195,9.312871167930458,,,,,,,,,,,
SRC,6,12,#5,6,19.0,9.5,100.0,#57 stone,120.0,46.546432238898426,5.499039842323396,5.77022359949313,150.4076490927939,43.31740293872463,0.62,8.6875,0.8104575163398693,308.10049019607845,277.2904411764706,187.2,0.1562167190291171,0.2313963832196829,0.02353015372983871,2.0,45000.0,41000.0,86000.0,3185.185185185185,1592.5925925925926,33.54101966249685,40.0,2.0,1.0,191378.78224003024,89894.52267619007,281273.3049162203,301.0,601.0,41.0,0.0,51.0,0.0,7.0,3.0,296704.27094981854,148.35213547490926,True,,50,50,0.03,1.0,0.0,589259.2592592592,92370.37037037036,474726.83351970965,0.0,1156356.4631493392,6450.0,133777.77777777778,58050.0,28666.666666666668,38700.0,181794.44444444444,0.22810707978975348,41468.599844222794,1197825.062993562,13.928198406901885,,,,,,,,,,,
SRC,6,12,#5,8,19.0,9.5,100.0,#57 stone,120.0,46.546432238898426,5.499039842323396,5.77022359949313,150.4076490927939,43.31740293872463,0.46499999999999997,8.6875,0.6078431372549019,233.90183823529406,210.51165441176468,187.2,0.20577199423835696,0.2313963832196829,0.032373538306451614,2.0,45000.0,41000.0,86000.0,3185.185185185185,1592.5925925925926,33.54101966249685,40.0,2.0,1.0,143653.57439245237,67969.02934053396,211622.60373298632,226.0,451.0,31.0,0.0,51.0,0.0,7.0,3.0,223232.4549100043,111.61622745500216,True,,50,50,0.03,1.0,0.0,589259.2592592592,92370.37037037036,357171.9278560069,0.0,1038801.5574856364,6450.0,133777.77777777778,58050.0,28666.666666666668,38700.0,181794.44444444444,0.22810707978975348,41468.599844222794,1080270.1573298592,12.561280899184409,,,,,,,,,,,
SRC,6,12,#5,10,19.0,9.5,100.0,#57 stone,120.0,46.546432238898426,5.499039842323396,5.77022359949313,150.4076490927939,43.31740293872463,0.372,8.6875,0.48627450980392156,188.47817647058827,169.63035882352943,187.2,0.2553635047355455,0.2313963832196829,0.04121692288306452,2.0,45000.0,41000.0,86000.0,3185.185185185185,1592.5925925925926,33.54101966249685,40.0,2.0,1.0,115018.44968390564,54813.733339140286,169832.18302304592,181.0,361.0,25.0,0.0,51.0,0.0,7.0,3.0,179149.36528611582,89.57468264305791,True,,50,50,0.03,1.0,0.0,589259.2592592592,92370.37037037036,286638.9844577853,0.0,968268.6140874149,6450.0,133777.77777777778,58050.0,28666.666666666668,38700.0,181794.44444444444,0.22810707978975348,41468.599844222794,1009737.2139316377,11.741130394553927,,,,,,,,,,,
SRC,6,12,#5,12,19.0,9.5,100.0,#57 stone,120.0,46.546432238898426,5.499039842323396,5.77022359949313,150.4076490927939,43.31740293872463,0.31,8.6875,0.40522875816993464,157.8188725490196,142.03698529411764,187.2,0.3049727002373838,0.2313963832196829,0.05006030745967741,2.0,45000.0,41000.0,86000.0,3185.185185185185,1592.5925925925926,33.54101966249685,40.0,2.0,1.0,95928.36654487449,46043.53600487784,141971.90254975233,151.0,301.0,21.0,0.0,51.0,0.0,7.0,3.0,149760.63887019013,74.88031943509506,True,,50,50,0.03,1.0,0.0,589259.2592592592,92370.37037037036,239617.0221923042,0.0,921246.6518219337,6450.0,133777.77777777778,58050.0,28666.666666666668,38700.0,181794.44444444444,0.22810707978975348,41468.599844222794,962715.2516661565,11.194363391466936,,,,,,,,,,,
SRC,6,12,#5,15,19.0,9.5,100.0,#57 stone,120.0,46.546432238898426,5.499039842323396,5.77022359949313,150.4076490927939,43.31740293872463,0.24799999999999997,8.6875,0.32418300653594767,126.85807843137255,114.17227058823529,187.2,0.3794038842842126,0.2313963832196829,0.06332538432459678,2.0,45000.0,41000.0,86000.0,3185.185185185185,1592.5925925925926,33.54101966249685,40.0,2.0,1.0,76838.28340584334,37273.3386706154,114111.62207645873,121.0,241.0,17.0,0.0,51.0,0.0,7.0,3.0,120371.91245426444,60.18595622713222,True,,50,50,0.03,1.0,0.0,589259.2592592592,92370.37037037036,192595.0599268231,0.0,874224.6895564527,6450.0,133777.77777777778,58050.0,28666.666666666668,38700.0,181794.44444444444,0.22810707978975348,41468.599844222794,915693.2894006755,10.647596388379947,,,,,,,,,,,
SRC,6,12,#5,18,19.0,9.5,100.0,#57 stone,120.0,46.546432238898426,5.499039842323396,5.77022359949313,150.4076490927939,43.31740293872463,0.20666666666666667,8.6875,0.2701525054466231,106.05005446623093,95.44504901960784,187.2,0.45384651570377094,0.2313963832196829,0.07659046118951612,2.0,45000.0,41000.0,86000.0,3185.185185185185,1592.5925925925926,33.54101966249685,40.0,2.0,1.0,64111.56131315591,32888.24000348417,96999.80131664008,101.0,201.0,15.0,0.0,51.0,0.0,7.0,3.0,102321.31819442795,51.16065909721397,True,,50,50,0.03,1.0,0.0,589259.2592592592,92370.37037037036,163714.10911108472,0.0,845343.7387407143,6450.0,133777.77777777778,58050.0,28666.666666666668,38700.0,181794.44444444444,0.22810707978975348,41468.599844222794,886812.338584937,10.311771378894617,,,,,,,,,,,
SRC,6,12,#5,24,19.0,9.5,100.0,#57 stone,120.0,46.546432238898426,5.499039842323396,5.77022359949313,150.4076490927939,43.31740293872463,0.155,8.6875,0.20261437908496732,79.85159313725491,71.86643382352943,187.2,0.602748747003254,0.2313963832196829,0.10312061491935483,2.0,45000.0,41000.0,86000.0,3185.185185185185,1592.5925925925926,33.54101966249685,40.0,2.0,1.0,48203.15869729662,24118.042669221726,72321.20136651835,76.0,151.0,11.0,0.0,51.0,0.0,7.0,3.0,76288.82283037595,38.144411415187975,True,,50,50,0.03,1.0,0.0,589259.2592592592,92370.37037037036,122062.11652860152,0.0,803691.746158231,6450.0,133777.77777777778,58050.0,28666.666666666668,38700.0,181794.44444444444,0.22810707978975348,41468.599844222794,845160.3460024538,9.827445883749464,,,,,,,,,,,
SRC,6,12,#6,6,19.0,9.5,100.0,#57 stone,120.0,46.546432238898426,5.499039842323396,5.77022359949313,150.4076490927939,43.31740293872463,0.88,8.625,1.1503267973856208,425.03137254901964,382.52823529411774,187.2,0.11323975315291122,0.2313963832196829,0.015557226562500004,2.0,45000.0,41000.0,86000.0,3185.185185185185,1592.5925925925926,40.249223594996224,40.0,2.0,1.0,193564.53868803626,91063.42721142809,284627.9658994643,301.0,601.0,41.0,0.0,51.0,0.0,7.0,3.0,426151.31561058684,213.07565780529342,True,,50,50,0.03,1.0,0.0,589259.2592592592,92370.37037037036,681842.1049769389,0.0,1363471.7346065685,6450.0,133777.77777777778,58050.0,28666.666666666668,38700.0,181794.44444444444,0.22810707978975348,41468.599844222794,1404940.3344507914,16.336515516869667,,,,,,,,,,,
SRC,6,12,#6,8,19.0,9.5,100.0,#57 stone,120.0,46.546432238898426,5.499039842323396,5.77022359949313,150.4076490927939,43.31740293872463,0.66,8.625,0.8627450980392157,324.4676470588235,292.02088235294116,187.2,0.14833666205545712,0.2313963832196829,0.021742968749999998,2.0,45000.0,41000.0,86000.0,3185.185185185185,1592.5925925925926,40.249223594996224,40.0,2.0,1.0,145294.28927094283,68852.83520864075,214147.12447958358,226.0,451.0,31.0,0.0,51.0,0.0,7.0,3.0,320625.833595821,160.3129167979105,True,,50,50,0.03,1.0,0.0,589259.2592592592,92370.37037037036,513001.33375331364,0.0,1194630.963382943,6450.0,133777.77777777778,58050.0,28666.666666666668,38700.0,181794.44444444444,0.22810707978975348,41468.599844222794,1236099.563227166,14.373250735199605,,,,,,,,,,,
SRC,6,12,#6,10,19.0,9.5,100.0,#57 stone,120.0,46.546432238898426,5.499039842323396,5.77022359949313,150.4076490927939,43.31740293872463,0.528,8.625,0.6901960784313725,262.3072941176471,236.07656470588233,187.2,0.18348878887106787,0.2313963832196829,0.0279287109375,2.0,45000.0,41000.0,86000.0,3185.185185185185,1592.5925925925926,40.249223594996224,40.0,2.0,1.0,116332.13962068676,55526.48000696835,171858.6196276551,181.0,361.0,25.0,0.0,51.0,0.0,7.0,3.0,257310.54438696138,128.6552721934807,True,,50,50,0.03,1.0,0.0,589259.2592592592,92370.37037037036,411696.87101913826,0.0,1093326.5006487677,6450.0,133777.77777777778,58050.0,28666.666666666668,38700.0,181794.44444444444,0.22810707978975348,41468.599844222794,1134795.1004929906,13.195291866197564,,,,,,,,,,,
SRC,6,12,#6,12,19.0,9.5,100.0,#57 stone,120.0,46.546432238898426,5.499039842323396,5.77022359949313,150.4076490927939,43.31740293872463,0.44,8.625,0.5751633986928104,220.1078431372549,198.0970588235294,187.2,0.21866757233035464,0.2313963832196829,0.034114453125000006,2.0,45000.0,41000.0,86000.0,3185.185185185185,1592.5925925925926,40.249223594996224,40.0,2.0,1.0,97024.03985384939,46642.24320585341,143666.2830597028,151.0,301.0,21.0,0.0,51.0,0.0,7.0,3.0,215100.35158105503,107.55017579052752,True,,50,50,0.03,1.0,0.0,589259.2592592592,92370.37037037036,344160.56252968806,0.0,1025790.1921593177,6450.0,133777.77777777778,58050.0,28666.666666666668,38700.0,181794.44444444444,0.22810707978975348,41468.599844222794,1067258.7920035406,12.40998595352954,,,,,,,,,,,
SRC,6,12,#6,15,19.0,9.5,100.0,#57 stone,120.0,46.546432238898426,5.499039842323396,5.77022359949313,150.4076490927939,43.31740293872463,0.35200000000000004,8.625,0.46013071895424845,177.3010196078432,159.57091764705888,187.2,0.271461764947261,0.2313963832196829,0.043393066406249986,2.0,45000.0,41000.0,86000.0,3185.185185185185,1592.5925925925926,40.249223594996224,40.0,2.0,1.0,77715.94008701202,37758.00640473847,115473.94649175048,121.0,241.0,17.0,0.0,51.0,0.0,7.0,3.0,172890.15877514865,86.44507938757432,True,,50,50,0.03,1.0,0.0,589259.2592592592,92370.37037037036,276624.25404023787,0.0,958253.8836698674,6450.0,133777.77777777778,58050.0,28666.666666666668,38700.0,181794.44444444444,0.22810707978975348,41468.599844222794,999722.4835140902,11.624680040861513,,,,,,,,,,,
SRC,6,12,#6,18,19.0,9.5,100.0,#57 stone,120.0,46.546432238898426,5.499039842323396,5.77022359949313,150.4076490927939,43.31740293872463,0.29333333333333333,8.625,0.38344226579520696,148.42570806100215,133.58313725490197,187.2,0.3242729870617338,0.2313963832196829,0.0526716796875,2.0,45000.0,41000.0,86000.0,3185.185185185185,1592.5925925925926,40.249223594996224,40.0,2.0,1.0,64843.87357578709,33315.88800418101,98159.7615799681,101.0,201.0,15.0,0.0,51.0,0.0,7.0,3.0,146966.97636556334,73.48348818278167,True,,50,50,0.03,1.0,0.0,589259.2592592592,92370.37037037036,235147.16218490133,0.0,916776.7918145309,6450.0,133777.77777777778,58050.0,28666.666666666668,38700.0,181794.44444444444,0.22810707978975348,41468.599844222794,958245.3916587536,11.142388275101787,,,,,,,,,,,
SRC,6,12,#6,24,19.0,9.5,100.0,#57 stone,120.0,46.546432238898426,5.499039842323396,5.77022359949313,150.4076490927939,43.31740293872463,0.22,8.625,0.2875816993464052,111.95196078431374,100.75676470588236,187.2,0.4299205424585818,0.2313963832196829,0.07122890625000002,2.0,45000.0,41000.0,86000.0,3185.185185185185,1592.5925925925926,40.249223594996224,40.0,2.0,1.0,48753.79043675594,24431.651203066074,73185.441639822,76.0,151.0,11.0,0.0,51.0,0.0,7.0,3.0,109574.86956628907,54.78743478314453,True,,50,50,0.03,1.0,0.0,589259.2592592592,92370.37037037036,175319.7913060625,0.0,856949.420935692,6450.0,133777.77777777778,58050.0,28666.666666666668,38700.0,181794.44444444444,0.22810707978975348,41468.599844222794,898418.0207799148,10.446721171859474,,,,,,,,,,,
SRC,8,6,#4,6,19.0,9.5,100.0,#57 stone,130.0,27.12834968194135,5.499039842323396,5.136027579968186,490.59723490824183,35.323000913393415,0.4000000000000001,2.75,0.5228758169934641,59.72549019607844,53.75294117647059,46.8,0.6571361518140599,0.7547649767819106,0.010016953124999999,2.0,45000.0,41000.0,86000.0,1592.5925925925926,2123.456790123457,26.83281572999748,40.0,2.0,1.0,189193.02579202416,88725.61814095205,277918.6439329762,301.0,601.0,41.0,0.0,51.0,0.0,7.0,3.0,189139.07712105327,94.56953856052664,True,,50,50,0.03,1.0,0.0,294629.6296296296,123160.49382716049,302622.52339368523,0.0,720412.6468504753,3225.0,66888.88888888889,29025.0,38222.22222222222,19350.0,114786.11111111112,0.22810707978975348,26183.524605977735,746596.171456453,8.68135083088899,,,,,,,,,,,
SRC,8,6,#4,8,19.0,9.5,100.0,#57 stone,130.0,27.12834968194135,5.499039842323396,5.136027579968186,490.59723490824183,35.323000913393415,0.30000000000000004,2.75,0.39215686274509814,45.97058823529412,41.373529411764714,46.8,0.8537584638198449,0.7547649767819106,0.014355937499999997,2.0,45000.0,41000.0,86000.0,1592.5925925925926,2123.456790123457,26.83281572999748,40.0,2.0,1.0,142012.85951396188,67085.22347242717,209098.08298638905,226.0,451.0,31.0,0.0,51.0,0.0,7.0,3.0,142302.86203240367,71.15143101620184,True,,50,50,0.03,1.0,0.0,294629.6296296296,123160.49382716049,227684.5792518459,0.0,645474.702708636,3225.0,66888.88888888889,29025.0,38222.22222222222,19350.0,114786.11111111112,0.22810707978975348,26183.524605977735,671658.2273146136,7.8099793873792285,,,,,,,,,,,
SRC,8,6,#5,6,19.0,9.5,100.0,#57 stone,130.0,27.12834968194135,5.499039842323396,5.136027579968186,490.59723490824183,35.323000913393415,0.62,2.6875,0.8104575163398693,84.90049019607844,76.41044117647058,46.8,0.4622797666069567,0.7547649767819106,0.005207169858870968,2.0,45000.0,41000.0,86000.0,1592.5925925925926,2123.456790123457,33.54101966249685,40.0,2.0,1.0,191378.78224003024,89894.52267619007,281273.3049162203,301.0,601.0,41.0,0.0,51.0,0.0,7.0,3.0,296704.27094981854,148.35213547490926,True,,50,50,0.03,1.0,0.0,294629.6296296296,123160.49382716049,474726.83351970965,0.0,892516.9569764998,3225.0,66888.88888888889,29025.0,38222.22222222222,19350.0,114786.11111111112,0.22810707978975348,26183.524605977735,918700.4815824775,10.682563739331133,,,,,,,,,,,
SRC,8,6,#5,8,19.0,9.5,100.0,#57 stone,130.0,27.12834968194135,5.499039842323396,5.136027579968186,490.59723490824183,35.323000913393415,0.46499999999999997,2.6875,0.6078431372549019,66.50183823529412,59.8516544117647,46.8,0.5901758482794783,0.7547649767819106,0.007942893145161292,2.0,45000.0,41000.0,86000.0,1592.5925925925926,2123.456790123457,33.54101966249685,40.0,2.0,1.0,143653.57439245237,67969.02934053396,211622.60373298632,226.0,451.0,31.0,0.0,51.0,0.0,7.0,3.0,223232.4549100043,111.61622745500216,True,,50,50,0.03,1.0,0.0,294629.6296296296,123160.49382716049,357171.9278560069,0.0,774962.051312797,3225.0,66888.88888888889,29025.0,38222.22222222222,19350.0,114786.11111111112,0.22810707978975348,26183.524605977735,801145.5759187747,9.315646231613659,,,,,,,,,,,
SRC,8,6,#5,10,19.0,9.5,100.0,#57 stone,130.0,27.12834968194135,5.499039842323396,5.136027579968186,490.59723490824183,35.323000913393415,0.372,2.6875,0.48627450980392156,54.558176470588236,49.102358823529414,46.8,0.7193748275992587,0.7547649767819106,0.010678616431451614,2.0,45000.0,41000.0,86000.0,1592.5925925925926,2123.456790123457,33.54101966249685,40.0,2.0,1.0,115018.44968390564,54813.733339140286,169832.18302304592,181.0,361.0,25.0,0.0,51.0,0.0,7.0,3.0,179149.36528611582,89.57468264305791,True,,50,50,0.03,1.0,0.0,294629.6296296296,123160.49382716049,286638.9844577853,0.0,704429.1079145754,3225.0,66888.88888888889,29025.0,38222.22222222222,19350.0,114786.11111111112,0.22810707978975348,26183.524605977735,730612.6325205531,8.495495726983176,,,,,,,,,,,
SRC,8,6,#5,12,19.0,9.5,100.0,#57 stone,130.0,27.12834968194135,5.499039842323396,5.136027579968186,490.59723490824183,35.323000913393415,0.31,2.6875,0.40522875816993464,46.2188725490196,41.596985294117644,46.8,0.84917213744306,0.7547649767819106,0.013414339717741934,2.0,45000.0,41000.0,86000.0,1592.5925925925926,2123.456790123457,33.54101966249685,40.0,2.0,1.0,95928.36654487449,46043.53600487784,141971.90254975233,151.0,301.0,21.0,0.0,51.0,0.0,7.0,3.0,149760.63887019013,74.88031943509506,True,,50,50,0.03,1.0,0.0,294629.6296296296,123160.49382716049,239617.0221923042,0.0,657407.1456490944,3225.0,66888.88888888889,29025.0,38222.22222222222,19350.0,114786.11111111112,0.22810707978975348,26183.524605977735,683590.6702550721,7.948728723896187,,,,,,,,,,,
SRC,8,6,#6,6,19.0,9.5,100.0,#57 stone,130.0,27.12834968194135,5.499039842323396,5.136027579968186,490.59723490824183,35.323000913393415,0.88,2.625,1.1503267973856208,108.23137254901962,97.40823529411766,46.8,0.36262848625414446,0.7547649767819106,0.0026478515625000007,2.0,45000.0,41000.0,86000.0,1592.5925925925926,2123.456790123457,40.249223594996224,40.0,2.0,1.0,193564.53868803626,91063.42721142809,284627.9658994643,301.0,601.0,41.0,0.0,51.0,0.0,7.0,3.0,426151.31561058684,213.07565780529342,True,Section may not be tension-controlled; phi = 0.90 should be reviewed.,50,50,0.03,1.0,0.0,294629.6296296296,123160.49382716049,681842.1049769389,0.0,1099632.2284337291,3225.0,66888.88888888889,29025.0,38222.22222222222,19350.0,114786.11111111112,0.22810707978975348,26183.524605977735,1125815.753039707,13.090880849298918,,,,,,,,,,,
SRC,8,6,#6,8,19.0,9.5,100.0,#57 stone,130.0,27.12834968194135,5.499039842323396,5.136027579968186,490.59723490824183,35.323000913393415,0.66,2.625,0.8627450980392157,86.86764705882352,78.18088235294117,46.8,0.45181123377363064,0.7547649767819106,0.00453046875,2.0,45000.0,41000.0,86000.0,1592.5925925925926,2123.456790123457,40.249223594996224,40.0,2.0,1.0,145294.28927094283,68852.83520864075,214147.12447958358,226.0,451.0,31.0,0.0,51.0,0.0,7.0,3.0,320625.833595821,160.3129167979105,True,Section may not be tension-controlled; phi = 0.90 should be reviewed.,50,50,0.03,1.0,0.0,294629.6296296296,123160.49382716049,513001.33375331364,0.0,930791.4572101037,3225.0,66888.88888888889,29025.0,38222.22222222222,19350.0,114786.11111111112,0.22810707978975348,26183.524605977735,956974.9818160814,11.127616067628853,,,,,,,,,,,
SRC,8,6,#6,10,19.0,9.5,100.0,#57 stone,130.0,27.12834968194135,5.499039842323396,5.136027579968186,490.59723490824183,35.323000913393415,0.528,2.625,0.6901960784313725,72.22729411764705,65.00456470588234,46.8,0.543392622859868,0.7547649767819106,0.0064130859375,2.0,45000.0,41000.0,86000.0,1592.5925925925926,2123.456790123457,40.249223594996224,40.0,2.0,1.0,116332.13962068676,55526.48000696835,171858.6196276551,181.0,361.0,25.0,0.0,51.0,0.0,7.0,3.0,257310.54438696138,128.6552721934807,True,,50,50,0.03,1.0,0.0,294629.6296296296,123160.49382716049,411696.87101913826,0.0,829486.9944759284,3225.0,66888.88888888889,29025.0,38222.22222222222,19350.0,114786.11111111112,0.22810707978975348,26183.524605977735,855670.5190819061,9.949657198626815,,,,,,,,,,,
SRC,8,6,#6,12,19.0,9.5,100.0,#57 stone,130.0,27.12834968194135,5.499039842323396,5.136027579968186,490.59723490824183,35.323000913393415,0.44,2.625,0.5751633986928104,61.707843137254905,55.537058823529414,46.8,0.636025775611079,0.7547649767819106,0.008295703125000001,2.0,45000.0,41000.0,86000.0,1592.5925925925926,2123.456790123457,40.249223594996224,40.0,2.0,1.0,97024.03985384939,46642.24320585341,143666.2830597028,151.0,301.0,21.0,0.0,51.0,0.0,7.0,3.0,215100.35158105503,107.55017579052752,True,,50,50,0.03,1.0,0.0,294629.6296296296,123160.49382716049,344160.56252968806,0.0,761950.6859864781,3225.0,66888.88888888889,29025.0,38222.22222222222,19350.0,114786.11111111112,0.22810707978975348,26183.524605977735,788134.2105924558,9.164351285958789,,,,,,,,,,,
SRC,8,6,#6,15,19.0,9.5,100.0,#57 stone,130.0,27.12834968194135,5.499039842323396,5.136027579968186,490.59723490824183,35.323000913393415,0.35200000000000004,2.625,0.46013071895424845,50.581019607843146,45.52291764705883,46.8,0.7759388619871463,0.7547649767819106,0.011119628906249995,2.0,45000.0,41000.0,86000.0,1592.5925925925926,2123.456790123457,40.249223594996224,40.0,2.0,1.0,77715.94008701202,37758.00640473847,115473.94649175048,121.0,241.0,17.0,0.0,51.0,0.0,7.0,3.0,172890.15877514865,86.44507938757432,True,,50,50,0.03,1.0,0.0,294629.6296296296,123160.49382716049,276624.25404023787,0.0,694414.377497028,3225.0,66888.88888888889,29025.0,38222.22222222222,19350.0,114786.11111111112,0.22810707978975348,26183.524605977735,720597.9021030057,8.379045373290763,,,,,,,,,,,
SRC,8,6,#6,18,19.0,9.5,100.0,#57 stone,130.0,27.12834968194135,5.499039842323396,5.136027579968186,490.59723490824183,35.323000913393415,0.29333333333333333,2.625,0.38344226579520696,42.82570806100218,38.543137254901964,46.8,0.9164537043206308,0.7547649767819106,0.013943554687499998,2.0,45000.0,41000.0,86000.0,1592.5925925925926,2123.456790123457,40.249223594996224,40.0,2.0,1.0,64843.87357578709,33315.88800418101,98159.7615799681,101.0,201.0,15.0,0.0,51.0,0.0,7.0,3.0,146966.97636556334,73.48348818278167,True,,50,50,0.03,1.0,0.0,294629.6296296296,123160.49382716049,235147.16218490133,0.0,652937.2856416914,3225.0,66888.88888888889,29025.0,38222.22222222222,19350.0,114786.11111111112,0.22810707978975348,26183.524605977735,679120.8102476691,7.8967536075310365,,,,,,,,,,,
SRC,8,8,#3,6,19.0,9.5,100.0,#57 stone,130.0,33.66103204458069,5.499039842323396,5.201089693986001,305.92845488004406,39.15884222464564,0.22,4.8125,0.2875816993464052,61.62696078431372,55.46426470588235,83.2,0.7060193159018402,0.4706591613539139,0.038417578125,2.0,45000.0,41000.0,86000.0,2123.456790123457,2123.456790123457,20.124611797498112,40.0,2.0,1.0,187007.26934401813,87556.71360571406,274563.9829497322,301.0,601.0,41.0,0.0,51.0,0.0,7.0,3.0,102770.82417354561,51.3854120867728,True,,50,50,0.03,1.0,0.0,392839.5061728395,123160.49382716049,164433.31867767297,0.0,680433.318677673,4300.0,89185.18518518518,38700.0,38222.22222222222,25800.0,140307.40740740742,0.22810707978975348,32005.112976574932,712438.4316542479,8.284167809933116,,,,,,,,,,,
SRC,8,8,#3,8,19.0,9.5,100.0,#57 stone,130.0,33.66103204458069,5.499039842323396,5.201089693986001,305.92845488004406,39.15884222464564,0.165,4.8125,0.21568627450980393,46.57610294117647,41.918492647058834,83.2,0.9341662772645805,0.4706591613539139,0.052223437500000004,2.0,45000.0,41000.0,86000.0,2123.456790123457,2123.456790123457,20.124611797498112,40.0,2.0,1.0,140372.1446354714,66201.41760432038,206573.5622397918,226.0,451.0,31.0,0.0,51.0,0.0,7.0,3.0,77321.63197725541,38.660815988627704,True,,50,50,0.03,1.0,0.0,392839.5061728395,123160.49382716049,123714.61116360866,0.0,639714.6111636086,4300.0,89185.18518518518,38700.0,38222.22222222222,25800.0,140307.40740740742,0.22810707978975348,32005.112976574932,671719.7241401835,7.8106944667463205,,,,,,,,,,,
SRC,8,8,#4,6,19.0,9.5,100.0,#57 stone,130.0,33.66103204458069,5.499039842323396,5.201089693986001,305.92845488004406,39.15884222464564,0.4000000000000001,4.75,0.5228758169934641,107.72549019607845,96.9529411764706,83.2,0.4038953511824874,0.4706591613539139,0.019483828124999998,2.0,45000.0,41000.0,86000.0,2123.456790123457,2123.456790123457,26.83281572999748,40.0,2.0,1.0,189193.02579202416,88725.61814095205,277918.6439329762,301.0,601.0,41.0,0.0,51.0,0.0,7.0,3.0,189139.07712105327,94.56953856052664,True,,50,50,0.03,1.0,0.0,392839.5061728395,123160.49382716049,302622.52339368523,0.0,818622.5233936852,4300.0,89185.18518518518,38700.0,38222.22222222222,25800.0,140307.40740740742,0.22810707978975348,32005.112976574932,850627.6363702602,9.891019027561164,,,,,,,,,,,
SRC,8,8,#4,8,19.0,9.5,100.0,#57 stone,130.0,33.66103204458069,5.499039842323396,5.201089693986001,305.92845488004406,39.15884222464564,0.30000000000000004,4.75,0.39215686274509814,81.97058823529413,73.77352941176471,83.2,0.5307980048789824,0.4706591613539139,0.02697843749999999,2.0,45000.0,41000.0,86000.0,2123.456790123457,2123.456790123457,26.83281572999748,40.0,2.0,1.0,142012.85951396188,67085.22347242717,209098.08298638905,226.0,451.0,31.0,0.0,51.0,0.0,7.0,3.0,142302.86203240367,71.15143101620184,True,,50,50,0.03,1.0,0.0,392839.5061728395,123160.49382716049,227684.5792518459,0.0,743684.5792518458,4300.0,89185.18518518518,38700.0,38222.22222222222,25800.0,140307.40740740742,0.22810707978975348,32005.112976574932,775689.6922284208,9.019647584051404,,,,,,,,,,,
SRC,8,8,#4,10,19.0,9.5,100.0,#57 stone,130.0,33.66103204458069,5.499039842323396,5.201089693986001,305.92845488004406,39.15884222464564,0.24000000000000005,4.75,0.31372549019607854,66.14117647058825,59.52705882352943,83.2,0.65783263945114,0.4706591613539139,0.03447304687499999,2.0,45000.0,41000.0,86000.0,2123.456790123457,2123.456790123457,26.83281572999748,40.0,2.0,1.0,113704.75974712451,54100.986671312225,167805.74641843673,181.0,361.0,25.0,0.0,51.0,0.0,7.0,3.0,114201.13297921389,57.10056648960694,True,,50,50,0.03,1.0,0.0,392839.5061728395,123160.49382716049,182721.81276674222,0.0,698721.8127667422,4300.0,89185.18518518518,38700.0,38222.22222222222,25800.0,140307.40740740742,0.22810707978975348,32005.112976574932,730726.9257433171,8.496824717945548,,,,,,,,,,,
SRC,8,8,#4,12,19.0,9.5,100.0,#57 stone,130.0,33.66103204458069,5.499039842323396,5.201089693986001,305.92845488004406,39.15884222464564,0.20000000000000004,4.75,0.26143790849673204,55.431372549019606,49.88823529411765,83.2,0.7849313970274446,0.4706591613539139,0.04196765625,2.0,45000.0,41000.0,86000.0,2123.456790123457,2123.456790123457,26.83281572999748,40.0,2.0,1.0,94832.69323589958,45444.828803902274,140277.52203980187,151.0,301.0,21.0,0.0,51.0,0.0,7.0,3.0,95466.64694375407,47.733323471877036,True,,50,50,0.03,1.0,0.0,392839.5061728395,123160.49382716049,152746.63511000652,0.0,668746.6351100066,4300.0,89185.18518518518,38700.0,38222.22222222222,25800.0,140307.40740740742,0.22810707978975348,32005.112976574932,700751.7480865815,8.148276140541645,,,,,,,,,,,
SRC,8,8,#4,15,19.0,9.5,100.0,#57 stone,130.0,33.66103204458069,5.499039842323396,5.201089693986001,305.92845488004406,39.15884222464564,0.16000000000000003,4.75,0.20915032679738566,44.59607843137256,40.136470588235305,83.2,0.9756423933330046,0.4706591613539139,0.05320957031249999,2.0,45000.0,41000.0,86000.0,2123.456790123457,2123.456790123457,26.83281572999748,40.0,2.0,1.0,75960.62672467467,36788.670936492315,112749.29766116699,121.0,241.0,17.0,0.0,51.0,0.0,7.0,3.0,76732.16090829422,38.36608045414711,True,,50,50,0.03,1.0,0.0,392839.5061728395,123160.49382716049,122771.45745327075,0.0,638771.4574532708,4300.0,89185.18518518518,38700.0,38222.22222222222,25800.0,140307.40740740742,0.22810707978975348,32005.112976574932,670776.5704298457,7.799727563137741,,,,,,,,,,,
SRC,8,8,#5,6,19.0,9.5,100.0,#57 stone,130.0,33.66103204458069,5.499039842323396,5.201089693986001,305.92845488004406,39.15884222464564,0.62,4.6875,0.8104575163398693,159.3004901960784,143.37044117647056,83.2,0.27313051353762763,0.4706591613539139,0.011314831149193547,2.0,45000.0,41000.0,86000.0,2123.456790123457,2123.456790123457,33.54101966249685,40.0,2.0,1.0,191378.78224003024,89894.52267619007,281273.3049162203,301.0,601.0,41.0,0.0,51.0,0.0,7.0,3.0,296704.27094981854,148.35213547490926,True,,50,50,0.03,1.0,0.0,392839.5061728395,123160.49382716049,474726.83351970965,0.0,990726.8335197096,4300.0,89185.18518518518,38700.0,38222.22222222222,25800.0,140307.40740740742,0.22810707978975348,32005.112976574932,1022731.9464962846,11.89223193600331,,,,,,,,,,,
SRC,8,8,#5,8,19.0,9.5,100.0,#57 stone,130.0,33.66103204458069,5.499039842323396,5.201089693986001,305.92845488004406,39.15884222464564,0.46499999999999997,4.6875,0.6078431372549019,122.30183823529411,110.0716544117647,83.2,0.3557577328506135,0.4706591613539139,0.016086441532258064,2.0,45000.0,41000.0,86000.0,2123.456790123457,2123.456790123457,33.54101966249685,40.0,2.0,1.0,143653.57439245237,67969.02934053396,211622.60373298632,226.0,451.0,31.0,0.0,51.0,0.0,7.0,3.0,223232.4549100043,111.61622745500216,True,,50,50,0.03,1.0,0.0,392839.5061728395,123160.49382716049,357171.9278560069,0.0,873171.9278560069,4300.0,89185.18518518518,38700.0,38222.22222222222,25800.0,140307.40740740742,0.22810707978975348,32005.112976574932,905177.0408325818,10.525314428285835,,,,,,,,,,,
SRC,8,8,#5,10,19.0,9.5,100.0,#57 stone,130.0,33.66103204458069,5.499039842323396,5.201089693986001,305.92845488004406,39.15884222464564,0.372,4.6875,0.48627450980392156,99.19817647058824,89.27835882352942,83.2,0.4386151665494693,0.4706591613539139,0.02085805191532258,2.0,45000.0,41000.0,86000.0,2123.456790123457,2123.456790123457,33.54101966249685,40.0,2.0,1.0,115018.44968390564,54813.733339140286,169832.18302304592,181.0,361.0,25.0,0.0,51.0,0.0,7.0,3.0,179149.36528611582,89.57468264305791,True,,50,50,0.03,1.0,0.0,392839.5061728395,123160.49382716049,286638.9844577853,0.0,802638.9844577853,4300.0,89185.18518518518,38700.0,38222.22222222222,25800.0,140307.40740740742,0.22810707978975348,32005.112976574932,834644.0974343602,9.70516392365535,,,,,,,,,,,
SRC,8,8,#5,12,19.0,9.5,100.0,#57 stone,130.0,33.66103204458069,5.499039842323396,5.201089693986001,305.92845488004406,39.15884222464564,0.31,4.6875,0.40522875816993464,83.41887254901961,75.07698529411765,83.2,0.5215825072256034,0.4706591613539139,0.02562966229838709,2.0,45000.0,41000.0,86000.0,2123.456790123457,2123.456790123457,33.54101966249685,40.0,2.0,1.0,95928.36654487449,46043.53600487784,141971.90254975233,151.0,301.0,21.0,0.0,51.0,0.0,7.0,3.0,149760.63887019013,74.88031943509506,True,,50,50,0.03,1.0,0.0,392839.5061728395,123160.49382716049,239617.0221923042,0.0,755617.0221923043,4300.0,89185.18518518518,38700.0,38222.22222222222,25800.0,140307.40740740742,0.22810707978975348,32005.112976574932,787622.1351688792,9.158396920568363,,,,,,,,,,,
SRC,8,8,#5,15,19.0,9.5,100.0,#57 stone,130.0,33.66103204458069,5.499039842323396,5.201089693986001,305.92845488004406,39.15884222464564,0.24799999999999997,4.6875,0.32418300653594767,67.33807843137254,60.60427058823528,83.2,0.6461399806410226,0.4706591613539139,0.03278707787298387,2.0,45000.0,41000.0,86000.0,2123.456790123457,2123.456790123457,33.54101966249685,40.0,2.0,1.0,76838.28340584334,37273.3386706154,114111.62207645873,121.0,241.0,17.0,0.0,51.0,0.0,7.0,3.0,120371.91245426444,60.18595622713222,True,,50,50,0.03,1.0,0.0,392839.5061728395,123160.49382716049,192595.0599268231,0.0,708595.0599268231,4300.0,89185.18518518518,38700.0,38222.22222222222,25800.0,140307.40740740742,0.22810707978975348,32005.112976574932,740600.172903398,8.611629917481373,,,,,,,,,,,
SRC,8,8,#5,18,19.0,9.5,100.0,#57 stone,130.0,33.66103204458069,5.499039842323396,5.201089693986001,305.92845488004406,39.15884222464564,0.20666666666666667,4.6875,0.2701525054466231,56.45005446623094,50.80504901960784,83.2,0.7707667442567089,0.4706591613539139,0.03994449344758064,2.0,45000.0,41000.0,86000.0,2123.456790123457,2123.456790123457,33.54101966249685,40.0,2.0,1.0,64111.56131315591,32888.24000348417,96999.80131664008,101.0,201.0,15.0,0.0,51.0,0.0,7.0,3.0,102321.31819442795,51.16065909721397,True,,50,50,0.03,1.0,0.0,392839.5061728395,123160.49382716049,163714.10911108472,0.0,679714.1091110847,4300.0,89185.18518518518,38700.0,38222.22222222222,25800.0,140307.40740740742,0.22810707978975348,32005.112976574932,711719.2220876596,8.275804907996042,,,,,,,,,,,
SRC,8,8,#6,6,19.0,9.5,100.0,#57 stone,130.0,33.66103204458069,5.499039842323396,5.201089693986001,305.92845488004406,39.15884222464564,0.88,4.625,1.1503267973856208,213.83137254901962,192.44823529411764,83.2,0.20347727358891798,0.4706591613539139,0.006950976562500001,2.0,45000.0,41000.0,86000.0,2123.456790123457,2123.456790123457,40.249223594996224,40.0,2.0,1.0,193564.53868803626,91063.42721142809,284627.9658994643,301.0,601.0,41.0,0.0,51.0,0.0,7.0,3.0,426151.31561058684,213.07565780529342,True,,50,50,0.03,1.0,0.0,392839.5061728395,123160.49382716049,681842.1049769389,0.0,1197842.104976939,4300.0,89185.18518518518,38700.0,38222.22222222222,25800.0,140307.40740740742,0.22810707978975348,32005.112976574932,1229847.217953514,14.300549045971094,,,,,,,,,,,
SRC,8,8,#6,8,19.0,9.5,100.0,#57 stone,130.0,33.66103204458069,5.499039842323396,5.201089693986001,305.92845488004406,39.15884222464564,0.66,4.625,0.8627450980392157,166.06764705882352,149.46088235294118,83.2,0.2620006091772885,0.4706591613539139,0.010267968749999998,2.0,45000.0,41000.0,86000.0,2123.456790123457,2123.456790123457,40.249223594996224,40.0,2.0,1.0,145294.28927094283,68852.83520864075,214147.12447958358,226.0,451.0,31.0,0.0,51.0,0.0,7.0,3.0,320625.833595821,160.3129167979105,True,,50,50,0.03,1.0,0.0,392839.5061728395,123160.49382716049,513001.33375331364,0.0,1029001.3337533136,4300.0,89185.18518518518,38700.0,38222.22222222222,25800.0,140307.40740740742,0.22810707978975348,32005.112976574932,1061006.4467298887,12.337284264301031,,,,,,,,,,,
SRC,8,8,#6,10,19.0,9.5,100.0,#57 stone,130.0,33.66103204458069,5.499039842323396,5.201089693986001,305.92845488004406,39.15884222464564,0.528,4.625,0.6901960784313725,135.58729411764708,122.02856470588236,83.2,0.3208989822917912,0.4706591613539139,0.013584960937499998,2.0,45000.0,41000.0,86000.0,2123.456790123457,2123.456790123457,40.249223594996224,40.0,2.0,1.0,116332.13962068676,55526.48000696835,171858.6196276551,181.0,361.0,25.0,0.0,51.0,0.0,7.0,3.0,257310.54438696138,128.6552721934807,True,,50,50,0.03,1.0,0.0,392839.5061728395,123160.49382716049,411696.87101913826,0.0,927696.8710191383,4300.0,89185.18518518518,38700.0,38222.22222222222,25800.0,140307.40740740742,0.22810707978975348,32005.112976574932,959701.9839957132,11.15932539529899,,,,,,,,,,,
SRC,8,8,#6,12,19.0,9.5,100.0,#57 stone,130.0,33.66103204458069,5.499039842323396,5.201089693986001,305.92845488004406,39.15884222464564,0.44,4.625,0.5751633986928104,114.50784313725491,103.05705882352943,83.2,0.3799724412056004,0.4706591613539139,0.016901953125,2.0,45000.0,41000.0,86000.0,2123.456790123457,2123.456790123457,40.249223594996224,40.0,2.0,1.0,97024.03985384939,46642.24320585341,143666.2830597028,151.0,301.0,21.0,0.0,51.0,0.0,7.0,3.0,215100.35158105503,107.55017579052752,True,,50,50,0.03,1.0,0.0,392839.5061728395,123160.49382716049,344160.56252968806,0.0,860160.562529688,4300.0,89185.18518518518,38700.0,38222.22222222222,25800.0,140307.40740740742,0.22810707978975348,32005.112976574932,892165.6755062629,10.374019482630965,,,,,,,,,,,
SRC,8,8,#6,15,19.0,9.5,100.0,#57 stone,130.0,33.66103204458069,5.499039842323396,5.201089693986001,305.92845488004406,39.15884222464564,0.35200000000000004,4.625,0.46013071895424845,92.82101960784314,83.53891764705882,83.2,0.46874969568179836,0.4706591613539139,0.021877441406249993,2.0,45000.0,41000.0,86000.0,2123.456790123457,2123.456790123457,40.249223594996224,40.0,2.0,1.0,77715.94008701202,37758.00640473847,115473.94649175048,121.0,241.0,17.0,0.0,51.0,0.0,7.0,3.0,172890.15877514865,86.44507938757432,True,,50,50,0.03,1.0,0.0,392839.5061728395,123160.49382716049,276624.25404023787,0.0,792624.2540402379,4300.0,89185.18518518518,38700.0,38222.22222222222,25800.0,140307.40740740742,0.22810707978975348,32005.112976574932,824629.3670168128,9.58871356996294,,,,,,,,,,,
SRC,8,8,#6,18,19.0,9.5,100.0,#57 stone,130.0,33.66103204458069,5.499039842323396,5.201089693986001,305.92845488004406,39.15884222464564,0.29333333333333333,4.625,0.38344226579520696,78.02570806100218,70.22313725490196,83.2,0.557634474268837,0.4706591613539139,0.0268529296875,2.0,45000.0,41000.0,86000.0,2123.456790123457,2123.456790123457,40.249223594996224,40.0,2.0,1.0,64843.87357578709,33315.88800418101,98159.7615799681,101.0,201.0,15.0,0.0,51.0,0.0,7.0,3.0,146966.97636556334,73.48348818278167,True,,50,50,0.03,1.0,0.0,392839.5061728395,123160.49382716049,235147.16218490133,0.0,751147.1621849013,4300.0,89185.18518518518,38700.0,38222.22222222222,25800.0,140307.40740740742,0.22810707978975348,32005.112976574932,783152.2751614762,9.106421804203212,,,,,,,,,,,
SRC,8,8,#6,24,19.0,9.5,100.0,#57 stone,130.0,33.66103204458069,5.499039842323396,5.201089693986001,305.92845488004406,39.15884222464564,0.22,4.625,0.2875816993464052,59.15196078431372,53.23676470588235,83.2,0.7355601423374778,0.4706591613539139,0.036803906250000004,2.0,45000.0,41000.0,86000.0,2123.456790123457,2123.456790123457,40.249223594996224,40.0,2.0,1.0,48753.79043675594,24431.651203066074,73185.441639822,76.0,151.0,11.0,0.0,51.0,0.0,7.0,3.0,109574.86956628907,54.78743478314453,True,,50,50,0.03,1.0,0.0,392839.5061728395,123160.49382716049,175319.7913060625,0.0,691319.7913060625,4300.0,89185.18518518518,38700.0,38222.22222222222,25800.0,140307.40740740742,0.22810707978975348,32005.112976574932,723324.9042826374,8.4107547009609,,,,,,,,,,,
SRC,8,10,#3,6,19.0,9.5,100.0,#57 stone,130.0,39.7932982581865,5.499039842323396,5.431260308356283,207.50474957002695,41.50094991400539,0.22,6.8125,0.2875816993464052,88.02696078431372,79.22426470588235,130.0,0.5238414022279209,0.3192380762615799,0.055630078125,2.0,45000.0,41000.0,86000.0,2654.320987654321,2123.456790123457,20.124611797498112,40.0,2.0,1.0,187007.26934401813,87556.71360571406,274563.9829497322,301.0,601.0,41.0,0.0,51.0,0.0,7.0,3.0,102770.82417354561,51.3854120867728,True,,50,50,0.03,1.0,0.0,491049.3827160494,123160.49382716049,164433.31867767297,0.0,778643.1952208829,5375.0,111481.48148148149,48375.0,38222.22222222222,32250.0,165828.7037037037,0.22810707978975348,37826.70134717213,816469.896568055,9.49383600660529,,,,,,,,,,,
SRC,8,10,#3,8,19.0,9.5,100.0,#57 stone,130.0,39.7932982581865,5.499039842323396,5.431260308356283,207.50474957002695,41.50094991400539,0.165,6.8125,0.21568627450980393,66.37610294117647,59.738492647058834,130.0,0.6947103630350581,0.3192380762615799,0.0751734375,2.0,45000.0,41000.0,86000.0,2654.320987654321,2123.456790123457,20.124611797498112,40.0,2.0,1.0,140372.1446354714,66201.41760432038,206573.5622397918,226.0,451.0,31.0,0.0,51.0,0.0,7.0,3.0,77321.63197725541,38.660815988627704,True,,50,50,0.03,1.0,0.0,491049.3827160494,123160.49382716049,123714.61116360866,0.0,737924.4877068185,5375.0,111481.48148148149,48375.0,38222.22222222222,32250.0,165828.7037037037,0.22810707978975348,37826.70134717213,775751.1890539906,9.020362663418496,,,,,,,,,,,
SRC,8,10,#3,10,19.0,9.5,100.0,#57 stone,130.0,39.7932982581865,5.499039842323396,5.431260308356283,207.50474957002695,41.50094991400539,0.132,6.8125,0.17254901960784313,53.27170588235295,47.94453529411766,130.0,0.8656033405979673,0.3192380762615799,0.094716796875,2.0,45000.0,41000.0,86000.0,2654.320987654321,2123.456790123457,20.124611797498112,40.0,2.0,1.0,112391.06981034338,53388.24000348418,165779.30981382757,181.0,361.0,25.0,0.0,51.0,0.0,7.0,3.0,62052.1166594813,31.02605832974065,True,,50,50,0.03,1.0,0.0,491049.3827160494,123160.49382716049,99283.38665517008,0.0,713493.26319838,5375.0,111481.48148148149,48375.0,38222.22222222222,32250.0,165828.7037037037,0.22810707978975348,37826.70134717213,751319.9645455522,8.73627865750642,,,,,,,,,,,
SRC,8,10,#4,6,19.0,9.5,100.0,#57 stone,130.0,39.7932982581865,5.499039842323396,5.431260308356283,207.50474957002695,41.50094991400539,0.4000000000000001,6.75,0.5228758169934641,155.72549019607845,140.15294117647062,130.0,0.2961118729699032,0.3192380762615799,0.028950703124999994,2.0,45000.0,41000.0,86000.0,2654.320987654321,2123.456790123457,26.83281572999748,40.0,2.0,1.0,189193.02579202416,88725.61814095205,277918.6439329762,301.0,601.0,41.0,0.0,51.0,0.0,7.0,3.0,189139.07712105327,94.56953856052664,True,,50,50,0.03,1.0,0.0,491049.3827160494,123160.49382716049,302622.52339368523,0.0,916832.3999368951,5375.0,111481.48148148149,48375.0,38222.22222222222,32250.0,165828.7037037037,0.22810707978975348,37826.70134717213,954659.1012840673,11.10068722423334,,,,,,,,,,,
SRC,8,10,#4,8,19.0,9.5,100.0,#57 stone,130.0,39.7932982581865,5.499039842323396,5.431260308356283,207.50474957002695,41.50094991400539,0.30000000000000004,6.75,0.39215686274509814,117.97058823529414,106.17352941176473,130.0,0.3908784999795515,0.3192380762615799,0.03960093749999999,2.0,45000.0,41000.0,86000.0,2654.320987654321,2123.456790123457,26.83281572999748,40.0,2.0,1.0,142012.85951396188,67085.22347242717,209098.08298638905,226.0,451.0,31.0,0.0,51.0,0.0,7.0,3.0,142302.86203240367,71.15143101620184,True,,50,50,0.03,1.0,0.0,491049.3827160494,123160.49382716049,227684.5792518459,0.0,841894.4557950557,5375.0,111481.48148148149,48375.0,38222.22222222222,32250.0,165828.7037037037,0.22810707978975348,37826.70134717213,879721.1571422279,10.22931578072358,,,,,,,,,,,
SRC,8,10,#4,10,19.0,9.5,100.0,#57 stone,130.0,39.7932982581865,5.499039842323396,5.431260308356283,207.50474957002695,41.50094991400539,0.24000000000000005,6.75,0.31372549019607854,94.94117647058825,85.44705882352943,130.0,0.48569196512329027,0.3192380762615799,0.05025117187499998,2.0,45000.0,41000.0,86000.0,2654.320987654321,2123.456790123457,26.83281572999748,40.0,2.0,1.0,113704.75974712451,54100.986671312225,167805.74641843673,181.0,361.0,25.0,0.0,51.0,0.0,7.0,3.0,114201.13297921389,57.10056648960694,True,,50,50,0.03,1.0,0.0,491049.3827160494,123160.49382716049,182721.81276674222,0.0,796931.6893099521,5375.0,111481.48148148149,48375.0,38222.22222222222,32250.0,165828.7037037037,0.22810707978975348,37826.70134717213,834758.3906571242,9.706492914617723,,,,,,,,,,,
SRC,8,10,#4,12,19.0,9.5,100.0,#57 stone,130.0,39.7932982581865,5.499039842323396,5.431260308356283,207.50474957002695,41.50094991400539,0.20000000000000004,6.75,0.26143790849673204,79.43137254901961,71.48823529411764,130.0,0.580528386849413,0.3192380762615799,0.06090140624999999,2.0,45000.0,41000.0,86000.0,2654.320987654321,2123.456790123457,26.83281572999748,40.0,2.0,1.0,94832.69323589958,45444.828803902274,140277.52203980187,151.0,301.0,21.0,0.0,51.0,0.0,7.0,3.0,95466.64694375407,47.733323471877036,True,,50,50,0.03,1.0,0.0,491049.3827160494,123160.49382716049,152746.63511000652,0.0,766956.5116532164,5375.0,111481.48148148149,48375.0,38222.22222222222,32250.0,165828.7037037037,0.22810707978975348,37826.70134717213,804783.2130003886,9.357944337213821,,,,,,,,,,,
SRC,8,10,#4,15,19.0,9.5,100.0,#57 stone,130.0,39.7932982581865,5.499039842323396,5.431260308356283,207.50474957002695,41.50094991400539,0.16000000000000003,6.75,0.20915032679738566,63.796078431372564,57.416470588235306,130.0,0.7228056599234607,0.3192380762615799,0.07687675781249999,2.0,45000.0,41000.0,86000.0,2654.320987654321,2123.456790123457,26.83281572999748,40.0,2.0,1.0,75960.62672467467,36788.670936492315,112749.29766116699,121.0,241.0,17.0,0.0,51.0,0.0,7.0,3.0,76732.16090829422,38.36608045414711,True,,50,50,0.03,1.0,0.0,491049.3827160494,123160.49382716049,122771.45745327075,0.0,736981.3339964807,5375.0,111481.48148148149,48375.0,38222.22222222222,32250.0,165828.7037037037,0.22810707978975348,37826.70134717213,774808.0353436528,9.009395759809916,,,,,,,,,,,
SRC,8,10,#4,18,19.0,9.5,100.0,#57 stone,130.0,39.7932982581865,5.499039842323396,5.431260308356283,207.50474957002695,41.50094991400539,0.13333333333333336,6.75,0.1742919389978214,53.30283224400872,47.972549019607854,130.0,0.8650978687216032,0.3192380762615799,0.09285210937499999,2.0,45000.0,41000.0,86000.0,2654.320987654321,2123.456790123457,26.83281572999748,40.0,2.0,1.0,63379.249050524726,32460.592002787336,95839.84105331206,101.0,201.0,15.0,0.0,51.0,0.0,7.0,3.0,65224.33627239294,32.612168136196466,True,,50,50,0.03,1.0,0.0,491049.3827160494,123160.49382716049,104358.93803582869,0.0,718568.8145790385,5375.0,111481.48148148149,48375.0,38222.22222222222,32250.0,165828.7037037037,0.22810707978975348,37826.70134717213,756395.5159262107,8.795296696816402,,,,,,,,,,,
SRC,8,10,#5,6,19.0,9.5,100.0,#57 stone,130.0,39.7932982581865,5.499039842323396,5.431260308356283,207.50474957002695,41.50094991400539,0.62,6.6875,0.8104575163398693,233.7004901960784,210.33044117647057,130.0,0.19731309306381112,0.3192380762615799,0.017422492439516126,2.0,45000.0,41000.0,86000.0,2654.320987654321,2123.456790123457,33.54101966249685,40.0,2.0,1.0,191378.78224003024,89894.52267619007,281273.3049162203,301.0,601.0,41.0,0.0,51.0,0.0,7.0,3.0,296704.27094981854,148.35213547490926,True,,50,50,0.03,1.0,0.0,491049.3827160494,123160.49382716049,474726.83351970965,0.0,1088936.7100629197,5375.0,111481.48148148149,48375.0,38222.22222222222,32250.0,165828.7037037037,0.22810707978975348,37826.70134717213,1126763.4114100917,13.101900132675485,,,,,,,,,,,
SRC,8,10,#5,8,19.0,9.5,100.0,#57 stone,130.0,39.7932982581865,5.499039842323396,5.431260308356283,207.50474957002695,41.50094991400539,0.46499999999999997,6.6875,0.6078431372549019,178.1018382352941,160.2916544117647,130.0,0.25890898728511347,0.3192380762615799,0.024229989919354843,2.0,45000.0,41000.0,86000.0,2654.320987654321,2123.456790123457,33.54101966249685,40.0,2.0,1.0,143653.57439245237,67969.02934053396,211622.60373298632,226.0,451.0,31.0,0.0,51.0,0.0,7.0,3.0,223232.4549100043,111.61622745500216,True,,50,50,0.03,1.0,0.0,491049.3827160494,123160.49382716049,357171.9278560069,0.0,971381.8043992168,5375.0,111481.48148148149,48375.0,38222.22222222222,32250.0,165828.7037037037,0.22810707978975348,37826.70134717213,1009208.5057463889,11.734982624958011,,,,,,,,,,,
SRC,8,10,#5,10,19.0,9.5,100.0,#57 stone,130.0,39.7932982581865,5.499039842323396,5.431260308356283,207.50474957002695,41.50094991400539,0.372,6.6875,0.48627450980392156,143.83817647058822,129.4543588235294,130.0,0.3205836426920084,0.3192380762615799,0.03103748739919355,2.0,45000.0,41000.0,86000.0,2654.320987654321,2123.456790123457,33.54101966249685,40.0,2.0,1.0,115018.44968390564,54813.733339140286,169832.18302304592,181.0,361.0,25.0,0.0,51.0,0.0,7.0,3.0,179149.36528611582,89.57468264305791,True,,50,50,0.03,1.0,0.0,491049.3827160494,123160.49382716049,286638.9844577853,0.0,900848.8610009952,5375.0,111481.48148148149,48375.0,38222.22222222222,32250.0,165828.7037037037,0.22810707978975348,37826.70134717213,938675.5623481673,10.914832120327526,,,,,,,,,,,
SRC,8,10,#5,12,19.0,9.5,100.0,#57 stone,130.0,39.7932982581865,5.499039842323396,5.431260308356283,207.50474957002695,41.50094991400539,0.31,6.6875,0.40522875816993464,120.61887254901961,108.55698529411765,130.0,0.3822964482807371,0.3192380762615799,0.037844984879032255,2.0,45000.0,41000.0,86000.0,2654.320987654321,2123.456790123457,33.54101966249685,40.0,2.0,1.0,95928.36654487449,46043.53600487784,141971.90254975233,151.0,301.0,21.0,0.0,51.0,0.0,7.0,3.0,149760.63887019013,74.88031943509506,True,,50,50,0.03,1.0,0.0,491049.3827160494,123160.49382716049,239617.0221923042,0.0,853826.8987355141,5375.0,111481.48148148149,48375.0,38222.22222222222,32250.0,165828.7037037037,0.22810707978975348,37826.70134717213,891653.6000826863,10.368065117240539,,,,,,,,,,,
SRC,8,10,#5,15,19.0,9.5,100.0,#57 stone,130.0,39.7932982581865,5.499039842323396,5.431260308356283,207.50474957002695,41.50094991400539,0.24799999999999997,6.6875,0.32418300653594767,97.09807843137253,87.38827058823527,130.0,0.47490297764964,0.3192380762615799,0.04805623109879032,2.0,45000.0,41000.0,86000.0,2654.320987654321,2123.456790123457,33.54101966249685,40.0,2.0,1.0,76838.28340584334,37273.3386706154,114111.62207645873,121.0,241.0,17.0,0.0,51.0,0.0,7.0,3.0,120371.91245426444,60.18595622713222,True,,50,50,0.03,1.0,0.0,491049.3827160494,123160.49382716049,192595.0599268231,0.0,806804.936470033,5375.0,111481.48148148149,48375.0,38222.22222222222,32250.0,165828.7037037037,0.22810707978975348,37826.70134717213,844631.6378172052,9.821298114153548,,,,,,,,,,,
SRC,8,10,#5,18,19.0,9.5,100.0,#57 stone,130.0,39.7932982581865,5.499039842323396,5.431260308356283,207.50474957002695,41.50094991400539,0.20666666666666667,6.6875,0.2701525054466231,81.25005446623094,73.12504901960784,130.0,0.567533977349913,0.3192380762615799,0.05826747731854837,2.0,45000.0,41000.0,86000.0,2654.320987654321,2123.456790123457,33.54101966249685,40.0,2.0,1.0,64111.56131315591,32888.24000348417,96999.80131664008,101.0,201.0,15.0,0.0,51.0,0.0,7.0,3.0,102321.31819442795,51.16065909721397,True,,50,50,0.03,1.0,0.0,491049.3827160494,123160.49382716049,163714.10911108472,0.0,777923.9856542946,5375.0,111481.48148148149,48375.0,38222.22222222222,32250.0,165828.7037037037,0.22810707978975348,37826.70134717213,815750.6870014668,9.485473104668218,,,,,,,,,,,
SRC,8,10,#5,24,19.0,9.5,100.0,#57 stone,130.0,39.7932982581865,5.499039842323396,5.431260308356283,207.50474957002695,41.50094991400539,0.155,6.6875,0.20261437908496732,61.2515931372549,55.12643382352941,130.0,0.7528321176526331,0.3192380762615799,0.07868996975806451,2.0,45000.0,41000.0,86000.0,2654.320987654321,2123.456790123457,33.54101966249685,40.0,2.0,1.0,48203.15869729662,24118.042669221726,72321.20136651835,76.0,151.0,11.0,0.0,51.0,0.0,7.0,3.0,76288.82283037595,38.144411415187975,True,,50,50,0.03,1.0,0.0,491049.3827160494,123160.49382716049,122062.11652860152,0.0,736271.9930718114,5375.0,111481.48148148149,48375.0,38222.22222222222,32250.0,165828.7037037037,0.22810707978975348,37826.70134717213,774098.6944189835,9.001147609523064,,,,,,,,,,,
SRC,8,10,#6,6,19.0,9.5,100.0,#57 stone,130.0,39.7932982581865,5.499039842323396,5.431260308356283,207.50474957002695,41.50094991400539,0.88,6.625,1.1503267973856208,319.4313725490196,287.4882352941177,130.0,0.14435703732901428,0.3192380762615799,0.0112541015625,2.0,45000.0,41000.0,86000.0,2654.320987654321,2123.456790123457,40.249223594996224,40.0,2.0,1.0,193564.53868803626,91063.42721142809,284627.9658994643,301.0,601.0,41.0,0.0,51.0,0.0,7.0,3.0,426151.31561058684,213.07565780529342,True,,50,50,0.03,1.0,0.0,491049.3827160494,123160.49382716049,681842.1049769389,0.0,1296051.981520149,5375.0,111481.48148148149,48375.0,38222.22222222222,32250.0,165828.7037037037,0.22810707978975348,37826.70134717213,1333878.682867321,15.510217242643266,,,,,,,,,,,
SRC,8,10,#6,8,19.0,9.5,100.0,#57 stone,130.0,39.7932982581865,5.499039842323396,5.431260308356283,207.50474957002695,41.50094991400539,0.66,6.625,0.8627450980392157,245.2676470588235,220.74088235294118,130.0,0.18800753839358939,0.3192380762615799,0.01600546875,2.0,45000.0,41000.0,86000.0,2654.320987654321,2123.456790123457,40.249223594996224,40.0,2.0,1.0,145294.28927094283,68852.83520864075,214147.12447958358,226.0,451.0,31.0,0.0,51.0,0.0,7.0,3.0,320625.833595821,160.3129167979105,True,,50,50,0.03,1.0,0.0,491049.3827160494,123160.49382716049,513001.33375331364,0.0,1127211.2102965235,5375.0,111481.48148148149,48375.0,38222.22222222222,32250.0,165828.7037037037,0.22810707978975348,37826.70134717213,1165037.9116436956,13.546952460973204,,,,,,,,,,,
SRC,8,10,#6,10,19.0,9.5,100.0,#57 stone,130.0,39.7932982581865,5.499039842323396,5.431260308356283,207.50474957002695,41.50094991400539,0.528,6.625,0.6901960784313725,198.9472941176471,179.05256470588236,130.0,0.2317808180082548,0.3192380762615799,0.020756835937500002,2.0,45000.0,41000.0,86000.0,2654.320987654321,2123.456790123457,40.249223594996224,40.0,2.0,1.0,116332.13962068676,55526.48000696835,171858.6196276551,181.0,361.0,25.0,0.0,51.0,0.0,7.0,3.0,257310.54438696138,128.6552721934807,True,,50,50,0.03,1.0,0.0,491049.3827160494,123160.49382716049,411696.87101913826,0.0,1025906.7475623481,5375.0,111481.48148148149,48375.0,38222.22222222222,32250.0,165828.7037037037,0.22810707978975348,37826.70134717213,1063733.4489095202,12.368993591971165,,,,,,,,,,,
SRC,8,10,#6,12,19.0,9.5,100.0,#57 stone,130.0,39.7932982581865,5.499039842323396,5.431260308356283,207.50474957002695,41.50094991400539,0.44,6.625,0.5751633986928104,167.3078431372549,150.57705882352943,130.0,0.2756127011528557,0.3192380762615799,0.025508203125000004,2.0,45000.0,41000.0,86000.0,2654.320987654321,2123.456790123457,40.249223594996224,40.0,2.0,1.0,97024.03985384939,46642.24320585341,143666.2830597028,151.0,301.0,21.0,0.0,51.0,0.0,7.0,3.0,215100.35158105503,107.55017579052752,True,,50,50,0.03,1.0,0.0,491049.3827160494,123160.49382716049,344160.56252968806,0.0,958370.4390728979,5375.0,111481.48148148149,48375.0,38222.22222222222,32250.0,165828.7037037037,0.22810707978975348,37826.70134717213,996197.14042007,11.58368767930314,,,,,,,,,,,
SRC,8,10,#6,15,19.0,9.5,100.0,#57 stone,130.0,39.7932982581865,5.499039842323396,5.431260308356283,207.50474957002695,41.50094991400539,0.35200000000000004,6.625,0.46013071895424845,135.06101960784315,121.55491764705884,130.0,0.3414172846096248,0.3192380762615799,0.032635253906249995,2.0,45000.0,41000.0,86000.0,2654.320987654321,2123.456790123457,40.249223594996224,40.0,2.0,1.0,77715.94008701202,37758.00640473847,115473.94649175048,121.0,241.0,17.0,0.0,51.0,0.0,7.0,3.0,172890.15877514865,86.44507938757432,True,,50,50,0.03,1.0,0.0,491049.3827160494,123160.49382716049,276624.25404023787,0.0,890834.1305834478,5375.0,111481.48148148149,48375.0,38222.22222222222,32250.0,165828.7037037037,0.22810707978975348,37826.70134717213,928660.8319306199,10.798381766635115,,,,,,,,,,,
SRC,8,10,#6,18,19.0,9.5,100.0,#57 stone,130.0,39.7932982581865,5.499039842323396,5.431260308356283,207.50474957002695,41.50094991400539,0.29333333333333333,6.625,0.38344226579520696,113.22570806100218,101.90313725490196,130.0,0.4072588050963958,0.3192380762615799,0.0397623046875,2.0,45000.0,41000.0,86000.0,2654.320987654321,2123.456790123457,40.249223594996224,40.0,2.0,1.0,64843.87357578709,33315.88800418101,98159.7615799681,101.0,201.0,15.0,0.0,51.0,0.0,7.0,3.0,146966.97636556334,73.48348818278167,True,,50,50,0.03,1.0,0.0,491049.3827160494,123160.49382716049,235147.16218490133,0.0,849357.0387281112,5375.0,111481.48148148149,48375.0,38222.22222222222,32250.0,165828.7037037037,0.22810707978975348,37826.70134717213,887183.7400752833,10.316090000875388,,,,,,,,,,,
SRC,8,10,#6,24,19.0,9.5,100.0,#57 stone,130.0,39.7932982581865,5.499039842323396,5.431260308356283,207.50474957002695,41.50094991400539,0.22,6.625,0.2875816993464052,85.55196078431372,76.99676470588236,130.0,0.5389960223982608,0.3192380762615799,0.05401640625,2.0,45000.0,41000.0,86000.0,2654.320987654321,2123.456790123457,40.249223594996224,40.0,2.0,1.0,48753.79043675594,24431.651203066074,73185.441639822,76.0,151.0,11.0,0.0,51.0,0.0,7.0,3.0,109574.86956628907,54.78743478314453,True,,50,50,0.03,1.0,0.0,491049.3827160494,123160.49382716049,175319.7913060625,0.0,789529.6678492724,5375.0,111481.48148148149,48375.0,38222.22222222222,32250.0,165828.7037037037,0.22810707978975348,37826.70134717213,827356.3691964445,9.620422897633075,,,,,,,,,,,
SRC,8,12,#3,6,19.0,9.5,100.0,#57 stone,130.0,45.62426399858746,5.499039842323396,5.77022359949313,149.09586238854,42.939608367899524,0.22,8.8125,0.2875816993464052,114.42696078431374,102.98426470588237,187.2,0.41695309949080844,0.22937824982852312,0.07284257812500002,2.0,45000.0,41000.0,86000.0,3185.185185185185,2123.456790123457,20.124611797498112,40.0,2.0,1.0,187007.26934401813,87556.71360571406,274563.9829497322,301.0,601.0,41.0,0.0,51.0,0.0,7.0,3.0,102770.82417354561,51.3854120867728,True,,50,50,0.03,1.0,0.0,589259.2592592592,123160.49382716049,164433.31867767297,0.0,876853.0717640927,6450.0,133777.77777777778,58050.0,38222.22222222222,38700.0,191350.0,0.22810707978975348,43648.28971776933,920501.361481862,10.703504203277465,,,,,,,,,,,
SRC,8,12,#3,8,19.0,9.5,100.0,#57 stone,130.0,45.62426399858746,5.499039842323396,5.77022359949313,149.09586238854,42.939608367899524,0.165,8.8125,0.21568627450980393,86.17610294117648,77.55849264705883,187.2,0.553641605224362,0.22937824982852312,0.09812343749999998,2.0,45000.0,41000.0,86000.0,3185.185185185185,2123.456790123457,20.124611797498112,40.0,2.0,1.0,140372.1446354714,66201.41760432038,206573.5622397918,226.0,451.0,31.0,0.0,51.0,0.0,7.0,3.0,77321.63197725541,38.660815988627704,True,,50,50,0.03,1.0,0.0,589259.2592592592,123160.49382716049,123714.61116360866,0.0,836134.3642500283,6450.0,133777.77777777778,58050.0,38222.22222222222,38700.0,191350.0,0.22810707978975348,43648.28971776933,879782.6539677976,10.23003086009067,,,,,,,,,,,
SRC,8,12,#3,10,19.0,9.5,100.0,#57 stone,130.0,45.62426399858746,5.499039842323396,5.77022359949313,149.09586238854,42.939608367899524,0.132,8.8125,0.17254901960784313,69.11170588235294,62.20053529411764,187.2,0.6903414603243834,0.22937824982852312,0.123404296875,2.0,45000.0,41000.0,86000.0,3185.185185185185,2123.456790123457,20.124611797498112,40.0,2.0,1.0,112391.06981034338,53388.24000348418,165779.30981382757,181.0,361.0,25.0,0.0,51.0,0.0,7.0,3.0,62052.1166594813,31.02605832974065,True,,50,50,0.03,1.0,0.0,589259.2592592592,123160.49382716049,99283.38665517008,0.0,811703.1397415898,6450.0,133777.77777777778,58050.0,38222.22222222222,38700.0,191350.0,0.22810707978975348,43648.28971776933,855351.4294593591,9.945946854178596,,,,,,,,,,,
SRC,8,12,#3,12,19.0,9.5,100.0,#57 stone,130.0,45.62426399858746,5.499039842323396,5.77022359949313,149.09586238854,42.939608367899524,0.11,8.8125,0.1437908496732026,57.68799019607843,51.9191911764706,187.2,0.827046943430803,0.22937824982852312,0.14868515625,2.0,45000.0,41000.0,86000.0,3185.185185185185,2123.456790123457,20.124611797498112,40.0,2.0,1.0,93737.0199269247,44846.12160292671,138583.14152985142,151.0,301.0,21.0,0.0,51.0,0.0,7.0,3.0,51872.43978096522,25.93621989048261,True,,50,50,0.03,1.0,0.0,589259.2592592592,123160.49382716049,82995.90364954436,0.0,795415.656735964,6450.0,133777.77777777778,58050.0,38222.22222222222,38700.0,191350.0,0.22810707978975348,43648.28971776933,839063.9464537334,9.756557516903877,,,,,,,,,,,
SRC,8,12,#4,6,19.0,9.5,100.0,#57 stone,130.0,45.62426399858746,5.499039842323396,5.77022359949313,149.09586238854,42.939608367899524,0.4000000000000001,8.75,0.5228758169934641,203.72549019607843,183.3529411764706,187.2,0.2341909984774757,0.22937824982852312,0.038417578125,2.0,45000.0,41000.0,86000.0,3185.185185185185,2123.456790123457,26.83281572999748,40.0,2.0,1.0,189193.02579202416,88725.61814095205,277918.6439329762,301.0,601.0,41.0,0.0,51.0,0.0,7.0,3.0,189139.07712105327,94.56953856052664,True,,50,50,0.03,1.0,0.0,589259.2592592592,123160.49382716049,302622.52339368523,0.0,1015042.2764801049,6450.0,133777.77777777778,58050.0,38222.22222222222,38700.0,191350.0,0.22810707978975348,43648.28971776933,1058690.5661978743,12.310355420905514,,,,,,,,,,,
SRC,8,12,#4,8,19.0,9.5,100.0,#57 stone,130.0,45.62426399858746,5.499039842323396,5.77022359949313,149.09586238854,42.939608367899524,0.30000000000000004,8.75,0.39215686274509814,153.97058823529414,138.57352941176475,187.2,0.3098687646203085,0.22937824982852312,0.05222343749999999,2.0,45000.0,41000.0,86000.0,3185.185185185185,2123.456790123457,26.83281572999748,40.0,2.0,1.0,142012.85951396188,67085.22347242717,209098.08298638905,226.0,451.0,31.0,0.0,51.0,0.0,7.0,3.0,142302.86203240367,71.15143101620184,True,,50,50,0.03,1.0,0.0,589259.2592592592,123160.49382716049,227684.5792518459,0.0,940104.3323382656,6450.0,133777.77777777778,58050.0,38222.22222222222,38700.0,191350.0,0.22810707978975348,43648.28971776933,983752.622056035,11.438983977395756,,,,,,,,,,,
SRC,8,12,#4,10,19.0,9.5,100.0,#57 stone,130.0,45.62426399858746,5.499039842323396,5.77022359949313,149.09586238854,42.939608367899524,0.24000000000000005,8.75,0.31372549019607854,123.74117647058829,111.36705882352946,187.2,0.38556830737481335,0.22937824982852312,0.06602929687499998,2.0,45000.0,41000.0,86000.0,3185.185185185185,2123.456790123457,26.83281572999748,40.0,2.0,1.0,113704.75974712451,54100.986671312225,167805.74641843673,181.0,361.0,25.0,0.0,51.0,0.0,7.0,3.0,114201.13297921389,57.10056648960694,True,,50,50,0.03,1.0,0.0,589259.2592592592,123160.49382716049,182721.81276674222,0.0,895141.5658531619,6450.0,133777.77777777778,58050.0,38222.22222222222,38700.0,191350.0,0.22810707978975348,43648.28971776933,938789.8555709312,10.916161111289897,,,,,,,,,,,
SRC,8,12,#4,12,19.0,9.5,100.0,#57 stone,130.0,45.62426399858746,5.499039842323396,5.77022359949313,149.09586238854,42.939608367899524,0.20000000000000004,8.75,0.26143790849673204,103.43137254901963,93.08823529411767,187.2,0.46127857330444977,0.22937824982852312,0.07983515624999998,2.0,45000.0,41000.0,86000.0,3185.185185185185,2123.456790123457,26.83281572999748,40.0,2.0,1.0,94832.69323589958,45444.828803902274,140277.52203980187,151.0,301.0,21.0,0.0,51.0,0.0,7.0,3.0,95466.64694375407,47.733323471877036,True,,50,50,0.03,1.0,0.0,589259.2592592592,123160.49382716049,152746.63511000652,0.0,865166.3881964262,6450.0,133777.77777777778,58050.0,38222.22222222222,38700.0,191350.0,0.22810707978975348,43648.28971776933,908814.6779141956,10.567612533885995,,,,,,,,,,,
SRC,8,12,#4,15,19.0,9.5,100.0,#57 stone,130.0,45.62426399858746,5.499039842323396,5.77022359949313,149.09586238854,42.939608367899524,0.16000000000000003,8.75,0.20915032679738566,82.99607843137258,74.69647058823531,187.2,0.5748545818798366,0.22937824982852312,0.1005439453125,2.0,45000.0,41000.0,86000.0,3185.185185185185,2123.456790123457,26.83281572999748,40.0,2.0,1.0,75960.62672467467,36788.670936492315,112749.29766116699,121.0,241.0,17.0,0.0,51.0,0.0,7.0,3.0,76732.16090829422,38.36608045414711,True,,50,50,0.03,1.0,0.0,589259.2592592592,123160.49382716049,122771.45745327075,0.0,835191.2105396905,6450.0,133777.77777777778,58050.0,38222.22222222222,38700.0,191350.0,0.22810707978975348,43648.28971776933,878839.5002574598,10.21906395648209,,,,,,,,,,,
SRC,8,12,#4,18,19.0,9.5,100.0,#57 stone,130.0,45.62426399858746,5.499039842323396,5.77022359949313,149.09586238854,42.939608367899524,0.13333333333333336,8.75,0.1742919389978214,69.30283224400873,62.37254901960785,187.2,0.6884376066529001,0.22937824982852312,0.12125273437499998,2.0,45000.0,41000.0,86000.0,3185.185185185185,2123.456790123457,26.83281572999748,40.0,2.0,1.0,63379.249050524726,32460.592002787336,95839.84105331206,101.0,201.0,15.0,0.0,51.0,0.0,7.0,3.0,65224.33627239294,32.612168136196466,True,,50,50,0.03,1.0,0.0,589259.2592592592,123160.49382716049,104358.93803582869,0.0,816778.6911222483,6450.0,133777.77777777778,58050.0,38222.22222222222,38700.0,191350.0,0.22810707978975348,43648.28971776933,860426.9808400177,10.004964893488578,,,,,,,,,,,
SRC,8,12,#4,24,19.0,9.5,100.0,#57 stone,130.0,45.62426399858746,5.499039842323396,5.77022359949313,149.09586238854,42.939608367899524,0.10000000000000002,8.75,0.13071895424836602,52.10784313725491,46.89705882352942,187.2,0.9156141012910527,0.22937824982852312,0.1626703125,2.0,45000.0,41000.0,86000.0,3185.185185185185,2123.456790123457,26.83281572999748,40.0,2.0,1.0,47652.5269578373,23804.43413537738,71456.96109321468,76.0,151.0,11.0,0.0,51.0,0.0,7.0,3.0,48630.431855104434,24.315215927552217,True,,50,50,0.03,1.0,0.0,589259.2592592592,123160.49382716049,77808.6909681671,0.0,790228.4440545868,6450.0,133777.77777777778,58050.0,38222.22222222222,38700.0,191350.0,0.22810707978975348,43648.28971776933,833876.7337723562,9.696241090376235,,,,,,,,,,,
SRC,8,12,#5,6,19.0,9.5,100.0,#57 stone,130.0,45.62426399858746,5.499039842323396,5.77022359949313,149.09586238854,42.939608367899524,0.62,8.6875,0.8104575163398693,308.10049019607845,277.2904411764706,187.2,0.154854268274514,0.22937824982852312,0.02353015372983871,2.0,45000.0,41000.0,86000.0,3185.185185185185,2123.456790123457,33.54101966249685,40.0,2.0,1.0,191378.78224003024,89894.52267619007,281273.3049162203,301.0,601.0,41.0,0.0,51.0,0.0,7.0,3.0,296704.27094981854,148.35213547490926,True,,50,50,0.03,1.0,0.0,589259.2592592592,123160.49382716049,474726.83351970965,0.0,1187146.5866061293,6450.0,133777.77777777778,58050.0,38222.22222222222,38700.0,191350.0,0.22810707978975348,43648.28971776933,1230794.8763238986,14.311568329347658,,,,,,,,,,,
SRC,8,12,#5,8,19.0,9.5,100.0,#57 stone,130.0,45.62426399858746,5.499039842323396,5.77022359949313,149.09586238854,42.939608367899524,0.46499999999999997,8.6875,0.6078431372549019,233.90183823529406,210.51165441176468,187.2,0.2039773450447967,0.22937824982852312,0.032373538306451614,2.0,45000.0,41000.0,86000.0,3185.185185185185,2123.456790123457,33.54101966249685,40.0,2.0,1.0,143653.57439245237,67969.02934053396,211622.60373298632,226.0,451.0,31.0,0.0,51.0,0.0,7.0,3.0,223232.4549100043,111.61622745500216,True,,50,50,0.03,1.0,0.0,589259.2592592592,123160.49382716049,357171.9278560069,0.0,1069591.6809424264,6450.0,133777.77777777778,58050.0,38222.22222222222,38700.0,191350.0,0.22810707978975348,43648.28971776933,1113239.9706601957,12.944650821630182,,,,,,,,,,,
SRC,8,12,#5,10,19.0,9.5,100.0,#57 stone,130.0,45.62426399858746,5.499039842323396,5.77022359949313,149.09586238854,42.939608367899524,0.372,8.6875,0.48627450980392156,188.47817647058827,169.63035882352943,187.2,0.2531363410754241,0.22937824982852312,0.04121692288306452,2.0,45000.0,41000.0,86000.0,3185.185185185185,2123.456790123457,33.54101966249685,40.0,2.0,1.0,115018.44968390564,54813.733339140286,169832.18302304592,181.0,361.0,25.0,0.0,51.0,0.0,7.0,3.0,179149.36528611582,89.57468264305791,True,,50,50,0.03,1.0,0.0,589259.2592592592,123160.49382716049,286638.9844577853,0.0,999058.737544205,6450.0,133777.77777777778,58050.0,38222.22222222222,38700.0,191350.0,0.22810707978975348,43648.28971776933,1042707.0272619744,12.124500316999702,,,,,,,,,,,
SRC,8,12,#5,12,19.0,9.5,100.0,#57 stone,130.0,45.62426399858746,5.499039842323396,5.77022359949313,149.09586238854,42.939608367899524,0.31,8.6875,0.40522875816993464,157.8188725490196,142.03698529411764,187.2,0.3023128678701817,0.22937824982852312,0.05006030745967741,2.0,45000.0,41000.0,86000.0,3185.185185185185,2123.456790123457,33.54101966249685,40.0,2.0,1.0,95928.36654487449,46043.53600487784,141971.90254975233,151.0,301.0,21.0,0.0,51.0,0.0,7.0,3.0,149760.63887019013,74.88031943509506,True,,50,50,0.03,1.0,0.0,589259.2592592592,123160.49382716049,239617.0221923042,0.0,952036.7752787238,6450.0,133777.77777777778,58050.0,38222.22222222222,38700.0,191350.0,0.22810707978975348,43648.28971776933,995685.0649964932,11.577733313912711,,,,,,,,,,,
SRC,8,12,#5,15,19.0,9.5,100.0,#57 stone,130.0,45.62426399858746,5.499039842323396,5.77022359949313,149.09586238854,42.939608367899524,0.24799999999999997,8.6875,0.32418300653594767,126.85807843137255,114.17227058823529,187.2,0.37609489718183964,0.22937824982852312,0.06332538432459678,2.0,45000.0,41000.0,86000.0,3185.185185185185,2123.456790123457,33.54101966249685,40.0,2.0,1.0,76838.28340584334,37273.3386706154,114111.62207645873,121.0,241.0,17.0,0.0,51.0,0.0,7.0,3.0,120371.91245426444,60.18595622713222,True,,50,50,0.03,1.0,0.0,589259.2592592592,123160.49382716049,192595.0599268231,0.0,905014.8130132428,6450.0,133777.77777777778,58050.0,38222.22222222222,38700.0,191350.0,0.22810707978975348,43648.28971776933,948663.1027310122,11.030966310825722,,,,,,,,,,,
SRC,8,12,#5,18,19.0,9.5,100.0,#57 stone,130.0,45.62426399858746,5.499039842323396,5.77022359949313,149.09586238854,42.939608367899524,0.20666666666666667,8.6875,0.2701525054466231,106.05005446623093,95.44504901960784,187.2,0.4498882740274793,0.22937824982852312,0.07659046118951612,2.0,45000.0,41000.0,86000.0,3185.185185185185,2123.456790123457,33.54101966249685,40.0,2.0,1.0,64111.56131315591,32888.24000348417,96999.80131664008,101.0,201.0,15.0,0.0,51.0,0.0,7.0,3.0,102321.31819442795,51.16065909721397,True,,50,50,0.03,1.0,0.0,589259.2592592592,123160.49382716049,163714.10911108472,0.0,876133.8621975044,6450.0,133777.77777777778,58050.0,38222.22222222222,38700.0,191350.0,0.22810707978975348,43648.28971776933,919782.1519152737,10.695141301340392,,,,,,,,,,,
SRC,8,12,#5,24,19.0,9.5,100.0,#57 stone,130.0,45.62426399858746,5.499039842323396,5.77022359949313,149.09586238854,42.939608367899524,0.155,8.6875,0.20261437908496732,79.85159313725491,71.86643382352943,187.2,0.5974918481879767,0.22937824982852312,0.10312061491935483,2.0,45000.0,41000.0,86000.0,3185.185185185185,2123.456790123457,33.54101966249685,40.0,2.0,1.0,48203.15869729662,24118.042669221726,72321.20136651835,76.0,151.0,11.0,0.0,51.0,0.0,7.0,3.0,76288.82283037595,38.144411415187975,True,,50,50,0.03,1.0,0.0,589259.2592592592,123160.49382716049,122062.11652860152,0.0,834481.8696150212,6450.0,133777.77777777778,58050.0,38222.22222222222,38700.0,191350.0,0.22810707978975348,43648.28971776933,878130.1593327905,10.210815806195239,,,,,,,,,,,
SRC,8,12,#6,6,19.0,9.5,100.0,#57 stone,130.0,45.62426399858746,5.499039842323396,5.77022359949313,149.09586238854,42.939608367899524,0.88,8.625,1.1503267973856208,425.03137254901964,382.52823529411774,187.2,0.11225212783282307,0.22937824982852312,0.015557226562500004,2.0,45000.0,41000.0,86000.0,3185.185185185185,2123.456790123457,40.249223594996224,40.0,2.0,1.0,193564.53868803626,91063.42721142809,284627.9658994643,301.0,601.0,41.0,0.0,51.0,0.0,7.0,3.0,426151.31561058684,213.07565780529342,True,,50,50,0.03,1.0,0.0,589259.2592592592,123160.49382716049,681842.1049769389,0.0,1394261.8580633586,6450.0,133777.77777777778,58050.0,38222.22222222222,38700.0,191350.0,0.22810707978975348,43648.28971776933,1437910.1477811278,16.71988543931544,,,,,,,,,,,
SRC,8,12,#6,8,19.0,9.5,100.0,#57 stone,130.0,45.62426399858746,5.499039842323396,5.77022359949313,149.09586238854,42.939608367899524,0.66,8.625,0.8627450980392157,324.4676470588235,292.02088235294116,187.2,0.1470429375526714,0.22937824982852312,0.021742968749999998,2.0,45000.0,41000.0,86000.0,3185.185185185185,2123.456790123457,40.249223594996224,40.0,2.0,1.0,145294.28927094283,68852.83520864075,214147.12447958358,226.0,451.0,31.0,0.0,51.0,0.0,7.0,3.0,320625.833595821,160.3129167979105,True,,50,50,0.03,1.0,0.0,589259.2592592592,123160.49382716049,513001.33375331364,0.0,1225421.0868397332,6450.0,133777.77777777778,58050.0,38222.22222222222,38700.0,191350.0,0.22810707978975348,43648.28971776933,1269069.3765575024,14.756620657645376,,,,,,,,,,,
SRC,8,12,#6,10,19.0,9.5,100.0,#57 stone,130.0,45.62426399858746,5.499039842323396,5.77022359949313,149.09586238854,42.939608367899524,0.528,8.625,0.6901960784313725,262.3072941176471,236.07656470588233,187.2,0.18188848360020884,0.22937824982852312,0.0279287109375,2.0,45000.0,41000.0,86000.0,3185.185185185185,2123.456790123457,40.249223594996224,40.0,2.0,1.0,116332.13962068676,55526.48000696835,171858.6196276551,181.0,361.0,25.0,0.0,51.0,0.0,7.0,3.0,257310.54438696138,128.6552721934807,True,,50,50,0.03,1.0,0.0,589259.2592592592,123160.49382716049,411696.87101913826,0.0,1124116.6241055578,6450.0,133777.77777777778,58050.0,38222.22222222222,38700.0,191350.0,0.22810707978975348,43648.28971776933,1167764.913823327,13.578661788643338,,,,,,,,,,,
SRC,8,12,#6,12,19.0,9.5,100.0,#57 stone,130.0,45.62426399858746,5.499039842323396,5.77022359949313,149.09586238854,42.939608367899524,0.44,8.625,0.5751633986928104,220.1078431372549,198.0970588235294,187.2,0.21676045380437156,0.22937824982852312,0.034114453125000006,2.0,45000.0,41000.0,86000.0,3185.185185185185,2123.456790123457,40.249223594996224,40.0,2.0,1.0,97024.03985384939,46642.24320585341,143666.2830597028,151.0,301.0,21.0,0.0,51.0,0.0,7.0,3.0,215100.35158105503,107.55017579052752,True,,50,50,0.03,1.0,0.0,589259.2592592592,123160.49382716049,344160.56252968806,0.0,1056580.3156161078,6450.0,133777.77777777778,58050.0,38222.22222222222,38700.0,191350.0,0.22810707978975348,43648.28971776933,1100228.605333877,12.793355875975314,,,,,,,,,,,
SRC,8,12,#6,15,19.0,9.5,100.0,#57 stone,130.0,45.62426399858746,5.499039842323396,5.77022359949313,149.09586238854,42.939608367899524,0.35200000000000004,8.625,0.46013071895424845,177.3010196078432,159.57091764705888,187.2,0.2690941996264879,0.22937824982852312,0.043393066406249986,2.0,45000.0,41000.0,86000.0,3185.185185185185,2123.456790123457,40.249223594996224,40.0,2.0,1.0,77715.94008701202,37758.00640473847,115473.94649175048,121.0,241.0,17.0,0.0,51.0,0.0,7.0,3.0,172890.15877514865,86.44507938757432,True,,50,50,0.03,1.0,0.0,589259.2592592592,123160.49382716049,276624.25404023787,0.0,989044.0071266575,6450.0,133777.77777777778,58050.0,38222.22222222222,38700.0,191350.0,0.22810707978975348,43648.28971776933,1032692.2968444269,12.00804996330729,,,,,,,,,,,
SRC,8,12,#6,18,19.0,9.5,100.0,#57 stone,130.0,45.62426399858746,5.499039842323396,5.77022359949313,149.09586238854,42.939608367899524,0.29333333333333333,8.625,0.38344226579520696,148.42570806100215,133.58313725490197,187.2,0.3214448264226839,0.22937824982852312,0.0526716796875,2.0,45000.0,41000.0,86000.0,3185.185185185185,2123.456790123457,40.249223594996224,40.0,2.0,1.0,64843.87357578709,33315.88800418101,98159.7615799681,101.0,201.0,15.0,0.0,51.0,0.0,7.0,3.0,146966.97636556334,73.48348818278167,True,,50,50,0.03,1.0,0.0,589259.2592592592,123160.49382716049,235147.16218490133,0.0,947566.915271321,6450.0,133777.77777777778,58050.0,38222.22222222222,38700.0,191350.0,0.22810707978975348,43648.28971776933,991215.2049890903,11.525758197547562,,,,,,,,,,,
SRC,8,12,#6,24,19.0,9.5,100.0,#57 stone,130.0,45.62426399858746,5.499039842323396,5.77022359949313,149.09586238854,42.939608367899524,0.22,8.625,0.2875816993464052,111.95196078431374,100.75676470588236,187.2,0.42617097217486016,0.22937824982852312,0.07122890625000002,2.0,45000.0,41000.0,86000.0,3185.185185185185,2123.456790123457,40.249223594996224,40.0,2.0,1.0,48753.79043675594,24431.651203066074,73185.441639822,76.0,151.0,11.0,0.0,51.0,0.0,7.0,3.0,109574.86956628907,54.78743478314453,True,,50,50,0.03,1.0,0.0,589259.2592592592,123160.49382716049,175319.7913060625,0.0,887739.5443924821,6450.0,133777.77777777778,58050.0,38222.22222222222,38700.0,191350.0,0.22810707978975348,43648.28971776933,931387.8341102515,10.83009109430525,,,,,,,,,,,
SRC,10,6,#4,6,19.0,9.5,100.0,#57 stone,140.0,26.630370211515178,5.499039842323396,5.136027579968186,485.7391357571253,34.973217774513024,0.4000000000000001,2.75,0.5228758169934641,59.72549019607844,53.75294117647059,46.8,0.6506289146057358,0.7472909780878851,0.010016953124999999,2.0,45000.0,41000.0,86000.0,1592.5925925925926,2654.320987654321,26.83281572999748,40.0,2.0,1.0,189193.02579202416,88725.61814095205,277918.6439329762,301.0,601.0,41.0,0.0,51.0,0.0,7.0,3.0,189139.07712105327,94.56953856052664,True,,50,50,0.03,1.0,0.0,294629.6296296296,153950.61728395062,302622.52339368523,0.0,751202.7703072655,3225.0,66888.88888888889,29025.0,47777.77777777778,19350.0,124341.66666666669,0.22810707978975348,28363.214479524268,779565.9847867897,9.064720753334765,,,,,,,,,,,
SRC,10,6,#4,8,19.0,9.5,100.0,#57 stone,140.0,26.630370211515178,5.499039842323396,5.136027579968186,485.7391357571253,34.973217774513024,0.30000000000000004,2.75,0.39215686274509814,45.97058823529412,41.373529411764714,46.8,0.8453041901851444,0.7472909780878851,0.014355937499999997,2.0,45000.0,41000.0,86000.0,1592.5925925925926,2654.320987654321,26.83281572999748,40.0,2.0,1.0,142012.85951396188,67085.22347242717,209098.08298638905,226.0,451.0,31.0,0.0,51.0,0.0,7.0,3.0,142302.86203240367,71.15143101620184,True,,50,50,0.03,1.0,0.0,294629.6296296296,153950.61728395062,227684.5792518459,0.0,676264.826165426,3225.0,66888.88888888889,29025.0,47777.77777777778,19350.0,124341.66666666669,0.22810707978975348,28363.214479524268,704628.0406449503,8.193349309825004,,,,,,,,,,,
SRC,10,6,#5,6,19.0,9.5,100.0,#57 stone,140.0,26.630370211515178,5.499039842323396,5.136027579968186,485.7391357571253,34.973217774513024,0.62,2.6875,0.8104575163398693,84.90049019607844,76.41044117647058,46.8,0.45770207887875,0.7472909780878851,0.005207169858870968,2.0,45000.0,41000.0,86000.0,1592.5925925925926,2654.320987654321,33.54101966249685,40.0,2.0,1.0,191378.78224003024,89894.52267619007,281273.3049162203,301.0,601.0,41.0,0.0,51.0,0.0,7.0,3.0,296704.27094981854,148.35213547490926,True,,50,50,0.03,1.0,0.0,294629.6296296296,153950.61728395062,474726.83351970965,0.0,923307.0804332899,3225.0,66888.88888888889,29025.0,47777.77777777778,19350.0,124341.66666666669,0.22810707978975348,28363.214479524268,951670.2949128142,11.065933661776908,,,,,,,,,,,
SRC,10,6,#5,8,19.0,9.5,100.0,#57 stone,140.0,26.630370211515178,5.499039842323396,5.136027579968186,485.7391357571253,34.973217774513024,0.46499999999999997,2.6875,0.6078431372549019,66.50183823529412,59.8516544117647,46.8,0.5843316800218398,0.7472909780878851,0.007942893145161292,2.0,45000.0,41000.0,86000.0,1592.5925925925926,2654.320987654321,33.54101966249685,40.0,2.0,1.0,143653.57439245237,67969.02934053396,211622.60373298632,226.0,451.0,31.0,0.0,51.0,0.0,7.0,3.0,223232.4549100043,111.61622745500216,True,,50,50,0.03,1.0,0.0,294629.6296296296,153950.61728395062,357171.9278560069,0.0,805752.1747695871,3225.0,66888.88888888889,29025.0,47777.77777777778,19350.0,124341.66666666669,0.22810707978975348,28363.214479524268,834115.3892491114,9.699016154059436,,,,,,,,,,,
SRC,10,6,#5,10,19.0,9.5,100.0,#57 stone,140.0,26.630370211515178,5.499039842323396,5.136027579968186,485.7391357571253,34.973217774513024,0.372,2.6875,0.48627450980392156,54.558176470588236,49.102358823529414,46.8,0.7122512769743796,0.7472909780878851,0.010678616431451614,2.0,45000.0,41000.0,86000.0,1592.5925925925926,2654.320987654321,33.54101966249685,40.0,2.0,1.0,115018.44968390564,54813.733339140286,169832.18302304592,181.0,361.0,25.0,0.0,51.0,0.0,7.0,3.0,179149.36528611582,89.57468264305791,True,,50,50,0.03,1.0,0.0,294629.6296296296,153950.61728395062,286638.9844577853,0.0,735219.2313713655,3225.0,66888.88888888889,29025.0,47777.77777777778,19350.0,124341.66666666669,0.22810707978975348,28363.214479524268,763582.4458508898,8.87886564942895,,,,,,,,,,,
SRC,10,6,#5,12,19.0,9.5,100.0,#57 stone,140.0,26.630370211515178,5.499039842323396,5.136027579968186,485.7391357571253,34.973217774513024,0.31,2.6875,0.40522875816993464,46.2188725490196,41.596985294117644,46.8,0.8407632795316706,0.7472909780878851,0.013414339717741934,2.0,45000.0,41000.0,86000.0,1592.5925925925926,2654.320987654321,33.54101966249685,40.0,2.0,1.0,95928.36654487449,46043.53600487784,141971.90254975233,151.0,301.0,21.0,0.0,51.0,0.0,7.0,3.0,149760.63887019013,74.88031943509506,True,,50,50,0.03,1.0,0.0,294629.6296296296,153950.61728395062,239617.0221923042,0.0,688197.2691058845,3225.0,66888.88888888889,29025.0,47777.77777777778,19350.0,124341.66666666669,0.22810707978975348,28363.214479524268,716560.4835854088,8.332098646341963,,,,,,,,,,,
SRC,10,6,#6,6,19.0,9.5,100.0,#57 stone,140.0,26.630370211515178,5.499039842323396,5.136027579968186,485.7391357571253,34.973217774513024,0.88,2.625,1.1503267973856208,108.23137254901962,97.40823529411766,46.8,0.3590375872113249,0.7472909780878851,0.0026478515625000007,2.0,45000.0,41000.0,86000.0,1592.5925925925926,2654.320987654321,40.249223594996224,40.0,2.0,1.0,193564.53868803626,91063.42721142809,284627.9658994643,301.0,601.0,41.0,0.0,51.0,0.0,7.0,3.0,426151.31561058684,213.07565780529342,True,Section may not be tension-controlled; phi = 0.90 should be reviewed.,50,50,0.03,1.0,0.0,294629.6296296296,153950.61728395062,681842.1049769389,0.0,1130422.3518905193,3225.0,66888.88888888889,29025.0,47777.77777777778,19350.0,124341.66666666669,0.22810707978975348,28363.214479524268,1158785.5663700434,13.47425077174469,,,,,,,,,,,
SRC,10,6,#6,8,19.0,9.5,100.0,#57 stone,140.0,26.630370211515178,5.499039842323396,5.136027579968186,485.7391357571253,34.973217774513024,0.66,2.625,0.8627450980392157,86.86764705882352,78.18088235294117,46.8,0.4473372098389643,0.7472909780878851,0.00453046875,2.0,45000.0,41000.0,86000.0,1592.5925925925926,2654.320987654321,40.249223594996224,40.0,2.0,1.0,145294.28927094283,68852.83520864075,214147.12447958358,226.0,451.0,31.0,0.0,51.0,0.0,7.0,3.0,320625.833595821,160.3129167979105,True,Section may not be tension-controlled; phi = 0.90 should be reviewed.,50,50,0.03,1.0,0.0,294629.6296296296,153950.61728395062,513001.33375331364,0.0,961581.5806668939,3225.0,66888.88888888889,29025.0,47777.77777777778,19350.0,124341.66666666669,0.22810707978975348,28363.214479524268,989944.7951464182,11.51098599007463,,,,,,,,,,,
SRC,10,6,#6,10,19.0,9.5,100.0,#57 stone,140.0,26.630370211515178,5.499039842323396,5.136027579968186,485.7391357571253,34.973217774513024,0.528,2.625,0.6901960784313725,72.22729411764705,65.00456470588234,46.8,0.5380117216806507,0.7472909780878851,0.0064130859375,2.0,45000.0,41000.0,86000.0,1592.5925925925926,2654.320987654321,40.249223594996224,40.0,2.0,1.0,116332.13962068676,55526.48000696835,171858.6196276551,181.0,361.0,25.0,0.0,51.0,0.0,7.0,3.0,257310.54438696138,128.6552721934807,True,,50,50,0.03,1.0,0.0,294629.6296296296,153950.61728395062,411696.87101913826,0.0,860277.1179327185,3225.0,66888.88888888889,29025.0,47777.77777777778,19350.0,124341.66666666669,0.22810707978975348,28363.214479524268,888640.3324122428,10.33302712107259,,,,,,,,,,,
SRC,10,6,#6,12,19.0,9.5,100.0,#57 stone,140.0,26.630370211515178,5.499039842323396,5.136027579968186,485.7391357571253,34.973217774513024,0.44,2.625,0.5751633986928104,61.707843137254905,55.537058823529414,46.8,0.6297275821833025,0.7472909780878851,0.008295703125000001,2.0,45000.0,41000.0,86000.0,1592.5925925925926,2654.320987654321,40.249223594996224,40.0,2.0,1.0,97024.03985384939,46642.24320585341,143666.2830597028,151.0,301.0,21.0,0.0,51.0,0.0,7.0,3.0,215100.35158105503,107.55017579052752,True,,50,50,0.03,1.0,0.0,294629.6296296296,153950.61728395062,344160.56252968806,0.0,792740.8094432682,3225.0,66888.88888888889,29025.0,47777.77777777778,19350.0,124341.66666666669,0.22810707978975348,28363.214479524268,821104.0239227925,9.547721208404564,,,,,,,,,,,
SRC,10,6,#6,15,19.0,9.5,100.0,#57 stone,140.0,26.630370211515178,5.499039842323396,5.136027579968186,485.7391357571253,34.973217774513024,0.35200000000000004,2.625,0.46013071895424845,50.581019607843146,45.52291764705883,46.8,0.7682551906198524,0.7472909780878851,0.011119628906249995,2.0,45000.0,41000.0,86000.0,1592.5925925925926,2654.320987654321,40.249223594996224,40.0,2.0,1.0,77715.94008701202,37758.00640473847,115473.94649175048,121.0,241.0,17.0,0.0,51.0,0.0,7.0,3.0,172890.15877514865,86.44507938757432,True,,50,50,0.03,1.0,0.0,294629.6296296296,153950.61728395062,276624.25404023787,0.0,725204.5009538181,3225.0,66888.88888888889,29025.0,47777.77777777778,19350.0,124341.66666666669,0.22810707978975348,28363.214479524268,753567.7154333424,8.76241529573654,,,,,,,,,,,
SRC,10,6,#6,18,19.0,9.5,100.0,#57 stone,140.0,26.630370211515178,5.499039842323396,5.136027579968186,485.7391357571253,34.973217774513024,0.29333333333333333,2.625,0.38344226579520696,42.82570806100218,38.543137254901964,46.8,0.9073785961744743,0.7472909780878851,0.013943554687499998,2.0,45000.0,41000.0,86000.0,1592.5925925925926,2654.320987654321,40.249223594996224,40.0,2.0,1.0,64843.87357578709,33315.88800418101,98159.7615799681,101.0,201.0,15.0,0.0,51.0,0.0,7.0,3.0,146966.97636556334,73.48348818278167,True,,50,50,0.03,1.0,0.0,294629.6296296296,153950.61728395062,235147.16218490133,0.0,683727.4090984815,3225.0,66888.88888888889,29025.0,47777.77777777778,19350.0,124341.66666666669,0.22810707978975348,28363.214479524268,712090.6235780058,8.280123529976812,,,,,,,,,,,
SRC,10,8,#3,6,19.0,9.5,100.0,#57 stone,140.0,33.04313589136511,5.499039842323396,5.201089693986001,303.195774107541,38.80905908576525,0.22,4.8125,0.2875816993464052,61.62696078431372,55.46426470588235,83.2,0.6997128564051673,0.4664550370885246,0.038417578125,2.0,45000.0,41000.0,86000.0,2123.456790123457,2654.320987654321,20.124611797498112,40.0,2.0,1.0,187007.26934401813,87556.71360571406,274563.9829497322,301.0,601.0,41.0,0.0,51.0,0.0,7.0,3.0,102770.82417354561,51.3854120867728,True,,50,50,0.03,1.0,0.0,392839.5061728395,153950.61728395062,164433.31867767297,0.0,711223.4421344631,4300.0,89185.18518518518,38700.0,47777.77777777778,25800.0,149862.96296296298,0.22810707978975348,34184.802850121465,745408.2449845846,8.667537732378891,,,,,,,,,,,
SRC,10,8,#3,8,19.0,9.5,100.0,#57 stone,140.0,33.04313589136511,5.499039842323396,5.201089693986001,303.195774107541,38.80905908576525,0.165,4.8125,0.21568627450980393,46.57610294117647,41.918492647058834,83.2,0.9258219137917462,0.4664550370885246,0.052223437500000004,2.0,45000.0,41000.0,86000.0,2123.456790123457,2654.320987654321,20.124611797498112,40.0,2.0,1.0,140372.1446354714,66201.41760432038,206573.5622397918,226.0,451.0,31.0,0.0,51.0,0.0,7.0,3.0,77321.63197725541,38.660815988627704,True,,50,50,0.03,1.0,0.0,392839.5061728395,153950.61728395062,123714.61116360866,0.0,670504.7346203987,4300.0,89185.18518518518,38700.0,47777.77777777778,25800.0,149862.96296296298,0.22810707978975348,34184.802850121465,704689.5374705202,8.194064389192096,,,,,,,,,,,
SRC,10,8,#4,6,19.0,9.5,100.0,#57 stone,140.0,33.04313589136511,5.499039842323396,5.201089693986001,303.195774107541,38.80905908576525,0.4000000000000001,4.75,0.5228758169934641,107.72549019607845,96.9529411764706,83.2,0.4002875891627285,0.4664550370885246,0.019483828124999998,2.0,45000.0,41000.0,86000.0,2123.456790123457,2654.320987654321,26.83281572999748,40.0,2.0,1.0,189193.02579202416,88725.61814095205,277918.6439329762,301.0,601.0,41.0,0.0,51.0,0.0,7.0,3.0,189139.07712105327,94.56953856052664,True,,50,50,0.03,1.0,0.0,392839.5061728395,153950.61728395062,302622.52339368523,0.0,849412.6468504753,4300.0,89185.18518518518,38700.0,47777.77777777778,25800.0,149862.96296296298,0.22810707978975348,34184.802850121465,883597.4497005969,10.27438895000694,,,,,,,,,,,
SRC,10,8,#4,8,19.0,9.5,100.0,#57 stone,140.0,33.04313589136511,5.499039842323396,5.201089693986001,303.195774107541,38.80905908576525,0.30000000000000004,4.75,0.39215686274509814,81.97058823529413,73.77352941176471,83.2,0.5260566953378856,0.4664550370885246,0.02697843749999999,2.0,45000.0,41000.0,86000.0,2123.456790123457,2654.320987654321,26.83281572999748,40.0,2.0,1.0,142012.85951396188,67085.22347242717,209098.08298638905,226.0,451.0,31.0,0.0,51.0,0.0,7.0,3.0,142302.86203240367,71.15143101620184,True,,50,50,0.03,1.0,0.0,392839.5061728395,153950.61728395062,227684.5792518459,0.0,774474.702708636,4300.0,89185.18518518518,38700.0,47777.77777777778,25800.0,149862.96296296298,0.22810707978975348,34184.802850121465,808659.5055587575,9.40301750649718,,,,,,,,,,,
SRC,10,8,#4,10,19.0,9.5,100.0,#57 stone,140.0,33.04313589136511,5.499039842323396,5.201089693986001,303.195774107541,38.80905908576525,0.24000000000000005,4.75,0.31372549019607854,66.14117647058825,59.52705882352943,83.2,0.6519566034803836,0.4664550370885246,0.03447304687499999,2.0,45000.0,41000.0,86000.0,2123.456790123457,2654.320987654321,26.83281572999748,40.0,2.0,1.0,113704.75974712451,54100.986671312225,167805.74641843673,181.0,361.0,25.0,0.0,51.0,0.0,7.0,3.0,114201.13297921389,57.10056648960694,True,,50,50,0.03,1.0,0.0,392839.5061728395,153950.61728395062,182721.81276674222,0.0,729511.9362235323,4300.0,89185.18518518518,38700.0,47777.77777777778,25800.0,149862.96296296298,0.22810707978975348,34184.802850121465,763696.7390736538,8.880194640391323,,,,,,,,,,,
SRC,10,8,#4,12,19.0,9.5,100.0,#57 stone,140.0,33.04313589136511,5.499039842323396,5.201089693986001,303.195774107541,38.80905908576525,0.20000000000000004,4.75,0.26143790849673204,55.431372549019606,49.88823529411765,83.2,0.7779200618535659,0.4664550370885246,0.04196765625,2.0,45000.0,41000.0,86000.0,2123.456790123457,2654.320987654321,26.83281572999748,40.0,2.0,1.0,94832.69323589958,45444.828803902274,140277.52203980187,151.0,301.0,21.0,0.0,51.0,0.0,7.0,3.0,95466.64694375407,47.733323471877036,True,,50,50,0.03,1.0,0.0,392839.5061728395,153950.61728395062,152746.63511000652,0.0,699536.7585667967,4300.0,89185.18518518518,38700.0,47777.77777777778,25800.0,149862.96296296298,0.22810707978975348,34184.802850121465,733721.5614169182,8.53164606298742,,,,,,,,,,,
SRC,10,8,#4,15,19.0,9.5,100.0,#57 stone,140.0,33.04313589136511,5.499039842323396,5.201089693986001,303.195774107541,38.80905908576525,0.16000000000000003,4.75,0.20915032679738566,44.59607843137256,40.136470588235305,83.2,0.966927547863186,0.4664550370885246,0.05320957031249999,2.0,45000.0,41000.0,86000.0,2123.456790123457,2654.320987654321,26.83281572999748,40.0,2.0,1.0,75960.62672467467,36788.670936492315,112749.29766116699,121.0,241.0,17.0,0.0,51.0,0.0,7.0,3.0,76732.16090829422,38.36608045414711,True,,50,50,0.03,1.0,0.0,392839.5061728395,153950.61728395062,122771.45745327075,0.0,669561.5809100609,4300.0,89185.18518518518,38700.0,47777.77777777778,25800.0,149862.96296296298,0.22810707978975348,34184.802850121465,703746.3837601824,8.183097485583517,,,,,,,,,,,
SRC,10,8,#5,6,19.0,9.5,100.0,#57 stone,140.0,33.04313589136511,5.499039842323396,5.201089693986001,303.195774107541,38.80905908576525,0.62,4.6875,0.8104575163398693,159.3004901960784,143.37044117647056,83.2,0.2706907976798111,0.4664550370885246,0.011314831149193547,2.0,45000.0,41000.0,86000.0,2123.456790123457,2654.320987654321,33.54101966249685,40.0,2.0,1.0,191378.78224003024,89894.52267619007,281273.3049162203,301.0,601.0,41.0,0.0,51.0,0.0,7.0,3.0,296704.27094981854,148.35213547490926,True,,50,50,0.03,1.0,0.0,392839.5061728395,153950.61728395062,474726.83351970965,0.0,1021516.9569764998,4300.0,89185.18518518518,38700.0,47777.77777777778,25800.0,149862.96296296298,0.22810707978975348,34184.802850121465,1055701.7598266213,12.275601858449084,,,,,,,,,,,
SRC,10,8,#5,8,19.0,9.5,100.0,#57 stone,140.0,33.04313589136511,5.499039842323396,5.201089693986001,303.195774107541,38.80905908576525,0.46499999999999997,4.6875,0.6078431372549019,122.30183823529411,110.0716544117647,83.2,0.3525799561491578,0.4664550370885246,0.016086441532258064,2.0,45000.0,41000.0,86000.0,2123.456790123457,2654.320987654321,33.54101966249685,40.0,2.0,1.0,143653.57439245237,67969.02934053396,211622.60373298632,226.0,451.0,31.0,0.0,51.0,0.0,7.0,3.0,223232.4549100043,111.61622745500216,True,,50,50,0.03,1.0,0.0,392839.5061728395,153950.61728395062,357171.9278560069,0.0,903962.051312797,4300.0,89185.18518518518,38700.0,47777.77777777778,25800.0,149862.96296296298,0.22810707978975348,34184.802850121465,938146.8541629185,10.90868435073161,,,,,,,,,,,
SRC,10,8,#5,10,19.0,9.5,100.0,#57 stone,140.0,33.04313589136511,5.499039842323396,5.201089693986001,303.195774107541,38.80905908576525,0.372,4.6875,0.48627450980392156,99.19817647058824,89.27835882352942,83.2,0.4346972726332988,0.4664550370885246,0.02085805191532258,2.0,45000.0,41000.0,86000.0,2123.456790123457,2654.320987654321,33.54101966249685,40.0,2.0,1.0,115018.44968390564,54813.733339140286,169832.18302304592,181.0,361.0,25.0,0.0,51.0,0.0,7.0,3.0,179149.36528611582,89.57468264305791,True,,50,50,0.03,1.0,0.0,392839.5061728395,153950.61728395062,286638.9844577853,0.0,833429.1079145754,4300.0,89185.18518518518,38700.0,47777.77777777778,25800.0,149862.96296296298,0.22810707978975348,34184.802850121465,867613.9107646969,10.088533846101127,,,,,,,,,,,
SRC,10,8,#5,12,19.0,9.5,100.0,#57 stone,140.0,33.04313589136511,5.499039842323396,5.201089693986001,303.195774107541,38.80905908576525,0.31,4.6875,0.40522875816993464,83.41887254901961,75.07698529411765,83.2,0.5169235143596792,0.4664550370885246,0.02562966229838709,2.0,45000.0,41000.0,86000.0,2123.456790123457,2654.320987654321,33.54101966249685,40.0,2.0,1.0,95928.36654487449,46043.53600487784,141971.90254975233,151.0,301.0,21.0,0.0,51.0,0.0,7.0,3.0,149760.63887019013,74.88031943509506,True,,50,50,0.03,1.0,0.0,392839.5061728395,153950.61728395062,239617.0221923042,0.0,786407.1456490944,4300.0,89185.18518518518,38700.0,47777.77777777778,25800.0,149862.96296296298,0.22810707978975348,34184.802850121465,820591.9484992159,9.541766843014138,,,,,,,,,,,
SRC,10,8,#5,15,19.0,9.5,100.0,#57 stone,140.0,33.04313589136511,5.499039842323396,5.201089693986001,303.195774107541,38.80905908576525,0.24799999999999997,4.6875,0.32418300653594767,67.33807843137254,60.60427058823528,83.2,0.6403683883838213,0.4664550370885246,0.03278707787298387,2.0,45000.0,41000.0,86000.0,2123.456790123457,2654.320987654321,33.54101966249685,40.0,2.0,1.0,76838.28340584334,37273.3386706154,114111.62207645873,121.0,241.0,17.0,0.0,51.0,0.0,7.0,3.0,120371.91245426444,60.18595622713222,True,,50,50,0.03,1.0,0.0,392839.5061728395,153950.61728395062,192595.0599268231,0.0,739385.1833836132,4300.0,89185.18518518518,38700.0,47777.77777777778,25800.0,149862.96296296298,0.22810707978975348,34184.802850121465,773569.9862337348,8.994999839927148,,,,,,,,,,,
SRC,10,8,#5,18,19.0,9.5,100.0,#57 stone,140.0,33.04313589136511,5.499039842323396,5.201089693986001,303.195774107541,38.80905908576525,0.20666666666666667,4.6875,0.2701525054466231,56.45005446623094,50.80504901960784,83.2,0.7638819336792131,0.4664550370885246,0.03994449344758064,2.0,45000.0,41000.0,86000.0,2123.456790123457,2654.320987654321,33.54101966249685,40.0,2.0,1.0,64111.56131315591,32888.24000348417,96999.80131664008,101.0,201.0,15.0,0.0,51.0,0.0,7.0,3.0,102321.31819442795,51.16065909721397,True,,50,50,0.03,1.0,0.0,392839.5061728395,153950.61728395062,163714.10911108472,0.0,710504.2325678748,4300.0,89185.18518518518,38700.0,47777.77777777778,25800.0,149862.96296296298,0.22810707978975348,34184.802850121465,744689.0354179963,8.659174830441819,,,,,,,,,,,
SRC,10,8,#6,6,19.0,9.5,100.0,#57 stone,140.0,33.04313589136511,5.499039842323396,5.201089693986001,303.195774107541,38.80905908576525,0.88,4.625,1.1503267973856208,213.83137254901962,192.44823529411764,83.2,0.20165972957067424,0.4664550370885246,0.006950976562500001,2.0,45000.0,41000.0,86000.0,2123.456790123457,2654.320987654321,40.249223594996224,40.0,2.0,1.0,193564.53868803626,91063.42721142809,284627.9658994643,301.0,601.0,41.0,0.0,51.0,0.0,7.0,3.0,426151.31561058684,213.07565780529342,True,,50,50,0.03,1.0,0.0,392839.5061728395,153950.61728395062,681842.1049769389,0.0,1228632.2284337291,4300.0,89185.18518518518,38700.0,47777.77777777778,25800.0,149862.96296296298,0.22810707978975348,34184.802850121465,1262817.0312838505,14.683918968416867,,,,,,,,,,,
SRC,10,8,#6,8,19.0,9.5,100.0,#57 stone,140.0,33.04313589136511,5.499039842323396,5.201089693986001,303.195774107541,38.80905908576525,0.66,4.625,0.8627450980392157,166.06764705882352,149.46088235294118,83.2,0.25966031027516906,0.4664550370885246,0.010267968749999998,2.0,45000.0,41000.0,86000.0,2123.456790123457,2654.320987654321,40.249223594996224,40.0,2.0,1.0,145294.28927094283,68852.83520864075,214147.12447958358,226.0,451.0,31.0,0.0,51.0,0.0,7.0,3.0,320625.833595821,160.3129167979105,True,,50,50,0.03,1.0,0.0,392839.5061728395,153950.61728395062,513001.33375331364,0.0,1059791.4572101037,4300.0,89185.18518518518,38700.0,47777.77777777778,25800.0,149862.96296296298,0.22810707978975348,34184.802850121465,1093976.2600602251,12.720654186746804,,,,,,,,,,,
SRC,10,8,#6,10,19.0,9.5,100.0,#57 stone,140.0,33.04313589136511,5.499039842323396,5.201089693986001,303.195774107541,38.80905908576525,0.528,4.625,0.6901960784313725,135.58729411764708,122.02856470588236,83.2,0.31803257851392613,0.4664550370885246,0.013584960937499998,2.0,45000.0,41000.0,86000.0,2123.456790123457,2654.320987654321,40.249223594996224,40.0,2.0,1.0,116332.13962068676,55526.48000696835,171858.6196276551,181.0,361.0,25.0,0.0,51.0,0.0,7.0,3.0,257310.54438696138,128.6552721934807,True,,50,50,0.03,1.0,0.0,392839.5061728395,153950.61728395062,411696.87101913826,0.0,958486.9944759284,4300.0,89185.18518518518,38700.0,47777.77777777778,25800.0,149862.96296296298,0.22810707978975348,34184.802850121465,992671.7973260499,11.542695317744766,,,,,,,,,,,
SRC,10,8,#6,12,19.0,9.5,100.0,#57 stone,140.0,33.04313589136511,5.499039842323396,5.201089693986001,303.195774107541,38.80905908576525,0.44,4.625,0.5751633986928104,114.50784313725491,103.05705882352943,83.2,0.37657836861248145,0.4664550370885246,0.016901953125,2.0,45000.0,41000.0,86000.0,2123.456790123457,2654.320987654321,40.249223594996224,40.0,2.0,1.0,97024.03985384939,46642.24320585341,143666.2830597028,151.0,301.0,21.0,0.0,51.0,0.0,7.0,3.0,215100.35158105503,107.55017579052752,True,,50,50,0.03,1.0,0.0,392839.5061728395,153950.61728395062,344160.56252968806,0.0,890950.6859864781,4300.0,89185.18518518518,38700.0,47777.77777777778,25800.0,149862.96296296298,0.22810707978975348,34184.802850121465,925135.4888365996,10.75738940507674,,,,,,,,,,,
SRC,10,8,#6,15,19.0,9.5,100.0,#57 stone,140.0,33.04313589136511,5.499039842323396,5.201089693986001,303.195774107541,38.80905908576525,0.35200000000000004,4.625,0.46013071895424845,92.82101960784314,83.53891764705882,83.2,0.464562627561546,0.4664550370885246,0.021877441406249993,2.0,45000.0,41000.0,86000.0,2123.456790123457,2654.320987654321,40.249223594996224,40.0,2.0,1.0,77715.94008701202,37758.00640473847,115473.94649175048,121.0,241.0,17.0,0.0,51.0,0.0,7.0,3.0,172890.15877514865,86.44507938757432,True,,50,50,0.03,1.0,0.0,392839.5061728395,153950.61728395062,276624.25404023787,0.0,823414.377497028,4300.0,89185.18518518518,38700.0,47777.77777777778,25800.0,149862.96296296298,0.22810707978975348,34184.802850121465,857599.1803471495,9.972083492408714,,,,,,,,,,,
SRC,10,8,#6,18,19.0,9.5,100.0,#57 stone,140.0,33.04313589136511,5.499039842323396,5.201089693986001,303.195774107541,38.80905908576525,0.29333333333333333,4.625,0.38344226579520696,78.02570806100218,70.22313725490196,83.2,0.5526534501711708,0.4664550370885246,0.0268529296875,2.0,45000.0,41000.0,86000.0,2123.456790123457,2654.320987654321,40.249223594996224,40.0,2.0,1.0,64843.87357578709,33315.88800418101,98159.7615799681,101.0,201.0,15.0,0.0,51.0,0.0,7.0,3.0,146966.97636556334,73.48348818278167,True,,50,50,0.03,1.0,0.0,392839.5061728395,153950.61728395062,235147.16218490133,0.0,781937.2856416914,4300.0,89185.18518518518,38700.0,47777.77777777778,25800.0,149862.96296296298,0.22810707978975348,34184.802850121465,816122.0884918129,9.489791726648988,,,,,,,,,,,
SRC,10,8,#6,24,19.0,9.5,100.0,#57 stone,140.0,33.04313589136511,5.499039842323396,5.201089693986001,303.195774107541,38.80905908576525,0.22,4.625,0.2875816993464052,59.15196078431372,53.23676470588235,83.2,0.7289898118372523,0.4664550370885246,0.036803906250000004,2.0,45000.0,41000.0,86000.0,2123.456790123457,2654.320987654321,40.249223594996224,40.0,2.0,1.0,48753.79043675594,24431.651203066074,73185.441639822,76.0,151.0,11.0,0.0,51.0,0.0,7.0,3.0,109574.86956628907,54.78743478314453,True,,50,50,0.03,1.0,0.0,392839.5061728395,153950.61728395062,175319.7913060625,0.0,722109.9147628526,4300.0,89185.18518518518,38700.0,47777.77777777778,25800.0,149862.96296296298,0.22810707978975348,34184.802850121465,756294.7176129741,8.794124623406676,,,,,,,,,,,
SRC,10,10,#3,6,19.0,9.5,100.0,#57 stone,140.0,39.06283563051279,5.499039842323396,5.431260308356283,205.755833875625,41.151166775125,0.22,6.8125,0.2875816993464052,88.02696078431372,79.22426470588235,130.0,0.5194263011199591,0.31654743673173075,0.055630078125,2.0,45000.0,41000.0,86000.0,2654.320987654321,2654.320987654321,20.124611797498112,40.0,2.0,1.0,187007.26934401813,87556.71360571406,274563.9829497322,301.0,601.0,41.0,0.0,51.0,0.0,7.0,3.0,102770.82417354561,51.3854120867728,True,,50,50,0.03,1.0,0.0,491049.3827160494,153950.61728395062,164433.31867767297,0.0,809433.318677673,5375.0,111481.48148148149,48375.0,47777.77777777778,32250.0,175384.25925925927,0.22810707978975348,40006.391220718666,849439.7098983916,9.877205929051065,,,,,,,,,,,
SRC,10,10,#3,8,19.0,9.5,100.0,#57 stone,140.0,39.06283563051279,5.499039842323396,5.431260308356283,205.755833875625,41.151166775125,0.165,6.8125,0.21568627450980393,66.37610294117647,59.738492647058834,130.0,0.6888551242538095,0.31654743673173075,0.0751734375,2.0,45000.0,41000.0,86000.0,2654.320987654321,2654.320987654321,20.124611797498112,40.0,2.0,1.0,140372.1446354714,66201.41760432038,206573.5622397918,226.0,451.0,31.0,0.0,51.0,0.0,7.0,3.0,77321.63197725541,38.660815988627704,True,,50,50,0.03,1.0,0.0,491049.3827160494,153950.61728395062,123714.61116360866,0.0,768714.6111636086,5375.0,111481.48148148149,48375.0,47777.77777777778,32250.0,175384.25925925927,0.22810707978975348,40006.391220718666,808721.0023843272,9.40373258586427,,,,,,,,,,,
SRC,10,10,#3,10,19.0,9.5,100.0,#57 stone,140.0,39.06283563051279,5.499039842323396,5.431260308356283,205.755833875625,41.151166775125,0.132,6.8125,0.17254901960784313,53.27170588235295,47.94453529411766,130.0,0.8583077617226141,0.31654743673173075,0.094716796875,2.0,45000.0,41000.0,86000.0,2654.320987654321,2654.320987654321,20.124611797498112,40.0,2.0,1.0,112391.06981034338,53388.24000348418,165779.30981382757,181.0,361.0,25.0,0.0,51.0,0.0,7.0,3.0,62052.1166594813,31.02605832974065,True,,50,50,0.03,1.0,0.0,491049.3827160494,153950.61728395062,99283.38665517008,0.0,744283.3866551701,5375.0,111481.48148148149,48375.0,47777.77777777778,32250.0,175384.25925925927,0.22810707978975348,40006.391220718666,784289.7778758887,9.119648579952194,,,,,,,,,,,
SRC,10,10,#4,6,19.0,9.5,100.0,#57 stone,140.0,39.06283563051279,5.499039842323396,5.431260308356283,205.755833875625,41.151166775125,0.4000000000000001,6.75,0.5228758169934641,155.72549019607845,140.15294117647062,130.0,0.29361614839969985,0.31654743673173075,0.028950703124999994,2.0,45000.0,41000.0,86000.0,2654.320987654321,2654.320987654321,26.83281572999748,40.0,2.0,1.0,189193.02579202416,88725.61814095205,277918.6439329762,301.0,601.0,41.0,0.0,51.0,0.0,7.0,3.0,189139.07712105327,94.56953856052664,True,,50,50,0.03,1.0,0.0,491049.3827160494,153950.61728395062,302622.52339368523,0.0,947622.5233936852,5375.0,111481.48148148149,48375.0,47777.77777777778,32250.0,175384.25925925927,0.22810707978975348,40006.391220718666,987628.9146144039,11.484057146679115,,,,,,,,,,,
SRC,10,10,#4,8,19.0,9.5,100.0,#57 stone,140.0,39.06283563051279,5.499039842323396,5.431260308356283,205.755833875625,41.151166775125,0.30000000000000004,6.75,0.39215686274509814,117.97058823529414,106.17352941176473,130.0,0.3875840522879442,0.31654743673173075,0.03960093749999999,2.0,45000.0,41000.0,86000.0,2654.320987654321,2654.320987654321,26.83281572999748,40.0,2.0,1.0,142012.85951396188,67085.22347242717,209098.08298638905,226.0,451.0,31.0,0.0,51.0,0.0,7.0,3.0,142302.86203240367,71.15143101620184,True,,50,50,0.03,1.0,0.0,491049.3827160494,153950.61728395062,227684.5792518459,0.0,872684.5792518458,5375.0,111481.48148148149,48375.0,47777.77777777778,32250.0,175384.25925925927,0.22810707978975348,40006.391220718666,912690.9704725645,10.612685703169355,,,,,,,,,,,
SRC,10,10,#4,10,19.0,9.5,100.0,#57 stone,140.0,39.06283563051279,5.499039842323396,5.431260308356283,205.755833875625,41.151166775125,0.24000000000000005,6.75,0.31372549019607854,94.94117647058825,85.44705882352943,130.0,0.48159839954366296,0.31654743673173075,0.05025117187499998,2.0,45000.0,41000.0,86000.0,2654.320987654321,2654.320987654321,26.83281572999748,40.0,2.0,1.0,113704.75974712451,54100.986671312225,167805.74641843673,181.0,361.0,25.0,0.0,51.0,0.0,7.0,3.0,114201.13297921389,57.10056648960694,True,,50,50,0.03,1.0,0.0,491049.3827160494,153950.61728395062,182721.81276674222,0.0,827721.8127667422,5375.0,111481.48148148149,48375.0,47777.77777777778,32250.0,175384.25925925927,0.22810707978975348,40006.391220718666,867728.2039874608,10.089862837063498,,,,,,,,,,,
SRC,10,10,#4,12,19.0,9.5,100.0,#57 stone,140.0,39.06283563051279,5.499039842323396,5.431260308356283,205.755833875625,41.151166775125,0.20000000000000004,6.75,0.26143790849673204,79.43137254901961,71.48823529411764,130.0,0.5756355098964248,0.31654743673173075,0.06090140624999999,2.0,45000.0,41000.0,86000.0,2654.320987654321,2654.320987654321,26.83281572999748,40.0,2.0,1.0,94832.69323589958,45444.828803902274,140277.52203980187,151.0,301.0,21.0,0.0,51.0,0.0,7.0,3.0,95466.64694375407,47.733323471877036,True,,50,50,0.03,1.0,0.0,491049.3827160494,153950.61728395062,152746.63511000652,0.0,797746.6351100066,5375.0,111481.48148148149,48375.0,47777.77777777778,32250.0,175384.25925925927,0.22810707978975348,40006.391220718666,837753.0263307252,9.741314259659594,,,,,,,,,,,
SRC,10,10,#4,15,19.0,9.5,100.0,#57 stone,140.0,39.06283563051279,5.499039842323396,5.431260308356283,205.755833875625,41.151166775125,0.16000000000000003,6.75,0.20915032679738566,63.796078431372564,57.416470588235306,130.0,0.71671362508926,0.31654743673173075,0.07687675781249999,2.0,45000.0,41000.0,86000.0,2654.320987654321,2654.320987654321,26.83281572999748,40.0,2.0,1.0,75960.62672467467,36788.670936492315,112749.29766116699,121.0,241.0,17.0,0.0,51.0,0.0,7.0,3.0,76732.16090829422,38.36608045414711,True,,50,50,0.03,1.0,0.0,491049.3827160494,153950.61728395062,122771.45745327075,0.0,767771.4574532708,5375.0,111481.48148148149,48375.0,47777.77777777778,32250.0,175384.25925925927,0.22810707978975348,40006.391220718666,807777.8486739894,9.39276568225569,,,,,,,,,,,
SRC,10,10,#4,18,19.0,9.5,100.0,#57 stone,140.0,39.06283563051279,5.499039842323396,5.431260308356283,205.755833875625,41.151166775125,0.13333333333333336,6.75,0.1742919389978214,53.30283224400872,47.972549019607854,130.0,0.857806550123181,0.31654743673173075,0.09285210937499999,2.0,45000.0,41000.0,86000.0,2654.320987654321,2654.320987654321,26.83281572999748,40.0,2.0,1.0,63379.249050524726,32460.592002787336,95839.84105331206,101.0,201.0,15.0,0.0,51.0,0.0,7.0,3.0,65224.33627239294,32.612168136196466,True,,50,50,0.03,1.0,0.0,491049.3827160494,153950.61728395062,104358.93803582869,0.0,749358.9380358286,5375.0,111481.48148148149,48375.0,47777.77777777778,32250.0,175384.25925925927,0.22810707978975348,40006.391220718666,789365.3292565473,9.178666619262177,,,,,,,,,,,
SRC,10,10,#5,6,19.0,9.5,100.0,#57 stone,140.0,39.06283563051279,5.499039842323396,5.431260308356283,205.755833875625,41.151166775125,0.62,6.6875,0.8104575163398693,233.7004901960784,210.33044117647057,130.0,0.19565007587560052,0.31654743673173075,0.017422492439516126,2.0,45000.0,41000.0,86000.0,2654.320987654321,2654.320987654321,33.54101966249685,40.0,2.0,1.0,191378.78224003024,89894.52267619007,281273.3049162203,301.0,601.0,41.0,0.0,51.0,0.0,7.0,3.0,296704.27094981854,148.35213547490926,True,,50,50,0.03,1.0,0.0,491049.3827160494,153950.61728395062,474726.83351970965,0.0,1119726.8335197098,5375.0,111481.48148148149,48375.0,47777.77777777778,32250.0,175384.25925925927,0.22810707978975348,40006.391220718666,1159733.2247404284,13.48527005512126,,,,,,,,,,,
SRC,10,10,#5,8,19.0,9.5,100.0,#57 stone,140.0,39.06283563051279,5.499039842323396,5.431260308356283,205.755833875625,41.151166775125,0.46499999999999997,6.6875,0.6078431372549019,178.1018382352941,160.2916544117647,130.0,0.2567268204083411,0.31654743673173075,0.024229989919354843,2.0,45000.0,41000.0,86000.0,2654.320987654321,2654.320987654321,33.54101966249685,40.0,2.0,1.0,143653.57439245237,67969.02934053396,211622.60373298632,226.0,451.0,31.0,0.0,51.0,0.0,7.0,3.0,223232.4549100043,111.61622745500216,True,,50,50,0.03,1.0,0.0,491049.3827160494,153950.61728395062,357171.9278560069,0.0,1002171.9278560069,5375.0,111481.48148148149,48375.0,47777.77777777778,32250.0,175384.25925925927,0.22810707978975348,40006.391220718666,1042178.3190767255,12.118352547403784,,,,,,,,,,,
SRC,10,10,#5,10,19.0,9.5,100.0,#57 stone,140.0,39.06283563051279,5.499039842323396,5.431260308356283,205.755833875625,41.151166775125,0.372,6.6875,0.48627450980392156,143.83817647058822,129.4543588235294,130.0,0.3178816623024781,0.31654743673173075,0.03103748739919355,2.0,45000.0,41000.0,86000.0,2654.320987654321,2654.320987654321,33.54101966249685,40.0,2.0,1.0,115018.44968390564,54813.733339140286,169832.18302304592,181.0,361.0,25.0,0.0,51.0,0.0,7.0,3.0,179149.36528611582,89.57468264305791,True,,50,50,0.03,1.0,0.0,491049.3827160494,153950.61728395062,286638.9844577853,0.0,931638.9844577853,5375.0,111481.48148148149,48375.0,47777.77777777778,32250.0,175384.25925925927,0.22810707978975348,40006.391220718666,971645.3756785039,11.298202042773301,,,,,,,,,,,
SRC,10,10,#5,12,19.0,9.5,100.0,#57 stone,140.0,39.06283563051279,5.499039842323396,5.431260308356283,205.755833875625,41.151166775125,0.31,6.6875,0.40522875816993464,120.61887254901961,108.55698529411765,130.0,0.37907433283664377,0.31654743673173075,0.037844984879032255,2.0,45000.0,41000.0,86000.0,2654.320987654321,2654.320987654321,33.54101966249685,40.0,2.0,1.0,95928.36654487449,46043.53600487784,141971.90254975233,151.0,301.0,21.0,0.0,51.0,0.0,7.0,3.0,149760.63887019013,74.88031943509506,True,,50,50,0.03,1.0,0.0,491049.3827160494,153950.61728395062,239617.0221923042,0.0,884617.0221923043,5375.0,111481.48148148149,48375.0,47777.77777777778,32250.0,175384.25925925927,0.22810707978975348,40006.391220718666,924623.4134130229,10.751435039686312,,,,,,,,,,,
SRC,10,10,#5,15,19.0,9.5,100.0,#57 stone,140.0,39.06283563051279,5.499039842323396,5.431260308356283,205.755833875625,41.151166775125,0.24799999999999997,6.6875,0.32418300653594767,97.09807843137253,87.38827058823527,130.0,0.4709003450706234,0.31654743673173075,0.04805623109879032,2.0,45000.0,41000.0,86000.0,2654.320987654321,2654.320987654321,33.54101966249685,40.0,2.0,1.0,76838.28340584334,37273.3386706154,114111.62207645873,121.0,241.0,17.0,0.0,51.0,0.0,7.0,3.0,120371.91245426444,60.18595622713222,True,,50,50,0.03,1.0,0.0,491049.3827160494,153950.61728395062,192595.0599268231,0.0,837595.0599268231,5375.0,111481.48148148149,48375.0,47777.77777777778,32250.0,175384.25925925927,0.22810707978975348,40006.391220718666,877601.4511475418,10.204668036599323,,,,,,,,,,,
SRC,10,10,#5,18,19.0,9.5,100.0,#57 stone,140.0,39.06283563051279,5.499039842323396,5.431260308356283,205.755833875625,41.151166775125,0.20666666666666667,6.6875,0.2701525054466231,81.25005446623094,73.12504901960784,130.0,0.5627506213922766,0.31654743673173075,0.05826747731854837,2.0,45000.0,41000.0,86000.0,2654.320987654321,2654.320987654321,33.54101966249685,40.0,2.0,1.0,64111.56131315591,32888.24000348417,96999.80131664008,101.0,201.0,15.0,0.0,51.0,0.0,7.0,3.0,102321.31819442795,51.16065909721397,True,,50,50,0.03,1.0,0.0,491049.3827160494,153950.61728395062,163714.10911108472,0.0,808714.1091110847,5375.0,111481.48148148149,48375.0,47777.77777777778,32250.0,175384.25925925927,0.22810707978975348,40006.391220718666,848720.5003318033,9.868843027113993,,,,,,,,,,,
SRC,10,10,#5,24,19.0,9.5,100.0,#57 stone,140.0,39.06283563051279,5.499039842323396,5.431260308356283,205.755833875625,41.151166775125,0.155,6.6875,0.20261437908496732,61.2515931372549,55.12643382352941,130.0,0.746487010330797,0.31654743673173075,0.07868996975806451,2.0,45000.0,41000.0,86000.0,2654.320987654321,2654.320987654321,33.54101966249685,40.0,2.0,1.0,48203.15869729662,24118.042669221726,72321.20136651835,76.0,151.0,11.0,0.0,51.0,0.0,7.0,3.0,76288.82283037595,38.144411415187975,True,,50,50,0.03,1.0,0.0,491049.3827160494,153950.61728395062,122062.11652860152,0.0,767062.1165286015,5375.0,111481.48148148149,48375.0,47777.77777777778,32250.0,175384.25925925927,0.22810707978975348,40006.391220718666,807068.5077493201,9.38451753196884,,,,,,,,,,,
SRC,10,10,#6,6,19.0,9.5,100.0,#57 stone,140.0,39.06283563051279,5.499039842323396,5.431260308356283,205.755833875625,41.151166775125,0.88,6.625,1.1503267973856208,319.4313725490196,287.4882352941177,130.0,0.14314035053651808,0.31654743673173075,0.0112541015625,2.0,45000.0,41000.0,86000.0,2654.320987654321,2654.320987654321,40.249223594996224,40.0,2.0,1.0,193564.53868803626,91063.42721142809,284627.9658994643,301.0,601.0,41.0,0.0,51.0,0.0,7.0,3.0,426151.31561058684,213.07565780529342,True,,50,50,0.03,1.0,0.0,491049.3827160494,153950.61728395062,681842.1049769389,0.0,1326842.104976939,5375.0,111481.48148148149,48375.0,47777.77777777778,32250.0,175384.25925925927,0.22810707978975348,40006.391220718666,1366848.4961976577,15.893587165089043,,,,,,,,,,,
SRC,10,10,#6,8,19.0,9.5,100.0,#57 stone,140.0,39.06283563051279,5.499039842323396,5.431260308356283,205.755833875625,41.151166775125,0.66,6.625,0.8627450980392157,245.2676470588235,220.74088235294118,130.0,0.18642295136488882,0.31654743673173075,0.01600546875,2.0,45000.0,41000.0,86000.0,2654.320987654321,2654.320987654321,40.249223594996224,40.0,2.0,1.0,145294.28927094283,68852.83520864075,214147.12447958358,226.0,451.0,31.0,0.0,51.0,0.0,7.0,3.0,320625.833595821,160.3129167979105,True,,50,50,0.03,1.0,0.0,491049.3827160494,153950.61728395062,513001.33375331364,0.0,1158001.3337533136,5375.0,111481.48148148149,48375.0,47777.77777777778,32250.0,175384.25925925927,0.22810707978975348,40006.391220718666,1198007.7249740323,13.93032238341898,,,,,,,,,,,
SRC,10,10,#6,10,19.0,9.5,100.0,#57 stone,140.0,39.06283563051279,5.499039842323396,5.431260308356283,205.755833875625,41.151166775125,0.528,6.625,0.6901960784313725,198.9472941176471,179.05256470588236,130.0,0.22982729592687634,0.31654743673173075,0.020756835937500002,2.0,45000.0,41000.0,86000.0,2654.320987654321,2654.320987654321,40.249223594996224,40.0,2.0,1.0,116332.13962068676,55526.48000696835,171858.6196276551,181.0,361.0,25.0,0.0,51.0,0.0,7.0,3.0,257310.54438696138,128.6552721934807,True,,50,50,0.03,1.0,0.0,491049.3827160494,153950.61728395062,411696.87101913826,0.0,1056696.8710191383,5375.0,111481.48148148149,48375.0,47777.77777777778,32250.0,175384.25925925927,0.22810707978975348,40006.391220718666,1096703.2622398569,12.75236351441694,,,,,,,,,,,
SRC,10,10,#6,12,19.0,9.5,100.0,#57 stone,140.0,39.06283563051279,5.499039842323396,5.431260308356283,205.755833875625,41.151166775125,0.44,6.625,0.5751633986928104,167.3078431372549,150.57705882352943,130.0,0.2732897500897039,0.31654743673173075,0.025508203125000004,2.0,45000.0,41000.0,86000.0,2654.320987654321,2654.320987654321,40.249223594996224,40.0,2.0,1.0,97024.03985384939,46642.24320585341,143666.2830597028,151.0,301.0,21.0,0.0,51.0,0.0,7.0,3.0,215100.35158105503,107.55017579052752,True,,50,50,0.03,1.0,0.0,491049.3827160494,153950.61728395062,344160.56252968806,0.0,989160.562529688,5375.0,111481.48148148149,48375.0,47777.77777777778,32250.0,175384.25925925927,0.22810707978975348,40006.391220718666,1029166.9537504066,11.967057601748914,,,,,,,,,,,
SRC,10,10,#6,15,19.0,9.5,100.0,#57 stone,140.0,39.06283563051279,5.499039842323396,5.431260308356283,205.755833875625,41.151166775125,0.35200000000000004,6.625,0.46013071895424845,135.06101960784315,121.55491764705884,130.0,0.338539711693192,0.31654743673173075,0.032635253906249995,2.0,45000.0,41000.0,86000.0,2654.320987654321,2654.320987654321,40.249223594996224,40.0,2.0,1.0,77715.94008701202,37758.00640473847,115473.94649175048,121.0,241.0,17.0,0.0,51.0,0.0,7.0,3.0,172890.15877514865,86.44507938757432,True,,50,50,0.03,1.0,0.0,491049.3827160494,153950.61728395062,276624.25404023787,0.0,921624.2540402379,5375.0,111481.48148148149,48375.0,47777.77777777778,32250.0,175384.25925925927,0.22810707978975348,40006.391220718666,961630.6452609565,11.181751689080889,,,,,,,,,,,
SRC,10,10,#6,18,19.0,9.5,100.0,#57 stone,140.0,39.06283563051279,5.499039842323396,5.431260308356283,205.755833875625,41.151166775125,0.29333333333333333,6.625,0.38344226579520696,113.22570806100218,101.90313725490196,130.0,0.4038262990097045,0.31654743673173075,0.0397623046875,2.0,45000.0,41000.0,86000.0,2654.320987654321,2654.320987654321,40.249223594996224,40.0,2.0,1.0,64843.87357578709,33315.88800418101,98159.7615799681,101.0,201.0,15.0,0.0,51.0,0.0,7.0,3.0,146966.97636556334,73.48348818278167,True,,50,50,0.03,1.0,0.0,491049.3827160494,153950.61728395062,235147.16218490133,0.0,880147.1621849013,5375.0,111481.48148148149,48375.0,47777.77777777778,32250.0,175384.25925925927,0.22810707978975348,40006.391220718666,920153.5534056199,10.699459923321163,,,,,,,,,,,
SRC,10,10,#6,24,19.0,9.5,100.0,#57 stone,140.0,39.06283563051279,5.499039842323396,5.431260308356283,205.755833875625,41.151166775125,0.22,6.625,0.2875816993464052,85.55196078431372,76.99676470588236,130.0,0.5344531933558132,0.31654743673173075,0.05401640625,2.0,45000.0,41000.0,86000.0,2654.320987654321,2654.320987654321,40.249223594996224,40.0,2.0,1.0,48753.79043675594,24431.651203066074,73185.441639822,76.0,151.0,11.0,0.0,51.0,0.0,7.0,3.0,109574.86956628907,54.78743478314453,True,,50,50,0.03,1.0,0.0,491049.3827160494,153950.61728395062,175319.7913060625,0.0,820319.7913060625,5375.0,111481.48148148149,48375.0,47777.77777777778,32250.0,175384.25925925927,0.22810707978975348,40006.391220718666,860326.1825267811,10.00379282007885,,,,,,,,,,,
SRC,10,12,#3,6,19.0,9.5,100.0,#57 stone,140.0,44.78676569548484,5.499039842323396,5.77022359949313,147.88133760076087,42.58982522901914,0.22,8.8125,0.2875816993464052,114.42696078431374,102.98426470588237,187.2,0.41355662780768926,0.2275097501550168,0.07284257812500002,2.0,45000.0,41000.0,86000.0,3185.185185185185,2654.320987654321,20.124611797498112,40.0,2.0,1.0,187007.26934401813,87556.71360571406,274563.9829497322,301.0,601.0,41.0,0.0,51.0,0.0,7.0,3.0,102770.82417354561,51.3854120867728,True,,50,50,0.03,1.0,0.0,589259.2592592592,153950.61728395062,164433.31867767297,0.0,907643.1952208829,6450.0,133777.77777777778,58050.0,47777.77777777778,38700.0,200905.55555555556,0.22810707978975348,45827.97959131586,953471.1748121987,11.086874125723241,,,,,,,,,,,
SRC,10,12,#3,8,19.0,9.5,100.0,#57 stone,140.0,44.78676569548484,5.499039842323396,5.77022359949313,147.88133760076087,42.58982522901914,0.165,8.8125,0.21568627450980393,86.17610294117648,77.55849264705883,187.2,0.549131678239678,0.2275097501550168,0.09812343749999998,2.0,45000.0,41000.0,86000.0,3185.185185185185,2654.320987654321,20.124611797498112,40.0,2.0,1.0,140372.1446354714,66201.41760432038,206573.5622397918,226.0,451.0,31.0,0.0,51.0,0.0,7.0,3.0,77321.63197725541,38.660815988627704,True,,50,50,0.03,1.0,0.0,589259.2592592592,153950.61728395062,123714.61116360866,0.0,866924.4877068185,6450.0,133777.77777777778,58050.0,47777.77777777778,38700.0,200905.55555555556,0.22810707978975348,45827.97959131586,912752.4672981343,10.613400782536447,,,,,,,,,,,
SRC,10,12,#3,10,19.0,9.5,100.0,#57 stone,140.0,44.78676569548484,5.499039842323396,5.77022359949313,147.88133760076087,42.58982522901914,0.132,8.8125,0.17254901960784313,69.11170588235294,62.20053529411764,187.2,0.6847179855869648,0.2275097501550168,0.123404296875,2.0,45000.0,41000.0,86000.0,3185.185185185185,2654.320987654321,20.124611797498112,40.0,2.0,1.0,112391.06981034338,53388.24000348418,165779.30981382757,181.0,361.0,25.0,0.0,51.0,0.0,7.0,3.0,62052.1166594813,31.02605832974065,True,,50,50,0.03,1.0,0.0,589259.2592592592,153950.61728395062,99283.38665517008,0.0,842493.26319838,6450.0,133777.77777777778,58050.0,47777.77777777778,38700.0,200905.55555555556,0.22810707978975348,45827.97959131586,888321.2427896959,10.32931677662437,,,,,,,,,,,
SRC,10,12,#3,12,19.0,9.5,100.0,#57 stone,140.0,44.78676569548484,5.499039842323396,5.77022359949313,147.88133760076087,42.58982522901914,0.11,8.8125,0.1437908496732026,57.68799019607843,51.9191911764706,187.2,0.8203098750952912,0.2275097501550168,0.14868515625,2.0,45000.0,41000.0,86000.0,3185.185185185185,2654.320987654321,20.124611797498112,40.0,2.0,1.0,93737.0199269247,44846.12160292671,138583.14152985142,151.0,301.0,21.0,0.0,51.0,0.0,7.0,3.0,51872.43978096522,25.93621989048261,True,,50,50,0.03,1.0,0.0,589259.2592592592,153950.61728395062,82995.90364954436,0.0,826205.7801927542,6450.0,133777.77777777778,58050.0,47777.77777777778,38700.0,200905.55555555556,0.22810707978975348,45827.97959131586,872033.7597840701,10.139927439349652,,,,,,,,,,,
SRC,10,12,#4,6,19.0,9.5,100.0,#57 stone,140.0,44.78676569548484,5.499039842323396,5.77022359949313,147.88133760076087,42.58982522901914,0.4000000000000001,8.75,0.5228758169934641,203.72549019607843,183.3529411764706,187.2,0.23228329447973223,0.2275097501550168,0.038417578125,2.0,45000.0,41000.0,86000.0,3185.185185185185,2654.320987654321,26.83281572999748,40.0,2.0,1.0,189193.02579202416,88725.61814095205,277918.6439329762,301.0,601.0,41.0,0.0,51.0,0.0,7.0,3.0,189139.07712105327,94.56953856052664,True,,50,50,0.03,1.0,0.0,589259.2592592592,153950.61728395062,302622.52339368523,0.0,1045832.3999368951,6450.0,133777.77777777778,58050.0,47777.77777777778,38700.0,200905.55555555556,0.22810707978975348,45827.97959131586,1091660.379528211,12.693725343351291,,,,,,,,,,,
SRC,10,12,#4,8,19.0,9.5,100.0,#57 stone,140.0,44.78676569548484,5.499039842323396,5.77022359949313,147.88133760076087,42.58982522901914,0.30000000000000004,8.75,0.39215686274509814,153.97058823529414,138.57352941176475,187.2,0.30734459466977615,0.2275097501550168,0.05222343749999999,2.0,45000.0,41000.0,86000.0,3185.185185185185,2654.320987654321,26.83281572999748,40.0,2.0,1.0,142012.85951396188,67085.22347242717,209098.08298638905,226.0,451.0,31.0,0.0,51.0,0.0,7.0,3.0,142302.86203240367,71.15143101620184,True,,50,50,0.03,1.0,0.0,589259.2592592592,153950.61728395062,227684.5792518459,0.0,970894.4557950557,6450.0,133777.77777777778,58050.0,47777.77777777778,38700.0,200905.55555555556,0.22810707978975348,45827.97959131586,1016722.4353863716,11.822353899841529,,,,,,,,,,,
SRC,10,12,#4,10,19.0,9.5,100.0,#57 stone,140.0,44.78676569548484,5.499039842323396,5.77022359949313,147.88133760076087,42.58982522901914,0.24000000000000005,8.75,0.31372549019607854,123.74117647058829,111.36705882352946,187.2,0.38242749408068977,0.2275097501550168,0.06602929687499998,2.0,45000.0,41000.0,86000.0,3185.185185185185,2654.320987654321,26.83281572999748,40.0,2.0,1.0,113704.75974712451,54100.986671312225,167805.74641843673,181.0,361.0,25.0,0.0,51.0,0.0,7.0,3.0,114201.13297921389,57.10056648960694,True,,50,50,0.03,1.0,0.0,589259.2592592592,153950.61728395062,182721.81276674222,0.0,925931.6893099521,6450.0,133777.77777777778,58050.0,47777.77777777778,38700.0,200905.55555555556,0.22810707978975348,45827.97959131586,971759.6689012679,11.299531033735674,,,,,,,,,,,
SRC,10,12,#4,12,19.0,9.5,100.0,#57 stone,140.0,44.78676569548484,5.499039842323396,5.77022359949313,147.88133760076087,42.58982522901914,0.20000000000000004,8.75,0.26143790849673204,103.43137254901963,93.08823529411767,187.2,0.45752102931647726,0.2275097501550168,0.07983515624999998,2.0,45000.0,41000.0,86000.0,3185.185185185185,2654.320987654321,26.83281572999748,40.0,2.0,1.0,94832.69323589958,45444.828803902274,140277.52203980187,151.0,301.0,21.0,0.0,51.0,0.0,7.0,3.0,95466.64694375407,47.733323471877036,True,,50,50,0.03,1.0,0.0,589259.2592592592,153950.61728395062,152746.63511000652,0.0,895956.5116532164,6450.0,133777.77777777778,58050.0,47777.77777777778,38700.0,200905.55555555556,0.22810707978975348,45827.97959131586,941784.4912445323,10.95098245633177,,,,,,,,,,,
SRC,10,12,#4,15,19.0,9.5,100.0,#57 stone,140.0,44.78676569548484,5.499039842323396,5.77022359949313,147.88133760076087,42.58982522901914,0.16000000000000003,8.75,0.20915032679738566,82.99607843137258,74.69647058823531,187.2,0.570171855425349,0.2275097501550168,0.1005439453125,2.0,45000.0,41000.0,86000.0,3185.185185185185,2654.320987654321,26.83281572999748,40.0,2.0,1.0,75960.62672467467,36788.670936492315,112749.29766116699,121.0,241.0,17.0,0.0,51.0,0.0,7.0,3.0,76732.16090829422,38.36608045414711,True,,50,50,0.03,1.0,0.0,589259.2592592592,153950.61728395062,122771.45745327075,0.0,865981.3339964807,6450.0,133777.77777777778,58050.0,47777.77777777778,38700.0,200905.55555555556,0.22810707978975348,45827.97959131586,911809.3135877965,10.602433878927867,,,,,,,,,,,
SRC,10,12,#4,18,19.0,9.5,100.0,#57 stone,140.0,44.78676569548484,5.499039842323396,5.77022359949313,147.88133760076087,42.58982522901914,0.13333333333333336,8.75,0.1742919389978214,69.30283224400873,62.37254901960785,187.2,0.6828296405784269,0.2275097501550168,0.12125273437499998,2.0,45000.0,41000.0,86000.0,3185.185185185185,2654.320987654321,26.83281572999748,40.0,2.0,1.0,63379.249050524726,32460.592002787336,95839.84105331206,101.0,201.0,15.0,0.0,51.0,0.0,7.0,3.0,65224.33627239294,32.612168136196466,True,,50,50,0.03,1.0,0.0,589259.2592592592,153950.61728395062,104358.93803582869,0.0,847568.8145790385,6450.0,133777.77777777778,58050.0,47777.77777777778,38700.0,200905.55555555556,0.22810707978975348,45827.97959131586,893396.7941703544,10.388334815934353,,,,,,,,,,,
SRC,10,12,#4,24,19.0,9.5,100.0,#57 stone,140.0,44.78676569548484,5.499039842323396,5.77022359949313,147.88133760076087,42.58982522901914,0.10000000000000002,8.75,0.13071895424836602,52.10784313725491,46.89705882352942,187.2,0.9081555708915965,0.2275097501550168,0.1626703125,2.0,45000.0,41000.0,86000.0,3185.185185185185,2654.320987654321,26.83281572999748,40.0,2.0,1.0,47652.5269578373,23804.43413537738,71456.96109321468,76.0,151.0,11.0,0.0,51.0,0.0,7.0,3.0,48630.431855104434,24.315215927552217,True,,50,50,0.03,1.0,0.0,589259.2592592592,153950.61728395062,77808.6909681671,0.0,821018.5675113769,6450.0,133777.77777777778,58050.0,47777.77777777778,38700.0,200905.55555555556,0.22810707978975348,45827.97959131586,866846.5471026928,10.079611012822008,,,,,,,,,,,
SRC,10,12,#5,6,19.0,9.5,100.0,#57 stone,140.0,44.78676569548484,5.499039842323396,5.77022359949313,147.88133760076087,42.58982522901914,0.62,8.6875,0.8104575163398693,308.10049019607845,277.2904411764706,187.2,0.15359283590275122,0.2275097501550168,0.02353015372983871,2.0,45000.0,41000.0,86000.0,3185.185185185185,2654.320987654321,33.54101966249685,40.0,2.0,1.0,191378.78224003024,89894.52267619007,281273.3049162203,301.0,601.0,41.0,0.0,51.0,0.0,7.0,3.0,296704.27094981854,148.35213547490926,True,,50,50,0.03,1.0,0.0,589259.2592592592,153950.61728395062,474726.83351970965,0.0,1217936.7100629197,6450.0,133777.77777777778,58050.0,47777.77777777778,38700.0,200905.55555555556,0.22810707978975348,45827.97959131586,1263764.6896542355,14.694938251793436,,,,,,,,,,,
SRC,10,12,#5,8,19.0,9.5,100.0,#57 stone,140.0,44.78676569548484,5.499039842323396,5.77022359949313,147.88133760076087,42.58982522901914,0.46499999999999997,8.6875,0.6078431372549019,233.90183823529406,210.51165441176468,187.2,0.20231575941972627,0.2275097501550168,0.032373538306451614,2.0,45000.0,41000.0,86000.0,3185.185185185185,2654.320987654321,33.54101966249685,40.0,2.0,1.0,143653.57439245237,67969.02934053396,211622.60373298632,226.0,451.0,31.0,0.0,51.0,0.0,7.0,3.0,223232.4549100043,111.61622745500216,True,,50,50,0.03,1.0,0.0,589259.2592592592,153950.61728395062,357171.9278560069,0.0,1100381.8043992168,6450.0,133777.77777777778,58050.0,47777.77777777778,38700.0,200905.55555555556,0.22810707978975348,45827.97959131586,1146209.7839905326,13.32802074407596,,,,,,,,,,,
SRC,10,12,#5,10,19.0,9.5,100.0,#57 stone,140.0,44.78676569548484,5.499039842323396,5.77022359949313,147.88133760076087,42.58982522901914,0.372,8.6875,0.48627450980392156,188.47817647058827,169.63035882352943,187.2,0.2510743096011862,0.2275097501550168,0.04121692288306452,2.0,45000.0,41000.0,86000.0,3185.185185185185,2654.320987654321,33.54101966249685,40.0,2.0,1.0,115018.44968390564,54813.733339140286,169832.18302304592,181.0,361.0,25.0,0.0,51.0,0.0,7.0,3.0,179149.36528611582,89.57468264305791,True,,50,50,0.03,1.0,0.0,589259.2592592592,153950.61728395062,286638.9844577853,0.0,1029848.8610009952,6450.0,133777.77777777778,58050.0,47777.77777777778,38700.0,200905.55555555556,0.22810707978975348,45827.97959131586,1075676.840592311,12.507870239445477,,,,,,,,,,,
SRC,10,12,#5,12,19.0,9.5,100.0,#57 stone,140.0,44.78676569548484,5.499039842323396,5.77022359949313,147.88133760076087,42.58982522901914,0.31,8.6875,0.40522875816993464,157.8188725490196,142.03698529411764,187.2,0.29985024774236013,0.2275097501550168,0.05006030745967741,2.0,45000.0,41000.0,86000.0,3185.185185185185,2654.320987654321,33.54101966249685,40.0,2.0,1.0,95928.36654487449,46043.53600487784,141971.90254975233,151.0,301.0,21.0,0.0,51.0,0.0,7.0,3.0,149760.63887019013,74.88031943509506,True,,50,50,0.03,1.0,0.0,589259.2592592592,153950.61728395062,239617.0221923042,0.0,982826.8987355141,6450.0,133777.77777777778,58050.0,47777.77777777778,38700.0,200905.55555555556,0.22810707978975348,45827.97959131586,1028654.87832683,11.961103236358488,,,,,,,,,,,
SRC,10,12,#5,15,19.0,9.5,100.0,#57 stone,140.0,44.78676569548484,5.499039842323396,5.77022359949313,147.88133760076087,42.58982522901914,0.24799999999999997,8.6875,0.32418300653594767,126.85807843137255,114.17227058823529,187.2,0.37303125364494366,0.2275097501550168,0.06332538432459678,2.0,45000.0,41000.0,86000.0,3185.185185185185,2654.320987654321,33.54101966249685,40.0,2.0,1.0,76838.28340584334,37273.3386706154,114111.62207645873,121.0,241.0,17.0,0.0,51.0,0.0,7.0,3.0,120371.91245426444,60.18595622713222,True,,50,50,0.03,1.0,0.0,589259.2592592592,153950.61728395062,192595.0599268231,0.0,935804.936470033,6450.0,133777.77777777778,58050.0,47777.77777777778,38700.0,200905.55555555556,0.22810707978975348,45827.97959131586,981632.9160613489,11.414336233271499,,,,,,,,,,,
SRC,10,12,#5,18,19.0,9.5,100.0,#57 stone,140.0,44.78676569548484,5.499039842323396,5.77022359949313,147.88133760076087,42.58982522901914,0.20666666666666667,8.6875,0.2701525054466231,106.05005446623093,95.44504901960784,187.2,0.44622351464526633,0.2275097501550168,0.07659046118951612,2.0,45000.0,41000.0,86000.0,3185.185185185185,2654.320987654321,33.54101966249685,40.0,2.0,1.0,64111.56131315591,32888.24000348417,96999.80131664008,101.0,201.0,15.0,0.0,51.0,0.0,7.0,3.0,102321.31819442795,51.16065909721397,True,,50,50,0.03,1.0,0.0,589259.2592592592,153950.61728395062,163714.10911108472,0.0,906923.9856542946,6450.0,133777.77777777778,58050.0,47777.77777777778,38700.0,200905.55555555556,0.22810707978975348,45827.97959131586,952751.9652456105,11.078511223786169,,,,,,,,,,,
SRC,10,12,#5,24,19.0,9.5,100.0,#57 stone,140.0,44.78676569548484,5.499039842323396,5.77022359949313,147.88133760076087,42.58982522901914,0.155,8.6875,0.20261437908496732,79.85159313725491,71.86643382352943,187.2,0.5926247200967277,0.2275097501550168,0.10312061491935483,2.0,45000.0,41000.0,86000.0,3185.185185185185,2654.320987654321,33.54101966249685,40.0,2.0,1.0,48203.15869729662,24118.042669221726,72321.20136651835,76.0,151.0,11.0,0.0,51.0,0.0,7.0,3.0,76288.82283037595,38.144411415187975,True,,50,50,0.03,1.0,0.0,589259.2592592592,153950.61728395062,122062.11652860152,0.0,865271.9930718114,6450.0,133777.77777777778,58050.0,47777.77777777778,38700.0,200905.55555555556,0.22810707978975348,45827.97959131586,911099.9726631272,10.594185728641014,,,,,,,,,,,
SRC,10,12,#6,6,19.0,9.5,100.0,#57 stone,140.0,44.78676569548484,5.499039842323396,5.77022359949313,147.88133760076087,42.58982522901914,0.88,8.625,1.1503267973856208,425.03137254901964,382.52823529411774,187.2,0.11133772960909079,0.2275097501550168,0.015557226562500004,2.0,45000.0,41000.0,86000.0,3185.185185185185,2654.320987654321,40.249223594996224,40.0,2.0,1.0,193564.53868803626,91063.42721142809,284627.9658994643,301.0,601.0,41.0,0.0,51.0,0.0,7.0,3.0,426151.31561058684,213.07565780529342,True,,50,50,0.03,1.0,0.0,589259.2592592592,153950.61728395062,681842.1049769389,0.0,1425051.981520149,6450.0,133777.77777777778,58050.0,47777.77777777778,38700.0,200905.55555555556,0.22810707978975348,45827.97959131586,1470879.9611114648,17.103255361761217,,,,,,,,,,,
SRC,10,12,#6,8,19.0,9.5,100.0,#57 stone,140.0,44.78676569548484,5.499039842323396,5.77022359949313,147.88133760076087,42.58982522901914,0.66,8.625,0.8627450980392157,324.4676470588235,292.02088235294116,187.2,0.1458451357514371,0.2275097501550168,0.021742968749999998,2.0,45000.0,41000.0,86000.0,3185.185185185185,2654.320987654321,40.249223594996224,40.0,2.0,1.0,145294.28927094283,68852.83520864075,214147.12447958358,226.0,451.0,31.0,0.0,51.0,0.0,7.0,3.0,320625.833595821,160.3129167979105,True,,50,50,0.03,1.0,0.0,589259.2592592592,153950.61728395062,513001.33375331364,0.0,1256211.2102965235,6450.0,133777.77777777778,58050.0,47777.77777777778,38700.0,200905.55555555556,0.22810707978975348,45827.97959131586,1302039.1898878394,15.139990580091155,,,,,,,,,,,
SRC,10,12,#6,10,19.0,9.5,100.0,#57 stone,140.0,44.78676569548484,5.499039842323396,5.77022359949313,147.88133760076087,42.58982522901914,0.528,8.625,0.6901960784313725,262.3072941176471,236.07656470588233,187.2,0.18040683234305777,0.2275097501550168,0.0279287109375,2.0,45000.0,41000.0,86000.0,3185.185185185185,2654.320987654321,40.249223594996224,40.0,2.0,1.0,116332.13962068676,55526.48000696835,171858.6196276551,181.0,361.0,25.0,0.0,51.0,0.0,7.0,3.0,257310.54438696138,128.6552721934807,True,,50,50,0.03,1.0,0.0,589259.2592592592,153950.61728395062,411696.87101913826,0.0,1154906.7475623481,6450.0,133777.77777777778,58050.0,47777.77777777778,38700.0,200905.55555555556,0.22810707978975348,45827.97959131586,1200734.727153664,13.962031711089116,,,,,,,,,,,
SRC,10,12,#6,12,19.0,9.5,100.0,#57 stone,140.0,44.78676569548484,5.499039842323396,5.77022359949313,147.88133760076087,42.58982522901914,0.44,8.625,0.5751633986928104,220.1078431372549,198.0970588235294,187.2,0.2149947378419151,0.2275097501550168,0.034114453125000006,2.0,45000.0,41000.0,86000.0,3185.185185185185,2654.320987654321,40.249223594996224,40.0,2.0,1.0,97024.03985384939,46642.24320585341,143666.2830597028,151.0,301.0,21.0,0.0,51.0,0.0,7.0,3.0,215100.35158105503,107.55017579052752,True,,50,50,0.03,1.0,0.0,589259.2592592592,153950.61728395062,344160.56252968806,0.0,1087370.439072898,6450.0,133777.77777777778,58050.0,47777.77777777778,38700.0,200905.55555555556,0.22810707978975348,45827.97959131586,1133198.4186642137,13.17672579842109,,,,,,,,,,,
SRC,10,12,#6,15,19.0,9.5,100.0,#57 stone,140.0,44.78676569548484,5.499039842323396,5.77022359949313,147.88133760076087,42.58982522901914,0.35200000000000004,8.625,0.46013071895424845,177.3010196078432,159.57091764705888,187.2,0.26690217651827947,0.2275097501550168,0.043393066406249986,2.0,45000.0,41000.0,86000.0,3185.185185185185,2654.320987654321,40.249223594996224,40.0,2.0,1.0,77715.94008701202,37758.00640473847,115473.94649175048,121.0,241.0,17.0,0.0,51.0,0.0,7.0,3.0,172890.15877514865,86.44507938757432,True,,50,50,0.03,1.0,0.0,589259.2592592592,153950.61728395062,276624.25404023787,0.0,1019834.1305834478,6450.0,133777.77777777778,58050.0,47777.77777777778,38700.0,200905.55555555556,0.22810707978975348,45827.97959131586,1065662.1101747637,12.391419885753066,,,,,,,,,,,
SRC,10,12,#6,18,19.0,9.5,100.0,#57 stone,140.0,44.78676569548484,5.499039842323396,5.77022359949313,147.88133760076087,42.58982522901914,0.29333333333333333,8.625,0.38344226579520696,148.42570806100215,133.58313725490197,187.2,0.31882635865745296,0.2275097501550168,0.0526716796875,2.0,45000.0,41000.0,86000.0,3185.185185185185,2654.320987654321,40.249223594996224,40.0,2.0,1.0,64843.87357578709,33315.88800418101,98159.7615799681,101.0,201.0,15.0,0.0,51.0,0.0,7.0,3.0,146966.97636556334,73.48348818278167,True,,50,50,0.03,1.0,0.0,589259.2592592592,153950.61728395062,235147.16218490133,0.0,978357.0387281112,6450.0,133777.77777777778,58050.0,47777.77777777778,38700.0,200905.55555555556,0.22810707978975348,45827.97959131586,1024185.018319427,11.909128119993337,,,,,,,,,,,
SRC,10,12,#6,24,19.0,9.5,100.0,#57 stone,140.0,44.78676569548484,5.499039842323396,5.77022359949313,147.88133760076087,42.58982522901914,0.22,8.625,0.2875816993464052,111.95196078431374,100.75676470588236,187.2,0.42269941232573804,0.2275097501550168,0.07122890625000002,2.0,45000.0,41000.0,86000.0,3185.185185185185,2654.320987654321,40.249223594996224,40.0,2.0,1.0,48753.79043675594,24431.651203066074,73185.441639822,76.0,151.0,11.0,0.0,51.0,0.0,7.0,3.0,109574.86956628907,54.78743478314453,True,,50,50,0.03,1.0,0.0,589259.2592592592,153950.61728395062,175319.7913060625,0.0,918529.6678492724,6450.0,133777.77777777778,58050.0,47777.77777777778,38700.0,200905.55555555556,0.22810707978975348,45827.97959131586,964357.6474405882,11.213461016751026,,,,,,,,,,,
SRC,12,6,#4,6,19.0,9.5,100.0,#57 stone,150.0,26.174982388104926,5.499039842323396,5.136027579968186,481.21635365065237,34.647577462846975,0.4000000000000001,2.75,0.5228758169934641,59.72549019607844,53.75294117647059,46.8,0.6445708216988384,0.7403328517702346,0.010016953124999999,2.0,45000.0,41000.0,86000.0,1592.5925925925926,3185.185185185185,26.83281572999748,40.0,2.0,1.0,189193.02579202416,88725.61814095205,277918.6439329762,301.0,601.0,41.0,0.0,51.0,0.0,7.0,3.0,189139.07712105327,94.56953856052664,True,,50,50,0.03,1.0,0.0,294629.6296296296,184740.74074074073,302622.52339368523,0.0,781992.8937640556,3225.0,66888.88888888889,29025.0,57333.333333333336,19350.0,133897.22222222222,0.22810707978975348,30542.904353070797,812535.7981171263,9.44809067578054,,,,,,,,,,,
SRC,12,6,#4,8,19.0,9.5,100.0,#57 stone,150.0,26.174982388104926,5.499039842323396,5.136027579968186,481.21635365065237,34.647577462846975,0.30000000000000004,2.75,0.39215686274509814,45.97058823529412,41.373529411764714,46.8,0.8374334497311416,0.7403328517702346,0.014355937499999997,2.0,45000.0,41000.0,86000.0,1592.5925925925926,3185.185185185185,26.83281572999748,40.0,2.0,1.0,142012.85951396188,67085.22347242717,209098.08298638905,226.0,451.0,31.0,0.0,51.0,0.0,7.0,3.0,142302.86203240367,71.15143101620184,True,,50,50,0.03,1.0,0.0,294629.6296296296,184740.74074074073,227684.5792518459,0.0,707054.9496222162,3225.0,66888.88888888889,29025.0,57333.333333333336,19350.0,133897.22222222222,0.22810707978975348,30542.904353070797,737597.8539752869,8.57671923227078,,,,,,,,,,,
SRC,12,6,#5,6,19.0,9.5,100.0,#57 stone,150.0,26.174982388104926,5.499039842323396,5.136027579968186,481.21635365065237,34.647577462846975,0.62,2.6875,0.8104575163398693,84.90049019607844,76.41044117647058,46.8,0.4534403535614732,0.7403328517702346,0.005207169858870968,2.0,45000.0,41000.0,86000.0,1592.5925925925926,3185.185185185185,33.54101966249685,40.0,2.0,1.0,191378.78224003024,89894.52267619007,281273.3049162203,301.0,601.0,41.0,0.0,51.0,0.0,7.0,3.0,296704.27094981854,148.35213547490926,True,,50,50,0.03,1.0,0.0,294629.6296296296,184740.74074074073,474726.83351970965,0.0,954097.20389008,3225.0,66888.88888888889,29025.0,57333.333333333336,19350.0,133897.22222222222,0.22810707978975348,30542.904353070797,984640.1082431508,11.449303584222683,,,,,,,,,,,
SRC,12,6,#5,8,19.0,9.5,100.0,#57 stone,150.0,26.174982388104926,5.499039842323396,5.136027579968186,481.21635365065237,34.647577462846975,0.46499999999999997,2.6875,0.6078431372549019,66.50183823529412,59.8516544117647,46.8,0.5788908895396632,0.7403328517702346,0.007942893145161292,2.0,45000.0,41000.0,86000.0,1592.5925925925926,3185.185185185185,33.54101966249685,40.0,2.0,1.0,143653.57439245237,67969.02934053396,211622.60373298632,226.0,451.0,31.0,0.0,51.0,0.0,7.0,3.0,223232.4549100043,111.61622745500216,True,,50,50,0.03,1.0,0.0,294629.6296296296,184740.74074074073,357171.9278560069,0.0,836542.2982263772,3225.0,66888.88888888889,29025.0,57333.333333333336,19350.0,133897.22222222222,0.22810707978975348,30542.904353070797,867085.202579448,10.082386076505209,,,,,,,,,,,
SRC,12,6,#5,10,19.0,9.5,100.0,#57 stone,150.0,26.174982388104926,5.499039842323396,5.136027579968186,481.21635365065237,34.647577462846975,0.372,2.6875,0.48627450980392156,54.558176470588236,49.102358823529414,46.8,0.7056194100036629,0.7403328517702346,0.010678616431451614,2.0,45000.0,41000.0,86000.0,1592.5925925925926,3185.185185185185,33.54101966249685,40.0,2.0,1.0,115018.44968390564,54813.733339140286,169832.18302304592,181.0,361.0,25.0,0.0,51.0,0.0,7.0,3.0,179149.36528611582,89.57468264305791,True,,50,50,0.03,1.0,0.0,294629.6296296296,184740.74074074073,286638.9844577853,0.0,766009.3548281556,3225.0,66888.88888888889,29025.0,57333.333333333336,19350.0,133897.22222222222,0.22810707978975348,30542.904353070797,796552.2591812264,9.262235571874726,,,,,,,,,,,
SRC,12,6,#5,12,19.0,9.5,100.0,#57 stone,150.0,26.174982388104926,5.499039842323396,5.136027579968186,481.21635365065237,34.647577462846975,0.31,2.6875,0.40522875816993464,46.2188725490196,41.596985294117644,46.8,0.8329348201045376,0.7403328517702346,0.013414339717741934,2.0,45000.0,41000.0,86000.0,1592.5925925925926,3185.185185185185,33.54101966249685,40.0,2.0,1.0,95928.36654487449,46043.53600487784,141971.90254975233,151.0,301.0,21.0,0.0,51.0,0.0,7.0,3.0,149760.63887019013,74.88031943509506,True,,50,50,0.03,1.0,0.0,294629.6296296296,184740.74074074073,239617.0221923042,0.0,718987.3925626746,3225.0,66888.88888888889,29025.0,57333.333333333336,19350.0,133897.22222222222,0.22810707978975348,30542.904353070797,749530.2969157454,8.715468568787736,,,,,,,,,,,
SRC,12,6,#6,6,19.0,9.5,100.0,#57 stone,150.0,26.174982388104926,5.499039842323396,5.136027579968186,481.21635365065237,34.647577462846975,0.88,2.625,1.1503267973856208,108.23137254901962,97.40823529411766,46.8,0.3556945401816482,0.7403328517702346,0.0026478515625000007,2.0,45000.0,41000.0,86000.0,1592.5925925925926,3185.185185185185,40.249223594996224,40.0,2.0,1.0,193564.53868803626,91063.42721142809,284627.9658994643,301.0,601.0,41.0,0.0,51.0,0.0,7.0,3.0,426151.31561058684,213.07565780529342,True,Section may not be tension-controlled; phi = 0.90 should be reviewed.,50,50,0.03,1.0,0.0,294629.6296296296,184740.74074074073,681842.1049769389,0.0,1161212.4753473094,3225.0,66888.88888888889,29025.0,57333.333333333336,19350.0,133897.22222222222,0.22810707978975348,30542.904353070797,1191755.3797003801,13.857620694190468,,,,,,,,,,,
SRC,12,6,#6,8,19.0,9.5,100.0,#57 stone,150.0,26.174982388104926,5.499039842323396,5.136027579968186,481.21635365065237,34.647577462846975,0.66,2.625,0.8627450980392157,86.86764705882352,78.18088235294117,46.8,0.44317199320459616,0.7403328517702346,0.00453046875,2.0,45000.0,41000.0,86000.0,1592.5925925925926,3185.185185185185,40.249223594996224,40.0,2.0,1.0,145294.28927094283,68852.83520864075,214147.12447958358,226.0,451.0,31.0,0.0,51.0,0.0,7.0,3.0,320625.833595821,160.3129167979105,True,Section may not be tension-controlled; phi = 0.90 should be reviewed.,50,50,0.03,1.0,0.0,294629.6296296296,184740.74074074073,513001.33375331364,0.0,992371.704123684,3225.0,66888.88888888889,29025.0,57333.333333333336,19350.0,133897.22222222222,0.22810707978975348,30542.904353070797,1022914.6084767547,11.894355912520403,,,,,,,,,,,
SRC,12,6,#6,10,19.0,9.5,100.0,#57 stone,150.0,26.174982388104926,5.499039842323396,5.136027579968186,481.21635365065237,34.647577462846975,0.528,2.625,0.6901960784313725,72.22729411764705,65.00456470588234,46.8,0.5330022225302536,0.7403328517702346,0.0064130859375,2.0,45000.0,41000.0,86000.0,1592.5925925925926,3185.185185185185,40.249223594996224,40.0,2.0,1.0,116332.13962068676,55526.48000696835,171858.6196276551,181.0,361.0,25.0,0.0,51.0,0.0,7.0,3.0,257310.54438696138,128.6552721934807,True,,50,50,0.03,1.0,0.0,294629.6296296296,184740.74074074073,411696.87101913826,0.0,891067.2413895086,3225.0,66888.88888888889,29025.0,57333.333333333336,19350.0,133897.22222222222,0.22810707978975348,30542.904353070797,921610.1457425794,10.716397043518365,,,,,,,,,,,
SRC,12,6,#6,12,19.0,9.5,100.0,#57 stone,150.0,26.174982388104926,5.499039842323396,5.136027579968186,481.21635365065237,34.647577462846975,0.44,2.625,0.5751633986928104,61.707843137254905,55.537058823529414,46.8,0.6238641043801156,0.7403328517702346,0.008295703125000001,2.0,45000.0,41000.0,86000.0,1592.5925925925926,3185.185185185185,40.249223594996224,40.0,2.0,1.0,97024.03985384939,46642.24320585341,143666.2830597028,151.0,301.0,21.0,0.0,51.0,0.0,7.0,3.0,215100.35158105503,107.55017579052752,True,,50,50,0.03,1.0,0.0,294629.6296296296,184740.74074074073,344160.56252968806,0.0,823530.9329000583,3225.0,66888.88888888889,29025.0,57333.333333333336,19350.0,133897.22222222222,0.22810707978975348,30542.904353070797,854073.8372531291,9.931091130850339,,,,,,,,,,,
SRC,12,6,#6,15,19.0,9.5,100.0,#57 stone,150.0,26.174982388104926,5.499039842323396,5.136027579968186,481.21635365065237,34.647577462846975,0.35200000000000004,2.625,0.46013071895424845,50.581019607843146,45.52291764705883,46.8,0.7611018637133752,0.7403328517702346,0.011119628906249995,2.0,45000.0,41000.0,86000.0,1592.5925925925926,3185.185185185185,40.249223594996224,40.0,2.0,1.0,77715.94008701202,37758.00640473847,115473.94649175048,121.0,241.0,17.0,0.0,51.0,0.0,7.0,3.0,172890.15877514865,86.44507938757432,True,,50,50,0.03,1.0,0.0,294629.6296296296,184740.74074074073,276624.25404023787,0.0,755994.6244106082,3225.0,66888.88888888889,29025.0,57333.333333333336,19350.0,133897.22222222222,0.22810707978975348,30542.904353070797,786537.528763679,9.145785218182313,,,,,,,,,,,
SRC,12,6,#6,18,19.0,9.5,100.0,#57 stone,150.0,26.174982388104926,5.499039842323396,5.136027579968186,481.21635365065237,34.647577462846975,0.29333333333333333,2.625,0.38344226579520696,42.82570806100218,38.543137254901964,46.8,0.8989298726179964,0.7403328517702346,0.013943554687499998,2.0,45000.0,41000.0,86000.0,1592.5925925925926,3185.185185185185,40.249223594996224,40.0,2.0,1.0,64843.87357578709,33315.88800418101,98159.7615799681,101.0,201.0,15.0,0.0,51.0,0.0,7.0,3.0,146966.97636556334,73.48348818278167,True,,50,50,0.03,1.0,0.0,294629.6296296296,184740.74074074073,235147.16218490133,0.0,714517.5325552716,3225.0,66888.88888888889,29025.0,57333.333333333336,19350.0,133897.22222222222,0.22810707978975348,30542.904353070797,745060.4369083424,8.663493452422586,,,,,,,,,,,
SRC,12,8,#3,6,19.0,9.5,100.0,#57 stone,150.0,32.47808772970976,5.499039842323396,5.201089693986001,300.65170917264993,38.48341877409919,0.22,4.8125,0.2875816993464052,61.62696078431372,55.46426470588235,83.2,0.6938416830759458,0.46254109103484603,0.038417578125,2.0,45000.0,41000.0,86000.0,2123.456790123457,3185.185185185185,20.124611797498112,40.0,2.0,1.0,187007.26934401813,87556.71360571406,274563.9829497322,301.0,601.0,41.0,0.0,51.0,0.0,7.0,3.0,102770.82417354561,51.3854120867728,True,,50,50,0.03,1.0,0.0,392839.5061728395,184740.74074074073,164433.31867767297,0.0,742013.5655912532,4300.0,89185.18518518518,38700.0,57333.333333333336,25800.0,159418.5185185185,0.22810707978975348,36364.492723667994,778378.0583149212,9.050907654824666,,,,,,,,,,,
SRC,12,8,#3,8,19.0,9.5,100.0,#57 stone,150.0,32.47808772970976,5.499039842323396,5.201089693986001,300.65170917264993,38.48341877409919,0.165,4.8125,0.21568627450980393,46.57610294117647,41.918492647058834,83.2,0.9180534972504394,0.46254109103484603,0.052223437500000004,2.0,45000.0,41000.0,86000.0,2123.456790123457,3185.185185185185,20.124611797498112,40.0,2.0,1.0,140372.1446354714,66201.41760432038,206573.5622397918,226.0,451.0,31.0,0.0,51.0,0.0,7.0,3.0,77321.63197725541,38.660815988627704,True,,50,50,0.03,1.0,0.0,392839.5061728395,184740.74074074073,123714.61116360866,0.0,701294.8580771888,4300.0,89185.18518518518,38700.0,57333.333333333336,25800.0,159418.5185185185,0.22810707978975348,36364.492723667994,737659.3508008568,8.57743431163787,,,,,,,,,,,
SRC,12,8,#4,6,19.0,9.5,100.0,#57 stone,150.0,32.47808772970976,5.499039842323396,5.201089693986001,300.65170917264993,38.48341877409919,0.4000000000000001,4.75,0.5228758169934641,107.72549019607845,96.9529411764706,83.2,0.396928843077106,0.46254109103484603,0.019483828124999998,2.0,45000.0,41000.0,86000.0,2123.456790123457,3185.185185185185,26.83281572999748,40.0,2.0,1.0,189193.02579202416,88725.61814095205,277918.6439329762,301.0,601.0,41.0,0.0,51.0,0.0,7.0,3.0,189139.07712105327,94.56953856052664,True,,50,50,0.03,1.0,0.0,392839.5061728395,184740.74074074073,302622.52339368523,0.0,880202.7703072655,4300.0,89185.18518518518,38700.0,57333.333333333336,25800.0,159418.5185185185,0.22810707978975348,36364.492723667994,916567.2630309334,10.657758872452714,,,,,,,,,,,
SRC,12,8,#4,8,19.0,9.5,100.0,#57 stone,150.0,32.47808772970976,5.499039842323396,5.201089693986001,300.65170917264993,38.48341877409919,0.30000000000000004,4.75,0.39215686274509814,81.97058823529413,73.77352941176471,83.2,0.5216426417571154,0.46254109103484603,0.02697843749999999,2.0,45000.0,41000.0,86000.0,2123.456790123457,3185.185185185185,26.83281572999748,40.0,2.0,1.0,142012.85951396188,67085.22347242717,209098.08298638905,226.0,451.0,31.0,0.0,51.0,0.0,7.0,3.0,142302.86203240367,71.15143101620184,True,,50,50,0.03,1.0,0.0,392839.5061728395,184740.74074074073,227684.5792518459,0.0,805264.826165426,4300.0,89185.18518518518,38700.0,57333.333333333336,25800.0,159418.5185185185,0.22810707978975348,36364.492723667994,841629.318889094,9.786387428942954,,,,,,,,,,,
SRC,12,8,#4,10,19.0,9.5,100.0,#57 stone,150.0,32.47808772970976,5.499039842323396,5.201089693986001,300.65170917264993,38.48341877409919,0.24000000000000005,4.75,0.31372549019607854,66.14117647058825,59.52705882352943,83.2,0.6464861448670759,0.46254109103484603,0.03447304687499999,2.0,45000.0,41000.0,86000.0,2123.456790123457,3185.185185185185,26.83281572999748,40.0,2.0,1.0,113704.75974712451,54100.986671312225,167805.74641843673,181.0,361.0,25.0,0.0,51.0,0.0,7.0,3.0,114201.13297921389,57.10056648960694,True,,50,50,0.03,1.0,0.0,392839.5061728395,184740.74074074073,182721.81276674222,0.0,760302.0596803224,4300.0,89185.18518518518,38700.0,57333.333333333336,25800.0,159418.5185185185,0.22810707978975348,36364.492723667994,796666.5524039904,9.263564562837098,,,,,,,,,,,
SRC,12,8,#4,12,19.0,9.5,100.0,#57 stone,150.0,32.47808772970976,5.499039842323396,5.201089693986001,300.65170917264993,38.48341877409919,0.20000000000000004,4.75,0.26143790849673204,55.431372549019606,49.88823529411765,83.2,0.7713926649683838,0.46254109103484603,0.04196765625,2.0,45000.0,41000.0,86000.0,2123.456790123457,3185.185185185185,26.83281572999748,40.0,2.0,1.0,94832.69323589958,45444.828803902274,140277.52203980187,151.0,301.0,21.0,0.0,51.0,0.0,7.0,3.0,95466.64694375407,47.733323471877036,True,,50,50,0.03,1.0,0.0,392839.5061728395,184740.74074074073,152746.63511000652,0.0,730326.8820235868,4300.0,89185.18518518518,38700.0,57333.333333333336,25800.0,159418.5185185185,0.22810707978975348,36364.492723667994,766691.3747472548,8.915015985433195,,,,,,,,,,,
SRC,12,8,#4,15,19.0,9.5,100.0,#57 stone,150.0,32.47808772970976,5.499039842323396,5.201089693986001,300.65170917264993,38.48341877409919,0.16000000000000003,4.75,0.20915032679738566,44.59607843137256,40.136470588235305,83.2,0.9588142208343389,0.46254109103484603,0.05320957031249999,2.0,45000.0,41000.0,86000.0,2123.456790123457,3185.185185185185,26.83281572999748,40.0,2.0,1.0,75960.62672467467,36788.670936492315,112749.29766116699,121.0,241.0,17.0,0.0,51.0,0.0,7.0,3.0,76732.16090829422,38.36608045414711,True,,50,50,0.03,1.0,0.0,392839.5061728395,184740.74074074073,122771.45745327075,0.0,700351.704366851,4300.0,89185.18518518518,38700.0,57333.333333333336,25800.0,159418.5185185185,0.22810707978975348,36364.492723667994,736716.197090519,8.566467408029292,,,,,,,,,,,
SRC,12,8,#5,6,19.0,9.5,100.0,#57 stone,150.0,32.47808772970976,5.499039842323396,5.201089693986001,300.65170917264993,38.48341877409919,0.62,4.6875,0.8104575163398693,159.3004901960784,143.37044117647056,83.2,0.2684194765553595,0.46254109103484603,0.011314831149193547,2.0,45000.0,41000.0,86000.0,2123.456790123457,3185.185185185185,33.54101966249685,40.0,2.0,1.0,191378.78224003024,89894.52267619007,281273.3049162203,301.0,601.0,41.0,0.0,51.0,0.0,7.0,3.0,296704.27094981854,148.35213547490926,True,,50,50,0.03,1.0,0.0,392839.5061728395,184740.74074074073,474726.83351970965,0.0,1052307.08043329,4300.0,89185.18518518518,38700.0,57333.333333333336,25800.0,159418.5185185185,0.22810707978975348,36364.492723667994,1088671.573156958,12.658971780894861,,,,,,,,,,,
SRC,12,8,#5,8,19.0,9.5,100.0,#57 stone,150.0,32.47808772970976,5.499039842323396,5.201089693986001,300.65170917264993,38.48341877409919,0.46499999999999997,4.6875,0.6078431372549019,122.30183823529411,110.0716544117647,83.2,0.34962151681792114,0.46254109103484603,0.016086441532258064,2.0,45000.0,41000.0,86000.0,2123.456790123457,3185.185185185185,33.54101966249685,40.0,2.0,1.0,143653.57439245237,67969.02934053396,211622.60373298632,226.0,451.0,31.0,0.0,51.0,0.0,7.0,3.0,223232.4549100043,111.61622745500216,True,,50,50,0.03,1.0,0.0,392839.5061728395,184740.74074074073,357171.9278560069,0.0,934752.1747695871,4300.0,89185.18518518518,38700.0,57333.333333333336,25800.0,159418.5185185185,0.22810707978975348,36364.492723667994,971116.6674932551,11.292054273177385,,,,,,,,,,,
SRC,12,8,#5,10,19.0,9.5,100.0,#57 stone,150.0,32.47808772970976,5.499039842323396,5.201089693986001,300.65170917264993,38.48341877409919,0.372,4.6875,0.48627450980392156,99.19817647058824,89.27835882352942,83.2,0.4310498006596067,0.46254109103484603,0.02085805191532258,2.0,45000.0,41000.0,86000.0,2123.456790123457,3185.185185185185,33.54101966249685,40.0,2.0,1.0,115018.44968390564,54813.733339140286,169832.18302304592,181.0,361.0,25.0,0.0,51.0,0.0,7.0,3.0,179149.36528611582,89.57468264305791,True,,50,50,0.03,1.0,0.0,392839.5061728395,184740.74074074073,286638.9844577853,0.0,864219.2313713655,4300.0,89185.18518518518,38700.0,57333.333333333336,25800.0,159418.5185185185,0.22810707978975348,36364.492723667994,900583.7240950335,10.4719037685469,,,,,,,,,,,
SRC,12,8,#5,12,19.0,9.5,100.0,#57 stone,150.0,32.47808772970976,5.499039842323396,5.201089693986001,300.65170917264993,38.48341877409919,0.31,4.6875,0.40522875816993464,83.41887254901961,75.07698529411765,83.2,0.5125860957700762,0.46254109103484603,0.02562966229838709,2.0,45000.0,41000.0,86000.0,2123.456790123457,3185.185185185185,33.54101966249685,40.0,2.0,1.0,95928.36654487449,46043.53600487784,141971.90254975233,151.0,301.0,21.0,0.0,51.0,0.0,7.0,3.0,149760.63887019013,74.88031943509506,True,,50,50,0.03,1.0,0.0,392839.5061728395,184740.74074074073,239617.0221923042,0.0,817197.2691058845,4300.0,89185.18518518518,38700.0,57333.333333333336,25800.0,159418.5185185185,0.22810707978975348,36364.492723667994,853561.7618295525,9.925136765459913,,,,,,,,,,,
SRC,12,8,#5,15,19.0,9.5,100.0,#57 stone,150.0,32.47808772970976,5.499039842323396,5.201089693986001,300.65170917264993,38.48341877409919,0.24799999999999997,4.6875,0.32418300653594767,67.33807843137254,60.60427058823528,83.2,0.6349951645415848,0.46254109103484603,0.03278707787298387,2.0,45000.0,41000.0,86000.0,2123.456790123457,3185.185185185185,33.54101966249685,40.0,2.0,1.0,76838.28340584334,37273.3386706154,114111.62207645873,121.0,241.0,17.0,0.0,51.0,0.0,7.0,3.0,120371.91245426444,60.18595622713222,True,,50,50,0.03,1.0,0.0,392839.5061728395,184740.74074074073,192595.0599268231,0.0,770175.3068404034,4300.0,89185.18518518518,38700.0,57333.333333333336,25800.0,159418.5185185185,0.22810707978975348,36364.492723667994,806539.7995640713,9.378369762372923,,,,,,,,,,,
SRC,12,8,#5,18,19.0,9.5,100.0,#57 stone,150.0,32.47808772970976,5.499039842323396,5.201089693986001,300.65170917264993,38.48341877409919,0.20666666666666667,4.6875,0.2701525054466231,56.45005446623094,50.80504901960784,83.2,0.7574723283752132,0.46254109103484603,0.03994449344758064,2.0,45000.0,41000.0,86000.0,2123.456790123457,3185.185185185185,33.54101966249685,40.0,2.0,1.0,64111.56131315591,32888.24000348417,96999.80131664008,101.0,201.0,15.0,0.0,51.0,0.0,7.0,3.0,102321.31819442795,51.16065909721397,True,,50,50,0.03,1.0,0.0,392839.5061728395,184740.74074074073,163714.10911108472,0.0,741294.356024665,4300.0,89185.18518518518,38700.0,57333.333333333336,25800.0,159418.5185185185,0.22810707978975348,36364.492723667994,777658.8487483329,9.042544752887592,,,,,,,,,,,
SRC,12,8,#6,6,19.0,9.5,100.0,#57 stone,150.0,32.47808772970976,5.499039842323396,5.201089693986001,300.65170917264993,38.48341877409919,0.88,4.625,1.1503267973856208,213.83137254901962,192.44823529411764,83.2,0.19996763657138858,0.46254109103484603,0.006950976562500001,2.0,45000.0,41000.0,86000.0,2123.456790123457,3185.185185185185,40.249223594996224,40.0,2.0,1.0,193564.53868803626,91063.42721142809,284627.9658994643,301.0,601.0,41.0,0.0,51.0,0.0,7.0,3.0,426151.31561058684,213.07565780529342,True,,50,50,0.03,1.0,0.0,392839.5061728395,184740.74074074073,681842.1049769389,0.0,1259422.3518905193,4300.0,89185.18518518518,38700.0,57333.333333333336,25800.0,159418.5185185185,0.22810707978975348,36364.492723667994,1295786.8446141873,15.067288890862642,,,,,,,,,,,
SRC,12,8,#6,8,19.0,9.5,100.0,#57 stone,150.0,32.47808772970976,5.499039842323396,5.201089693986001,300.65170917264993,38.48341877409919,0.66,4.625,0.8627450980392157,166.06764705882352,149.46088235294118,83.2,0.25748154412218277,0.46254109103484603,0.010267968749999998,2.0,45000.0,41000.0,86000.0,2123.456790123457,3185.185185185185,40.249223594996224,40.0,2.0,1.0,145294.28927094283,68852.83520864075,214147.12447958358,226.0,451.0,31.0,0.0,51.0,0.0,7.0,3.0,320625.833595821,160.3129167979105,True,,50,50,0.03,1.0,0.0,392839.5061728395,184740.74074074073,513001.33375331364,0.0,1090581.5806668939,4300.0,89185.18518518518,38700.0,57333.333333333336,25800.0,159418.5185185185,0.22810707978975348,36364.492723667994,1126946.0733905619,13.10402410919258,,,,,,,,,,,
SRC,12,8,#6,10,19.0,9.5,100.0,#57 stone,150.0,32.47808772970976,5.499039842323396,5.201089693986001,300.65170917264993,38.48341877409919,0.528,4.625,0.6901960784313725,135.58729411764708,122.02856470588236,83.2,0.3153640204394218,0.46254109103484603,0.013584960937499998,2.0,45000.0,41000.0,86000.0,2123.456790123457,3185.185185185185,40.249223594996224,40.0,2.0,1.0,116332.13962068676,55526.48000696835,171858.6196276551,181.0,361.0,25.0,0.0,51.0,0.0,7.0,3.0,257310.54438696138,128.6552721934807,True,,50,50,0.03,1.0,0.0,392839.5061728395,184740.74074074073,411696.87101913826,0.0,989277.1179327185,4300.0,89185.18518518518,38700.0,57333.333333333336,25800.0,159418.5185185185,0.22810707978975348,36364.492723667994,1025641.6106563865,11.92606524019054,,,,,,,,,,,
SRC,12,8,#6,12,19.0,9.5,100.0,#57 stone,150.0,32.47808772970976,5.499039842323396,5.201089693986001,300.65170917264993,38.48341877409919,0.44,4.625,0.5751633986928104,114.50784313725491,103.05705882352943,83.2,0.37341856262361006,0.46254109103484603,0.016901953125,2.0,45000.0,41000.0,86000.0,2123.456790123457,3185.185185185185,40.249223594996224,40.0,2.0,1.0,97024.03985384939,46642.24320585341,143666.2830597028,151.0,301.0,21.0,0.0,51.0,0.0,7.0,3.0,215100.35158105503,107.55017579052752,True,,50,50,0.03,1.0,0.0,392839.5061728395,184740.74074074073,344160.56252968806,0.0,921740.8094432682,4300.0,89185.18518518518,38700.0,57333.333333333336,25800.0,159418.5185185185,0.22810707978975348,36364.492723667994,958105.3021669362,11.140759327522515,,,,,,,,,,,
SRC,12,8,#6,15,19.0,9.5,100.0,#57 stone,150.0,32.47808772970976,5.499039842323396,5.201089693986001,300.65170917264993,38.48341877409919,0.35200000000000004,4.625,0.46013071895424845,92.82101960784314,83.53891764705882,83.2,0.46066456039910264,0.46254109103484603,0.021877441406249993,2.0,45000.0,41000.0,86000.0,2123.456790123457,3185.185185185185,40.249223594996224,40.0,2.0,1.0,77715.94008701202,37758.00640473847,115473.94649175048,121.0,241.0,17.0,0.0,51.0,0.0,7.0,3.0,172890.15877514865,86.44507938757432,True,,50,50,0.03,1.0,0.0,392839.5061728395,184740.74074074073,276624.25404023787,0.0,854204.5009538181,4300.0,89185.18518518518,38700.0,57333.333333333336,25800.0,159418.5185185185,0.22810707978975348,36364.492723667994,890568.9936774861,10.35545341485449,,,,,,,,,,,
SRC,12,8,#6,18,19.0,9.5,100.0,#57 stone,150.0,32.47808772970976,5.499039842323396,5.201089693986001,300.65170917264993,38.48341877409919,0.29333333333333333,4.625,0.38344226579520696,78.02570806100218,70.22313725490196,83.2,0.5480162276773364,0.46254109103484603,0.0268529296875,2.0,45000.0,41000.0,86000.0,2123.456790123457,3185.185185185185,40.249223594996224,40.0,2.0,1.0,64843.87357578709,33315.88800418101,98159.7615799681,101.0,201.0,15.0,0.0,51.0,0.0,7.0,3.0,146966.97636556334,73.48348818278167,True,,50,50,0.03,1.0,0.0,392839.5061728395,184740.74074074073,235147.16218490133,0.0,812727.4090984815,4300.0,89185.18518518518,38700.0,57333.333333333336,25800.0,159418.5185185185,0.22810707978975348,36364.492723667994,849091.9018221495,9.873161649094762,,,,,,,,,,,
SRC,12,8,#6,24,19.0,9.5,100.0,#57 stone,150.0,32.47808772970976,5.499039842323396,5.201089693986001,300.65170917264993,38.48341877409919,0.22,4.625,0.2875816993464052,59.15196078431372,53.23676470588235,83.2,0.7228729804808556,0.46254109103484603,0.036803906250000004,2.0,45000.0,41000.0,86000.0,2123.456790123457,3185.185185185185,40.249223594996224,40.0,2.0,1.0,48753.79043675594,24431.651203066074,73185.441639822,76.0,151.0,11.0,0.0,51.0,0.0,7.0,3.0,109574.86956628907,54.78743478314453,True,,50,50,0.03,1.0,0.0,392839.5061728395,184740.74074074073,175319.7913060625,0.0,752900.0382196427,4300.0,89185.18518518518,38700.0,57333.333333333336,25800.0,159418.5185185185,0.22810707978975348,36364.492723667994,789264.5309433107,9.17749454585245,,,,,,,,,,,
SRC,12,10,#3,6,19.0,9.5,100.0,#57 stone,150.0,38.39484868355252,5.499039842323396,5.431260308356283,204.12763231729474,40.82552646345895,0.22,6.8125,0.2875816993464052,88.02696078431372,79.22426470588235,130.0,0.5153159403248798,0.31404251125737653,0.055630078125,2.0,45000.0,41000.0,86000.0,2654.320987654321,3185.185185185185,20.124611797498112,40.0,2.0,1.0,187007.26934401813,87556.71360571406,274563.9829497322,301.0,601.0,41.0,0.0,51.0,0.0,7.0,3.0,102770.82417354561,51.3854120867728,True,,50,50,0.03,1.0,0.0,491049.3827160494,184740.74074074073,164433.31867767297,0.0,840223.4421344631,5375.0,111481.48148148149,48375.0,57333.333333333336,32250.0,184939.81481481483,0.22810707978975348,42186.081094265195,882409.5232287283,10.26057585149684,,,,,,,,,,,
SRC,12,10,#3,8,19.0,9.5,100.0,#57 stone,150.0,38.39484868355252,5.499039842323396,5.431260308356283,204.12763231729474,40.82552646345895,0.165,6.8125,0.21568627450980393,66.37610294117647,59.738492647058834,130.0,0.683404027360723,0.31404251125737653,0.0751734375,2.0,45000.0,41000.0,86000.0,2654.320987654321,3185.185185185185,20.124611797498112,40.0,2.0,1.0,140372.1446354714,66201.41760432038,206573.5622397918,226.0,451.0,31.0,0.0,51.0,0.0,7.0,3.0,77321.63197725541,38.660815988627704,True,,50,50,0.03,1.0,0.0,491049.3827160494,184740.74074074073,123714.61116360866,0.0,799504.7346203987,5375.0,111481.48148148149,48375.0,57333.333333333336,32250.0,184939.81481481483,0.22810707978975348,42186.081094265195,841690.815714664,9.787102508310046,,,,,,,,,,,
SRC,12,10,#3,10,19.0,9.5,100.0,#57 stone,150.0,38.39484868355252,5.499039842323396,5.431260308356283,204.12763231729474,40.82552646345895,0.132,6.8125,0.17254901960784313,53.27170588235295,47.94453529411766,130.0,0.8515157402822477,0.31404251125737653,0.094716796875,2.0,45000.0,41000.0,86000.0,2654.320987654321,3185.185185185185,20.124611797498112,40.0,2.0,1.0,112391.06981034338,53388.24000348418,165779.30981382757,181.0,361.0,25.0,0.0,51.0,0.0,7.0,3.0,62052.1166594813,31.02605832974065,True,,50,50,0.03,1.0,0.0,491049.3827160494,184740.74074074073,99283.38665517008,0.0,775073.5101119602,5375.0,111481.48148148149,48375.0,57333.333333333336,32250.0,184939.81481481483,0.22810707978975348,42186.081094265195,817259.5912062255,9.503018502397971,,,,,,,,,,,
SRC,12,10,#4,6,19.0,9.5,100.0,#57 stone,150.0,38.39484868355252,5.499039842323396,5.431260308356283,204.12763231729474,40.82552646345895,0.4000000000000001,6.75,0.5228758169934641,155.72549019607845,140.15294117647062,130.0,0.2912926844114841,0.31404251125737653,0.028950703124999994,2.0,45000.0,41000.0,86000.0,2654.320987654321,3185.185185185185,26.83281572999748,40.0,2.0,1.0,189193.02579202416,88725.61814095205,277918.6439329762,301.0,601.0,41.0,0.0,51.0,0.0,7.0,3.0,189139.07712105327,94.56953856052664,True,,50,50,0.03,1.0,0.0,491049.3827160494,184740.74074074073,302622.52339368523,0.0,978412.6468504753,5375.0,111481.48148148149,48375.0,57333.333333333336,32250.0,184939.81481481483,0.22810707978975348,42186.081094265195,1020598.7279447406,11.86742706912489,,,,,,,,,,,
SRC,12,10,#4,8,19.0,9.5,100.0,#57 stone,150.0,38.39484868355252,5.499039842323396,5.431260308356283,204.12763231729474,40.82552646345895,0.30000000000000004,6.75,0.39215686274509814,117.97058823529414,106.17352941176473,130.0,0.3845169948634599,0.31404251125737653,0.03960093749999999,2.0,45000.0,41000.0,86000.0,2654.320987654321,3185.185185185185,26.83281572999748,40.0,2.0,1.0,142012.85951396188,67085.22347242717,209098.08298638905,226.0,451.0,31.0,0.0,51.0,0.0,7.0,3.0,142302.86203240367,71.15143101620184,True,,50,50,0.03,1.0,0.0,491049.3827160494,184740.74074074073,227684.5792518459,0.0,903474.702708636,5375.0,111481.48148148149,48375.0,57333.333333333336,32250.0,184939.81481481483,0.22810707978975348,42186.081094265195,945660.7838029012,10.99605562561513,,,,,,,,,,,
SRC,12,10,#4,10,19.0,9.5,100.0,#57 stone,150.0,38.39484868355252,5.499039842323396,5.431260308356283,204.12763231729474,40.82552646345895,0.24000000000000005,6.75,0.31372549019607854,94.94117647058825,85.44705882352943,130.0,0.47778738116398317,0.31404251125737653,0.05025117187499998,2.0,45000.0,41000.0,86000.0,2654.320987654321,3185.185185185185,26.83281572999748,40.0,2.0,1.0,113704.75974712451,54100.986671312225,167805.74641843673,181.0,361.0,25.0,0.0,51.0,0.0,7.0,3.0,114201.13297921389,57.10056648960694,True,,50,50,0.03,1.0,0.0,491049.3827160494,184740.74074074073,182721.81276674222,0.0,858511.9362235323,5375.0,111481.48148148149,48375.0,57333.333333333336,32250.0,184939.81481481483,0.22810707978975348,42186.081094265195,900698.0173177975,10.473232759509273,,,,,,,,,,,
SRC,12,10,#4,12,19.0,9.5,100.0,#57 stone,150.0,38.39484868355252,5.499039842323396,5.431260308356283,204.12763231729474,40.82552646345895,0.20000000000000004,6.75,0.26143790849673204,79.43137254901961,71.48823529411764,130.0,0.5710803504310065,0.31404251125737653,0.06090140624999999,2.0,45000.0,41000.0,86000.0,2654.320987654321,3185.185185185185,26.83281572999748,40.0,2.0,1.0,94832.69323589958,45444.828803902274,140277.52203980187,151.0,301.0,21.0,0.0,51.0,0.0,7.0,3.0,95466.64694375407,47.733323471877036,True,,50,50,0.03,1.0,0.0,491049.3827160494,184740.74074074073,152746.63511000652,0.0,828536.7585667967,5375.0,111481.48148148149,48375.0,57333.333333333336,32250.0,184939.81481481483,0.22810707978975348,42186.081094265195,870722.8396610619,10.124684182105371,,,,,,,,,,,
SRC,12,10,#4,15,19.0,9.5,100.0,#57 stone,150.0,38.39484868355252,5.499039842323396,5.431260308356283,204.12763231729474,40.82552646345895,0.16000000000000003,6.75,0.20915032679738566,63.796078431372564,57.416470588235306,130.0,0.7110420763449737,0.31404251125737653,0.07687675781249999,2.0,45000.0,41000.0,86000.0,2654.320987654321,3185.185185185185,26.83281572999748,40.0,2.0,1.0,75960.62672467467,36788.670936492315,112749.29766116699,121.0,241.0,17.0,0.0,51.0,0.0,7.0,3.0,76732.16090829422,38.36608045414711,True,,50,50,0.03,1.0,0.0,491049.3827160494,184740.74074074073,122771.45745327075,0.0,798561.5809100609,5375.0,111481.48148148149,48375.0,57333.333333333336,32250.0,184939.81481481483,0.22810707978975348,42186.081094265195,840747.6620043261,9.776135604701466,,,,,,,,,,,
SRC,12,10,#4,18,19.0,9.5,100.0,#57 stone,150.0,38.39484868355252,5.499039842323396,5.431260308356283,204.12763231729474,40.82552646345895,0.13333333333333336,6.75,0.1742919389978214,53.30283224400872,47.972549019607854,130.0,0.8510184949057492,0.31404251125737653,0.09285210937499999,2.0,45000.0,41000.0,86000.0,2654.320987654321,3185.185185185185,26.83281572999748,40.0,2.0,1.0,63379.249050524726,32460.592002787336,95839.84105331206,101.0,201.0,15.0,0.0,51.0,0.0,7.0,3.0,65224.33627239294,32.612168136196466,True,,50,50,0.03,1.0,0.0,491049.3827160494,184740.74074074073,104358.93803582869,0.0,780149.0614926188,5375.0,111481.48148148149,48375.0,57333.333333333336,32250.0,184939.81481481483,0.22810707978975348,42186.081094265195,822335.142586884,9.562036541707954,,,,,,,,,,,
SRC,12,10,#5,6,19.0,9.5,100.0,#57 stone,150.0,38.39484868355252,5.499039842323396,5.431260308356283,204.12763231729474,40.82552646345895,0.62,6.6875,0.8104575163398693,233.7004901960784,210.33044117647057,130.0,0.19410184391333865,0.31404251125737653,0.017422492439516126,2.0,45000.0,41000.0,86000.0,2654.320987654321,3185.185185185185,33.54101966249685,40.0,2.0,1.0,191378.78224003024,89894.52267619007,281273.3049162203,301.0,601.0,41.0,0.0,51.0,0.0,7.0,3.0,296704.27094981854,148.35213547490926,True,,50,50,0.03,1.0,0.0,491049.3827160494,184740.74074074073,474726.83351970965,0.0,1150516.9569764999,5375.0,111481.48148148149,48375.0,57333.333333333336,32250.0,184939.81481481483,0.22810707978975348,42186.081094265195,1192703.038070765,13.868639977567035,,,,,,,,,,,
SRC,12,10,#5,8,19.0,9.5,100.0,#57 stone,150.0,38.39484868355252,5.499039842323396,5.431260308356283,204.12763231729474,40.82552646345895,0.46499999999999997,6.6875,0.6078431372549019,178.1018382352941,160.2916544117647,130.0,0.2546952716489183,0.31404251125737653,0.024229989919354843,2.0,45000.0,41000.0,86000.0,2654.320987654321,3185.185185185185,33.54101966249685,40.0,2.0,1.0,143653.57439245237,67969.02934053396,211622.60373298632,226.0,451.0,31.0,0.0,51.0,0.0,7.0,3.0,223232.4549100043,111.61622745500216,True,,50,50,0.03,1.0,0.0,491049.3827160494,184740.74074074073,357171.9278560069,0.0,1032962.051312797,5375.0,111481.48148148149,48375.0,57333.333333333336,32250.0,184939.81481481483,0.22810707978975348,42186.081094265195,1075148.1324070622,12.501722469849561,,,,,,,,,,,
SRC,12,10,#5,10,19.0,9.5,100.0,#57 stone,150.0,38.39484868355252,5.499039842323396,5.431260308356283,204.12763231729474,40.82552646345895,0.372,6.6875,0.48627450980392156,143.83817647058822,129.4543588235294,130.0,0.3153661787403529,0.31404251125737653,0.03103748739919355,2.0,45000.0,41000.0,86000.0,2654.320987654321,3185.185185185185,33.54101966249685,40.0,2.0,1.0,115018.44968390564,54813.733339140286,169832.18302304592,181.0,361.0,25.0,0.0,51.0,0.0,7.0,3.0,179149.36528611582,89.57468264305791,True,,50,50,0.03,1.0,0.0,491049.3827160494,184740.74074074073,286638.9844577853,0.0,962429.1079145754,5375.0,111481.48148148149,48375.0,57333.333333333336,32250.0,184939.81481481483,0.22810707978975348,42186.081094265195,1004615.1890088406,11.681571965219076,,,,,,,,,,,
SRC,12,10,#5,12,19.0,9.5,100.0,#57 stone,150.0,38.39484868355252,5.499039842323396,5.431260308356283,204.12763231729474,40.82552646345895,0.31,6.6875,0.40522875816993464,120.61887254901961,108.55698529411765,130.0,0.37607461512355717,0.31404251125737653,0.037844984879032255,2.0,45000.0,41000.0,86000.0,2654.320987654321,3185.185185185185,33.54101966249685,40.0,2.0,1.0,95928.36654487449,46043.53600487784,141971.90254975233,151.0,301.0,21.0,0.0,51.0,0.0,7.0,3.0,149760.63887019013,74.88031943509506,True,,50,50,0.03,1.0,0.0,491049.3827160494,184740.74074074073,239617.0221923042,0.0,915407.1456490944,5375.0,111481.48148148149,48375.0,57333.333333333336,32250.0,184939.81481481483,0.22810707978975348,42186.081094265195,957593.2267433596,11.134804962132089,,,,,,,,,,,
SRC,12,10,#5,15,19.0,9.5,100.0,#57 stone,150.0,38.39484868355252,5.499039842323396,5.431260308356283,204.12763231729474,40.82552646345895,0.24799999999999997,6.6875,0.32418300653594767,97.09807843137253,87.38827058823527,130.0,0.4671739832891844,0.31404251125737653,0.04805623109879032,2.0,45000.0,41000.0,86000.0,2654.320987654321,3185.185185185185,33.54101966249685,40.0,2.0,1.0,76838.28340584334,37273.3386706154,114111.62207645873,121.0,241.0,17.0,0.0,51.0,0.0,7.0,3.0,120371.91245426444,60.18595622713222,True,,50,50,0.03,1.0,0.0,491049.3827160494,184740.74074074073,192595.0599268231,0.0,868385.1833836132,5375.0,111481.48148148149,48375.0,57333.333333333336,32250.0,184939.81481481483,0.22810707978975348,42186.081094265195,910571.2644778785,10.5880379590451,,,,,,,,,,,
SRC,12,10,#5,18,19.0,9.5,100.0,#57 stone,150.0,38.39484868355252,5.499039842323396,5.431260308356283,204.12763231729474,40.82552646345895,0.20666666666666667,6.6875,0.2701525054466231,81.25005446623094,73.12504901960784,130.0,0.5582974235341974,0.31404251125737653,0.05826747731854837,2.0,45000.0,41000.0,86000.0,2654.320987654321,3185.185185185185,33.54101966249685,40.0,2.0,1.0,64111.56131315591,32888.24000348417,96999.80131664008,101.0,201.0,15.0,0.0,51.0,0.0,7.0,3.0,102321.31819442795,51.16065909721397,True,,50,50,0.03,1.0,0.0,491049.3827160494,184740.74074074073,163714.10911108472,0.0,839504.2325678748,5375.0,111481.48148148149,48375.0,57333.333333333336,32250.0,184939.81481481483,0.22810707978975348,42186.081094265195,881690.31366214,10.252212949559768,,,,,,,,,,,
SRC,12,10,#5,24,19.0,9.5,100.0,#57 stone,150.0,38.39484868355252,5.499039842323396,5.431260308356283,204.12763231729474,40.82552646345895,0.155,6.6875,0.20261437908496732,61.2515931372549,55.12643382352941,130.0,0.740579856737142,0.31404251125737653,0.07868996975806451,2.0,45000.0,41000.0,86000.0,2654.320987654321,3185.185185185185,33.54101966249685,40.0,2.0,1.0,48203.15869729662,24118.042669221726,72321.20136651835,76.0,151.0,11.0,0.0,51.0,0.0,7.0,3.0,76288.82283037595,38.144411415187975,True,,50,50,0.03,1.0,0.0,491049.3827160494,184740.74074074073,122062.11652860152,0.0,797852.2399853916,5375.0,111481.48148148149,48375.0,57333.333333333336,32250.0,184939.81481481483,0.22810707978975348,42186.081094265195,840038.3210796568,9.767887454414614,,,,,,,,,,,
SRC,12,10,#6,6,19.0,9.5,100.0,#57 stone,150.0,38.39484868355252,5.499039842323396,5.431260308356283,204.12763231729474,40.82552646345895,0.88,6.625,1.1503267973856208,319.4313725490196,287.4882352941177,130.0,0.14200764223166207,0.31404251125737653,0.0112541015625,2.0,45000.0,41000.0,86000.0,2654.320987654321,3185.185185185185,40.249223594996224,40.0,2.0,1.0,193564.53868803626,91063.42721142809,284627.9658994643,301.0,601.0,41.0,0.0,51.0,0.0,7.0,3.0,426151.31561058684,213.07565780529342,True,,50,50,0.03,1.0,0.0,491049.3827160494,184740.74074074073,681842.1049769389,0.0,1357632.2284337291,5375.0,111481.48148148149,48375.0,57333.333333333336,32250.0,184939.81481481483,0.22810707978975348,42186.081094265195,1399818.3095279944,16.276957087534818,,,,,,,,,,,
SRC,12,10,#6,8,19.0,9.5,100.0,#57 stone,150.0,38.39484868355252,5.499039842323396,5.431260308356283,204.12763231729474,40.82552646345895,0.66,6.625,0.8627450980392157,245.2676470588235,220.74088235294118,130.0,0.18494773613427565,0.31404251125737653,0.01600546875,2.0,45000.0,41000.0,86000.0,2654.320987654321,3185.185185185185,40.249223594996224,40.0,2.0,1.0,145294.28927094283,68852.83520864075,214147.12447958358,226.0,451.0,31.0,0.0,51.0,0.0,7.0,3.0,320625.833595821,160.3129167979105,True,,50,50,0.03,1.0,0.0,491049.3827160494,184740.74074074073,513001.33375331364,0.0,1188791.4572101037,5375.0,111481.48148148149,48375.0,57333.333333333336,32250.0,184939.81481481483,0.22810707978975348,42186.081094265195,1230977.538304369,14.313692305864755,,,,,,,,,,,
SRC,12,10,#6,10,19.0,9.5,100.0,#57 stone,150.0,38.39484868355252,5.499039842323396,5.431260308356283,204.12763231729474,40.82552646345895,0.528,6.625,0.6901960784313725,198.9472941176471,179.05256470588236,130.0,0.22800861037941736,0.31404251125737653,0.020756835937500002,2.0,45000.0,41000.0,86000.0,2654.320987654321,3185.185185185185,40.249223594996224,40.0,2.0,1.0,116332.13962068676,55526.48000696835,171858.6196276551,181.0,361.0,25.0,0.0,51.0,0.0,7.0,3.0,257310.54438696138,128.6552721934807,True,,50,50,0.03,1.0,0.0,491049.3827160494,184740.74074074073,411696.87101913826,0.0,1087486.9944759284,5375.0,111481.48148148149,48375.0,57333.333333333336,32250.0,184939.81481481483,0.22810707978975348,42186.081094265195,1129673.0755701936,13.135733436862717,,,,,,,,,,,
SRC,12,10,#6,12,19.0,9.5,100.0,#57 stone,150.0,38.39484868355252,5.499039842323396,5.431260308356283,204.12763231729474,40.82552646345895,0.44,6.625,0.5751633986928104,167.3078431372549,150.57705882352943,130.0,0.27112713438841246,0.31404251125737653,0.025508203125000004,2.0,45000.0,41000.0,86000.0,2654.320987654321,3185.185185185185,40.249223594996224,40.0,2.0,1.0,97024.03985384939,46642.24320585341,143666.2830597028,151.0,301.0,21.0,0.0,51.0,0.0,7.0,3.0,215100.35158105503,107.55017579052752,True,,50,50,0.03,1.0,0.0,491049.3827160494,184740.74074074073,344160.56252968806,0.0,1019950.6859864781,5375.0,111481.48148148149,48375.0,57333.333333333336,32250.0,184939.81481481483,0.22810707978975348,42186.081094265195,1062136.7670807433,12.35042752419469,,,,,,,,,,,
SRC,12,10,#6,15,19.0,9.5,100.0,#57 stone,150.0,38.39484868355252,5.499039842323396,5.431260308356283,204.12763231729474,40.82552646345895,0.35200000000000004,6.625,0.46013071895424845,135.06101960784315,121.55491764705884,130.0,0.3358607553994486,0.31404251125737653,0.032635253906249995,2.0,45000.0,41000.0,86000.0,2654.320987654321,3185.185185185185,40.249223594996224,40.0,2.0,1.0,77715.94008701202,37758.00640473847,115473.94649175048,121.0,241.0,17.0,0.0,51.0,0.0,7.0,3.0,172890.15877514865,86.44507938757432,True,,50,50,0.03,1.0,0.0,491049.3827160494,184740.74074074073,276624.25404023787,0.0,952414.377497028,5375.0,111481.48148148149,48375.0,57333.333333333336,32250.0,184939.81481481483,0.22810707978975348,42186.081094265195,994600.4585912932,11.565121611526665,,,,,,,,,,,
SRC,12,10,#6,18,19.0,9.5,100.0,#57 stone,150.0,38.39484868355252,5.499039842323396,5.431260308356283,204.12763231729474,40.82552646345895,0.29333333333333333,6.625,0.38344226579520696,113.22570806100218,101.90313725490196,130.0,0.4006307122943369,0.31404251125737653,0.0397623046875,2.0,45000.0,41000.0,86000.0,2654.320987654321,3185.185185185185,40.249223594996224,40.0,2.0,1.0,64843.87357578709,33315.88800418101,98159.7615799681,101.0,201.0,15.0,0.0,51.0,0.0,7.0,3.0,146966.97636556334,73.48348818278167,True,,50,50,0.03,1.0,0.0,491049.3827160494,184740.74074074073,235147.16218490133,0.0,910937.2856416914,5375.0,111481.48148148149,48375.0,57333.333333333336,32250.0,184939.81481481483,0.22810707978975348,42186.081094265195,953123.3667359566,11.082829845766938,,,,,,,,,,,
SRC,12,10,#6,24,19.0,9.5,100.0,#57 stone,150.0,38.39484868355252,5.499039842323396,5.431260308356283,204.12763231729474,40.82552646345895,0.22,6.625,0.2875816993464052,85.55196078431372,76.99676470588236,130.0,0.5302239206985795,0.31404251125737653,0.05401640625,2.0,45000.0,41000.0,86000.0,2654.320987654321,3185.185185185185,40.249223594996224,40.0,2.0,1.0,48753.79043675594,24431.651203066074,73185.441639822,76.0,151.0,11.0,0.0,51.0,0.0,7.0,3.0,109574.86956628907,54.78743478314453,True,,50,50,0.03,1.0,0.0,491049.3827160494,184740.74074074073,175319.7913060625,0.0,851109.9147628526,5375.0,111481.48148148149,48375.0,57333.333333333336,32250.0,184939.81481481483,0.22810707978975348,42186.081094265195,893295.9958571178,10.387162742524625,,,,,,,,,,,
SRC,12,12,#3,6,19.0,9.5,100.0,#57 stone,150.0,44.02089771897309,5.499039842323396,5.77022359949313,146.75064207414266,42.264184917353084,0.22,8.8125,0.2875816993464052,114.42696078431374,102.98426470588237,187.2,0.4103945883194619,0.2257702185756041,0.07284257812500002,2.0,45000.0,41000.0,86000.0,3185.185185185185,3185.185185185185,20.124611797498112,40.0,2.0,1.0,187007.26934401813,87556.71360571406,274563.9829497322,301.0,601.0,41.0,0.0,51.0,0.0,7.0,3.0,102770.82417354561,51.3854120867728,True,,50,50,0.03,1.0,0.0,589259.2592592592,184740.74074074073,164433.31867767297,0.0,938433.318677673,6450.0,133777.77777777778,58050.0,57333.333333333336,38700.0,210461.11111111112,0.22810707978975348,48007.669464862396,986440.9881425354,11.470244048169016,,,,,,,,,,,
SRC,12,12,#3,8,19.0,9.5,100.0,#57 stone,150.0,44.02089771897309,5.499039842323396,5.77022359949313,146.75064207414266,42.264184917353084,0.165,8.8125,0.21568627450980393,86.17610294117648,77.55849264705883,187.2,0.5449330366654028,0.2257702185756041,0.09812343749999998,2.0,45000.0,41000.0,86000.0,3185.185185185185,3185.185185185185,20.124611797498112,40.0,2.0,1.0,140372.1446354714,66201.41760432038,206573.5622397918,226.0,451.0,31.0,0.0,51.0,0.0,7.0,3.0,77321.63197725541,38.660815988627704,True,,50,50,0.03,1.0,0.0,589259.2592592592,184740.74074074073,123714.61116360866,0.0,897714.6111636086,6450.0,133777.77777777778,58050.0,57333.333333333336,38700.0,210461.11111111112,0.22810707978975348,48007.669464862396,945722.280628471,10.996770704982222,,,,,,,,,,,
SRC,12,12,#3,10,19.0,9.5,100.0,#57 stone,150.0,44.02089771897309,5.499039842323396,5.77022359949313,146.75064207414266,42.264184917353084,0.132,8.8125,0.17254901960784313,69.11170588235294,62.20053529411764,187.2,0.6794826558566618,0.2257702185756041,0.123404296875,2.0,45000.0,41000.0,86000.0,3185.185185185185,3185.185185185185,20.124611797498112,40.0,2.0,1.0,112391.06981034338,53388.24000348418,165779.30981382757,181.0,361.0,25.0,0.0,51.0,0.0,7.0,3.0,62052.1166594813,31.02605832974065,True,,50,50,0.03,1.0,0.0,589259.2592592592,184740.74074074073,99283.38665517008,0.0,873283.3866551701,6450.0,133777.77777777778,58050.0,57333.333333333336,38700.0,210461.11111111112,0.22810707978975348,48007.669464862396,921291.0561200326,10.712686699070145,,,,,,,,,,,
SRC,12,12,#3,12,19.0,9.5,100.0,#57 stone,150.0,44.02089771897309,5.499039842323396,5.77022359949313,146.75064207414266,42.264184917353084,0.11,8.8125,0.1437908496732026,57.68799019607843,51.9191911764706,187.2,0.8140378145279525,0.2257702185756041,0.14868515625,2.0,45000.0,41000.0,86000.0,3185.185185185185,3185.185185185185,20.124611797498112,40.0,2.0,1.0,93737.0199269247,44846.12160292671,138583.14152985142,151.0,301.0,21.0,0.0,51.0,0.0,7.0,3.0,51872.43978096522,25.93621989048261,True,,50,50,0.03,1.0,0.0,589259.2592592592,184740.74074074073,82995.90364954436,0.0,856995.9036495443,6450.0,133777.77777777778,58050.0,57333.333333333336,38700.0,210461.11111111112,0.22810707978975348,48007.669464862396,905003.5731144068,10.523297361795427,,,,,,,,,,,
SRC,12,12,#4,6,19.0,9.5,100.0,#57 stone,150.0,44.02089771897309,5.499039842323396,5.77022359949313,146.75064207414266,42.264184917353084,0.4000000000000001,8.75,0.5228758169934641,203.72549019607843,183.3529411764706,187.2,0.23050726454764273,0.2257702185756041,0.038417578125,2.0,45000.0,41000.0,86000.0,3185.185185185185,3185.185185185185,26.83281572999748,40.0,2.0,1.0,189193.02579202416,88725.61814095205,277918.6439329762,301.0,601.0,41.0,0.0,51.0,0.0,7.0,3.0,189139.07712105327,94.56953856052664,True,,50,50,0.03,1.0,0.0,589259.2592592592,184740.74074074073,302622.52339368523,0.0,1076622.5233936852,6450.0,133777.77777777778,58050.0,57333.333333333336,38700.0,210461.11111111112,0.22810707978975348,48007.669464862396,1124630.1928585477,13.077095265797066,,,,,,,,,,,
SRC,12,12,#4,8,19.0,9.5,100.0,#57 stone,150.0,44.02089771897309,5.499039842323396,5.77022359949313,146.75064207414266,42.264184917353084,0.30000000000000004,8.75,0.39215686274509814,153.97058823529414,138.57352941176475,187.2,0.3049946486660309,0.2257702185756041,0.05222343749999999,2.0,45000.0,41000.0,86000.0,3185.185185185185,3185.185185185185,26.83281572999748,40.0,2.0,1.0,142012.85951396188,67085.22347242717,209098.08298638905,226.0,451.0,31.0,0.0,51.0,0.0,7.0,3.0,142302.86203240367,71.15143101620184,True,,50,50,0.03,1.0,0.0,589259.2592592592,184740.74074074073,227684.5792518459,0.0,1001684.5792518458,6450.0,133777.77777777778,58050.0,57333.333333333336,38700.0,210461.11111111112,0.22810707978975348,48007.669464862396,1049692.2487167083,12.205723822287306,,,,,,,,,,,
SRC,12,12,#4,10,19.0,9.5,100.0,#57 stone,150.0,44.02089771897309,5.499039842323396,5.77022359949313,146.75064207414266,42.264184917353084,0.24000000000000005,8.75,0.31372549019607854,123.74117647058829,111.36705882352946,187.2,0.3795034668584026,0.2257702185756041,0.06602929687499998,2.0,45000.0,41000.0,86000.0,3185.185185185185,3185.185185185185,26.83281572999748,40.0,2.0,1.0,113704.75974712451,54100.986671312225,167805.74641843673,181.0,361.0,25.0,0.0,51.0,0.0,7.0,3.0,114201.13297921389,57.10056648960694,True,,50,50,0.03,1.0,0.0,589259.2592592592,184740.74074074073,182721.81276674222,0.0,956721.8127667422,6450.0,133777.77777777778,58050.0,57333.333333333336,38700.0,210461.11111111112,0.22810707978975348,48007.669464862396,1004729.4822316046,11.682900956181449,,,,,,,,,,,
SRC,12,12,#4,12,19.0,9.5,100.0,#57 stone,150.0,44.02089771897309,5.499039842323396,5.77022359949313,146.75064207414266,42.264184917353084,0.20000000000000004,8.75,0.26143790849673204,103.43137254901963,93.08823529411767,187.2,0.4540228395545038,0.2257702185756041,0.07983515624999998,2.0,45000.0,41000.0,86000.0,3185.185185185185,3185.185185185185,26.83281572999748,40.0,2.0,1.0,94832.69323589958,45444.828803902274,140277.52203980187,151.0,301.0,21.0,0.0,51.0,0.0,7.0,3.0,95466.64694375407,47.733323471877036,True,,50,50,0.03,1.0,0.0,589259.2592592592,184740.74074074073,152746.63511000652,0.0,926746.6351100066,6450.0,133777.77777777778,58050.0,57333.333333333336,38700.0,210461.11111111112,0.22810707978975348,48007.669464862396,974754.304574869,11.334352378777547,,,,,,,,,,,
SRC,12,12,#4,15,19.0,9.5,100.0,#57 stone,150.0,44.02089771897309,5.499039842323396,5.77022359949313,146.75064207414266,42.264184917353084,0.16000000000000003,8.75,0.20915032679738566,82.99607843137258,74.69647058823531,187.2,0.5658123413934056,0.2257702185756041,0.1005439453125,2.0,45000.0,41000.0,86000.0,3185.185185185185,3185.185185185185,26.83281572999748,40.0,2.0,1.0,75960.62672467467,36788.670936492315,112749.29766116699,121.0,241.0,17.0,0.0,51.0,0.0,7.0,3.0,76732.16090829422,38.36608045414711,True,,50,50,0.03,1.0,0.0,589259.2592592592,184740.74074074073,122771.45745327075,0.0,896771.4574532708,6450.0,133777.77777777778,58050.0,57333.333333333336,38700.0,210461.11111111112,0.22810707978975348,48007.669464862396,944779.1269181332,10.985803801373642,,,,,,,,,,,
SRC,12,12,#4,18,19.0,9.5,100.0,#57 stone,150.0,44.02089771897309,5.499039842323396,5.77022359949313,146.75064207414266,42.264184917353084,0.13333333333333336,8.75,0.1742919389978214,69.30283224400873,62.37254901960785,187.2,0.6776087490679054,0.2257702185756041,0.12125273437499998,2.0,45000.0,41000.0,86000.0,3185.185185185185,3185.185185185185,26.83281572999748,40.0,2.0,1.0,63379.249050524726,32460.592002787336,95839.84105331206,101.0,201.0,15.0,0.0,51.0,0.0,7.0,3.0,65224.33627239294,32.612168136196466,True,,50,50,0.03,1.0,0.0,589259.2592592592,184740.74074074073,104358.93803582869,0.0,878358.9380358286,6450.0,133777.77777777778,58050.0,57333.333333333336,38700.0,210461.11111111112,0.22810707978975348,48007.669464862396,926366.6075006911,10.771704738380128,,,,,,,,,,,
SRC,12,12,#4,24,19.0,9.5,100.0,#57 stone,150.0,44.02089771897309,5.499039842323396,5.77022359949313,146.75064207414266,42.264184917353084,0.10000000000000002,8.75,0.13071895424836602,52.10784313725491,46.89705882352942,187.2,0.901211845211668,0.2257702185756041,0.1626703125,2.0,45000.0,41000.0,86000.0,3185.185185185185,3185.185185185185,26.83281572999748,40.0,2.0,1.0,47652.5269578373,23804.43413537738,71456.96109321468,76.0,151.0,11.0,0.0,51.0,0.0,7.0,3.0,48630.431855104434,24.315215927552217,True,,50,50,0.03,1.0,0.0,589259.2592592592,184740.74074074073,77808.6909681671,0.0,851808.690968167,6450.0,133777.77777777778,58050.0,57333.333333333336,38700.0,210461.11111111112,0.22810707978975348,48007.669464862396,899816.3604330295,10.462980935267785,,,,,,,,,,,
SRC,12,12,#5,6,19.0,9.5,100.0,#57 stone,150.0,44.02089771897309,5.499039842323396,5.77022359949313,146.75064207414266,42.264184917353084,0.62,8.6875,0.8104575163398693,308.10049019607845,277.2904411764706,187.2,0.15241847046020496,0.2257702185756041,0.02353015372983871,2.0,45000.0,41000.0,86000.0,3185.185185185185,3185.185185185185,33.54101966249685,40.0,2.0,1.0,191378.78224003024,89894.52267619007,281273.3049162203,301.0,601.0,41.0,0.0,51.0,0.0,7.0,3.0,296704.27094981854,148.35213547490926,True,,50,50,0.03,1.0,0.0,589259.2592592592,184740.74074074073,474726.83351970965,0.0,1248726.8335197098,6450.0,133777.77777777778,58050.0,57333.333333333336,38700.0,210461.11111111112,0.22810707978975348,48007.669464862396,1296734.5029845722,15.078308174239211,,,,,,,,,,,
SRC,12,12,#5,8,19.0,9.5,100.0,#57 stone,150.0,44.02089771897309,5.499039842323396,5.77022359949313,146.75064207414266,42.264184917353084,0.46499999999999997,8.6875,0.6078431372549019,233.90183823529406,210.51165441176468,187.2,0.200768860210863,0.2257702185756041,0.032373538306451614,2.0,45000.0,41000.0,86000.0,3185.185185185185,3185.185185185185,33.54101966249685,40.0,2.0,1.0,143653.57439245237,67969.02934053396,211622.60373298632,226.0,451.0,31.0,0.0,51.0,0.0,7.0,3.0,223232.4549100043,111.61622745500216,True,,50,50,0.03,1.0,0.0,589259.2592592592,184740.74074074073,357171.9278560069,0.0,1131171.927856007,6450.0,133777.77777777778,58050.0,57333.333333333336,38700.0,210461.11111111112,0.22810707978975348,48007.669464862396,1179179.5973208693,13.711390666521737,,,,,,,,,,,
SRC,12,12,#5,10,19.0,9.5,100.0,#57 stone,150.0,44.02089771897309,5.499039842323396,5.77022359949313,146.75064207414266,42.264184917353084,0.372,8.6875,0.48627450980392156,188.47817647058827,169.63035882352943,187.2,0.2491546042257774,0.2257702185756041,0.04121692288306452,2.0,45000.0,41000.0,86000.0,3185.185185185185,3185.185185185185,33.54101966249685,40.0,2.0,1.0,115018.44968390564,54813.733339140286,169832.18302304592,181.0,361.0,25.0,0.0,51.0,0.0,7.0,3.0,179149.36528611582,89.57468264305791,True,,50,50,0.03,1.0,0.0,589259.2592592592,184740.74074074073,286638.9844577853,0.0,1060638.9844577853,6450.0,133777.77777777778,58050.0,57333.333333333336,38700.0,210461.11111111112,0.22810707978975348,48007.669464862396,1108646.6539226477,12.891240161891252,,,,,,,,,,,
SRC,12,12,#5,12,19.0,9.5,100.0,#57 stone,150.0,44.02089771897309,5.499039842323396,5.77022359949313,146.75064207414266,42.264184917353084,0.31,8.6875,0.40522875816993464,157.8188725490196,142.03698529411764,187.2,0.29755760325267494,0.2257702185756041,0.05006030745967741,2.0,45000.0,41000.0,86000.0,3185.185185185185,3185.185185185185,33.54101966249685,40.0,2.0,1.0,95928.36654487449,46043.53600487784,141971.90254975233,151.0,301.0,21.0,0.0,51.0,0.0,7.0,3.0,149760.63887019013,74.88031943509506,True,,50,50,0.03,1.0,0.0,589259.2592592592,184740.74074074073,239617.0221923042,0.0,1013617.0221923043,6450.0,133777.77777777778,58050.0,57333.333333333336,38700.0,210461.11111111112,0.22810707978975348,48007.669464862396,1061624.6916571667,12.344473158804265,,,,,,,,,,,
SRC,12,12,#5,15,19.0,9.5,100.0,#57 stone,150.0,44.02089771897309,5.499039842323396,5.77022359949313,146.75064207414266,42.264184917353084,0.24799999999999997,8.6875,0.32418300653594767,126.85807843137255,114.17227058823529,187.2,0.37017906974785286,0.2257702185756041,0.06332538432459678,2.0,45000.0,41000.0,86000.0,3185.185185185185,3185.185185185185,33.54101966249685,40.0,2.0,1.0,76838.28340584334,37273.3386706154,114111.62207645873,121.0,241.0,17.0,0.0,51.0,0.0,7.0,3.0,120371.91245426444,60.18595622713222,True,,50,50,0.03,1.0,0.0,589259.2592592592,184740.74074074073,192595.0599268231,0.0,966595.0599268231,6450.0,133777.77777777778,58050.0,57333.333333333336,38700.0,210461.11111111112,0.22810707978975348,48007.669464862396,1014602.7293916856,11.797706155717274,,,,,,,,,,,
SRC,12,12,#5,18,19.0,9.5,100.0,#57 stone,150.0,44.02089771897309,5.499039842323396,5.77022359949313,146.75064207414266,42.264184917353084,0.20666666666666667,8.6875,0.2701525054466231,106.05005446623093,95.44504901960784,187.2,0.44281170528468694,0.2257702185756041,0.07659046118951612,2.0,45000.0,41000.0,86000.0,3185.185185185185,3185.185185185185,33.54101966249685,40.0,2.0,1.0,64111.56131315591,32888.24000348417,96999.80131664008,101.0,201.0,15.0,0.0,51.0,0.0,7.0,3.0,102321.31819442795,51.16065909721397,True,,50,50,0.03,1.0,0.0,589259.2592592592,184740.74074074073,163714.10911108472,0.0,937714.1091110847,6450.0,133777.77777777778,58050.0,57333.333333333336,38700.0,210461.11111111112,0.22810707978975348,48007.669464862396,985721.7785759472,11.461881146231944,,,,,,,,,,,
SRC,12,12,#5,24,19.0,9.5,100.0,#57 stone,150.0,44.02089771897309,5.499039842323396,5.77022359949313,146.75064207414266,42.264184917353084,0.155,8.6875,0.20261437908496732,79.85159313725491,71.86643382352943,187.2,0.5880935322480907,0.2257702185756041,0.10312061491935483,2.0,45000.0,41000.0,86000.0,3185.185185185185,3185.185185185185,33.54101966249685,40.0,2.0,1.0,48203.15869729662,24118.042669221726,72321.20136651835,76.0,151.0,11.0,0.0,51.0,0.0,7.0,3.0,76288.82283037595,38.144411415187975,True,,50,50,0.03,1.0,0.0,589259.2592592592,184740.74074074073,122062.11652860152,0.0,896062.1165286015,6450.0,133777.77777777778,58050.0,57333.333333333336,38700.0,210461.11111111112,0.22810707978975348,48007.669464862396,944069.785993464,10.97755565108679,,,,,,,,,,,
SRC,12,12,#6,6,19.0,9.5,100.0,#57 stone,150.0,44.02089771897309,5.499039842323396,5.77022359949313,146.75064207414266,42.264184917353084,0.88,8.625,1.1503267973856208,425.03137254901964,382.52823529411774,187.2,0.11048644522895693,0.2257702185756041,0.015557226562500004,2.0,45000.0,41000.0,86000.0,3185.185185185185,3185.185185185185,40.249223594996224,40.0,2.0,1.0,193564.53868803626,91063.42721142809,284627.9658994643,301.0,601.0,41.0,0.0,51.0,0.0,7.0,3.0,426151.31561058684,213.07565780529342,True,,50,50,0.03,1.0,0.0,589259.2592592592,184740.74074074073,681842.1049769389,0.0,1455842.104976939,6450.0,133777.77777777778,58050.0,57333.333333333336,38700.0,210461.11111111112,0.22810707978975348,48007.669464862396,1503849.7744418015,17.486625284206994,,,,,,,,,,,
SRC,12,12,#6,8,19.0,9.5,100.0,#57 stone,150.0,44.02089771897309,5.499039842323396,5.77022359949313,146.75064207414266,42.264184917353084,0.66,8.625,0.8627450980392157,324.4676470588235,292.02088235294116,187.2,0.14473000895282517,0.2257702185756041,0.021742968749999998,2.0,45000.0,41000.0,86000.0,3185.185185185185,3185.185185185185,40.249223594996224,40.0,2.0,1.0,145294.28927094283,68852.83520864075,214147.12447958358,226.0,451.0,31.0,0.0,51.0,0.0,7.0,3.0,320625.833595821,160.3129167979105,True,,50,50,0.03,1.0,0.0,589259.2592592592,184740.74074074073,513001.33375331364,0.0,1287001.3337533136,6450.0,133777.77777777778,58050.0,57333.333333333336,38700.0,210461.11111111112,0.22810707978975348,48007.669464862396,1335009.003218176,15.523360502536931,,,,,,,,,,,
SRC,12,12,#6,10,19.0,9.5,100.0,#57 stone,150.0,44.02089771897309,5.499039842323396,5.77022359949313,146.75064207414266,42.264184917353084,0.528,8.625,0.6901960784313725,262.3072941176471,236.07656470588233,187.2,0.17902744802309462,0.2257702185756041,0.0279287109375,2.0,45000.0,41000.0,86000.0,3185.185185185185,3185.185185185185,40.249223594996224,40.0,2.0,1.0,116332.13962068676,55526.48000696835,171858.6196276551,181.0,361.0,25.0,0.0,51.0,0.0,7.0,3.0,257310.54438696138,128.6552721934807,True,,50,50,0.03,1.0,0.0,589259.2592592592,184740.74074074073,411696.87101913826,0.0,1185696.8710191383,6450.0,133777.77777777778,58050.0,57333.333333333336,38700.0,210461.11111111112,0.22810707978975348,48007.669464862396,1233704.5404840007,14.345401633534891,,,,,,,,,,,
SRC,12,12,#6,12,19.0,9.5,100.0,#57 stone,150.0,44.02089771897309,5.499039842323396,5.77022359949313,146.75064207414266,42.264184917353084,0.44,8.625,0.5751633986928104,220.1078431372549,198.0970588235294,187.2,0.21335089560821416,0.2257702185756041,0.034114453125000006,2.0,45000.0,41000.0,86000.0,3185.185185185185,3185.185185185185,40.249223594996224,40.0,2.0,1.0,97024.03985384939,46642.24320585341,143666.2830597028,151.0,301.0,21.0,0.0,51.0,0.0,7.0,3.0,215100.35158105503,107.55017579052752,True,,50,50,0.03,1.0,0.0,589259.2592592592,184740.74074074073,344160.56252968806,0.0,1118160.562529688,6450.0,133777.77777777778,58050.0,57333.333333333336,38700.0,210461.11111111112,0.22810707978975348,48007.669464862396,1166168.2319945504,13.560095720866865,,,,,,,,,,,
SRC,12,12,#6,15,19.0,9.5,100.0,#57 stone,150.0,44.02089771897309,5.499039842323396,5.77022359949313,146.75064207414266,42.264184917353084,0.35200000000000004,8.625,0.46013071895424845,177.3010196078432,159.57091764705888,187.2,0.26486145182691484,0.2257702185756041,0.043393066406249986,2.0,45000.0,41000.0,86000.0,3185.185185185185,3185.185185185185,40.249223594996224,40.0,2.0,1.0,77715.94008701202,37758.00640473847,115473.94649175048,121.0,241.0,17.0,0.0,51.0,0.0,7.0,3.0,172890.15877514865,86.44507938757432,True,,50,50,0.03,1.0,0.0,589259.2592592592,184740.74074074073,276624.25404023787,0.0,1050624.254040238,6450.0,133777.77777777778,58050.0,57333.333333333336,38700.0,210461.11111111112,0.22810707978975348,48007.669464862396,1098631.9235051004,12.774789808198841,,,,,,,,,,,
SRC,12,12,#6,18,19.0,9.5,100.0,#57 stone,150.0,44.02089771897309,5.499039842323396,5.77022359949313,146.75064207414266,42.264184917353084,0.29333333333333333,8.625,0.38344226579520696,148.42570806100215,133.58313725490197,187.2,0.31638862348849467,0.2257702185756041,0.0526716796875,2.0,45000.0,41000.0,86000.0,3185.185185185185,3185.185185185185,40.249223594996224,40.0,2.0,1.0,64843.87357578709,33315.88800418101,98159.7615799681,101.0,201.0,15.0,0.0,51.0,0.0,7.0,3.0,146966.97636556334,73.48348818278167,True,,50,50,0.03,1.0,0.0,589259.2592592592,184740.74074074073,235147.16218490133,0.0,1009147.1621849013,6450.0,133777.77777777778,58050.0,57333.333333333336,38700.0,210461.11111111112,0.22810707978975348,48007.669464862396,1057154.8316497637,12.292498042439114,,,,,,,,,,,
SRC,12,12,#6,24,19.0,9.5,100.0,#57 stone,150.0,44.02089771897309,5.499039842323396,5.77022359949313,146.75064207414266,42.264184917353084,0.22,8.625,0.2875816993464052,111.95196078431374,100.75676470588236,187.2,0.41946746742738183,0.2257702185756041,0.07122890625000002,2.0,45000.0,41000.0,86000.0,3185.185185185185,3185.185185185185,40.249223594996224,40.0,2.0,1.0,48753.79043675594,24431.651203066074,73185.441639822,76.0,151.0,11.0,0.0,51.0,0.0,7.0,3.0,109574.86956628907,54.78743478314453,True,,50,50,0.03,1.0,0.0,589259.2592592592,184740.74074074073,175319.7913060625,0.0,949319.7913060625,6450.0,133777.77777777778,58050.0,57333.333333333336,38700.0,210461.11111111112,0.22810707978975348,48007.669464862396,997327.4607709249,11.596830939196801,,,,,,,,,,,
FRC,4,6,,,19.0,9.5,100.0,#57 stone,110.00000000000001,28.285316431310303,5.499039842323396,5.136027579968186,501.5483550550628,36.111481563964524,,,,,,46.8,0.6687311400734172,0.771612853930866,,,45000.0,41000.0,86000.0,1592.5925925925926,1061.7283950617284,,,,,,,,,,,,,,,,,,True,Wheel-load demand is below plain concrete cracking moment; fiber residual capacity provides additional reserve.,50,50,0.03,1.0,0.0,294629.6296296296,61580.246913580246,0.0,7023.333333333333,363233.20987654314,3225.0,66888.88888888889,29025.0,19111.11111111111,19350.0,95675.0,0.22810707978975348,21824.144858884665,385057.3547354278,4.477411101574742,100,650.0,0.15384615384615385,15.384615384615385,3.0,7.2,54.0,1.0,54.0,100,Fiber dosage is calculated in Module 2; total fiber mass is calculated in Module 4 LCA.
FRC,4,6,,,19.0,9.5,100.0,#57 stone,110.00000000000001,28.285316431310303,5.499039842323396,5.136027579968186,501.5483550550628,36.111481563964524,,,,,,46.8,0.6269354438188286,0.771612853930866,,,45000.0,41000.0,86000.0,1592.5925925925926,1061.7283950617284,,,,,,,,,,,,,,,,,,True,Wheel-load demand is below plain concrete cracking moment; fiber residual capacity provides additional reserve.,50,50,0.03,1.0,0.0,294629.6296296296,61580.246913580246,0.0,7959.777777777777,364169.6543209876,3225.0,66888.88888888889,29025.0,19111.11111111111,19350.0,95675.0,0.22810707978975348,21824.144858884665,385993.79917987227,4.488299990463631,150,650.0,0.23076923076923078,23.076923076923077,3.4,10.8,57.599999999999994,1.0,57.599999999999994,150,Fiber dosage is calculated in Module 2; total fiber mass is calculated in Module 4 LCA.
FRC,4,6,,,19.0,9.5,100.0,#57 stone,110.00000000000001,28.285316431310303,5.499039842323396,5.136027579968186,501.5483550550628,36.111481563964524,,,,,,46.8,0.590056888300074,0.771612853930866,,,45000.0,41000.0,86000.0,1592.5925925925926,1061.7283950617284,,,,,,,,,,,,,,,,,,True,Wheel-load demand is below plain concrete cracking moment; fiber residual capacity provides additional reserve.,50,50,0.03,1.0,0.0,294629.6296296296,61580.246913580246,0.0,11471.444444444445,367681.32098765427,3225.0,66888.88888888889,29025.0,19111.11111111111,19350.0,95675.0,0.22810707978975348,21824.144858884665,389505.46584653895,4.529133323796964,200,650.0,0.3076923076923077,30.76923076923077,4.9,14.4,61.199999999999996,1.0,61.199999999999996,200,Fiber dosage is calculated in Module 2; total fiber mass is calculated in Module 4 LCA.
FRC,4,6,,,19.0,9.5,100.0,#57 stone,110.00000000000001,28.285316431310303,5.499039842323396,5.136027579968186,501.5483550550628,36.111481563964524,,,,,,46.8,0.5572759500611809,0.771612853930866,,,45000.0,41000.0,86000.0,1592.5925925925926,1061.7283950617284,,,,,,,,,,,,,,,,,,True,Wheel-load demand is below plain concrete cracking moment; fiber residual capacity provides additional reserve.,50,50,0.03,1.0,0.0,294629.6296296296,61580.246913580246,0.0,14983.111111111111,371192.98765432095,3225.0,66888.88888888889,29025.0,19111.11111111111,19350.0,95675.0,0.22810707978975348,21824.144858884665,393017.13251320564,4.569966657130298,250,650.0,0.38461538461538464,38.46153846153847,6.4,18.0,64.8,1.0,64.8,250,Fiber dosage is calculated in Module 2; total fiber mass is calculated in Module 4 LCA.
FRC,4,6,,,19.0,9.5,100.0,#57 stone,110.00000000000001,28.285316431310303,5.499039842323396,5.136027579968186,501.5483550550628,36.111481563964524,,,,,,46.8,0.5279456369000661,0.771612853930866,,,45000.0,41000.0,86000.0,1592.5925925925926,1061.7283950617284,,,,,,,,,,,,,,,,,,True,Wheel-load demand is below plain concrete cracking moment; fiber residual capacity provides additional reserve.,50,50,0.03,1.0,0.0,294629.6296296296,61580.246913580246,0.0,18494.777777777777,374704.6543209876,3225.0,66888.88888888889,29025.0,19111.11111111111,19350.0,95675.0,0.22810707978975348,21824.144858884665,396528.79917987227,4.610799990463631,300,650.0,0.46153846153846156,46.15384615384615,7.9,21.6,68.4,1.0,68.4,300,Fiber dosage is calculated in Module 2; total fiber mass is calculated in Module 4 LCA.
FRC,4,6,,,19.0,9.5,100.0,#57 stone,110.00000000000001,28.285316431310303,5.499039842323396,5.136027579968186,501.5483550550628,36.111481563964524,,,,,,46.8,0.5015483550550628,0.771612853930866,,,45000.0,41000.0,86000.0,1592.5925925925926,1061.7283950617284,,,,,,,,,,,,,,,,,,True,Wheel-load demand is below plain concrete cracking moment; fiber residual capacity provides additional reserve.,50,50,0.03,1.0,0.0,294629.6296296296,61580.246913580246,0.0,22006.444444444445,378216.32098765427,3225.0,66888.88888888889,29025.0,19111.11111111111,19350.0,95675.0,0.22810707978975348,21824.144858884665,400040.46584653895,4.651633323796965,350,650.0,0.5384615384615384,53.84615384615385,9.4,25.2,72.0,1.0,72.0,350,Fiber dosage is calculated in Module 2; total fiber mass is calculated in Module 4 LCA.
FRC,4,6,,,19.0,9.5,100.0,#57 stone,110.00000000000001,28.285316431310303,5.499039842323396,5.136027579968186,501.5483550550628,36.111481563964524,,,,,,46.8,0.47766510005244084,0.771612853930866,,,45000.0,41000.0,86000.0,1592.5925925925926,1061.7283950617284,,,,,,,,,,,,,,,,,,True,Wheel-load demand is below plain concrete cracking moment; fiber residual capacity provides additional reserve.,50,50,0.03,1.0,0.0,294629.6296296296,61580.246913580246,0.0,25518.11111111111,381727.98765432095,3225.0,66888.88888888889,29025.0,19111.11111111111,19350.0,95675.0,0.22810707978975348,21824.144858884665,403552.13251320564,4.692466657130298,400,650.0,0.6153846153846154,61.53846153846154,10.9,28.8,75.6,1.0,75.6,400,Fiber dosage is calculated in Module 2; total fiber mass is calculated in Module 4 LCA.
FRC,4,8,,,19.0,9.5,100.0,#57 stone,110.00000000000001,35.096603882957105,5.499039842323396,5.201089693986001,312.08845996263085,39.94732287521675,,,,,,83.2,0.41611794661684115,0.48013609225020126,,,45000.0,41000.0,86000.0,2123.456790123457,1061.7283950617284,,,,,,,,,,,,,,,,,,True,Wheel-load demand is below plain concrete cracking moment; fiber residual capacity provides additional reserve.,50,50,0.03,1.0,0.0,392839.5061728395,61580.246913580246,0.0,9364.444444444445,463784.19753086416,4300.0,89185.18518518518,38700.0,19111.11111111111,25800.0,121196.29629629629,0.22810707978975348,27645.733229481863,491429.930760346,5.71430152046914,100,650.0,0.15384615384615385,15.384615384615385,3.0,12.8,96.0,1.0,96.0,100,Fiber dosage is calculated in Module 2; total fiber mass is calculated in Module 4 LCA.
FRC,4,8,,,19.0,9.5,100.0,#57 stone,110.00000000000001,35.096603882957105,5.499039842323396,5.201089693986001,312.08845996263085,39.94732287521675,,,,,,83.2,0.39011057495328855,0.48013609225020126,,,45000.0,41000.0,86000.0,2123.456790123457,1061.7283950617284,,,,,,,,,,,,,,,,,,True,Wheel-load demand is below plain concrete cracking moment; fiber residual capacity provides additional reserve.,50,50,0.03,1.0,0.0,392839.5061728395,61580.246913580246,0.0,10613.037037037036,465032.79012345674,4300.0,89185.18518518518,38700.0,19111.11111111111,25800.0,121196.29629629629,0.22810707978975348,27645.733229481863,492678.5233529386,5.728820038987658,150,650.0,0.23076923076923078,23.076923076923077,3.4,19.2,102.4,1.0,102.4,150,Fiber dosage is calculated in Module 2; total fiber mass is calculated in Module 4 LCA.
FRC,4,8,,,19.0,9.5,100.0,#57 stone,110.00000000000001,35.096603882957105,5.499039842323396,5.201089693986001,312.08845996263085,39.94732287521675,,,,,,83.2,0.3671628940736833,0.48013609225020126,,,45000.0,41000.0,86000.0,2123.456790123457,1061.7283950617284,,,,,,,,,,,,,,,,,,True,Wheel-load demand is below plain concrete cracking moment; fiber residual capacity provides additional reserve.,50,50,0.03,1.0,0.0,392839.5061728395,61580.246913580246,0.0,15295.25925925926,469715.012345679,4300.0,89185.18518518518,38700.0,19111.11111111111,25800.0,121196.29629629629,0.22810707978975348,27645.733229481863,497360.74557516084,5.783264483432102,200,650.0,0.3076923076923077,30.76923076923077,4.9,25.6,108.80000000000001,1.0,108.80000000000001,200,Fiber dosage is calculated in Module 2; total fiber mass is calculated in Module 4 LCA.
FRC,4,8,,,19.0,9.5,100.0,#57 stone,110.00000000000001,35.096603882957105,5.499039842323396,5.201089693986001,312.08845996263085,39.94732287521675,,,,,,83.2,0.34676495551403425,0.48013609225020126,,,45000.0,41000.0,86000.0,2123.456790123457,1061.7283950617284,,,,,,,,,,,,,,,,,,True,Wheel-load demand is below plain concrete cracking moment; fiber residual capacity provides additional reserve.,50,50,0.03,1.0,0.0,392839.5061728395,61580.246913580246,0.0,19977.48148148148,474397.2345679012,4300.0,89185.18518518518,38700.0,19111.11111111111,25800.0,121196.29629629629,0.22810707978975348,27645.733229481863,502042.967797383,5.837708927876546,250,650.0,0.38461538461538464,38.46153846153847,6.4,32.0,115.2,1.0,115.2,250,Fiber dosage is calculated in Module 2; total fiber mass is calculated in Module 4 LCA.
FRC,4,8,,,19.0,9.5,100.0,#57 stone,110.00000000000001,35.096603882957105,5.499039842323396,5.201089693986001,312.08845996263085,39.94732287521675,,,,,,83.2,0.3285141683817167,0.48013609225020126,,,45000.0,41000.0,86000.0,2123.456790123457,1061.7283950617284,,,,,,,,,,,,,,,,,,True,Wheel-load demand is below plain concrete cracking moment; fiber residual capacity provides additional reserve.,50,50,0.03,1.0,0.0,392839.5061728395,61580.246913580246,0.0,24659.703703703704,479079.4567901234,4300.0,89185.18518518518,38700.0,19111.11111111111,25800.0,121196.29629629629,0.22810707978975348,27645.733229481863,506725.1900196053,5.892153372320991,300,650.0,0.46153846153846156,46.15384615384615,7.9,38.4,121.6,1.0,121.6,300,Fiber dosage is calculated in Module 2; total fiber mass is calculated in Module 4 LCA.
FRC,4,8,,,19.0,9.5,100.0,#57 stone,110.00000000000001,35.096603882957105,5.499039842323396,5.201089693986001,312.08845996263085,39.94732287521675,,,,,,83.2,0.31208845996263085,0.48013609225020126,,,45000.0,41000.0,86000.0,2123.456790123457,1061.7283950617284,,,,,,,,,,,,,,,,,,True,Wheel-load demand is below plain concrete cracking moment; fiber residual capacity provides additional reserve.,50,50,0.03,1.0,0.0,392839.5061728395,61580.246913580246,0.0,29341.925925925927,483761.6790123456,4300.0,89185.18518518518,38700.0,19111.11111111111,25800.0,121196.29629629629,0.22810707978975348,27645.733229481863,511407.41224182746,5.946597816765435,350,650.0,0.5384615384615384,53.84615384615385,9.4,44.8,128.0,1.0,128.0,350,Fiber dosage is calculated in Module 2; total fiber mass is calculated in Module 4 LCA.
FRC,4,8,,,19.0,9.5,100.0,#57 stone,110.00000000000001,35.096603882957105,5.499039842323396,5.201089693986001,312.08845996263085,39.94732287521675,,,,,,83.2,0.2972271047263151,0.48013609225020126,,,45000.0,41000.0,86000.0,2123.456790123457,1061.7283950617284,,,,,,,,,,,,,,,,,,True,Wheel-load demand is below plain concrete cracking moment; fiber residual capacity provides additional reserve.,50,50,0.03,1.0,0.0,392839.5061728395,61580.246913580246,0.0,34024.14814814815,488443.90123456786,4300.0,89185.18518518518,38700.0,19111.11111111111,25800.0,121196.29629629629,0.22810707978975348,27645.733229481863,516089.6344640497,6.00104226120988,400,650.0,0.6153846153846154,61.53846153846154,10.9,51.2,134.4,1.0,134.4,400,Fiber dosage is calculated in Module 2; total fiber mass is calculated in Module 4 LCA.
FRC,4,10,,,19.0,9.5,100.0,#57 stone,110.00000000000001,41.4903982835187,5.499039842323396,5.431260308356283,211.44715282288252,42.2894305645765,,,,,,130.0,0.28192953709717666,0.32530331203520385,,,45000.0,41000.0,86000.0,2654.320987654321,1061.7283950617284,,,,,,,,,,,,,,,,,,True,Wheel-load demand is below plain concrete cracking moment; fiber residual capacity provides additional reserve.,50,50,0.03,1.0,0.0,491049.3827160494,61580.246913580246,0.0,11705.555555555557,564335.1851851852,5375.0,111481.48148148149,48375.0,19111.11111111111,32250.0,146717.59259259258,0.22810707978975348,33467.32160007906,597802.5067852642,6.951191939363538,100,650.0,0.15384615384615385,15.384615384615385,3.0,20.0,150.0,1.0,150.0,100,Fiber dosage is calculated in Module 2; total fiber mass is calculated in Module 4 LCA.
FRC,4,10,,,19.0,9.5,100.0,#57 stone,110.00000000000001,41.4903982835187,5.499039842323396,5.431260308356283,211.44715282288252,42.2894305645765,,,,,,130.0,0.26430894102860314,0.32530331203520385,,,45000.0,41000.0,86000.0,2654.320987654321,1061.7283950617284,,,,,,,,,,,,,,,,,,True,Wheel-load demand is below plain concrete cracking moment; fiber residual capacity provides additional reserve.,50,50,0.03,1.0,0.0,491049.3827160494,61580.246913580246,0.0,13266.296296296296,565895.925925926,5375.0,111481.48148148149,48375.0,19111.11111111111,32250.0,146717.59259259258,0.22810707978975348,33467.32160007906,599363.247526005,6.969340087511687,150,650.0,0.23076923076923078,23.076923076923077,3.4,30.0,160.0,1.0,160.0,150,Fiber dosage is calculated in Module 2; total fiber mass is calculated in Module 4 LCA.
FRC,4,10,,,19.0,9.5,100.0,#57 stone,110.00000000000001,41.4903982835187,5.499039842323396,5.431260308356283,211.44715282288252,42.2894305645765,,,,,,130.0,0.2487613562622147,0.32530331203520385,,,45000.0,41000.0,86000.0,2654.320987654321,1061.7283950617284,,,,,,,,,,,,,,,,,,True,Wheel-load demand is below plain concrete cracking moment; fiber residual capacity provides additional reserve.,50,50,0.03,1.0,0.0,491049.3827160494,61580.246913580246,0.0,19119.074074074077,571748.7037037037,5375.0,111481.48148148149,48375.0,19111.11111111111,32250.0,146717.59259259258,0.22810707978975348,33467.32160007906,605216.0253037828,7.037395643067241,200,650.0,0.3076923076923077,30.76923076923077,4.9,40.0,170.0,1.0,170.0,200,Fiber dosage is calculated in Module 2; total fiber mass is calculated in Module 4 LCA.
FRC,4,10,,,19.0,9.5,100.0,#57 stone,110.00000000000001,41.4903982835187,5.499039842323396,5.431260308356283,211.44715282288252,42.2894305645765,,,,,,130.0,0.23494128091431388,0.32530331203520385,,,45000.0,41000.0,86000.0,2654.320987654321,1061.7283950617284,,,,,,,,,,,,,,,,,,True,Wheel-load demand is below plain concrete cracking moment; fiber residual capacity provides additional reserve.,50,50,0.03,1.0,0.0,491049.3827160494,61580.246913580246,0.0,24971.85185185185,577601.4814814815,5375.0,111481.48148148149,48375.0,19111.11111111111,32250.0,146717.59259259258,0.22810707978975348,33467.32160007906,611068.8030815605,7.105451198622797,250,650.0,0.38461538461538464,38.46153846153847,6.4,50.0,180.0,1.0,180.0,250,Fiber dosage is calculated in Module 2; total fiber mass is calculated in Module 4 LCA.
FRC,4,10,,,19.0,9.5,100.0,#57 stone,110.00000000000001,41.4903982835187,5.499039842323396,5.431260308356283,211.44715282288252,42.2894305645765,,,,,,130.0,0.22257595033987632,0.32530331203520385,,,45000.0,41000.0,86000.0,2654.320987654321,1061.7283950617284,,,,,,,,,,,,,,,,,,True,Wheel-load demand is below plain concrete cracking moment; fiber residual capacity provides additional reserve.,50,50,0.03,1.0,0.0,491049.3827160494,61580.246913580246,0.0,30824.62962962963,583454.2592592593,5375.0,111481.48148148149,48375.0,19111.11111111111,32250.0,146717.59259259258,0.22810707978975348,33467.32160007906,616921.5808593384,7.173506754178353,300,650.0,0.46153846153846156,46.15384615384615,7.9,60.0,190.0,1.0,190.0,300,Fiber dosage is calculated in Module 2; total fiber mass is calculated in Module 4 LCA.
FRC,4,10,,,19.0,9.5,100.0,#57 stone,110.00000000000001,41.4903982835187,5.499039842323396,5.431260308356283,211.44715282288252,42.2894305645765,,,,,,130.0,0.21144715282288248,0.32530331203520385,,,45000.0,41000.0,86000.0,2654.320987654321,1061.7283950617284,,,,,,,,,,,,,,,,,,True,Wheel-load demand is below plain concrete cracking moment; fiber residual capacity provides additional reserve.,50,50,0.03,1.0,0.0,491049.3827160494,61580.246913580246,0.0,36677.40740740741,589307.0370370371,5375.0,111481.48148148149,48375.0,19111.11111111111,32250.0,146717.59259259258,0.22810707978975348,33467.32160007906,622774.3586371162,7.241562309733909,350,650.0,0.5384615384615384,53.84615384615385,9.4,70.0,200.0,1.0,200.0,350,Fiber dosage is calculated in Module 2; total fiber mass is calculated in Module 4 LCA.
FRC,4,10,,,19.0,9.5,100.0,#57 stone,110.00000000000001,41.4903982835187,5.499039842323396,5.431260308356283,211.44715282288252,42.2894305645765,,,,,,130.0,0.20137824078369762,0.32530331203520385,,,45000.0,41000.0,86000.0,2654.320987654321,1061.7283950617284,,,,,,,,,,,,,,,,,,True,Wheel-load demand is below plain concrete cracking moment; fiber residual capacity provides additional reserve.,50,50,0.03,1.0,0.0,491049.3827160494,61580.246913580246,0.0,42530.18518518518,595159.8148148148,5375.0,111481.48148148149,48375.0,19111.11111111111,32250.0,146717.59259259258,0.22810707978975348,33467.32160007906,628627.1364148939,7.309617865289464,400,650.0,0.6153846153846154,61.53846153846154,10.9,80.0,210.0,1.0,210.0,400,Fiber dosage is calculated in Module 2; total fiber mass is calculated in Module 4 LCA.
FRC,4,12,,,19.0,9.5,100.0,#57 stone,110.00000000000001,47.57004238281165,5.499039842323396,5.77022359949313,151.83364242524524,43.728089018470634,,,,,,187.2,0.20244485656699368,0.23359021911576194,,,45000.0,41000.0,86000.0,3185.185185185185,1061.7283950617284,,,,,,,,,,,,,,,,,,True,Wheel-load demand is below plain concrete cracking moment; fiber residual capacity provides additional reserve.,50,50,0.03,1.0,0.0,589259.2592592592,61580.246913580246,0.0,14046.666666666666,664886.1728395061,6450.0,133777.77777777778,58050.0,19111.11111111111,38700.0,172238.88888888888,0.22810707978975348,39288.90997067626,704175.0828101824,8.188082358257935,100,650.0,0.15384615384615385,15.384615384615385,3.0,28.8,216.0,1.0,216.0,100,Fiber dosage is calculated in Module 2; total fiber mass is calculated in Module 4 LCA.
FRC,4,12,,,19.0,9.5,100.0,#57 stone,110.00000000000001,47.57004238281165,5.499039842323396,5.77022359949313,151.83364242524524,43.728089018470634,,,,,,187.2,0.18979205303155658,0.23359021911576194,,,45000.0,41000.0,86000.0,3185.185185185185,1061.7283950617284,,,,,,,,,,,,,,,,,,True,Wheel-load demand is below plain concrete cracking moment; fiber residual capacity provides additional reserve.,50,50,0.03,1.0,0.0,589259.2592592592,61580.246913580246,0.0,15919.555555555555,666759.0617283949,6450.0,133777.77777777778,58050.0,19111.11111111111,38700.0,172238.88888888888,0.22810707978975348,39288.90997067626,706047.9716990712,8.209860136035712,150,650.0,0.23076923076923078,23.076923076923077,3.4,43.2,230.39999999999998,1.0,230.39999999999998,150,Fiber dosage is calculated in Module 2; total fiber mass is calculated in Module 4 LCA.
FRC,4,12,,,19.0,9.5,100.0,#57 stone,110.00000000000001,47.57004238281165,5.499039842323396,5.77022359949313,151.83364242524524,43.728089018470634,,,,,,187.2,0.17862781461793562,0.23359021911576194,,,45000.0,41000.0,86000.0,3185.185185185185,1061.7283950617284,,,,,,,,,,,,,,,,,,True,Wheel-load demand is below plain concrete cracking moment; fiber residual capacity provides additional reserve.,50,50,0.03,1.0,0.0,589259.2592592592,61580.246913580246,0.0,22942.88888888889,673782.3950617283,6450.0,133777.77777777778,58050.0,19111.11111111111,38700.0,172238.88888888888,0.22810707978975348,39288.90997067626,713071.3050324046,8.291526802702379,200,650.0,0.3076923076923077,30.76923076923077,4.9,57.6,244.79999999999998,1.0,244.79999999999998,200,Fiber dosage is calculated in Module 2; total fiber mass is calculated in Module 4 LCA.
FRC,4,12,,,19.0,9.5,100.0,#57 stone,110.00000000000001,47.57004238281165,5.499039842323396,5.77022359949313,151.83364242524524,43.728089018470634,,,,,,187.2,0.1687040471391614,0.23359021911576194,,,45000.0,41000.0,86000.0,3185.185185185185,1061.7283950617284,,,,,,,,,,,,,,,,,,True,Wheel-load demand is below plain concrete cracking moment; fiber residual capacity provides additional reserve.,50,50,0.03,1.0,0.0,589259.2592592592,61580.246913580246,0.0,29966.222222222223,680805.7283950617,6450.0,133777.77777777778,58050.0,19111.11111111111,38700.0,172238.88888888888,0.22810707978975348,39288.90997067626,720094.638365738,8.373193469369046,250,650.0,0.38461538461538464,38.46153846153847,6.4,72.0,259.2,1.0,259.2,250,Fiber dosage is calculated in Module 2; total fiber mass is calculated in Module 4 LCA.
FRC,4,12,,,19.0,9.5,100.0,#57 stone,110.00000000000001,47.57004238281165,5.499039842323396,5.77022359949313,151.83364242524524,43.728089018470634,,,,,,187.2,0.15982488676341605,0.23359021911576194,,,45000.0,41000.0,86000.0,3185.185185185185,1061.7283950617284,,,,,,,,,,,,,,,,,,True,Wheel-load demand is below plain concrete cracking moment; fiber residual capacity provides additional reserve.,50,50,0.03,1.0,0.0,589259.2592592592,61580.246913580246,0.0,36989.555555555555,687829.0617283949,6450.0,133777.77777777778,58050.0,19111.11111111111,38700.0,172238.88888888888,0.22810707978975348,39288.90997067626,727117.9716990712,8.454860136035713,300,650.0,0.46153846153846156,46.15384615384615,7.9,86.4,273.6,1.0,273.6,300,Fiber dosage is calculated in Module 2; total fiber mass is calculated in Module 4 LCA.
FRC,4,12,,,19.0,9.5,100.0,#57 stone,110.00000000000001,47.57004238281165,5.499039842323396,5.77022359949313,151.83364242524524,43.728089018470634,,,,,,187.2,0.15183364242524525,0.23359021911576194,,,45000.0,41000.0,86000.0,3185.185185185185,1061.7283950617284,,,,,,,,,,,,,,,,,,True,Wheel-load demand is below plain concrete cracking moment; fiber residual capacity provides additional reserve.,50,50,0.03,1.0,0.0,589259.2592592592,61580.246913580246,0.0,44012.88888888889,694852.3950617283,6450.0,133777.77777777778,58050.0,19111.11111111111,38700.0,172238.88888888888,0.22810707978975348,39288.90997067626,734141.3050324046,8.53652680270238,350,650.0,0.5384615384615384,53.84615384615385,9.4,100.8,288.0,1.0,288.0,350,Fiber dosage is calculated in Module 2; total fiber mass is calculated in Module 4 LCA.
FRC,4,12,,,19.0,9.5,100.0,#57 stone,110.00000000000001,47.57004238281165,5.499039842323396,5.77022359949313,151.83364242524524,43.728089018470634,,,,,,187.2,0.14460346897642407,0.23359021911576194,,,45000.0,41000.0,86000.0,3185.185185185185,1061.7283950617284,,,,,,,,,,,,,,,,,,True,Wheel-load demand is below plain concrete cracking moment; fiber residual capacity provides additional reserve.,50,50,0.03,1.0,0.0,589259.2592592592,61580.246913580246,0.0,51036.22222222222,701875.7283950617,6450.0,133777.77777777778,58050.0,19111.11111111111,38700.0,172238.88888888888,0.22810707978975348,39288.90997067626,741164.638365738,8.618193469369047,400,650.0,0.6153846153846154,61.53846153846154,10.9,115.2,302.4,1.0,302.4,400,Fiber dosage is calculated in Module 2; total fiber mass is calculated in Module 4 LCA.
FRC,6,6,,,19.0,9.5,100.0,#57 stone,120.0,27.67667419824502,5.499039842323396,5.136027579968186,495.84438172525734,35.70079548421853,,,,,,46.8,0.6611258423003432,0.7628375103465499,,,45000.0,41000.0,86000.0,1592.5925925925926,1592.5925925925926,,,,,,,,,,,,,,,,,,True,Wheel-load demand is below plain concrete cracking moment; fiber residual capacity provides additional reserve.,50,50,0.03,1.0,0.0,294629.6296296296,92370.37037037036,0.0,7023.333333333333,394023.3333333333,3225.0,66888.88888888889,29025.0,28666.666666666668,19350.0,105230.55555555556,0.22810707978975348,24003.834732431198,418027.16806576453,4.860781024020518,100,650.0,0.15384615384615385,15.384615384615385,3.0,7.2,54.0,1.0,54.0,100,Fiber dosage is calculated in Module 2; total fiber mass is calculated in Module 4 LCA.
FRC,6,6,,,19.0,9.5,100.0,#57 stone,120.0,27.67667419824502,5.499039842323396,5.136027579968186,495.84438172525734,35.70079548421853,,,,,,46.8,0.6198054771565717,0.7628375103465499,,,45000.0,41000.0,86000.0,1592.5925925925926,1592.5925925925926,,,,,,,,,,,,,,,,,,True,Wheel-load demand is below plain concrete cracking moment; fiber residual capacity provides additional reserve.,50,50,0.03,1.0,0.0,294629.6296296296,92370.37037037036,0.0,7959.777777777777,394959.77777777775,3225.0,66888.88888888889,29025.0,28666.666666666668,19350.0,105230.55555555556,0.22810707978975348,24003.834732431198,418963.612510209,4.8716699129094065,150,650.0,0.23076923076923078,23.076923076923077,3.4,10.8,57.599999999999994,1.0,57.599999999999994,150,Fiber dosage is calculated in Module 2; total fiber mass is calculated in Module 4 LCA.
FRC,6,6,,,19.0,9.5,100.0,#57 stone,120.0,27.67667419824502,5.499039842323396,5.136027579968186,495.84438172525734,35.70079548421853,,,,,,46.8,0.5833463314414793,0.7628375103465499,,,45000.0,41000.0,86000.0,1592.5925925925926,1592.5925925925926,,,,,,,,,,,,,,,,,,True,Wheel-load demand is below plain concrete cracking moment; fiber residual capacity provides additional reserve.,50,50,0.03,1.0,0.0,294629.6296296296,92370.37037037036,0.0,11471.444444444445,398471.44444444444,3225.0,66888.88888888889,29025.0,28666.666666666668,19350.0,105230.55555555556,0.22810707978975348,24003.834732431198,422475.27917687566,4.91250324624274,200,650.0,0.3076923076923077,30.76923076923077,4.9,14.4,61.199999999999996,1.0,61.199999999999996,200,Fiber dosage is calculated in Module 2; total fiber mass is calculated in Module 4 LCA.
FRC,6,6,,,19.0,9.5,100.0,#57 stone,120.0,27.67667419824502,5.499039842323396,5.136027579968186,495.84438172525734,35.70079548421853,,,,,,46.8,0.5509382019169526,0.7628375103465499,,,45000.0,41000.0,86000.0,1592.5925925925926,1592.5925925925926,,,,,,,,,,,,,,,,,,True,Wheel-load demand is below plain concrete cracking moment; fiber residual capacity provides additional reserve.,50,50,0.03,1.0,0.0,294629.6296296296,92370.37037037036,0.0,14983.111111111111,401983.1111111111,3225.0,66888.88888888889,29025.0,28666.666666666668,19350.0,105230.55555555556,0.22810707978975348,24003.834732431198,425986.94584354234,4.9533365795760735,250,650.0,0.38461538461538464,38.46153846153847,6.4,18.0,64.8,1.0,64.8,250,Fiber dosage is calculated in Module 2; total fiber mass is calculated in Module 4 LCA.
FRC,6,6,,,19.0,9.5,100.0,#57 stone,120.0,27.67667419824502,5.499039842323396,5.136027579968186,495.84438172525734,35.70079548421853,,,,,,46.8,0.5219414544476393,0.7628375103465499,,,45000.0,41000.0,86000.0,1592.5925925925926,1592.5925925925926,,,,,,,,,,,,,,,,,,True,Wheel-load demand is below plain concrete cracking moment; fiber residual capacity provides additional reserve.,50,50,0.03,1.0,0.0,294629.6296296296,92370.37037037036,0.0,18494.777777777777,405494.77777777775,3225.0,66888.88888888889,29025.0,28666.666666666668,19350.0,105230.55555555556,0.22810707978975348,24003.834732431198,429498.612510209,4.994169912909407,300,650.0,0.46153846153846156,46.15384615384615,7.9,21.6,68.4,1.0,68.4,300,Fiber dosage is calculated in Module 2; total fiber mass is calculated in Module 4 LCA.
FRC,6,6,,,19.0,9.5,100.0,#57 stone,120.0,27.67667419824502,5.499039842323396,5.136027579968186,495.84438172525734,35.70079548421853,,,,,,46.8,0.49584438172525735,0.7628375103465499,,,45000.0,41000.0,86000.0,1592.5925925925926,1592.5925925925926,,,,,,,,,,,,,,,,,,True,Wheel-load demand is below plain concrete cracking moment; fiber residual capacity provides additional reserve.,50,50,0.03,1.0,0.0,294629.6296296296,92370.37037037036,0.0,22006.444444444445,409006.44444444444,3225.0,66888.88888888889,29025.0,28666.666666666668,19350.0,105230.55555555556,0.22810707978975348,24003.834732431198,433010.27917687566,5.0350032462427405,350,650.0,0.5384615384615384,53.84615384615385,9.4,25.2,72.0,1.0,72.0,350,Fiber dosage is calculated in Module 2; total fiber mass is calculated in Module 4 LCA.
FRC,6,6,,,19.0,9.5,100.0,#57 stone,120.0,27.67667419824502,5.499039842323396,5.136027579968186,495.84438172525734,35.70079548421853,,,,,,46.8,0.47223274450024516,0.7628375103465499,,,45000.0,41000.0,86000.0,1592.5925925925926,1592.5925925925926,,,,,,,,,,,,,,,,,,True,Wheel-load demand is below plain concrete cracking moment; fiber residual capacity provides additional reserve.,50,50,0.03,1.0,0.0,294629.6296296296,92370.37037037036,0.0,25518.11111111111,412518.1111111111,3225.0,66888.88888888889,29025.0,28666.666666666668,19350.0,105230.55555555556,0.22810707978975348,24003.834732431198,436521.94584354234,5.075836579576074,400,650.0,0.6153846153846154,61.53846153846154,10.9,28.8,75.6,1.0,75.6,400,Fiber dosage is calculated in Module 2; total fiber mass is calculated in Module 4 LCA.
FRC,6,8,,,19.0,9.5,100.0,#57 stone,120.0,34.3413966568967,5.499039842323396,5.201089693986001,308.87997496461526,39.536636795470756,,,,,,83.2,0.411839966619487,0.4751999614840235,,,45000.0,41000.0,86000.0,2123.456790123457,1592.5925925925926,,,,,,,,,,,,,,,,,,True,Wheel-load demand is below plain concrete cracking moment; fiber residual capacity provides additional reserve.,50,50,0.03,1.0,0.0,392839.5061728395,92370.37037037036,0.0,9364.444444444445,494574.3209876543,4300.0,89185.18518518518,38700.0,28666.666666666668,25800.0,130751.85185185185,0.22810707978975348,29825.423103028395,524399.7440906827,6.0976714429149155,100,650.0,0.15384615384615385,15.384615384615385,3.0,12.8,96.0,1.0,96.0,100,Fiber dosage is calculated in Module 2; total fiber mass is calculated in Module 4 LCA.
FRC,6,8,,,19.0,9.5,100.0,#57 stone,120.0,34.3413966568967,5.499039842323396,5.201089693986001,308.87997496461526,39.536636795470756,,,,,,83.2,0.38609996870576907,0.4751999614840235,,,45000.0,41000.0,86000.0,2123.456790123457,1592.5925925925926,,,,,,,,,,,,,,,,,,True,Wheel-load demand is below plain concrete cracking moment; fiber residual capacity provides additional reserve.,50,50,0.03,1.0,0.0,392839.5061728395,92370.37037037036,0.0,10613.037037037036,495822.9135802469,4300.0,89185.18518518518,38700.0,28666.666666666668,25800.0,130751.85185185185,0.22810707978975348,29825.423103028395,525648.3366832753,6.112189961433434,150,650.0,0.23076923076923078,23.076923076923077,3.4,19.2,102.4,1.0,102.4,150,Fiber dosage is calculated in Module 2; total fiber mass is calculated in Module 4 LCA.
FRC,6,8,,,19.0,9.5,100.0,#57 stone,120.0,34.3413966568967,5.499039842323396,5.201089693986001,308.87997496461526,39.536636795470756,,,,,,83.2,0.36338820584072384,0.4751999614840235,,,45000.0,41000.0,86000.0,2123.456790123457,1592.5925925925926,,,,,,,,,,,,,,,,,,True,Wheel-load demand is below plain concrete cracking moment; fiber residual capacity provides additional reserve.,50,50,0.03,1.0,0.0,392839.5061728395,92370.37037037036,0.0,15295.25925925926,500505.13580246916,4300.0,89185.18518518518,38700.0,28666.666666666668,25800.0,130751.85185185185,0.22810707978975348,29825.423103028395,530330.5589054975,6.166634405877878,200,650.0,0.3076923076923077,30.76923076923077,4.9,25.6,108.80000000000001,1.0,108.80000000000001,200,Fiber dosage is calculated in Module 2; total fiber mass is calculated in Module 4 LCA.
FRC,6,8,,,19.0,9.5,100.0,#57 stone,120.0,34.3413966568967,5.499039842323396,5.201089693986001,308.87997496461526,39.536636795470756,,,,,,83.2,0.3431999721829059,0.4751999614840235,,,45000.0,41000.0,86000.0,2123.456790123457,1592.5925925925926,,,,,,,,,,,,,,,,,,True,Wheel-load demand is below plain concrete cracking moment; fiber residual capacity provides additional reserve.,50,50,0.03,1.0,0.0,392839.5061728395,92370.37037037036,0.0,19977.48148148148,505187.35802469135,4300.0,89185.18518518518,38700.0,28666.666666666668,25800.0,130751.85185185185,0.22810707978975348,29825.423103028395,535012.7811277198,6.221078850322323,250,650.0,0.38461538461538464,38.46153846153847,6.4,32.0,115.2,1.0,115.2,250,Fiber dosage is calculated in Module 2; total fiber mass is calculated in Module 4 LCA.
FRC,6,8,,,19.0,9.5,100.0,#57 stone,120.0,34.3413966568967,5.499039842323396,5.201089693986001,308.87997496461526,39.536636795470756,,,,,,83.2,0.32513681575222664,0.4751999614840235,,,45000.0,41000.0,86000.0,2123.456790123457,1592.5925925925926,,,,,,,,,,,,,,,,,,True,Wheel-load demand is below plain concrete cracking moment; fiber residual capacity provides additional reserve.,50,50,0.03,1.0,0.0,392839.5061728395,92370.37037037036,0.0,24659.703703703704,509869.5802469136,4300.0,89185.18518518518,38700.0,28666.666666666668,25800.0,130751.85185185185,0.22810707978975348,29825.423103028395,539695.003349942,6.275523294766768,300,650.0,0.46153846153846156,46.15384615384615,7.9,38.4,121.6,1.0,121.6,300,Fiber dosage is calculated in Module 2; total fiber mass is calculated in Module 4 LCA.
FRC,6,8,,,19.0,9.5,100.0,#57 stone,120.0,34.3413966568967,5.499039842323396,5.201089693986001,308.87997496461526,39.536636795470756,,,,,,83.2,0.3088799749646153,0.4751999614840235,,,45000.0,41000.0,86000.0,2123.456790123457,1592.5925925925926,,,,,,,,,,,,,,,,,,True,Wheel-load demand is below plain concrete cracking moment; fiber residual capacity provides additional reserve.,50,50,0.03,1.0,0.0,392839.5061728395,92370.37037037036,0.0,29341.925925925927,514551.80246913584,4300.0,89185.18518518518,38700.0,28666.666666666668,25800.0,130751.85185185185,0.22810707978975348,29825.423103028395,544377.2255721643,6.329967739211213,350,650.0,0.5384615384615384,53.84615384615385,9.4,44.8,128.0,1.0,128.0,350,Fiber dosage is calculated in Module 2; total fiber mass is calculated in Module 4 LCA.
FRC,6,8,,,19.0,9.5,100.0,#57 stone,120.0,34.3413966568967,5.499039842323396,5.201089693986001,308.87997496461526,39.536636795470756,,,,,,83.2,0.294171404728205,0.4751999614840235,,,45000.0,41000.0,86000.0,2123.456790123457,1592.5925925925926,,,,,,,,,,,,,,,,,,True,Wheel-load demand is below plain concrete cracking moment; fiber residual capacity provides additional reserve.,50,50,0.03,1.0,0.0,392839.5061728395,92370.37037037036,0.0,34024.14814814815,519234.02469135803,4300.0,89185.18518518518,38700.0,28666.666666666668,25800.0,130751.85185185185,0.22810707978975348,29825.423103028395,549059.4477943864,6.384412183655656,400,650.0,0.6153846153846154,61.53846153846154,10.9,51.2,134.4,1.0,134.4,400,Fiber dosage is calculated in Module 2; total fiber mass is calculated in Module 4 LCA.
FRC,6,10,,,19.0,9.5,100.0,#57 stone,120.0,40.59760966213721,5.499039842323396,5.431260308356283,209.39372242415251,41.878744484830506,,,,,,130.0,0.27919162989887003,0.32214418834485004,,,45000.0,41000.0,86000.0,2654.320987654321,1592.5925925925926,,,,,,,,,,,,,,,,,,True,Wheel-load demand is below plain concrete cracking moment; fiber residual capacity provides additional reserve.,50,50,0.03,1.0,0.0,491049.3827160494,92370.37037037036,0.0,11705.555555555557,595125.3086419753,5375.0,111481.48148148149,48375.0,28666.666666666668,32250.0,156273.14814814815,0.22810707978975348,35647.01147362559,630772.3201156008,7.334561861809312,100,650.0,0.15384615384615385,15.384615384615385,3.0,20.0,150.0,1.0,150.0,100,Fiber dosage is calculated in Module 2; total fiber mass is calculated in Module 4 LCA.
FRC,6,10,,,19.0,9.5,100.0,#57 stone,120.0,40.59760966213721,5.499039842323396,5.431260308356283,209.39372242415251,41.878744484830506,,,,,,130.0,0.26174215303019066,0.32214418834485004,,,45000.0,41000.0,86000.0,2654.320987654321,1592.5925925925926,,,,,,,,,,,,,,,,,,True,Wheel-load demand is below plain concrete cracking moment; fiber residual capacity provides additional reserve.,50,50,0.03,1.0,0.0,491049.3827160494,92370.37037037036,0.0,13266.296296296296,596686.0493827161,5375.0,111481.48148148149,48375.0,28666.666666666668,32250.0,156273.14814814815,0.22810707978975348,35647.01147362559,632333.0608563416,7.352710009957461,150,650.0,0.23076923076923078,23.076923076923077,3.4,30.0,160.0,1.0,160.0,150,Fiber dosage is calculated in Module 2; total fiber mass is calculated in Module 4 LCA.
FRC,6,10,,,19.0,9.5,100.0,#57 stone,120.0,40.59760966213721,5.499039842323396,5.431260308356283,209.39372242415251,41.878744484830506,,,,,,130.0,0.24634555579312062,0.32214418834485004,,,45000.0,41000.0,86000.0,2654.320987654321,1592.5925925925926,,,,,,,,,,,,,,,,,,True,Wheel-load demand is below plain concrete cracking moment; fiber residual capacity provides additional reserve.,50,50,0.03,1.0,0.0,491049.3827160494,92370.37037037036,0.0,19119.074074074077,602538.8271604938,5375.0,111481.48148148149,48375.0,28666.666666666668,32250.0,156273.14814814815,0.22810707978975348,35647.01147362559,638185.8386341194,7.420765565513016,200,650.0,0.3076923076923077,30.76923076923077,4.9,40.0,170.0,1.0,170.0,200,Fiber dosage is calculated in Module 2; total fiber mass is calculated in Module 4 LCA.
FRC,6,10,,,19.0,9.5,100.0,#57 stone,120.0,40.59760966213721,5.499039842323396,5.431260308356283,209.39372242415251,41.878744484830506,,,,,,130.0,0.2326596915823917,0.32214418834485004,,,45000.0,41000.0,86000.0,2654.320987654321,1592.5925925925926,,,,,,,,,,,,,,,,,,True,Wheel-load demand is below plain concrete cracking moment; fiber residual capacity provides additional reserve.,50,50,0.03,1.0,0.0,491049.3827160494,92370.37037037036,0.0,24971.85185185185,608391.6049382716,5375.0,111481.48148148149,48375.0,28666.666666666668,32250.0,156273.14814814815,0.22810707978975348,35647.01147362559,644038.6164118971,7.488821121068571,250,650.0,0.38461538461538464,38.46153846153847,6.4,50.0,180.0,1.0,180.0,250,Fiber dosage is calculated in Module 2; total fiber mass is calculated in Module 4 LCA.
FRC,6,10,,,19.0,9.5,100.0,#57 stone,120.0,40.59760966213721,5.499039842323396,5.431260308356283,209.39372242415251,41.878744484830506,,,,,,130.0,0.22041444465700266,0.32214418834485004,,,45000.0,41000.0,86000.0,2654.320987654321,1592.5925925925926,,,,,,,,,,,,,,,,,,True,Wheel-load demand is below plain concrete cracking moment; fiber residual capacity provides additional reserve.,50,50,0.03,1.0,0.0,491049.3827160494,92370.37037037036,0.0,30824.62962962963,614244.3827160494,5375.0,111481.48148148149,48375.0,28666.666666666668,32250.0,156273.14814814815,0.22810707978975348,35647.01147362559,649891.394189675,7.556876676624128,300,650.0,0.46153846153846156,46.15384615384615,7.9,60.0,190.0,1.0,190.0,300,Fiber dosage is calculated in Module 2; total fiber mass is calculated in Module 4 LCA.
FRC,6,10,,,19.0,9.5,100.0,#57 stone,120.0,40.59760966213721,5.499039842323396,5.431260308356283,209.39372242415251,41.878744484830506,,,,,,130.0,0.20939372242415252,0.32214418834485004,,,45000.0,41000.0,86000.0,2654.320987654321,1592.5925925925926,,,,,,,,,,,,,,,,,,True,Wheel-load demand is below plain concrete cracking moment; fiber residual capacity provides additional reserve.,50,50,0.03,1.0,0.0,491049.3827160494,92370.37037037036,0.0,36677.40740740741,620097.1604938272,5375.0,111481.48148148149,48375.0,28666.666666666668,32250.0,156273.14814814815,0.22810707978975348,35647.01147362559,655744.1719674527,7.624932232179683,350,650.0,0.5384615384615384,53.84615384615385,9.4,70.0,200.0,1.0,200.0,350,Fiber dosage is calculated in Module 2; total fiber mass is calculated in Module 4 LCA.
FRC,6,10,,,19.0,9.5,100.0,#57 stone,120.0,40.59760966213721,5.499039842323396,5.431260308356283,209.39372242415251,41.878744484830506,,,,,,130.0,0.19942259278490718,0.32214418834485004,,,45000.0,41000.0,86000.0,2654.320987654321,1592.5925925925926,,,,,,,,,,,,,,,,,,True,Wheel-load demand is below plain concrete cracking moment; fiber residual capacity provides additional reserve.,50,50,0.03,1.0,0.0,491049.3827160494,92370.37037037036,0.0,42530.18518518518,625949.938271605,5375.0,111481.48148148149,48375.0,28666.666666666668,32250.0,156273.14814814815,0.22810707978975348,35647.01147362559,661596.9497452305,7.692987787735238,400,650.0,0.6153846153846154,61.53846153846154,10.9,80.0,210.0,1.0,210.0,400,Fiber dosage is calculated in Module 2; total fiber mass is calculated in Module 4 LCA.
FRC,6,12,,,19.0,9.5,100.0,#57 stone,120.0,46.546432238898426,5.499039842323396,5.77022359949313,150.4076490927939,43.31740293872463,,,,,,187.2,0.20054353212372517,0.2313963832196829,,,45000.0,41000.0,86000.0,3185.185185185185,1592.5925925925926,,,,,,,,,,,,,,,,,,True,Wheel-load demand is below plain concrete cracking moment; fiber residual capacity provides additional reserve.,50,50,0.03,1.0,0.0,589259.2592592592,92370.37037037036,0.0,14046.666666666666,695676.2962962962,6450.0,133777.77777777778,58050.0,28666.666666666668,38700.0,181794.44444444444,0.22810707978975348,41468.599844222794,737144.896140519,8.571452280703708,100,650.0,0.15384615384615385,15.384615384615385,3.0,28.8,216.0,1.0,216.0,100,Fiber dosage is calculated in Module 2; total fiber mass is calculated in Module 4 LCA.
FRC,6,12,,,19.0,9.5,100.0,#57 stone,120.0,46.546432238898426,5.499039842323396,5.77022359949313,150.4076490927939,43.31740293872463,,,,,,187.2,0.18800956136599234,0.2313963832196829,,,45000.0,41000.0,86000.0,3185.185185185185,1592.5925925925926,,,,,,,,,,,,,,,,,,True,Wheel-load demand is below plain concrete cracking moment; fiber residual capacity provides additional reserve.,50,50,0.03,1.0,0.0,589259.2592592592,92370.37037037036,0.0,15919.555555555555,697549.185185185,6450.0,133777.77777777778,58050.0,28666.666666666668,38700.0,181794.44444444444,0.22810707978975348,41468.599844222794,739017.7850294078,8.593230058481486,150,650.0,0.23076923076923078,23.076923076923077,3.4,43.2,230.39999999999998,1.0,230.39999999999998,150,Fiber dosage is calculated in Module 2; total fiber mass is calculated in Module 4 LCA.
FRC,6,12,,,19.0,9.5,100.0,#57 stone,120.0,46.546432238898426,5.499039842323396,5.77022359949313,150.4076490927939,43.31740293872463,,,,,,187.2,0.17695017540328692,0.2313963832196829,,,45000.0,41000.0,86000.0,3185.185185185185,1592.5925925925926,,,,,,,,,,,,,,,,,,True,Wheel-load demand is below plain concrete cracking moment; fiber residual capacity provides additional reserve.,50,50,0.03,1.0,0.0,589259.2592592592,92370.37037037036,0.0,22942.88888888889,704572.5185185184,6450.0,133777.77777777778,58050.0,28666.666666666668,38700.0,181794.44444444444,0.22810707978975348,41468.599844222794,746041.1183627412,8.674896725148153,200,650.0,0.3076923076923077,30.76923076923077,4.9,57.6,244.79999999999998,1.0,244.79999999999998,200,Fiber dosage is calculated in Module 2; total fiber mass is calculated in Module 4 LCA.
FRC,6,12,,,19.0,9.5,100.0,#57 stone,120.0,46.546432238898426,5.499039842323396,5.77022359949313,150.4076490927939,43.31740293872463,,,,,,187.2,0.1671196101031043,0.2313963832196829,,,45000.0,41000.0,86000.0,3185.185185185185,1592.5925925925926,,,,,,,,,,,,,,,,,,True,Wheel-load demand is below plain concrete cracking moment; fiber residual capacity provides additional reserve.,50,50,0.03,1.0,0.0,589259.2592592592,92370.37037037036,0.0,29966.222222222223,711595.8518518518,6450.0,133777.77777777778,58050.0,28666.666666666668,38700.0,181794.44444444444,0.22810707978975348,41468.599844222794,753064.4516960746,8.75656339181482,250,650.0,0.38461538461538464,38.46153846153847,6.4,72.0,259.2,1.0,259.2,250,Fiber dosage is calculated in Module 2; total fiber mass is calculated in Module 4 LCA.
FRC,6,12,,,19.0,9.5,100.0,#57 stone,120.0,46.546432238898426,5.499039842323396,5.77022359949313,150.4076490927939,43.31740293872463,,,,,,187.2,0.1583238411503093,0.2313963832196829,,,45000.0,41000.0,86000.0,3185.185185185185,1592.5925925925926,,,,,,,,,,,,,,,,,,True,Wheel-load demand is below plain concrete cracking moment; fiber residual capacity provides additional reserve.,50,50,0.03,1.0,0.0,589259.2592592592,92370.37037037036,0.0,36989.555555555555,718619.185185185,6450.0,133777.77777777778,58050.0,28666.666666666668,38700.0,181794.44444444444,0.22810707978975348,41468.599844222794,760087.7850294078,8.838230058481486,300,650.0,0.46153846153846156,46.15384615384615,7.9,86.4,273.6,1.0,273.6,300,Fiber dosage is calculated in Module 2; total fiber mass is calculated in Module 4 LCA.
FRC,6,12,,,19.0,9.5,100.0,#57 stone,120.0,46.546432238898426,5.499039842323396,5.77022359949313,150.4076490927939,43.31740293872463,,,,,,187.2,0.15040764909279386,0.2313963832196829,,,45000.0,41000.0,86000.0,3185.185185185185,1592.5925925925926,,,,,,,,,,,,,,,,,,True,Wheel-load demand is below plain concrete cracking moment; fiber residual capacity provides additional reserve.,50,50,0.03,1.0,0.0,589259.2592592592,92370.37037037036,0.0,44012.88888888889,725642.5185185184,6450.0,133777.77777777778,58050.0,28666.666666666668,38700.0,181794.44444444444,0.22810707978975348,41468.599844222794,767111.1183627412,8.919896725148153,350,650.0,0.5384615384615384,53.84615384615385,9.4,100.8,288.0,1.0,288.0,350,Fiber dosage is calculated in Module 2; total fiber mass is calculated in Module 4 LCA.
FRC,6,12,,,19.0,9.5,100.0,#57 stone,120.0,46.546432238898426,5.499039842323396,5.77022359949313,150.4076490927939,43.31740293872463,,,,,,187.2,0.14324538008837512,0.2313963832196829,,,45000.0,41000.0,86000.0,3185.185185185185,1592.5925925925926,,,,,,,,,,,,,,,,,,True,Wheel-load demand is below plain concrete cracking moment; fiber residual capacity provides additional reserve.,50,50,0.03,1.0,0.0,589259.2592592592,92370.37037037036,0.0,51036.22222222222,732665.8518518518,6450.0,133777.77777777778,58050.0,28666.666666666668,38700.0,181794.44444444444,0.22810707978975348,41468.599844222794,774134.4516960746,9.00156339181482,400,650.0,0.6153846153846154,61.53846153846154,10.9,115.2,302.4,1.0,302.4,400,Fiber dosage is calculated in Module 2; total fiber mass is calculated in Module 4 LCA.
FRC,8,6,,,19.0,9.5,100.0,#57 stone,130.0,27.12834968194135,5.499039842323396,5.136027579968186,490.59723490824183,35.323000913393415,,,,,,46.8,0.6541296465443225,0.7547649767819106,,,45000.0,41000.0,86000.0,1592.5925925925926,2123.456790123457,,,,,,,,,,,,,,,,,,True,Wheel-load demand is below plain concrete cracking moment; fiber residual capacity provides additional reserve.,50,50,0.03,1.0,0.0,294629.6296296296,123160.49382716049,0.0,7023.333333333333,424813.4567901234,3225.0,66888.88888888889,29025.0,38222.22222222222,19350.0,114786.11111111112,0.22810707978975348,26183.524605977735,450996.9813961012,5.244150946466293,100,650.0,0.15384615384615385,15.384615384615385,3.0,7.2,54.0,1.0,54.0,100,Fiber dosage is calculated in Module 2; total fiber mass is calculated in Module 4 LCA.
FRC,8,6,,,19.0,9.5,100.0,#57 stone,130.0,27.12834968194135,5.499039842323396,5.136027579968186,490.59723490824183,35.323000913393415,,,,,,46.8,0.6132465436353024,0.7547649767819106,,,45000.0,41000.0,86000.0,1592.5925925925926,2123.456790123457,,,,,,,,,,,,,,,,,,True,Wheel-load demand is below plain concrete cracking moment; fiber residual capacity provides additional reserve.,50,50,0.03,1.0,0.0,294629.6296296296,123160.49382716049,0.0,7959.777777777777,425749.90123456786,3225.0,66888.88888888889,29025.0,38222.22222222222,19350.0,114786.11111111112,0.22810707978975348,26183.524605977735,451933.4258405456,5.2550398353551815,150,650.0,0.23076923076923078,23.076923076923077,3.4,10.8,57.599999999999994,1.0,57.599999999999994,150,Fiber dosage is calculated in Module 2; total fiber mass is calculated in Module 4 LCA.
FRC,8,6,,,19.0,9.5,100.0,#57 stone,130.0,27.12834968194135,5.499039842323396,5.136027579968186,490.59723490824183,35.323000913393415,,,,,,46.8,0.5771732175391081,0.7547649767819106,,,45000.0,41000.0,86000.0,1592.5925925925926,2123.456790123457,,,,,,,,,,,,,,,,,,True,Wheel-load demand is below plain concrete cracking moment; fiber residual capacity provides additional reserve.,50,50,0.03,1.0,0.0,294629.6296296296,123160.49382716049,0.0,11471.444444444445,429261.56790123455,3225.0,66888.88888888889,29025.0,38222.22222222222,19350.0,114786.11111111112,0.22810707978975348,26183.524605977735,455445.0925072123,5.295873168688515,200,650.0,0.3076923076923077,30.76923076923077,4.9,14.4,61.199999999999996,1.0,61.199999999999996,200,Fiber dosage is calculated in Module 2; total fiber mass is calculated in Module 4 LCA.
FRC,8,6,,,19.0,9.5,100.0,#57 stone,130.0,27.12834968194135,5.499039842323396,5.136027579968186,490.59723490824183,35.323000913393415,,,,,,46.8,0.5451080387869355,0.7547649767819106,,,45000.0,41000.0,86000.0,1592.5925925925926,2123.456790123457,,,,,,,,,,,,,,,,,,True,Wheel-load demand is below plain concrete cracking moment; fiber residual capacity provides additional reserve.,50,50,0.03,1.0,0.0,294629.6296296296,123160.49382716049,0.0,14983.111111111111,432773.23456790124,3225.0,66888.88888888889,29025.0,38222.22222222222,19350.0,114786.11111111112,0.22810707978975348,26183.524605977735,458956.759173879,5.3367065020218485,250,650.0,0.38461538461538464,38.46153846153847,6.4,18.0,64.8,1.0,64.8,250,Fiber dosage is calculated in Module 2; total fiber mass is calculated in Module 4 LCA.
FRC,8,6,,,19.0,9.5,100.0,#57 stone,130.0,27.12834968194135,5.499039842323396,5.136027579968186,490.59723490824183,35.323000913393415,,,,,,46.8,0.5164181420086756,0.7547649767819106,,,45000.0,41000.0,86000.0,1592.5925925925926,2123.456790123457,,,,,,,,,,,,,,,,,,True,Wheel-load demand is below plain concrete cracking moment; fiber residual capacity provides additional reserve.,50,50,0.03,1.0,0.0,294629.6296296296,123160.49382716049,0.0,18494.777777777777,436284.90123456786,3225.0,66888.88888888889,29025.0,38222.22222222222,19350.0,114786.11111111112,0.22810707978975348,26183.524605977735,462468.4258405456,5.377539835355182,300,650.0,0.46153846153846156,46.15384615384615,7.9,21.6,68.4,1.0,68.4,300,Fiber dosage is calculated in Module 2; total fiber mass is calculated in Module 4 LCA.
FRC,8,6,,,19.0,9.5,100.0,#57 stone,130.0,27.12834968194135,5.499039842323396,5.136027579968186,490.59723490824183,35.323000913393415,,,,,,46.8,0.49059723490824186,0.7547649767819106,,,45000.0,41000.0,86000.0,1592.5925925925926,2123.456790123457,,,,,,,,,,,,,,,,,,True,Wheel-load demand is below plain concrete cracking moment; fiber residual capacity provides additional reserve.,50,50,0.03,1.0,0.0,294629.6296296296,123160.49382716049,0.0,22006.444444444445,439796.56790123455,3225.0,66888.88888888889,29025.0,38222.22222222222,19350.0,114786.11111111112,0.22810707978975348,26183.524605977735,465980.0925072123,5.4183731686885155,350,650.0,0.5384615384615384,53.84615384615385,9.4,25.2,72.0,1.0,72.0,350,Fiber dosage is calculated in Module 2; total fiber mass is calculated in Module 4 LCA.
FRC,8,6,,,19.0,9.5,100.0,#57 stone,130.0,27.12834968194135,5.499039842323396,5.136027579968186,490.59723490824183,35.323000913393415,,,,,,46.8,0.46723546181737324,0.7547649767819106,,,45000.0,41000.0,86000.0,1592.5925925925926,2123.456790123457,,,,,,,,,,,,,,,,,,True,Wheel-load demand is below plain concrete cracking moment; fiber residual capacity provides additional reserve.,50,50,0.03,1.0,0.0,294629.6296296296,123160.49382716049,0.0,25518.11111111111,443308.23456790124,3225.0,66888.88888888889,29025.0,38222.22222222222,19350.0,114786.11111111112,0.22810707978975348,26183.524605977735,469491.759173879,5.459206502021849,400,650.0,0.6153846153846154,61.53846153846154,10.9,28.8,75.6,1.0,75.6,400,Fiber dosage is calculated in Module 2; total fiber mass is calculated in Module 4 LCA.
FRC,8,8,,,19.0,9.5,100.0,#57 stone,130.0,33.66103204458069,5.499039842323396,5.201089693986001,305.92845488004406,39.15884222464564,,,,,,83.2,0.4079046065067254,0.4706591613539139,,,45000.0,41000.0,86000.0,2123.456790123457,2123.456790123457,,,,,,,,,,,,,,,,,,True,Wheel-load demand is below plain concrete cracking moment; fiber residual capacity provides additional reserve.,50,50,0.03,1.0,0.0,392839.5061728395,123160.49382716049,0.0,9364.444444444445,525364.4444444445,4300.0,89185.18518518518,38700.0,38222.22222222222,25800.0,140307.40740740742,0.22810707978975348,32005.112976574932,557369.5574210194,6.481041365360691,100,650.0,0.15384615384615385,15.384615384615385,3.0,12.8,96.0,1.0,96.0,100,Fiber dosage is calculated in Module 2; total fiber mass is calculated in Module 4 LCA.
FRC,8,8,,,19.0,9.5,100.0,#57 stone,130.0,33.66103204458069,5.499039842323396,5.201089693986001,305.92845488004406,39.15884222464564,,,,,,83.2,0.38241056860005507,0.4706591613539139,,,45000.0,41000.0,86000.0,2123.456790123457,2123.456790123457,,,,,,,,,,,,,,,,,,True,Wheel-load demand is below plain concrete cracking moment; fiber residual capacity provides additional reserve.,50,50,0.03,1.0,0.0,392839.5061728395,123160.49382716049,0.0,10613.037037037036,526613.0370370371,4300.0,89185.18518518518,38700.0,38222.22222222222,25800.0,140307.40740740742,0.22810707978975348,32005.112976574932,558618.150013612,6.495559883879209,150,650.0,0.23076923076923078,23.076923076923077,3.4,19.2,102.4,1.0,102.4,150,Fiber dosage is calculated in Module 2; total fiber mass is calculated in Module 4 LCA.
FRC,8,8,,,19.0,9.5,100.0,#57 stone,130.0,33.66103204458069,5.499039842323396,5.201089693986001,305.92845488004406,39.15884222464564,,,,,,83.2,0.35991582927064003,0.4706591613539139,,,45000.0,41000.0,86000.0,2123.456790123457,2123.456790123457,,,,,,,,,,,,,,,,,,True,Wheel-load demand is below plain concrete cracking moment; fiber residual capacity provides additional reserve.,50,50,0.03,1.0,0.0,392839.5061728395,123160.49382716049,0.0,15295.25925925926,531295.2592592592,4300.0,89185.18518518518,38700.0,38222.22222222222,25800.0,140307.40740740742,0.22810707978975348,32005.112976574932,563300.3722358341,6.550004328323653,200,650.0,0.3076923076923077,30.76923076923077,4.9,25.6,108.80000000000001,1.0,108.80000000000001,200,Fiber dosage is calculated in Module 2; total fiber mass is calculated in Module 4 LCA.
FRC,8,8,,,19.0,9.5,100.0,#57 stone,130.0,33.66103204458069,5.499039842323396,5.201089693986001,305.92845488004406,39.15884222464564,,,,,,83.2,0.33992050542227115,0.4706591613539139,,,45000.0,41000.0,86000.0,2123.456790123457,2123.456790123457,,,,,,,,,,,,,,,,,,True,Wheel-load demand is below plain concrete cracking moment; fiber residual capacity provides additional reserve.,50,50,0.03,1.0,0.0,392839.5061728395,123160.49382716049,0.0,19977.48148148148,535977.4814814815,4300.0,89185.18518518518,38700.0,38222.22222222222,25800.0,140307.40740740742,0.22810707978975348,32005.112976574932,567982.5944580564,6.604448772768097,250,650.0,0.38461538461538464,38.46153846153847,6.4,32.0,115.2,1.0,115.2,250,Fiber dosage is calculated in Module 2; total fiber mass is calculated in Module 4 LCA.
FRC,8,8,,,19.0,9.5,100.0,#57 stone,130.0,33.66103204458069,5.499039842323396,5.201089693986001,305.92845488004406,39.15884222464564,,,,,,83.2,0.3220299525053095,0.4706591613539139,,,45000.0,41000.0,86000.0,2123.456790123457,2123.456790123457,,,,,,,,,,,,,,,,,,True,Wheel-load demand is below plain concrete cracking moment; fiber residual capacity provides additional reserve.,50,50,0.03,1.0,0.0,392839.5061728395,123160.49382716049,0.0,24659.703703703704,540659.7037037037,4300.0,89185.18518518518,38700.0,38222.22222222222,25800.0,140307.40740740742,0.22810707978975348,32005.112976574932,572664.8166802786,6.658893217212542,300,650.0,0.46153846153846156,46.15384615384615,7.9,38.4,121.6,1.0,121.6,300,Fiber dosage is calculated in Module 2; total fiber mass is calculated in Module 4 LCA.
FRC,8,8,,,19.0,9.5,100.0,#57 stone,130.0,33.66103204458069,5.499039842323396,5.201089693986001,305.92845488004406,39.15884222464564,,,,,,83.2,0.30592845488004405,0.4706591613539139,,,45000.0,41000.0,86000.0,2123.456790123457,2123.456790123457,,,,,,,,,,,,,,,,,,True,Wheel-load demand is below plain concrete cracking moment; fiber residual capacity provides additional reserve.,50,50,0.03,1.0,0.0,392839.5061728395,123160.49382716049,0.0,29341.925925925927,545341.925925926,4300.0,89185.18518518518,38700.0,38222.22222222222,25800.0,140307.40740740742,0.22810707978975348,32005.112976574932,577347.0389025009,6.713337661656987,350,650.0,0.5384615384615384,53.84615384615385,9.4,44.8,128.0,1.0,128.0,350,Fiber dosage is calculated in Module 2; total fiber mass is calculated in Module 4 LCA.
FRC,8,8,,,19.0,9.5,100.0,#57 stone,130.0,33.66103204458069,5.499039842323396,5.201089693986001,305.92845488004406,39.15884222464564,,,,,,83.2,0.29136043321908955,0.4706591613539139,,,45000.0,41000.0,86000.0,2123.456790123457,2123.456790123457,,,,,,,,,,,,,,,,,,True,Wheel-load demand is below plain concrete cracking moment; fiber residual capacity provides additional reserve.,50,50,0.03,1.0,0.0,392839.5061728395,123160.49382716049,0.0,34024.14814814815,550024.1481481482,4300.0,89185.18518518518,38700.0,38222.22222222222,25800.0,140307.40740740742,0.22810707978975348,32005.112976574932,582029.2611247231,6.767782106101432,400,650.0,0.6153846153846154,61.53846153846154,10.9,51.2,134.4,1.0,134.4,400,Fiber dosage is calculated in Module 2; total fiber mass is calculated in Module 4 LCA.
FRC,8,10,,,19.0,9.5,100.0,#57 stone,130.0,39.7932982581865,5.499039842323396,5.431260308356283,207.50474957002695,41.50094991400539,,,,,,130.0,0.2766729994267026,0.3192380762615799,,,45000.0,41000.0,86000.0,2654.320987654321,2123.456790123457,,,,,,,,,,,,,,,,,,True,Wheel-load demand is below plain concrete cracking moment; fiber residual capacity provides additional reserve.,50,50,0.03,1.0,0.0,491049.3827160494,123160.49382716049,0.0,11705.555555555557,625915.4320987654,5375.0,111481.48148148149,48375.0,38222.22222222222,32250.0,165828.7037037037,0.22810707978975348,37826.70134717213,663742.1334459375,7.717931784255088,100,650.0,0.15384615384615385,15.384615384615385,3.0,20.0,150.0,1.0,150.0,100,Fiber dosage is calculated in Module 2; total fiber mass is calculated in Module 4 LCA.
FRC,8,10,,,19.0,9.5,100.0,#57 stone,130.0,39.7932982581865,5.499039842323396,5.431260308356283,207.50474957002695,41.50094991400539,,,,,,130.0,0.25938093696253367,0.3192380762615799,,,45000.0,41000.0,86000.0,2654.320987654321,2123.456790123457,,,,,,,,,,,,,,,,,,True,Wheel-load demand is below plain concrete cracking moment; fiber residual capacity provides additional reserve.,50,50,0.03,1.0,0.0,491049.3827160494,123160.49382716049,0.0,13266.296296296296,627476.1728395062,5375.0,111481.48148148149,48375.0,38222.22222222222,32250.0,165828.7037037037,0.22810707978975348,37826.70134717213,665302.8741866783,7.7360799324032365,150,650.0,0.23076923076923078,23.076923076923077,3.4,30.0,160.0,1.0,160.0,150,Fiber dosage is calculated in Module 2; total fiber mass is calculated in Module 4 LCA.
FRC,8,10,,,19.0,9.5,100.0,#57 stone,130.0,39.7932982581865,5.499039842323396,5.431260308356283,207.50474957002695,41.50094991400539,,,,,,130.0,0.244123234788267,0.3192380762615799,,,45000.0,41000.0,86000.0,2654.320987654321,2123.456790123457,,,,,,,,,,,,,,,,,,True,Wheel-load demand is below plain concrete cracking moment; fiber residual capacity provides additional reserve.,50,50,0.03,1.0,0.0,491049.3827160494,123160.49382716049,0.0,19119.074074074077,633328.9506172839,5375.0,111481.48148148149,48375.0,38222.22222222222,32250.0,165828.7037037037,0.22810707978975348,37826.70134717213,671155.6519644561,7.804135487958791,200,650.0,0.3076923076923077,30.76923076923077,4.9,40.0,170.0,1.0,170.0,200,Fiber dosage is calculated in Module 2; total fiber mass is calculated in Module 4 LCA.
FRC,8,10,,,19.0,9.5,100.0,#57 stone,130.0,39.7932982581865,5.499039842323396,5.431260308356283,207.50474957002695,41.50094991400539,,,,,,130.0,0.23056083285558548,0.3192380762615799,,,45000.0,41000.0,86000.0,2654.320987654321,2123.456790123457,,,,,,,,,,,,,,,,,,True,Wheel-load demand is below plain concrete cracking moment; fiber residual capacity provides additional reserve.,50,50,0.03,1.0,0.0,491049.3827160494,123160.49382716049,0.0,24971.85185185185,639181.7283950617,5375.0,111481.48148148149,48375.0,38222.22222222222,32250.0,165828.7037037037,0.22810707978975348,37826.70134717213,677008.4297422338,7.872191043514347,250,650.0,0.38461538461538464,38.46153846153847,6.4,50.0,180.0,1.0,180.0,250,Fiber dosage is calculated in Module 2; total fiber mass is calculated in Module 4 LCA.
FRC,8,10,,,19.0,9.5,100.0,#57 stone,130.0,39.7932982581865,5.499039842323396,5.431260308356283,207.50474957002695,41.50094991400539,,,,,,130.0,0.21842605217897573,0.3192380762615799,,,45000.0,41000.0,86000.0,2654.320987654321,2123.456790123457,,,,,,,,,,,,,,,,,,True,Wheel-load demand is below plain concrete cracking moment; fiber residual capacity provides additional reserve.,50,50,0.03,1.0,0.0,491049.3827160494,123160.49382716049,0.0,30824.62962962963,645034.5061728396,5375.0,111481.48148148149,48375.0,38222.22222222222,32250.0,165828.7037037037,0.22810707978975348,37826.70134717213,682861.2075200117,7.940246599069903,300,650.0,0.46153846153846156,46.15384615384615,7.9,60.0,190.0,1.0,190.0,300,Fiber dosage is calculated in Module 2; total fiber mass is calculated in Module 4 LCA.
FRC,8,10,,,19.0,9.5,100.0,#57 stone,130.0,39.7932982581865,5.499039842323396,5.431260308356283,207.50474957002695,41.50094991400539,,,,,,130.0,0.20750474957002696,0.3192380762615799,,,45000.0,41000.0,86000.0,2654.320987654321,2123.456790123457,,,,,,,,,,,,,,,,,,True,Wheel-load demand is below plain concrete cracking moment; fiber residual capacity provides additional reserve.,50,50,0.03,1.0,0.0,491049.3827160494,123160.49382716049,0.0,36677.40740740741,650887.2839506173,5375.0,111481.48148148149,48375.0,38222.22222222222,32250.0,165828.7037037037,0.22810707978975348,37826.70134717213,688713.9852977894,8.00830215462546,350,650.0,0.5384615384615384,53.84615384615385,9.4,70.0,200.0,1.0,200.0,350,Fiber dosage is calculated in Module 2; total fiber mass is calculated in Module 4 LCA.
FRC,8,10,,,19.0,9.5,100.0,#57 stone,130.0,39.7932982581865,5.499039842323396,5.431260308356283,207.50474957002695,41.50094991400539,,,,,,130.0,0.19762357101907327,0.3192380762615799,,,45000.0,41000.0,86000.0,2654.320987654321,2123.456790123457,,,,,,,,,,,,,,,,,,True,Wheel-load demand is below plain concrete cracking moment; fiber residual capacity provides additional reserve.,50,50,0.03,1.0,0.0,491049.3827160494,123160.49382716049,0.0,42530.18518518518,656740.061728395,5375.0,111481.48148148149,48375.0,38222.22222222222,32250.0,165828.7037037037,0.22810707978975348,37826.70134717213,694566.7630755672,8.076357710181014,400,650.0,0.6153846153846154,61.53846153846154,10.9,80.0,210.0,1.0,210.0,400,Fiber dosage is calculated in Module 2; total fiber mass is calculated in Module 4 LCA.
FRC,8,12,,,19.0,9.5,100.0,#57 stone,130.0,45.62426399858746,5.499039842323396,5.77022359949313,149.09586238854,42.939608367899524,,,,,,187.2,0.19879448318472,0.22937824982852312,,,45000.0,41000.0,86000.0,3185.185185185185,2123.456790123457,,,,,,,,,,,,,,,,,,True,Wheel-load demand is below plain concrete cracking moment; fiber residual capacity provides additional reserve.,50,50,0.03,1.0,0.0,589259.2592592592,123160.49382716049,0.0,14046.666666666666,726466.4197530863,6450.0,133777.77777777778,58050.0,38222.22222222222,38700.0,191350.0,0.22810707978975348,43648.28971776933,770114.7094708557,8.954822203149485,100,650.0,0.15384615384615385,15.384615384615385,3.0,28.8,216.0,1.0,216.0,100,Fiber dosage is calculated in Module 2; total fiber mass is calculated in Module 4 LCA.
FRC,8,12,,,19.0,9.5,100.0,#57 stone,130.0,45.62426399858746,5.499039842323396,5.77022359949313,149.09586238854,42.939608367899524,,,,,,187.2,0.18636982798567503,0.22937824982852312,,,45000.0,41000.0,86000.0,3185.185185185185,2123.456790123457,,,,,,,,,,,,,,,,,,True,Wheel-load demand is below plain concrete cracking moment; fiber residual capacity provides additional reserve.,50,50,0.03,1.0,0.0,589259.2592592592,123160.49382716049,0.0,15919.555555555555,728339.3086419752,6450.0,133777.77777777778,58050.0,38222.22222222222,38700.0,191350.0,0.22810707978975348,43648.28971776933,771987.5983597445,8.976599980927261,150,650.0,0.23076923076923078,23.076923076923077,3.4,43.2,230.39999999999998,1.0,230.39999999999998,150,Fiber dosage is calculated in Module 2; total fiber mass is calculated in Module 4 LCA.
FRC,8,12,,,19.0,9.5,100.0,#57 stone,130.0,45.62426399858746,5.499039842323396,5.77022359949313,149.09586238854,42.939608367899524,,,,,,187.2,0.17540689692769415,0.22937824982852312,,,45000.0,41000.0,86000.0,3185.185185185185,2123.456790123457,,,,,,,,,,,,,,,,,,True,Wheel-load demand is below plain concrete cracking moment; fiber residual capacity provides additional reserve.,50,50,0.03,1.0,0.0,589259.2592592592,123160.49382716049,0.0,22942.88888888889,735362.6419753085,6450.0,133777.77777777778,58050.0,38222.22222222222,38700.0,191350.0,0.22810707978975348,43648.28971776933,779010.9316930779,9.058266647593928,200,650.0,0.3076923076923077,30.76923076923077,4.9,57.6,244.79999999999998,1.0,244.79999999999998,200,Fiber dosage is calculated in Module 2; total fiber mass is calculated in Module 4 LCA.
FRC,8,12,,,19.0,9.5,100.0,#57 stone,130.0,45.62426399858746,5.499039842323396,5.77022359949313,149.09586238854,42.939608367899524,,,,,,187.2,0.16566206932060001,0.22937824982852312,,,45000.0,41000.0,86000.0,3185.185185185185,2123.456790123457,,,,,,,,,,,,,,,,,,True,Wheel-load demand is below plain concrete cracking moment; fiber residual capacity provides additional reserve.,50,50,0.03,1.0,0.0,589259.2592592592,123160.49382716049,0.0,29966.222222222223,742385.9753086419,6450.0,133777.77777777778,58050.0,38222.22222222222,38700.0,191350.0,0.22810707978975348,43648.28971776933,786034.2650264113,9.139933314260595,250,650.0,0.38461538461538464,38.46153846153847,6.4,72.0,259.2,1.0,259.2,250,Fiber dosage is calculated in Module 2; total fiber mass is calculated in Module 4 LCA.
FRC,8,12,,,19.0,9.5,100.0,#57 stone,130.0,45.62426399858746,5.499039842323396,5.77022359949313,149.09586238854,42.939608367899524,,,,,,187.2,0.15694301304056843,0.22937824982852312,,,45000.0,41000.0,86000.0,3185.185185185185,2123.456790123457,,,,,,,,,,,,,,,,,,True,Wheel-load demand is below plain concrete cracking moment; fiber residual capacity provides additional reserve.,50,50,0.03,1.0,0.0,589259.2592592592,123160.49382716049,0.0,36989.555555555555,749409.3086419752,6450.0,133777.77777777778,58050.0,38222.22222222222,38700.0,191350.0,0.22810707978975348,43648.28971776933,793057.5983597445,9.221599980927262,300,650.0,0.46153846153846156,46.15384615384615,7.9,86.4,273.6,1.0,273.6,300,Fiber dosage is calculated in Module 2; total fiber mass is calculated in Module 4 LCA.
FRC,8,12,,,19.0,9.5,100.0,#57 stone,130.0,45.62426399858746,5.499039842323396,5.77022359949313,149.09586238854,42.939608367899524,,,,,,187.2,0.14909586238854,0.22937824982852312,,,45000.0,41000.0,86000.0,3185.185185185185,2123.456790123457,,,,,,,,,,,,,,,,,,True,Wheel-load demand is below plain concrete cracking moment; fiber residual capacity provides additional reserve.,50,50,0.03,1.0,0.0,589259.2592592592,123160.49382716049,0.0,44012.88888888889,756432.6419753085,6450.0,133777.77777777778,58050.0,38222.22222222222,38700.0,191350.0,0.22810707978975348,43648.28971776933,800080.9316930779,9.30326664759393,350,650.0,0.5384615384615384,53.84615384615385,9.4,100.8,288.0,1.0,288.0,350,Fiber dosage is calculated in Module 2; total fiber mass is calculated in Module 4 LCA.
FRC,8,12,,,19.0,9.5,100.0,#57 stone,130.0,45.62426399858746,5.499039842323396,5.77022359949313,149.09586238854,42.939608367899524,,,,,,187.2,0.14199605941765717,0.22937824982852312,,,45000.0,41000.0,86000.0,3185.185185185185,2123.456790123457,,,,,,,,,,,,,,,,,,True,Wheel-load demand is below plain concrete cracking moment; fiber residual capacity provides additional reserve.,50,50,0.03,1.0,0.0,589259.2592592592,123160.49382716049,0.0,51036.22222222222,763455.9753086419,6450.0,133777.77777777778,58050.0,38222.22222222222,38700.0,191350.0,0.22810707978975348,43648.28971776933,807104.2650264113,9.384933314260596,400,650.0,0.6153846153846154,61.53846153846154,10.9,115.2,302.4,1.0,302.4,400,Fiber dosage is calculated in Module 2; total fiber mass is calculated in Module 4 LCA.
FRC,10,6,,,19.0,9.5,100.0,#57 stone,140.0,26.630370211515178,5.499039842323396,5.136027579968186,485.7391357571253,34.973217774513024,,,,,,46.8,0.6476521810095005,0.7472909780878851,,,45000.0,41000.0,86000.0,1592.5925925925926,2654.320987654321,,,,,,,,,,,,,,,,,,True,Wheel-load demand is below plain concrete cracking moment; fiber residual capacity provides additional reserve.,50,50,0.03,1.0,0.0,294629.6296296296,153950.61728395062,0.0,7023.333333333333,455603.58024691354,3225.0,66888.88888888889,29025.0,47777.77777777778,19350.0,124341.66666666669,0.22810707978975348,28363.214479524268,483966.79472643783,5.627520868912068,100,650.0,0.15384615384615385,15.384615384615385,3.0,7.2,54.0,1.0,54.0,100,Fiber dosage is calculated in Module 2; total fiber mass is calculated in Module 4 LCA.
FRC,10,6,,,19.0,9.5,100.0,#57 stone,140.0,26.630370211515178,5.499039842323396,5.136027579968186,485.7391357571253,34.973217774513024,,,,,,46.8,0.6071739196964068,0.7472909780878851,,,45000.0,41000.0,86000.0,1592.5925925925926,2654.320987654321,,,,,,,,,,,,,,,,,,True,Wheel-load demand is below plain concrete cracking moment; fiber residual capacity provides additional reserve.,50,50,0.03,1.0,0.0,294629.6296296296,153950.61728395062,0.0,7959.777777777777,456540.024691358,3225.0,66888.88888888889,29025.0,47777.77777777778,19350.0,124341.66666666669,0.22810707978975348,28363.214479524268,484903.23917088227,5.638409757800956,150,650.0,0.23076923076923078,23.076923076923077,3.4,10.8,57.599999999999994,1.0,57.599999999999994,150,Fiber dosage is calculated in Module 2; total fiber mass is calculated in Module 4 LCA.
FRC,10,6,,,19.0,9.5,100.0,#57 stone,140.0,26.630370211515178,5.499039842323396,5.136027579968186,485.7391357571253,34.973217774513024,,,,,,46.8,0.5714578067730887,0.7472909780878851,,,45000.0,41000.0,86000.0,1592.5925925925926,2654.320987654321,,,,,,,,,,,,,,,,,,True,Wheel-load demand is below plain concrete cracking moment; fiber residual capacity provides additional reserve.,50,50,0.03,1.0,0.0,294629.6296296296,153950.61728395062,0.0,11471.444444444445,460051.69135802466,3225.0,66888.88888888889,29025.0,47777.77777777778,19350.0,124341.66666666669,0.22810707978975348,28363.214479524268,488414.90583754895,5.67924309113429,200,650.0,0.3076923076923077,30.76923076923077,4.9,14.4,61.199999999999996,1.0,61.199999999999996,200,Fiber dosage is calculated in Module 2; total fiber mass is calculated in Module 4 LCA.
FRC,10,6,,,19.0,9.5,100.0,#57 stone,140.0,26.630370211515178,5.499039842323396,5.136027579968186,485.7391357571253,34.973217774513024,,,,,,46.8,0.5397101508412504,0.7472909780878851,,,45000.0,41000.0,86000.0,1592.5925925925926,2654.320987654321,,,,,,,,,,,,,,,,,,True,Wheel-load demand is below plain concrete cracking moment; fiber residual capacity provides additional reserve.,50,50,0.03,1.0,0.0,294629.6296296296,153950.61728395062,0.0,14983.111111111111,463563.35802469135,3225.0,66888.88888888889,29025.0,47777.77777777778,19350.0,124341.66666666669,0.22810707978975348,28363.214479524268,491926.57250421564,5.720076424467623,250,650.0,0.38461538461538464,38.46153846153847,6.4,18.0,64.8,1.0,64.8,250,Fiber dosage is calculated in Module 2; total fiber mass is calculated in Module 4 LCA.
FRC,10,6,,,19.0,9.5,100.0,#57 stone,140.0,26.630370211515178,5.499039842323396,5.136027579968186,485.7391357571253,34.973217774513024,,,,,,46.8,0.511304353428553,0.7472909780878851,,,45000.0,41000.0,86000.0,1592.5925925925926,2654.320987654321,,,,,,,,,,,,,,,,,,True,Wheel-load demand is below plain concrete cracking moment; fiber residual capacity provides additional reserve.,50,50,0.03,1.0,0.0,294629.6296296296,153950.61728395062,0.0,18494.777777777777,467075.024691358,3225.0,66888.88888888889,29025.0,47777.77777777778,19350.0,124341.66666666669,0.22810707978975348,28363.214479524268,495438.23917088227,5.760909757800957,300,650.0,0.46153846153846156,46.15384615384615,7.9,21.6,68.4,1.0,68.4,300,Fiber dosage is calculated in Module 2; total fiber mass is calculated in Module 4 LCA.
FRC,10,6,,,19.0,9.5,100.0,#57 stone,140.0,26.630370211515178,5.499039842323396,5.136027579968186,485.7391357571253,34.973217774513024,,,,,,46.8,0.48573913575712535,0.7472909780878851,,,45000.0,41000.0,86000.0,1592.5925925925926,2654.320987654321,,,,,,,,,,,,,,,,,,True,Wheel-load demand is below plain concrete cracking moment; fiber residual capacity provides additional reserve.,50,50,0.03,1.0,0.0,294629.6296296296,153950.61728395062,0.0,22006.444444444445,470586.69135802466,3225.0,66888.88888888889,29025.0,47777.77777777778,19350.0,124341.66666666669,0.22810707978975348,28363.214479524268,498949.90583754895,5.80174309113429,350,650.0,0.5384615384615384,53.84615384615385,9.4,25.2,72.0,1.0,72.0,350,Fiber dosage is calculated in Module 2; total fiber mass is calculated in Module 4 LCA.
FRC,10,6,,,19.0,9.5,100.0,#57 stone,140.0,26.630370211515178,5.499039842323396,5.136027579968186,485.7391357571253,34.973217774513024,,,,,,46.8,0.4626087007210718,0.7472909780878851,,,45000.0,41000.0,86000.0,1592.5925925925926,2654.320987654321,,,,,,,,,,,,,,,,,,True,Wheel-load demand is below plain concrete cracking moment; fiber residual capacity provides additional reserve.,50,50,0.03,1.0,0.0,294629.6296296296,153950.61728395062,0.0,25518.11111111111,474098.35802469135,3225.0,66888.88888888889,29025.0,47777.77777777778,19350.0,124341.66666666669,0.22810707978975348,28363.214479524268,502461.57250421564,5.842576424467624,400,650.0,0.6153846153846154,61.53846153846154,10.9,28.8,75.6,1.0,75.6,400,Fiber dosage is calculated in Module 2; total fiber mass is calculated in Module 4 LCA.
FRC,10,8,,,19.0,9.5,100.0,#57 stone,140.0,33.04313589136511,5.499039842323396,5.201089693986001,303.195774107541,38.80905908576525,,,,,,83.2,0.404261032143388,0.4664550370885246,,,45000.0,41000.0,86000.0,2123.456790123457,2654.320987654321,,,,,,,,,,,,,,,,,,True,Wheel-load demand is below plain concrete cracking moment; fiber residual capacity provides additional reserve.,50,50,0.03,1.0,0.0,392839.5061728395,153950.61728395062,0.0,9364.444444444445,556154.5679012346,4300.0,89185.18518518518,38700.0,47777.77777777778,25800.0,149862.96296296298,0.22810707978975348,34184.802850121465,590339.3707513561,6.864411287806466,100,650.0,0.15384615384615385,15.384615384615385,3.0,12.8,96.0,1.0,96.0,100,Fiber dosage is calculated in Module 2; total fiber mass is calculated in Module 4 LCA.
FRC,10,8,,,19.0,9.5,100.0,#57 stone,140.0,33.04313589136511,5.499039842323396,5.201089693986001,303.195774107541,38.80905908576525,,,,,,83.2,0.3789947176344262,0.4664550370885246,,,45000.0,41000.0,86000.0,2123.456790123457,2654.320987654321,,,,,,,,,,,,,,,,,,True,Wheel-load demand is below plain concrete cracking moment; fiber residual capacity provides additional reserve.,50,50,0.03,1.0,0.0,392839.5061728395,153950.61728395062,0.0,10613.037037037036,557403.1604938272,4300.0,89185.18518518518,38700.0,47777.77777777778,25800.0,149862.96296296298,0.22810707978975348,34184.802850121465,591587.9633439487,6.878929806324985,150,650.0,0.23076923076923078,23.076923076923077,3.4,19.2,102.4,1.0,102.4,150,Fiber dosage is calculated in Module 2; total fiber mass is calculated in Module 4 LCA.
FRC,10,8,,,19.0,9.5,100.0,#57 stone,140.0,33.04313589136511,5.499039842323396,5.201089693986001,303.195774107541,38.80905908576525,,,,,,83.2,0.35670091071475407,0.4664550370885246,,,45000.0,41000.0,86000.0,2123.456790123457,2654.320987654321,,,,,,,,,,,,,,,,,,True,Wheel-load demand is below plain concrete cracking moment; fiber residual capacity provides additional reserve.,50,50,0.03,1.0,0.0,392839.5061728395,153950.61728395062,0.0,15295.25925925926,562085.3827160493,4300.0,89185.18518518518,38700.0,47777.77777777778,25800.0,149862.96296296298,0.22810707978975348,34184.802850121465,596270.1855661708,6.933374250769428,200,650.0,0.3076923076923077,30.76923076923077,4.9,25.6,108.80000000000001,1.0,108.80000000000001,200,Fiber dosage is calculated in Module 2; total fiber mass is calculated in Module 4 LCA.
FRC,10,8,,,19.0,9.5,100.0,#57 stone,140.0,33.04313589136511,5.499039842323396,5.201089693986001,303.195774107541,38.80905908576525,,,,,,83.2,0.33688419345282333,0.4664550370885246,,,45000.0,41000.0,86000.0,2123.456790123457,2654.320987654321,,,,,,,,,,,,,,,,,,True,Wheel-load demand is below plain concrete cracking moment; fiber residual capacity provides additional reserve.,50,50,0.03,1.0,0.0,392839.5061728395,153950.61728395062,0.0,19977.48148148148,566767.6049382716,4300.0,89185.18518518518,38700.0,47777.77777777778,25800.0,149862.96296296298,0.22810707978975348,34184.802850121465,600952.4077883931,6.987818695213873,250,650.0,0.38461538461538464,38.46153846153847,6.4,32.0,115.2,1.0,115.2,250,Fiber dosage is calculated in Module 2; total fiber mass is calculated in Module 4 LCA.
FRC,10,8,,,19.0,9.5,100.0,#57 stone,140.0,33.04313589136511,5.499039842323396,5.201089693986001,303.195774107541,38.80905908576525,,,,,,83.2,0.3191534464289906,0.4664550370885246,,,45000.0,41000.0,86000.0,2123.456790123457,2654.320987654321,,,,,,,,,,,,,,,,,,True,Wheel-load demand is below plain concrete cracking moment; fiber residual capacity provides additional reserve.,50,50,0.03,1.0,0.0,392839.5061728395,153950.61728395062,0.0,24659.703703703704,571449.8271604938,4300.0,89185.18518518518,38700.0,47777.77777777778,25800.0,149862.96296296298,0.22810707978975348,34184.802850121465,605634.6300106153,7.042263139658318,300,650.0,0.46153846153846156,46.15384615384615,7.9,38.4,121.6,1.0,121.6,300,Fiber dosage is calculated in Module 2; total fiber mass is calculated in Module 4 LCA.
FRC,10,8,,,19.0,9.5,100.0,#57 stone,140.0,33.04313589136511,5.499039842323396,5.201089693986001,303.195774107541,38.80905908576525,,,,,,83.2,0.303195774107541,0.4664550370885246,,,45000.0,41000.0,86000.0,2123.456790123457,2654.320987654321,,,,,,,,,,,,,,,,,,True,Wheel-load demand is below plain concrete cracking moment; fiber residual capacity provides additional reserve.,50,50,0.03,1.0,0.0,392839.5061728395,153950.61728395062,0.0,29341.925925925927,576132.0493827161,4300.0,89185.18518518518,38700.0,47777.77777777778,25800.0,149862.96296296298,0.22810707978975348,34184.802850121465,610316.8522328376,7.096707584102763,350,650.0,0.5384615384615384,53.84615384615385,9.4,44.8,128.0,1.0,128.0,350,Fiber dosage is calculated in Module 2; total fiber mass is calculated in Module 4 LCA.
FRC,10,8,,,19.0,9.5,100.0,#57 stone,140.0,33.04313589136511,5.499039842323396,5.201089693986001,303.195774107541,38.80905908576525,,,,,,83.2,0.28875788010242,0.4664550370885246,,,45000.0,41000.0,86000.0,2123.456790123457,2654.320987654321,,,,,,,,,,,,,,,,,,True,Wheel-load demand is below plain concrete cracking moment; fiber residual capacity provides additional reserve.,50,50,0.03,1.0,0.0,392839.5061728395,153950.61728395062,0.0,34024.14814814815,580814.2716049383,4300.0,89185.18518518518,38700.0,47777.77777777778,25800.0,149862.96296296298,0.22810707978975348,34184.802850121465,614999.0744550598,7.151152028547207,400,650.0,0.6153846153846154,61.53846153846154,10.9,51.2,134.4,1.0,134.4,400,Fiber dosage is calculated in Module 2; total fiber mass is calculated in Module 4 LCA.
FRC,10,10,,,19.0,9.5,100.0,#57 stone,140.0,39.06283563051279,5.499039842323396,5.431260308356283,205.755833875625,41.151166775125,,,,,,130.0,0.27434111183416665,0.31654743673173075,,,45000.0,41000.0,86000.0,2654.320987654321,2654.320987654321,,,,,,,,,,,,,,,,,,True,Wheel-load demand is below plain concrete cracking moment; fiber residual capacity provides additional reserve.,50,50,0.03,1.0,0.0,491049.3827160494,153950.61728395062,0.0,11705.555555555557,656705.5555555555,5375.0,111481.48148148149,48375.0,47777.77777777778,32250.0,175384.25925925927,0.22810707978975348,40006.391220718666,696711.9467762741,8.101301706700863,100,650.0,0.15384615384615385,15.384615384615385,3.0,20.0,150.0,1.0,150.0,100,Fiber dosage is calculated in Module 2; total fiber mass is calculated in Module 4 LCA.
FRC,10,10,,,19.0,9.5,100.0,#57 stone,140.0,39.06283563051279,5.499039842323396,5.431260308356283,205.755833875625,41.151166775125,,,,,,130.0,0.25719479234453124,0.31654743673173075,,,45000.0,41000.0,86000.0,2654.320987654321,2654.320987654321,,,,,,,,,,,,,,,,,,True,Wheel-load demand is below plain concrete cracking moment; fiber residual capacity provides additional reserve.,50,50,0.03,1.0,0.0,491049.3827160494,153950.61728395062,0.0,13266.296296296296,658266.2962962963,5375.0,111481.48148148149,48375.0,47777.77777777778,32250.0,175384.25925925927,0.22810707978975348,40006.391220718666,698272.6875170149,8.11944985484901,150,650.0,0.23076923076923078,23.076923076923077,3.4,30.0,160.0,1.0,160.0,150,Fiber dosage is calculated in Module 2; total fiber mass is calculated in Module 4 LCA.
FRC,10,10,,,19.0,9.5,100.0,#57 stone,140.0,39.06283563051279,5.499039842323396,5.431260308356283,205.755833875625,41.151166775125,,,,,,130.0,0.2420656869125,0.31654743673173075,,,45000.0,41000.0,86000.0,2654.320987654321,2654.320987654321,,,,,,,,,,,,,,,,,,True,Wheel-load demand is below plain concrete cracking moment; fiber residual capacity provides additional reserve.,50,50,0.03,1.0,0.0,491049.3827160494,153950.61728395062,0.0,19119.074074074077,664119.074074074,5375.0,111481.48148148149,48375.0,47777.77777777778,32250.0,175384.25925925927,0.22810707978975348,40006.391220718666,704125.4652947927,8.187505410404565,200,650.0,0.3076923076923077,30.76923076923077,4.9,40.0,170.0,1.0,170.0,200,Fiber dosage is calculated in Module 2; total fiber mass is calculated in Module 4 LCA.
FRC,10,10,,,19.0,9.5,100.0,#57 stone,140.0,39.06283563051279,5.499039842323396,5.431260308356283,205.755833875625,41.151166775125,,,,,,130.0,0.22861759319513889,0.31654743673173075,,,45000.0,41000.0,86000.0,2654.320987654321,2654.320987654321,,,,,,,,,,,,,,,,,,True,Wheel-load demand is below plain concrete cracking moment; fiber residual capacity provides additional reserve.,50,50,0.03,1.0,0.0,491049.3827160494,153950.61728395062,0.0,24971.85185185185,669971.8518518518,5375.0,111481.48148148149,48375.0,47777.77777777778,32250.0,175384.25925925927,0.22810707978975348,40006.391220718666,709978.2430725704,8.255560965960122,250,650.0,0.38461538461538464,38.46153846153847,6.4,50.0,180.0,1.0,180.0,250,Fiber dosage is calculated in Module 2; total fiber mass is calculated in Module 4 LCA.
FRC,10,10,,,19.0,9.5,100.0,#57 stone,140.0,39.06283563051279,5.499039842323396,5.431260308356283,205.755833875625,41.151166775125,,,,,,130.0,0.21658508829013157,0.31654743673173075,,,45000.0,41000.0,86000.0,2654.320987654321,2654.320987654321,,,,,,,,,,,,,,,,,,True,Wheel-load demand is below plain concrete cracking moment; fiber residual capacity provides additional reserve.,50,50,0.03,1.0,0.0,491049.3827160494,153950.61728395062,0.0,30824.62962962963,675824.6296296297,5375.0,111481.48148148149,48375.0,47777.77777777778,32250.0,175384.25925925927,0.22810707978975348,40006.391220718666,715831.0208503483,8.323616521515678,300,650.0,0.46153846153846156,46.15384615384615,7.9,60.0,190.0,1.0,190.0,300,Fiber dosage is calculated in Module 2; total fiber mass is calculated in Module 4 LCA.
FRC,10,10,,,19.0,9.5,100.0,#57 stone,140.0,39.06283563051279,5.499039842323396,5.431260308356283,205.755833875625,41.151166775125,,,,,,130.0,0.205755833875625,0.31654743673173075,,,45000.0,41000.0,86000.0,2654.320987654321,2654.320987654321,,,,,,,,,,,,,,,,,,True,Wheel-load demand is below plain concrete cracking moment; fiber residual capacity provides additional reserve.,50,50,0.03,1.0,0.0,491049.3827160494,153950.61728395062,0.0,36677.40740740741,681677.4074074074,5375.0,111481.48148148149,48375.0,47777.77777777778,32250.0,175384.25925925927,0.22810707978975348,40006.391220718666,721683.798628126,8.391672077071233,350,650.0,0.5384615384615384,53.84615384615385,9.4,70.0,200.0,1.0,200.0,350,Fiber dosage is calculated in Module 2; total fiber mass is calculated in Module 4 LCA.
FRC,10,10,,,19.0,9.5,100.0,#57 stone,140.0,39.06283563051279,5.499039842323396,5.431260308356283,205.755833875625,41.151166775125,,,,,,130.0,0.19595793702440475,0.31654743673173075,,,45000.0,41000.0,86000.0,2654.320987654321,2654.320987654321,,,,,,,,,,,,,,,,,,True,Wheel-load demand is below plain concrete cracking moment; fiber residual capacity provides additional reserve.,50,50,0.03,1.0,0.0,491049.3827160494,153950.61728395062,0.0,42530.18518518518,687530.1851851852,5375.0,111481.48148148149,48375.0,47777.77777777778,32250.0,175384.25925925927,0.22810707978975348,40006.391220718666,727536.5764059038,8.459727632626787,400,650.0,0.6153846153846154,61.53846153846154,10.9,80.0,210.0,1.0,210.0,400,Fiber dosage is calculated in Module 2; total fiber mass is calculated in Module 4 LCA.
FRC,10,12,,,19.0,9.5,100.0,#57 stone,140.0,44.78676569548484,5.499039842323396,5.77022359949313,147.88133760076087,42.58982522901914,,,,,,187.2,0.19717511680101454,0.2275097501550168,,,45000.0,41000.0,86000.0,3185.185185185185,2654.320987654321,,,,,,,,,,,,,,,,,,True,Wheel-load demand is below plain concrete cracking moment; fiber residual capacity provides additional reserve.,50,50,0.03,1.0,0.0,589259.2592592592,153950.61728395062,0.0,14046.666666666666,757256.5432098765,6450.0,133777.77777777778,58050.0,47777.77777777778,38700.0,200905.55555555556,0.22810707978975348,45827.97959131586,803084.5228011924,9.33819212559526,100,650.0,0.15384615384615385,15.384615384615385,3.0,28.8,216.0,1.0,216.0,100,Fiber dosage is calculated in Module 2; total fiber mass is calculated in Module 4 LCA.
FRC,10,12,,,19.0,9.5,100.0,#57 stone,140.0,44.78676569548484,5.499039842323396,5.77022359949313,147.88133760076087,42.58982522901914,,,,,,187.2,0.18485167200095115,0.2275097501550168,,,45000.0,41000.0,86000.0,3185.185185185185,2654.320987654321,,,,,,,,,,,,,,,,,,True,Wheel-load demand is below plain concrete cracking moment; fiber residual capacity provides additional reserve.,50,50,0.03,1.0,0.0,589259.2592592592,153950.61728395062,0.0,15919.555555555555,759129.4320987654,6450.0,133777.77777777778,58050.0,47777.77777777778,38700.0,200905.55555555556,0.22810707978975348,45827.97959131586,804957.4116900812,9.359969903373038,150,650.0,0.23076923076923078,23.076923076923077,3.4,43.2,230.39999999999998,1.0,230.39999999999998,150,Fiber dosage is calculated in Module 2; total fiber mass is calculated in Module 4 LCA.
FRC,10,12,,,19.0,9.5,100.0,#57 stone,140.0,44.78676569548484,5.499039842323396,5.77022359949313,147.88133760076087,42.58982522901914,,,,,,187.2,0.17397804423618932,0.2275097501550168,,,45000.0,41000.0,86000.0,3185.185185185185,2654.320987654321,,,,,,,,,,,,,,,,,,True,Wheel-load demand is below plain concrete cracking moment; fiber residual capacity provides additional reserve.,50,50,0.03,1.0,0.0,589259.2592592592,153950.61728395062,0.0,22942.88888888889,766152.7654320988,6450.0,133777.77777777778,58050.0,47777.77777777778,38700.0,200905.55555555556,0.22810707978975348,45827.97959131586,811980.7450234146,9.441636570039705,200,650.0,0.3076923076923077,30.76923076923077,4.9,57.6,244.79999999999998,1.0,244.79999999999998,200,Fiber dosage is calculated in Module 2; total fiber mass is calculated in Module 4 LCA.
FRC,10,12,,,19.0,9.5,100.0,#57 stone,140.0,44.78676569548484,5.499039842323396,5.77022359949313,147.88133760076087,42.58982522901914,,,,,,187.2,0.1643125973341788,0.2275097501550168,,,45000.0,41000.0,86000.0,3185.185185185185,2654.320987654321,,,,,,,,,,,,,,,,,,True,Wheel-load demand is below plain concrete cracking moment; fiber residual capacity provides additional reserve.,50,50,0.03,1.0,0.0,589259.2592592592,153950.61728395062,0.0,29966.222222222223,773176.0987654321,6450.0,133777.77777777778,58050.0,47777.77777777778,38700.0,200905.55555555556,0.22810707978975348,45827.97959131586,819004.078356748,9.523303236706372,250,650.0,0.38461538461538464,38.46153846153847,6.4,72.0,259.2,1.0,259.2,250,Fiber dosage is calculated in Module 2; total fiber mass is calculated in Module 4 LCA.
FRC,10,12,,,19.0,9.5,100.0,#57 stone,140.0,44.78676569548484,5.499039842323396,5.77022359949313,147.88133760076087,42.58982522901914,,,,,,187.2,0.1556645658955378,0.2275097501550168,,,45000.0,41000.0,86000.0,3185.185185185185,2654.320987654321,,,,,,,,,,,,,,,,,,True,Wheel-load demand is below plain concrete cracking moment; fiber residual capacity provides additional reserve.,50,50,0.03,1.0,0.0,589259.2592592592,153950.61728395062,0.0,36989.555555555555,780199.4320987654,6450.0,133777.77777777778,58050.0,47777.77777777778,38700.0,200905.55555555556,0.22810707978975348,45827.97959131586,826027.4116900812,9.604969903373037,300,650.0,0.46153846153846156,46.15384615384615,7.9,86.4,273.6,1.0,273.6,300,Fiber dosage is calculated in Module 2; total fiber mass is calculated in Module 4 LCA.
FRC,10,12,,,19.0,9.5,100.0,#57 stone,140.0,44.78676569548484,5.499039842323396,5.77022359949313,147.88133760076087,42.58982522901914,,,,,,187.2,0.14788133760076091,0.2275097501550168,,,45000.0,41000.0,86000.0,3185.185185185185,2654.320987654321,,,,,,,,,,,,,,,,,,True,Wheel-load demand is below plain concrete cracking moment; fiber residual capacity provides additional reserve.,50,50,0.03,1.0,0.0,589259.2592592592,153950.61728395062,0.0,44012.88888888889,787222.7654320988,6450.0,133777.77777777778,58050.0,47777.77777777778,38700.0,200905.55555555556,0.22810707978975348,45827.97959131586,833050.7450234146,9.686636570039704,350,650.0,0.5384615384615384,53.84615384615385,9.4,100.8,288.0,1.0,288.0,350,Fiber dosage is calculated in Module 2; total fiber mass is calculated in Module 4 LCA.
FRC,10,12,,,19.0,9.5,100.0,#57 stone,140.0,44.78676569548484,5.499039842323396,5.77022359949313,147.88133760076087,42.58982522901914,,,,,,187.2,0.14083936914358183,0.2275097501550168,,,45000.0,41000.0,86000.0,3185.185185185185,2654.320987654321,,,,,,,,,,,,,,,,,,True,Wheel-load demand is below plain concrete cracking moment; fiber residual capacity provides additional reserve.,50,50,0.03,1.0,0.0,589259.2592592592,153950.61728395062,0.0,51036.22222222222,794246.0987654321,6450.0,133777.77777777778,58050.0,47777.77777777778,38700.0,200905.55555555556,0.22810707978975348,45827.97959131586,840074.078356748,9.768303236706371,400,650.0,0.6153846153846154,61.53846153846154,10.9,115.2,302.4,1.0,302.4,400,Fiber dosage is calculated in Module 2; total fiber mass is calculated in Module 4 LCA.
FRC,12,6,,,19.0,9.5,100.0,#57 stone,150.0,26.174982388104926,5.499039842323396,5.136027579968186,481.21635365065237,34.647577462846975,,,,,,46.8,0.6416218048675366,0.7403328517702346,,,45000.0,41000.0,86000.0,1592.5925925925926,3185.185185185185,,,,,,,,,,,,,,,,,,True,Wheel-load demand is below plain concrete cracking moment; fiber residual capacity provides additional reserve.,50,50,0.03,1.0,0.0,294629.6296296296,184740.74074074073,0.0,7023.333333333333,486393.70370370365,3225.0,66888.88888888889,29025.0,57333.333333333336,19350.0,133897.22222222222,0.22810707978975348,30542.904353070797,516936.6080567744,6.010890791357842,100,650.0,0.15384615384615385,15.384615384615385,3.0,7.2,54.0,1.0,54.0,100,Fiber dosage is calculated in Module 2; total fiber mass is calculated in Module 4 LCA.
FRC,12,6,,,19.0,9.5,100.0,#57 stone,150.0,26.174982388104926,5.499039842323396,5.136027579968186,481.21635365065237,34.647577462846975,,,,,,46.8,0.6015204420633156,0.7403328517702346,,,45000.0,41000.0,86000.0,1592.5925925925926,3185.185185185185,,,,,,,,,,,,,,,,,,True,Wheel-load demand is below plain concrete cracking moment; fiber residual capacity provides additional reserve.,50,50,0.03,1.0,0.0,294629.6296296296,184740.74074074073,0.0,7959.777777777777,487330.1481481481,3225.0,66888.88888888889,29025.0,57333.333333333336,19350.0,133897.22222222222,0.22810707978975348,30542.904353070797,517873.05250121886,6.0217796802467305,150,650.0,0.23076923076923078,23.076923076923077,3.4,10.8,57.599999999999994,1.0,57.599999999999994,150,Fiber dosage is calculated in Module 2; total fiber mass is calculated in Module 4 LCA.
FRC,12,6,,,19.0,9.5,100.0,#57 stone,150.0,26.174982388104926,5.499039842323396,5.136027579968186,481.21635365065237,34.647577462846975,,,,,,46.8,0.5661368866478265,0.7403328517702346,,,45000.0,41000.0,86000.0,1592.5925925925926,3185.185185185185,,,,,,,,,,,,,,,,,,True,Wheel-load demand is below plain concrete cracking moment; fiber residual capacity provides additional reserve.,50,50,0.03,1.0,0.0,294629.6296296296,184740.74074074073,0.0,11471.444444444445,490841.8148148148,3225.0,66888.88888888889,29025.0,57333.333333333336,19350.0,133897.22222222222,0.22810707978975348,30542.904353070797,521384.71916788555,6.062613013580065,200,650.0,0.3076923076923077,30.76923076923077,4.9,14.4,61.199999999999996,1.0,61.199999999999996,200,Fiber dosage is calculated in Module 2; total fiber mass is calculated in Module 4 LCA.
FRC,12,6,,,19.0,9.5,100.0,#57 stone,150.0,26.174982388104926,5.499039842323396,5.136027579968186,481.21635365065237,34.647577462846975,,,,,,46.8,0.5346848373896138,0.7403328517702346,,,45000.0,41000.0,86000.0,1592.5925925925926,3185.185185185185,,,,,,,,,,,,,,,,,,True,Wheel-load demand is below plain concrete cracking moment; fiber residual capacity provides additional reserve.,50,50,0.03,1.0,0.0,294629.6296296296,184740.74074074073,0.0,14983.111111111111,494353.48148148146,3225.0,66888.88888888889,29025.0,57333.333333333336,19350.0,133897.22222222222,0.22810707978975348,30542.904353070797,524896.3858345522,6.103446346913398,250,650.0,0.38461538461538464,38.46153846153847,6.4,18.0,64.8,1.0,64.8,250,Fiber dosage is calculated in Module 2; total fiber mass is calculated in Module 4 LCA.
FRC,12,6,,,19.0,9.5,100.0,#57 stone,150.0,26.174982388104926,5.499039842323396,5.136027579968186,481.21635365065237,34.647577462846975,,,,,,46.8,0.5065435301585814,0.7403328517702346,,,45000.0,41000.0,86000.0,1592.5925925925926,3185.185185185185,,,,,,,,,,,,,,,,,,True,Wheel-load demand is below plain concrete cracking moment; fiber residual capacity provides additional reserve.,50,50,0.03,1.0,0.0,294629.6296296296,184740.74074074073,0.0,18494.777777777777,497865.1481481481,3225.0,66888.88888888889,29025.0,57333.333333333336,19350.0,133897.22222222222,0.22810707978975348,30542.904353070797,528408.0525012189,6.144279680246731,300,650.0,0.46153846153846156,46.15384615384615,7.9,21.6,68.4,1.0,68.4,300,Fiber dosage is calculated in Module 2; total fiber mass is calculated in Module 4 LCA.
FRC,12,6,,,19.0,9.5,100.0,#57 stone,150.0,26.174982388104926,5.499039842323396,5.136027579968186,481.21635365065237,34.647577462846975,,,,,,46.8,0.4812163536506524,0.7403328517702346,,,45000.0,41000.0,86000.0,1592.5925925925926,3185.185185185185,,,,,,,,,,,,,,,,,,True,Wheel-load demand is below plain concrete cracking moment; fiber residual capacity provides additional reserve.,50,50,0.03,1.0,0.0,294629.6296296296,184740.74074074073,0.0,22006.444444444445,501376.8148148148,3225.0,66888.88888888889,29025.0,57333.333333333336,19350.0,133897.22222222222,0.22810707978975348,30542.904353070797,531919.7191678856,6.185113013580065,350,650.0,0.5384615384615384,53.84615384615385,9.4,25.2,72.0,1.0,72.0,350,Fiber dosage is calculated in Module 2; total fiber mass is calculated in Module 4 LCA.
FRC,12,6,,,19.0,9.5,100.0,#57 stone,150.0,26.174982388104926,5.499039842323396,5.136027579968186,481.21635365065237,34.647577462846975,,,,,,46.8,0.4583012891910976,0.7403328517702346,,,45000.0,41000.0,86000.0,1592.5925925925926,3185.185185185185,,,,,,,,,,,,,,,,,,True,Wheel-load demand is below plain concrete cracking moment; fiber residual capacity provides additional reserve.,50,50,0.03,1.0,0.0,294629.6296296296,184740.74074074073,0.0,25518.11111111111,504888.48148148146,3225.0,66888.88888888889,29025.0,57333.333333333336,19350.0,133897.22222222222,0.22810707978975348,30542.904353070797,535431.3858345522,6.225946346913398,400,650.0,0.6153846153846154,61.53846153846154,10.9,28.8,75.6,1.0,75.6,400,Fiber dosage is calculated in Module 2; total fiber mass is calculated in Module 4 LCA.
FRC,12,8,,,19.0,9.5,100.0,#57 stone,150.0,32.47808772970976,5.499039842323396,5.201089693986001,300.65170917264993,38.48341877409919,,,,,,83.2,0.40086894556353325,0.46254109103484603,,,45000.0,41000.0,86000.0,2123.456790123457,3185.185185185185,,,,,,,,,,,,,,,,,,True,Wheel-load demand is below plain concrete cracking moment; fiber residual capacity provides additional reserve.,50,50,0.03,1.0,0.0,392839.5061728395,184740.74074074073,0.0,9364.444444444445,586944.6913580247,4300.0,89185.18518518518,38700.0,57333.333333333336,25800.0,159418.5185185185,0.22810707978975348,36364.492723667994,623309.1840816927,7.247781210252241,100,650.0,0.15384615384615385,15.384615384615385,3.0,12.8,96.0,1.0,96.0,100,Fiber dosage is calculated in Module 2; total fiber mass is calculated in Module 4 LCA.
FRC,12,8,,,19.0,9.5,100.0,#57 stone,150.0,32.47808772970976,5.499039842323396,5.201089693986001,300.65170917264993,38.48341877409919,,,,,,83.2,0.3758146364658124,0.46254109103484603,,,45000.0,41000.0,86000.0,2123.456790123457,3185.185185185185,,,,,,,,,,,,,,,,,,True,Wheel-load demand is below plain concrete cracking moment; fiber residual capacity provides additional reserve.,50,50,0.03,1.0,0.0,392839.5061728395,184740.74074074073,0.0,10613.037037037036,588193.2839506173,4300.0,89185.18518518518,38700.0,57333.333333333336,25800.0,159418.5185185185,0.22810707978975348,36364.492723667994,624557.7766742853,7.262299728770759,150,650.0,0.23076923076923078,23.076923076923077,3.4,19.2,102.4,1.0,102.4,150,Fiber dosage is calculated in Module 2; total fiber mass is calculated in Module 4 LCA.
FRC,12,8,,,19.0,9.5,100.0,#57 stone,150.0,32.47808772970976,5.499039842323396,5.201089693986001,300.65170917264993,38.48341877409919,,,,,,83.2,0.353707893144294,0.46254109103484603,,,45000.0,41000.0,86000.0,2123.456790123457,3185.185185185185,,,,,,,,,,,,,,,,,,True,Wheel-load demand is below plain concrete cracking moment; fiber residual capacity provides additional reserve.,50,50,0.03,1.0,0.0,392839.5061728395,184740.74074074073,0.0,15295.25925925926,592875.5061728394,4300.0,89185.18518518518,38700.0,57333.333333333336,25800.0,159418.5185185185,0.22810707978975348,36364.492723667994,629239.9988965074,7.316744173215203,200,650.0,0.3076923076923077,30.76923076923077,4.9,25.6,108.80000000000001,1.0,108.80000000000001,200,Fiber dosage is calculated in Module 2; total fiber mass is calculated in Module 4 LCA.
FRC,12,8,,,19.0,9.5,100.0,#57 stone,150.0,32.47808772970976,5.499039842323396,5.201089693986001,300.65170917264993,38.48341877409919,,,,,,83.2,0.33405745463627773,0.46254109103484603,,,45000.0,41000.0,86000.0,2123.456790123457,3185.185185185185,,,,,,,,,,,,,,,,,,True,Wheel-load demand is below plain concrete cracking moment; fiber residual capacity provides additional reserve.,50,50,0.03,1.0,0.0,392839.5061728395,184740.74074074073,0.0,19977.48148148148,597557.7283950617,4300.0,89185.18518518518,38700.0,57333.333333333336,25800.0,159418.5185185185,0.22810707978975348,36364.492723667994,633922.2211187297,7.371188617659647,250,650.0,0.38461538461538464,38.46153846153847,6.4,32.0,115.2,1.0,115.2,250,Fiber dosage is calculated in Module 2; total fiber mass is calculated in Module 4 LCA.
FRC,12,8,,,19.0,9.5,100.0,#57 stone,150.0,32.47808772970976,5.499039842323396,5.201089693986001,300.65170917264993,38.48341877409919,,,,,,83.2,0.31647548333963155,0.46254109103484603,,,45000.0,41000.0,86000.0,2123.456790123457,3185.185185185185,,,,,,,,,,,,,,,,,,True,Wheel-load demand is below plain concrete cracking moment; fiber residual capacity provides additional reserve.,50,50,0.03,1.0,0.0,392839.5061728395,184740.74074074073,0.0,24659.703703703704,602239.9506172839,4300.0,89185.18518518518,38700.0,57333.333333333336,25800.0,159418.5185185185,0.22810707978975348,36364.492723667994,638604.4433409519,7.425633062104092,300,650.0,0.46153846153846156,46.15384615384615,7.9,38.4,121.6,1.0,121.6,300,Fiber dosage is calculated in Module 2; total fiber mass is calculated in Module 4 LCA.
FRC,12,8,,,19.0,9.5,100.0,#57 stone,150.0,32.47808772970976,5.499039842323396,5.201089693986001,300.65170917264993,38.48341877409919,,,,,,83.2,0.30065170917264994,0.46254109103484603,,,45000.0,41000.0,86000.0,2123.456790123457,3185.185185185185,,,,,,,,,,,,,,,,,,True,Wheel-load demand is below plain concrete cracking moment; fiber residual capacity provides additional reserve.,50,50,0.03,1.0,0.0,392839.5061728395,184740.74074074073,0.0,29341.925925925927,606922.1728395062,4300.0,89185.18518518518,38700.0,57333.333333333336,25800.0,159418.5185185185,0.22810707978975348,36364.492723667994,643286.6655631742,7.480077506548537,350,650.0,0.5384615384615384,53.84615384615385,9.4,44.8,128.0,1.0,128.0,350,Fiber dosage is calculated in Module 2; total fiber mass is calculated in Module 4 LCA.
FRC,12,8,,,19.0,9.5,100.0,#57 stone,150.0,32.47808772970976,5.499039842323396,5.201089693986001,300.65170917264993,38.48341877409919,,,,,,83.2,0.28633496111680945,0.46254109103484603,,,45000.0,41000.0,86000.0,2123.456790123457,3185.185185185185,,,,,,,,,,,,,,,,,,True,Wheel-load demand is below plain concrete cracking moment; fiber residual capacity provides additional reserve.,50,50,0.03,1.0,0.0,392839.5061728395,184740.74074074073,0.0,34024.14814814815,611604.3950617284,4300.0,89185.18518518518,38700.0,57333.333333333336,25800.0,159418.5185185185,0.22810707978975348,36364.492723667994,647968.8877853964,7.534521950992982,400,650.0,0.6153846153846154,61.53846153846154,10.9,51.2,134.4,1.0,134.4,400,Fiber dosage is calculated in Module 2; total fiber mass is calculated in Module 4 LCA.
FRC,12,10,,,19.0,9.5,100.0,#57 stone,150.0,38.39484868355252,5.499039842323396,5.431260308356283,204.12763231729474,40.82552646345895,,,,,,130.0,0.2721701764230597,0.31404251125737653,,,45000.0,41000.0,86000.0,2654.320987654321,3185.185185185185,,,,,,,,,,,,,,,,,,True,Wheel-load demand is below plain concrete cracking moment; fiber residual capacity provides additional reserve.,50,50,0.03,1.0,0.0,491049.3827160494,184740.74074074073,0.0,11705.555555555557,687495.6790123456,5375.0,111481.48148148149,48375.0,57333.333333333336,32250.0,184939.81481481483,0.22810707978975348,42186.081094265195,729681.7601066108,8.484671629146638,100,650.0,0.15384615384615385,15.384615384615385,3.0,20.0,150.0,1.0,150.0,100,Fiber dosage is calculated in Module 2; total fiber mass is calculated in Module 4 LCA.
FRC,12,10,,,19.0,9.5,100.0,#57 stone,150.0,38.39484868355252,5.499039842323396,5.431260308356283,204.12763231729474,40.82552646345895,,,,,,130.0,0.2551595403966184,0.31404251125737653,,,45000.0,41000.0,86000.0,2654.320987654321,3185.185185185185,,,,,,,,,,,,,,,,,,True,Wheel-load demand is below plain concrete cracking moment; fiber residual capacity provides additional reserve.,50,50,0.03,1.0,0.0,491049.3827160494,184740.74074074073,0.0,13266.296296296296,689056.4197530864,5375.0,111481.48148148149,48375.0,57333.333333333336,32250.0,184939.81481481483,0.22810707978975348,42186.081094265195,731242.5008473516,8.502819777294786,150,650.0,0.23076923076923078,23.076923076923077,3.4,30.0,160.0,1.0,160.0,150,Fiber dosage is calculated in Module 2; total fiber mass is calculated in Module 4 LCA.
FRC,12,10,,,19.0,9.5,100.0,#57 stone,150.0,38.39484868355252,5.499039842323396,5.431260308356283,204.12763231729474,40.82552646345895,,,,,,130.0,0.24015015566740558,0.31404251125737653,,,45000.0,41000.0,86000.0,2654.320987654321,3185.185185185185,,,,,,,,,,,,,,,,,,True,Wheel-load demand is below plain concrete cracking moment; fiber residual capacity provides additional reserve.,50,50,0.03,1.0,0.0,491049.3827160494,184740.74074074073,0.0,19119.074074074077,694909.1975308642,5375.0,111481.48148148149,48375.0,57333.333333333336,32250.0,184939.81481481483,0.22810707978975348,42186.081094265195,737095.2786251294,8.570875332850342,200,650.0,0.3076923076923077,30.76923076923077,4.9,40.0,170.0,1.0,170.0,200,Fiber dosage is calculated in Module 2; total fiber mass is calculated in Module 4 LCA.
FRC,12,10,,,19.0,9.5,100.0,#57 stone,150.0,38.39484868355252,5.499039842323396,5.431260308356283,204.12763231729474,40.82552646345895,,,,,,130.0,0.22680848035254972,0.31404251125737653,,,45000.0,41000.0,86000.0,2654.320987654321,3185.185185185185,,,,,,,,,,,,,,,,,,True,Wheel-load demand is below plain concrete cracking moment; fiber residual capacity provides additional reserve.,50,50,0.03,1.0,0.0,491049.3827160494,184740.74074074073,0.0,24971.85185185185,700761.9753086419,5375.0,111481.48148148149,48375.0,57333.333333333336,32250.0,184939.81481481483,0.22810707978975348,42186.081094265195,742948.0564029071,8.638930888405897,250,650.0,0.38461538461538464,38.46153846153847,6.4,50.0,180.0,1.0,180.0,250,Fiber dosage is calculated in Module 2; total fiber mass is calculated in Module 4 LCA.
FRC,12,10,,,19.0,9.5,100.0,#57 stone,150.0,38.39484868355252,5.499039842323396,5.431260308356283,204.12763231729474,40.82552646345895,,,,,,130.0,0.21487119191294185,0.31404251125737653,,,45000.0,41000.0,86000.0,2654.320987654321,3185.185185185185,,,,,,,,,,,,,,,,,,True,Wheel-load demand is below plain concrete cracking moment; fiber residual capacity provides additional reserve.,50,50,0.03,1.0,0.0,491049.3827160494,184740.74074074073,0.0,30824.62962962963,706614.7530864198,5375.0,111481.48148148149,48375.0,57333.333333333336,32250.0,184939.81481481483,0.22810707978975348,42186.081094265195,748800.834180685,8.706986443961453,300,650.0,0.46153846153846156,46.15384615384615,7.9,60.0,190.0,1.0,190.0,300,Fiber dosage is calculated in Module 2; total fiber mass is calculated in Module 4 LCA.
FRC,12,10,,,19.0,9.5,100.0,#57 stone,150.0,38.39484868355252,5.499039842323396,5.431260308356283,204.12763231729474,40.82552646345895,,,,,,130.0,0.20412763231729475,0.31404251125737653,,,45000.0,41000.0,86000.0,2654.320987654321,3185.185185185185,,,,,,,,,,,,,,,,,,True,Wheel-load demand is below plain concrete cracking moment; fiber residual capacity provides additional reserve.,50,50,0.03,1.0,0.0,491049.3827160494,184740.74074074073,0.0,36677.40740740741,712467.5308641975,5375.0,111481.48148148149,48375.0,57333.333333333336,32250.0,184939.81481481483,0.22810707978975348,42186.081094265195,754653.6119584627,8.77504199951701,350,650.0,0.5384615384615384,53.84615384615385,9.4,70.0,200.0,1.0,200.0,350,Fiber dosage is calculated in Module 2; total fiber mass is calculated in Module 4 LCA.
FRC,12,10,,,19.0,9.5,100.0,#57 stone,150.0,38.39484868355252,5.499039842323396,5.431260308356283,204.12763231729474,40.82552646345895,,,,,,130.0,0.19440726887361404,0.31404251125737653,,,45000.0,41000.0,86000.0,2654.320987654321,3185.185185185185,,,,,,,,,,,,,,,,,,True,Wheel-load demand is below plain concrete cracking moment; fiber residual capacity provides additional reserve.,50,50,0.03,1.0,0.0,491049.3827160494,184740.74074074073,0.0,42530.18518518518,718320.3086419753,5375.0,111481.48148148149,48375.0,57333.333333333336,32250.0,184939.81481481483,0.22810707978975348,42186.081094265195,760506.3897362405,8.843097555072564,400,650.0,0.6153846153846154,61.53846153846154,10.9,80.0,210.0,1.0,210.0,400,Fiber dosage is calculated in Module 2; total fiber mass is calculated in Module 4 LCA.
FRC,12,12,,,19.0,9.5,100.0,#57 stone,150.0,44.02089771897309,5.499039842323396,5.77022359949313,146.75064207414266,42.264184917353084,,,,,,187.2,0.19566752276552354,0.2257702185756041,,,45000.0,41000.0,86000.0,3185.185185185185,3185.185185185185,,,,,,,,,,,,,,,,,,True,Wheel-load demand is below plain concrete cracking moment; fiber residual capacity provides additional reserve.,50,50,0.03,1.0,0.0,589259.2592592592,184740.74074074073,0.0,14046.666666666666,788046.6666666666,6450.0,133777.77777777778,58050.0,57333.333333333336,38700.0,210461.11111111112,0.22810707978975348,48007.669464862396,836054.3361315291,9.721562048041037,100,650.0,0.15384615384615385,15.384615384615385,3.0,28.8,216.0,1.0,216.0,100,Fiber dosage is calculated in Module 2; total fiber mass is calculated in Module 4 LCA.
FRC,12,12,,,19.0,9.5,100.0,#57 stone,150.0,44.02089771897309,5.499039842323396,5.77022359949313,146.75064207414266,42.264184917353084,,,,,,187.2,0.18343830259267835,0.2257702185756041,,,45000.0,41000.0,86000.0,3185.185185185185,3185.185185185185,,,,,,,,,,,,,,,,,,True,Wheel-load demand is below plain concrete cracking moment; fiber residual capacity provides additional reserve.,50,50,0.03,1.0,0.0,589259.2592592592,184740.74074074073,0.0,15919.555555555555,789919.5555555555,6450.0,133777.77777777778,58050.0,57333.333333333336,38700.0,210461.11111111112,0.22810707978975348,48007.669464862396,837927.225020418,9.743339825818813,150,650.0,0.23076923076923078,23.076923076923077,3.4,43.2,230.39999999999998,1.0,230.39999999999998,150,Fiber dosage is calculated in Module 2; total fiber mass is calculated in Module 4 LCA.
FRC,12,12,,,19.0,9.5,100.0,#57 stone,150.0,44.02089771897309,5.499039842323396,5.77022359949313,146.75064207414266,42.264184917353084,,,,,,187.2,0.1726478142048737,0.2257702185756041,,,45000.0,41000.0,86000.0,3185.185185185185,3185.185185185185,,,,,,,,,,,,,,,,,,True,Wheel-load demand is below plain concrete cracking moment; fiber residual capacity provides additional reserve.,50,50,0.03,1.0,0.0,589259.2592592592,184740.74074074073,0.0,22942.88888888889,796942.8888888889,6450.0,133777.77777777778,58050.0,57333.333333333336,38700.0,210461.11111111112,0.22810707978975348,48007.669464862396,844950.5583537513,9.82500649248548,200,650.0,0.3076923076923077,30.76923076923077,4.9,57.6,244.79999999999998,1.0,244.79999999999998,200,Fiber dosage is calculated in Module 2; total fiber mass is calculated in Module 4 LCA.
FRC,12,12,,,19.0,9.5,100.0,#57 stone,150.0,44.02089771897309,5.499039842323396,5.77022359949313,146.75064207414266,42.264184917353084,,,,,,187.2,0.16305626897126962,0.2257702185756041,,,45000.0,41000.0,86000.0,3185.185185185185,3185.185185185185,,,,,,,,,,,,,,,,,,True,Wheel-load demand is below plain concrete cracking moment; fiber residual capacity provides additional reserve.,50,50,0.03,1.0,0.0,589259.2592592592,184740.74074074073,0.0,29966.222222222223,803966.2222222222,6450.0,133777.77777777778,58050.0,57333.333333333336,38700.0,210461.11111111112,0.22810707978975348,48007.669464862396,851973.8916870847,9.906673159152147,250,650.0,0.38461538461538464,38.46153846153847,6.4,72.0,259.2,1.0,259.2,250,Fiber dosage is calculated in Module 2; total fiber mass is calculated in Module 4 LCA.
FRC,12,12,,,19.0,9.5,100.0,#57 stone,150.0,44.02089771897309,5.499039842323396,5.77022359949313,146.75064207414266,42.264184917353084,,,,,,187.2,0.15447436007804488,0.2257702185756041,,,45000.0,41000.0,86000.0,3185.185185185185,3185.185185185185,,,,,,,,,,,,,,,,,,True,Wheel-load demand is below plain concrete cracking moment; fiber residual capacity provides additional reserve.,50,50,0.03,1.0,0.0,589259.2592592592,184740.74074074073,0.0,36989.555555555555,810989.5555555555,6450.0,133777.77777777778,58050.0,57333.333333333336,38700.0,210461.11111111112,0.22810707978975348,48007.669464862396,858997.225020418,9.988339825818814,300,650.0,0.46153846153846156,46.15384615384615,7.9,86.4,273.6,1.0,273.6,300,Fiber dosage is calculated in Module 2; total fiber mass is calculated in Module 4 LCA.
FRC,12,12,,,19.0,9.5,100.0,#57 stone,150.0,44.02089771897309,5.499039842323396,5.77022359949313,146.75064207414266,42.264184917353084,,,,,,187.2,0.14675064207414265,0.2257702185756041,,,45000.0,41000.0,86000.0,3185.185185185185,3185.185185185185,,,,,,,,,,,,,,,,,,True,Wheel-load demand is below plain concrete cracking moment; fiber residual capacity provides additional reserve.,50,50,0.03,1.0,0.0,589259.2592592592,184740.74074074073,0.0,44012.88888888889,818012.8888888889,6450.0,133777.77777777778,58050.0,57333.333333333336,38700.0,210461.11111111112,0.22810707978975348,48007.669464862396,866020.5583537513,10.070006492485481,350,650.0,0.5384615384615384,53.84615384615385,9.4,100.8,288.0,1.0,288.0,350,Fiber dosage is calculated in Module 2; total fiber mass is calculated in Module 4 LCA.
FRC,12,12,,,19.0,9.5,100.0,#57 stone,150.0,44.02089771897309,5.499039842323396,5.77022359949313,146.75064207414266,42.264184917353084,,,,,,187.2,0.13976251626108827,0.2257702185756041,,,45000.0,41000.0,86000.0,3185.185185185185,3185.185185185185,,,,,,,,,,,,,,,,,,True,Wheel-load demand is below plain concrete cracking moment; fiber residual capacity provides additional reserve.,50,50,0.03,1.0,0.0,589259.2592592592,184740.74074074073,0.0,51036.22222222222,825036.2222222222,6450.0,133777.77777777778,58050.0,57333.333333333336,38700.0,210461.11111111112,0.22810707978975348,48007.669464862396,873043.8916870847,10.151673159152148,400,650.0,0.6153846153846154,61.53846153846154,10.9,115.2,302.4,1.0,302.4,400,Fiber dosage is calculated in Module 2; total fiber mass is calculated in Module 4 LCA.
