module,subbase_thickness_in,pavement_thickness_in,bar_size,bar_spacing_in,axle_load_kip,wheel_load_kip,tire_pressure_psi,subbase_material,k_eff_pci,radius_relative_stiffness_in,contact_radius_in,equivalent_resisting_radius_b_in,edge_stress_psi,Mu_kip_in_per_ft,As_per_ft_in2,effective_depth_in,a_in,Mn_kip_in_per_ft,phi_Mn_kip_in_per_ft,Mcr_kip_in_per_ft,demand_capacity_ratio,cracking_ratio,epsilon_t,reinforcement_directions,parking_lot_area_sf,roadway_area_sf,total_area_sf,concrete_volume_cy_total,subbase_volume_cy_total,class_a_lap_length_in,rebar_stock_length_ft,parking_lot_reinforcement_directions,roadway_reinforcement_directions,parking_lot_rebar_length_ft,roadway_rebar_length_ft,total_rebar_length_ft_with_laps,parking_lot_longitudinal_bar_count,parking_lot_transverse_bar_count,roadway_longitudinal_bar_count,roadway_transverse_bar_count,roadway_longitudinal_splices_per_bar,roadway_transverse_splices_per_bar,parking_lot_longitudinal_splices_per_bar,parking_lot_transverse_splices_per_bar,steel_weight_lb_total,steel_weight_ton_total,feasible,warnings,lca_functional_unit,lca_impact_methodology,lca_impact_category,lca_impact_unit,include_virgin_aggregate_credit,inventory_concrete_cy,inventory_concrete_m3,inventory_concrete_tons,inventory_57_stone_cy,inventory_57_stone_tons,inventory_reinforcing_steel_tons,inventory_tufstrand_dosage_lb_per_cy,inventory_tufstrand_lb,inventory_tufstrand_kg,haul_concrete_miles,haul_57_stone_miles,haul_crushed_concrete_miles,haul_rebar_nucor_to_hymmco_miles,haul_rebar_hymmco_to_project_miles,haul_rebar_miles,haul_fiber_miles,haul_concrete_ton_miles,haul_57_stone_ton_miles,haul_crushed_concrete_ton_miles,haul_rebar_nucor_to_hymmco_ton_miles,haul_rebar_hymmco_to_project_ton_miles,haul_rebar_ton_miles,haul_fiber_ton_miles,haul_total_ton_miles,gwp_concrete_kgco2e,gwp_57_stone_kgco2e,gwp_reinforcing_steel_kgco2e,gwp_tufstrand_sf_kgco2e,gwp_transport_kgco2e,gwp_demolition_kgco2e,gwp_crushing_kgco2e,gwp_virgin_aggregate_credit_kgco2e,gwp_total_project_kgco2e,fe3_psi,concrete_MR_psi,Re3_decimal,Re3_percent,tufstrand_dosage_lb_per_cy,Mn_FRC_kip_in_per_ft,Mtotal_FRC_kip_in_per_ft,phi_FRC,phi_Mtotal_FRC_kip_in_per_ft,fe3_psi_for_lcc_lca_mapping,fiber_quantity_note
SRC,4,6,#4,6,19.0,9.5,100.0,#57 stone,110.00000000000001,28.285316431310303,5.499039842323396,5.136027579968186,501.5483550550628,36.111481563964524,0.4000000000000001,2.75,0.5228758169934641,59.72549019607844,53.75294117647059,46.8,0.6718047566069127,0.771612853930866,0.010016953124999999,2.0,45000.0,41000.0,86000.0,1592.5925925925926,1061.7283950617284,26.83281572999748,40.0,2.0,1.0,189193.02579202416,88725.61814095205,277918.6439329762,301.0,601.0,41.0,0.0,51.0,0.0,7.0,3.0,189139.07712105327,94.56953856052664,True,,one complete CE 519 pavement project,TRACI 2.1 / climate change,Global warming / climate change,kg CO2-eq,False,1592.5925925925926,1217.6244034814815,3225.0,1061.7283950617284,1433.3333333333335,94.56953856052664,0.0,0.0,0.0,0.6725721784776904,19.783402429809907,19.783402429809907,236.01821611787162,19.339370575837112,255.35758669370873,0.0,2169.0452755905512,28356.210149394203,63801.47283613695,22320.13379014577,1828.915351407942,24149.04914155371,0.0,118475.7774026754,565370.3703703703,7166.666666666668,73266.42602622816,0.0,20140.88215845482,4777.777777777777,4837.5,0.0,675559.6229994977,,,,,,,,,,,
SRC,4,6,#4,8,19.0,9.5,100.0,#57 stone,110.00000000000001,28.285316431310303,5.499039842323396,5.136027579968186,501.5483550550628,36.111481563964524,0.30000000000000004,2.75,0.39215686274509814,45.97058823529412,41.373529411764714,46.8,0.8728160753357458,0.771612853930866,0.014355937499999997,2.0,45000.0,41000.0,86000.0,1592.5925925925926,1061.7283950617284,26.83281572999748,40.0,2.0,1.0,142012.85951396188,67085.22347242717,209098.08298638905,226.0,451.0,31.0,0.0,51.0,0.0,7.0,3.0,142302.86203240367,71.15143101620184,True,,one complete CE 519 pavement project,TRACI 2.1 / climate change,Global warming / climate change,kg CO2-eq,False,1592.5925925925926,1217.6244034814815,3225.0,1061.7283950617284,1433.3333333333335,71.15143101620184,0.0,0.0,0.0,0.6725721784776904,19.783402429809907,19.783402429809907,236.01821611787162,19.339370575837112,255.35758669370873,0.0,2169.0452755905512,28356.210149394203,63801.47283613695,16793.03382267776,1376.023891423438,18169.0577141012,0.0,112495.7859752229,565370.3703703703,7166.666666666668,55123.57505976815,0.0,19124.283615787896,4777.777777777777,4837.5,0.0,656400.1734903707,,,,,,,,,,,
SRC,4,6,#5,6,19.0,9.5,100.0,#57 stone,110.00000000000001,28.285316431310303,5.499039842323396,5.136027579968186,501.5483550550628,36.111481563964524,0.62,2.6875,0.8104575163398693,84.90049019607844,76.41044117647058,46.8,0.47259878372596675,0.771612853930866,0.005207169858870968,2.0,45000.0,41000.0,86000.0,1592.5925925925926,1061.7283950617284,33.54101966249685,40.0,2.0,1.0,191378.78224003024,89894.52267619007,281273.3049162203,301.0,601.0,41.0,0.0,51.0,0.0,7.0,3.0,296704.27094981854,148.35213547490926,True,,one complete CE 519 pavement project,TRACI 2.1 / climate change,Global warming / climate change,kg CO2-eq,False,1592.5925925925926,1217.6244034814815,3225.0,1061.7283950617284,1433.3333333333335,148.35213547490926,0.0,0.0,0.0,0.6725721784776904,19.783402429809907,19.783402429809907,236.01821611787162,19.339370575837112,255.35758669370873,0.0,2169.0452755905512,28356.210149394203,63801.47283613695,35013.8063720649,2869.0369236660613,37882.84329573096,0.0,132209.57155685266,565370.3703703703,7166.666666666668,114933.7400292893,0.0,22475.627164664955,4777.777777777777,4837.5,0.0,719561.6820087689,,,,,,,,,,,
SRC,4,6,#5,8,19.0,9.5,100.0,#57 stone,110.00000000000001,28.285316431310303,5.499039842323396,5.136027579968186,501.5483550550628,36.111481563964524,0.46499999999999997,2.6875,0.6078431372549019,66.50183823529412,59.8516544117647,46.8,0.6033497639935964,0.771612853930866,0.007942893145161292,2.0,45000.0,41000.0,86000.0,1592.5925925925926,1061.7283950617284,33.54101966249685,40.0,2.0,1.0,143653.57439245237,67969.02934053396,211622.60373298632,226.0,451.0,31.0,0.0,51.0,0.0,7.0,3.0,223232.4549100043,111.61622745500216,True,,one complete CE 519 pavement project,TRACI 2.1 / climate change,Global warming / climate change,kg CO2-eq,False,1592.5925925925926,1217.6244034814815,3225.0,1061.7283950617284,1433.3333333333335,111.61622745500216,0.0,0.0,0.0,0.6725721784776904,19.783402429809907,19.783402429809907,236.01821611787162,19.339370575837112,255.35758669370873,0.0,2169.0452755905512,28356.210149394203,63801.47283613695,26343.462893736214,2158.5875850292114,28502.050478765424,0.0,122828.77873988712,565370.3703703703,7166.666666666668,86473.10959357856,0.0,20880.89238578081,4777.777777777777,4837.5,0.0,689506.316794174,,,,,,,,,,,
SRC,4,6,#5,10,19.0,9.5,100.0,#57 stone,110.00000000000001,28.285316431310303,5.499039842323396,5.136027579968186,501.5483550550628,36.111481563964524,0.372,2.6875,0.48627450980392156,54.558176470588236,49.102358823529414,46.8,0.73543272521279,0.771612853930866,0.010678616431451614,2.0,45000.0,41000.0,86000.0,1592.5925925925926,1061.7283950617284,33.54101966249685,40.0,2.0,1.0,115018.44968390564,54813.733339140286,169832.18302304592,181.0,361.0,25.0,0.0,51.0,0.0,7.0,3.0,179149.36528611582,89.57468264305791,True,,one complete CE 519 pavement project,TRACI 2.1 / climate change,Global warming / climate change,kg CO2-eq,False,1592.5925925925926,1217.6244034814815,3225.0,1061.7283950617284,1433.3333333333335,89.57468264305791,0.0,0.0,0.0,0.6725721784776904,19.783402429809907,19.783402429809907,236.01821611787162,19.339370575837112,255.35758669370873,0.0,2169.0452755905512,28356.210149394203,63801.47283613695,21141.256806739006,1732.3179818471015,22873.574788586106,0.0,117200.3030497078,565370.3703703703,7166.666666666668,69396.7313321521,0.0,19924.051518450327,4777.777777777777,4837.5,0.0,671473.0976654172,,,,,,,,,,,
SRC,4,6,#5,12,19.0,9.5,100.0,#57 stone,110.00000000000001,28.285316431310303,5.499039842323396,5.136027579968186,501.5483550550628,36.111481563964524,0.31,2.6875,0.40522875816993464,46.2188725490196,41.596985294117644,46.8,0.8681273729005347,0.771612853930866,0.013414339717741934,2.0,45000.0,41000.0,86000.0,1592.5925925925926,1061.7283950617284,33.54101966249685,40.0,2.0,1.0,95928.36654487449,46043.53600487784,141971.90254975233,151.0,301.0,21.0,0.0,51.0,0.0,7.0,3.0,149760.63887019013,74.88031943509506,True,,one complete CE 519 pavement project,TRACI 2.1 / climate change,Global warming / climate change,kg CO2-eq,False,1592.5925925925926,1217.6244034814815,3225.0,1061.7283950617284,1433.3333333333335,74.88031943509506,0.0,0.0,0.0,0.6725721784776904,19.783402429809907,19.783402429809907,236.01821611787162,19.339370575837112,255.35758669370873,0.0,2169.0452755905512,28356.210149394203,63801.47283613695,17673.119415407527,1448.1382463923612,19121.25766179989,0.0,113447.98592292158,565370.3703703703,7166.666666666668,58012.479157867805,0.0,19286.15760689667,4777.777777777777,4837.5,0.0,659450.9515795793,,,,,,,,,,,
SRC,4,6,#6,6,19.0,9.5,100.0,#57 stone,110.00000000000001,28.285316431310303,5.499039842323396,5.136027579968186,501.5483550550628,36.111481563964524,0.88,2.625,1.1503267973856208,108.23137254901962,97.40823529411766,46.8,0.37072308573221063,0.771612853930866,0.0026478515625000007,2.0,45000.0,41000.0,86000.0,1592.5925925925926,1061.7283950617284,40.249223594996224,40.0,2.0,1.0,193564.53868803626,91063.42721142809,284627.9658994643,301.0,601.0,41.0,0.0,51.0,0.0,7.0,3.0,426151.31561058684,213.07565780529342,True,Section may not be tension-controlled; phi = 0.90 should be reviewed.,one complete CE 519 pavement project,TRACI 2.1 / climate change,Global warming / climate change,kg CO2-eq,False,1592.5925925925926,1217.6244034814815,3225.0,1061.7283950617284,1433.3333333333335,213.07565780529342,0.0,0.0,0.0,0.6725721784776904,19.783402429809907,19.783402429809907,236.01821611787162,19.339370575837112,255.35758669370873,0.0,2169.0452755905512,28356.210149394203,63801.47283613695,50289.7366533474,4120.749106986828,54410.485760334224,0.0,148737.2140214559,565370.3703703703,7166.666666666668,165077.3828254418,0.0,25285.326383647505,4777.777777777777,4837.5,0.0,772515.024023904,,,,,,,,,,,
SRC,4,6,#6,8,19.0,9.5,100.0,#57 stone,110.00000000000001,28.285316431310303,5.499039842323396,5.136027579968186,501.5483550550628,36.111481563964524,0.66,2.625,0.8627450980392157,86.86764705882352,78.18088235294117,46.8,0.4618965721177488,0.771612853930866,0.00453046875,2.0,45000.0,41000.0,86000.0,1592.5925925925926,1061.7283950617284,40.249223594996224,40.0,2.0,1.0,145294.28927094283,68852.83520864075,214147.12447958358,226.0,451.0,31.0,0.0,51.0,0.0,7.0,3.0,320625.833595821,160.3129167979105,True,Section may not be tension-controlled; phi = 0.90 should be reviewed.,one complete CE 519 pavement project,TRACI 2.1 / climate change,Global warming / climate change,kg CO2-eq,False,1592.5925925925926,1217.6244034814815,3225.0,1061.7283950617284,1433.3333333333335,160.3129167979105,0.0,0.0,0.0,0.6725721784776904,19.783402429809907,19.783402429809907,236.01821611787162,19.339370575837112,255.35758669370873,0.0,2169.0452755905512,28356.210149394203,63801.47283613695,37836.76864329561,3100.3509060481333,40937.11954934374,0.0,135263.84781046544,565370.3703703703,7166.666666666668,124200.187908346,0.0,22994.854127779126,4777.777777777777,4837.5,0.0,729347.3568509398,,,,,,,,,,,
SRC,4,6,#6,10,19.0,9.5,100.0,#57 stone,110.00000000000001,28.285316431310303,5.499039842323396,5.136027579968186,501.5483550550628,36.111481563964524,0.528,2.625,0.6901960784313725,72.22729411764705,65.00456470588234,46.8,0.5555222425894769,0.771612853930866,0.0064130859375,2.0,45000.0,41000.0,86000.0,1592.5925925925926,1061.7283950617284,40.249223594996224,40.0,2.0,1.0,116332.13962068676,55526.48000696835,171858.6196276551,181.0,361.0,25.0,0.0,51.0,0.0,7.0,3.0,257310.54438696138,128.6552721934807,True,,one complete CE 519 pavement project,TRACI 2.1 / climate change,Global warming / climate change,kg CO2-eq,False,1592.5925925925926,1217.6244034814815,3225.0,1061.7283950617284,1433.3333333333335,128.6552721934807,0.0,0.0,0.0,0.6725721784776904,19.783402429809907,19.783402429809907,236.01821611787162,19.339370575837112,255.35758669370873,0.0,2169.0452755905512,28356.210149394203,63801.47283613695,30364.987837264525,2488.1119854849153,32853.09982274944,0.0,127179.82808387114,565370.3703703703,7166.666666666668,99673.87095808846,0.0,21620.570774258096,4777.777777777777,4837.5,0.0,703446.7565471613,,,,,,,,,,,
SRC,4,6,#6,12,19.0,9.5,100.0,#57 stone,110.00000000000001,28.285316431310303,5.499039842323396,5.136027579968186,501.5483550550628,36.111481563964524,0.44,2.625,0.5751633986928104,61.707843137254905,55.537058823529414,46.8,0.6502231542132936,0.771612853930866,0.008295703125000001,2.0,45000.0,41000.0,86000.0,1592.5925925925926,1061.7283950617284,40.249223594996224,40.0,2.0,1.0,97024.03985384939,46642.24320585341,143666.2830597028,151.0,301.0,21.0,0.0,51.0,0.0,7.0,3.0,215100.35158105503,107.55017579052752,True,,one complete CE 519 pavement project,TRACI 2.1 / climate change,Global warming / climate change,kg CO2-eq,False,1592.5925925925926,1217.6244034814815,3225.0,1061.7283950617284,1433.3333333333335,107.55017579052752,0.0,0.0,0.0,0.6725721784776904,19.783402429809907,19.783402429809907,236.01821611787162,19.339370575837112,255.35758669370873,0.0,2169.0452755905512,28356.210149394203,63801.47283613695,25383.80063324381,2079.952705109437,27463.753338353246,0.0,121790.48159947494,565370.3703703703,7166.666666666668,83322.99299125012,0.0,20704.38187191074,4777.777777777777,4837.5,0.0,686179.6896779756,,,,,,,,,,,
SRC,4,6,#6,15,19.0,9.5,100.0,#57 stone,110.00000000000001,28.285316431310303,5.499039842323396,5.136027579968186,501.5483550550628,36.111481563964524,0.35200000000000004,2.625,0.46013071895424845,50.581019607843146,45.52291764705883,46.8,0.7932593829758104,0.771612853930866,0.011119628906249995,2.0,45000.0,41000.0,86000.0,1592.5925925925926,1061.7283950617284,40.249223594996224,40.0,2.0,1.0,77715.94008701202,37758.00640473847,115473.94649175048,121.0,241.0,17.0,0.0,51.0,0.0,7.0,3.0,172890.15877514865,86.44507938757432,True,,one complete CE 519 pavement project,TRACI 2.1 / climate change,Global warming / climate change,kg CO2-eq,False,1592.5925925925926,1217.6244034814815,3225.0,1061.7283950617284,1433.3333333333335,86.44507938757432,0.0,0.0,0.0,0.6725721784776904,19.783402429809907,19.783402429809907,236.01821611787162,19.339370575837112,255.35758669370873,0.0,2169.0452755905512,28356.210149394203,63801.47283613695,20402.613429223085,1671.793424733958,22074.406853957043,0.0,116401.13511507874,565370.3703703703,7166.666666666668,66972.11502441177,0.0,19788.192969563388,4777.777777777777,4837.5,0.0,668912.62280879,,,,,,,,,,,
SRC,4,6,#6,18,19.0,9.5,100.0,#57 stone,110.00000000000001,28.285316431310303,5.499039842323396,5.136027579968186,501.5483550550628,36.111481563964524,0.29333333333333333,2.625,0.38344226579520696,42.82570806100218,38.543137254901964,46.8,0.9369108001028593,0.771612853930866,0.013943554687499998,2.0,45000.0,41000.0,86000.0,1592.5925925925926,1061.7283950617284,40.249223594996224,40.0,2.0,1.0,64843.87357578709,33315.88800418101,98159.7615799681,101.0,201.0,15.0,0.0,51.0,0.0,7.0,3.0,146966.97636556334,73.48348818278167,True,,one complete CE 519 pavement project,TRACI 2.1 / climate change,Global warming / climate change,kg CO2-eq,False,1592.5925925925926,1217.6244034814815,3225.0,1061.7283950617284,1433.3333333333335,73.48348818278167,0.0,0.0,0.0,0.6725721784776904,19.783402429809907,19.783402429809907,236.01821611787162,19.339370575837112,255.35758669370873,0.0,2169.0452755905512,28356.210149394203,63801.47283613695,17343.44179501883,1421.124409171962,18764.566204190793,0.0,113091.29446531249,565370.3703703703,7166.666666666668,56930.30370077554,0.0,19225.520059103124,4777.777777777777,4837.5,0.0,658308.1385746934,,,,,,,,,,,
SRC,4,8,#3,6,19.0,9.5,100.0,#57 stone,110.00000000000001,35.096603882957105,5.499039842323396,5.201089693986001,312.08845996263085,39.94732287521675,0.22,4.8125,0.2875816993464052,61.62696078431372,55.46426470588235,83.2,0.7202353278647192,0.48013609225020126,0.038417578125,2.0,45000.0,41000.0,86000.0,2123.456790123457,1061.7283950617284,20.124611797498112,40.0,2.0,1.0,187007.26934401813,87556.71360571406,274563.9829497322,301.0,601.0,41.0,0.0,51.0,0.0,7.0,3.0,102770.82417354561,51.3854120867728,True,,one complete CE 519 pavement project,TRACI 2.1 / climate change,Global warming / climate change,kg CO2-eq,False,2123.456790123457,1623.4992046419754,4300.0,1061.7283950617284,1433.3333333333335,51.3854120867728,0.0,0.0,0.0,0.6725721784776904,19.783402429809907,19.783402429809907,236.01821611787162,19.339370575837112,255.35758669370873,0.0,2892.0603674540685,28356.210149394203,85068.63044818261,12127.893295201835,993.7615265381986,13121.654821740034,0.0,129438.55578677091,753827.1604938272,7166.666666666668,39810.12861845802,0.0,22004.554483751057,6370.37037037037,6450.0,0.0,835628.8806330733,,,,,,,,,,,
SRC,4,8,#3,8,19.0,9.5,100.0,#57 stone,110.00000000000001,35.096603882957105,5.499039842323396,5.201089693986001,312.08845996263085,39.94732287521675,0.165,4.8125,0.21568627450980393,46.57610294117647,41.918492647058834,83.2,0.9529761294510577,0.48013609225020126,0.052223437500000004,2.0,45000.0,41000.0,86000.0,2123.456790123457,1061.7283950617284,20.124611797498112,40.0,2.0,1.0,140372.1446354714,66201.41760432038,206573.5622397918,226.0,451.0,31.0,0.0,51.0,0.0,7.0,3.0,77321.63197725541,38.660815988627704,True,,one complete CE 519 pavement project,TRACI 2.1 / climate change,Global warming / climate change,kg CO2-eq,False,2123.456790123457,1623.4992046419754,4300.0,1061.7283950617284,1433.3333333333335,38.660815988627704,0.0,0.0,0.0,0.6725721784776904,19.783402429809907,19.783402429809907,236.01821611787162,19.339370575837112,255.35758669370873,0.0,2892.0603674540685,28356.210149394203,85068.63044818261,9124.6568232972,747.6758471683196,9872.33267046552,0.0,126189.2336354964,753827.1604938272,7166.666666666668,29951.925935765474,0.0,21452.16971803439,6370.37037037037,6450.0,0.0,825218.2931846641,,,,,,,,,,,
SRC,4,8,#4,6,19.0,9.5,100.0,#57 stone,110.00000000000001,35.096603882957105,5.499039842323396,5.201089693986001,312.08845996263085,39.94732287521675,0.4000000000000001,4.75,0.5228758169934641,107.72549019607845,96.9529411764706,83.2,0.41202796315901263,0.48013609225020126,0.019483828124999998,2.0,45000.0,41000.0,86000.0,2123.456790123457,1061.7283950617284,26.83281572999748,40.0,2.0,1.0,189193.02579202416,88725.61814095205,277918.6439329762,301.0,601.0,41.0,0.0,51.0,0.0,7.0,3.0,189139.07712105327,94.56953856052664,True,,one complete CE 519 pavement project,TRACI 2.1 / climate change,Global warming / climate change,kg CO2-eq,False,2123.456790123457,1623.4992046419754,4300.0,1061.7283950617284,1433.3333333333335,94.56953856052664,0.0,0.0,0.0,0.6725721784776904,19.783402429809907,19.783402429809907,236.01821611787162,19.339370575837112,255.35758669370873,0.0,2892.0603674540685,28356.210149394203,85068.63044818261,22320.13379014577,1828.915351407942,24149.04914155371,0.0,140465.95010658458,753827.1604938272,7166.666666666668,73266.42602622816,0.0,23879.21151811938,6370.37037037037,6450.0,0.0,870959.8350752117,,,,,,,,,,,
SRC,4,8,#4,8,19.0,9.5,100.0,#57 stone,110.00000000000001,35.096603882957105,5.499039842323396,5.201089693986001,312.08845996263085,39.94732287521675,0.30000000000000004,4.75,0.39215686274509814,81.97058823529413,73.77352941176471,83.2,0.5414858580542078,0.48013609225020126,0.02697843749999999,2.0,45000.0,41000.0,86000.0,2123.456790123457,1061.7283950617284,26.83281572999748,40.0,2.0,1.0,142012.85951396188,67085.22347242717,209098.08298638905,226.0,451.0,31.0,0.0,51.0,0.0,7.0,3.0,142302.86203240367,71.15143101620184,True,,one complete CE 519 pavement project,TRACI 2.1 / climate change,Global warming / climate change,kg CO2-eq,False,2123.456790123457,1623.4992046419754,4300.0,1061.7283950617284,1433.3333333333335,71.15143101620184,0.0,0.0,0.0,0.6725721784776904,19.783402429809907,19.783402429809907,236.01821611787162,19.339370575837112,255.35758669370873,0.0,2892.0603674540685,28356.210149394203,85068.63044818261,16793.03382267776,1376.023891423438,18169.0577141012,0.0,134485.95867913208,753827.1604938272,7166.666666666668,55123.57505976815,0.0,22862.612975452455,6370.37037037037,6450.0,0.0,851800.3855660848,,,,,,,,,,,
SRC,4,8,#4,10,19.0,9.5,100.0,#57 stone,110.00000000000001,35.096603882957105,5.499039842323396,5.201089693986001,312.08845996263085,39.94732287521675,0.24000000000000005,4.75,0.31372549019607854,66.14117647058825,59.52705882352943,83.2,0.6710783913185151,0.48013609225020126,0.03447304687499999,2.0,45000.0,41000.0,86000.0,2123.456790123457,1061.7283950617284,26.83281572999748,40.0,2.0,1.0,113704.75974712451,54100.986671312225,167805.74641843673,181.0,361.0,25.0,0.0,51.0,0.0,7.0,3.0,114201.13297921389,57.10056648960694,True,,one complete CE 519 pavement project,TRACI 2.1 / climate change,Global warming / climate change,kg CO2-eq,False,2123.456790123457,1623.4992046419754,4300.0,1061.7283950617284,1433.3333333333335,57.10056648960694,0.0,0.0,0.0,0.6725721784776904,19.783402429809907,19.783402429809907,236.01821611787162,19.339370575837112,255.35758669370873,0.0,2892.0603674540685,28356.210149394203,85068.63044818261,13476.773842196948,1104.2890154327351,14581.062857629684,0.0,130897.96382266057,753827.1604938272,7166.666666666668,44237.86447989212,0.0,22252.6538498523,6370.37037037037,6450.0,0.0,840304.7158606085,,,,,,,,,,,
SRC,4,8,#4,12,19.0,9.5,100.0,#57 stone,110.00000000000001,35.096603882957105,5.499039842323396,5.201089693986001,312.08845996263085,39.94732287521675,0.20000000000000004,4.75,0.26143790849673204,55.431372549019606,49.88823529411765,83.2,0.800736338732089,0.48013609225020126,0.04196765625,2.0,45000.0,41000.0,86000.0,2123.456790123457,1061.7283950617284,26.83281572999748,40.0,2.0,1.0,94832.69323589958,45444.828803902274,140277.52203980187,151.0,301.0,21.0,0.0,51.0,0.0,7.0,3.0,95466.64694375407,47.733323471877036,True,,one complete CE 519 pavement project,TRACI 2.1 / climate change,Global warming / climate change,kg CO2-eq,False,2123.456790123457,1623.4992046419754,4300.0,1061.7283950617284,1433.3333333333335,47.733323471877036,0.0,0.0,0.0,0.6725721784776904,19.783402429809907,19.783402429809907,236.01821611787162,19.339370575837112,255.35758669370873,0.0,2892.0603674540685,28356.210149394203,85068.63044818261,11265.933855209749,923.1324314389337,12189.066286648682,0.0,128505.96725167957,753827.1604938272,7166.666666666668,36980.72409330813,0.0,21846.014432785527,6370.37037037037,6450.0,0.0,832640.9360569578,,,,,,,,,,,
SRC,4,8,#4,15,19.0,9.5,100.0,#57 stone,110.00000000000001,35.096603882957105,5.499039842323396,5.201089693986001,312.08845996263085,39.94732287521675,0.16000000000000003,4.75,0.20915032679738566,44.59607843137256,40.136470588235305,83.2,0.995287385506338,0.48013609225020126,0.05320957031249999,2.0,45000.0,41000.0,86000.0,2123.456790123457,1061.7283950617284,26.83281572999748,40.0,2.0,1.0,75960.62672467467,36788.670936492315,112749.29766116699,121.0,241.0,17.0,0.0,51.0,0.0,7.0,3.0,76732.16090829422,38.36608045414711,True,,one complete CE 519 pavement project,TRACI 2.1 / climate change,Global warming / climate change,kg CO2-eq,False,2123.456790123457,1623.4992046419754,4300.0,1061.7283950617284,1433.3333333333335,38.36608045414711,0.0,0.0,0.0,0.6725721784776904,19.783402429809907,19.783402429809907,236.01821611787162,19.339370575837112,255.35758669370873,0.0,2892.0603674540685,28356.210149394203,85068.63044818261,9055.093868222542,741.975847445132,9797.069715667674,0.0,126113.97068069856,753827.1604938272,7166.666666666668,29723.583706724115,0.0,21439.375015718757,6370.37037037037,6450.0,0.0,824977.156253307,,,,,,,,,,,
SRC,4,8,#5,6,19.0,9.5,100.0,#57 stone,110.00000000000001,35.096603882957105,5.499039842323396,5.201089693986001,312.08845996263085,39.94732287521675,0.62,4.6875,0.8104575163398693,159.3004901960784,143.37044117647056,83.2,0.2786301175292244,0.48013609225020126,0.011314831149193547,2.0,45000.0,41000.0,86000.0,2123.456790123457,1061.7283950617284,33.54101966249685,40.0,2.0,1.0,191378.78224003024,89894.52267619007,281273.3049162203,301.0,601.0,41.0,0.0,51.0,0.0,7.0,3.0,296704.27094981854,148.35213547490926,True,,one complete CE 519 pavement project,TRACI 2.1 / climate change,Global warming / climate change,kg CO2-eq,False,2123.456790123457,1623.4992046419754,4300.0,1061.7283950617284,1433.3333333333335,148.35213547490926,0.0,0.0,0.0,0.6725721784776904,19.783402429809907,19.783402429809907,236.01821611787162,19.339370575837112,255.35758669370873,0.0,2892.0603674540685,28356.210149394203,85068.63044818261,35013.8063720649,2869.0369236660613,37882.84329573096,0.0,154199.74426076186,753827.1604938272,7166.666666666668,114933.7400292893,0.0,26213.95652432952,6370.37037037037,6450.0,0.0,914961.8940844829,,,,,,,,,,,
SRC,4,8,#5,8,19.0,9.5,100.0,#57 stone,110.00000000000001,35.096603882957105,5.499039842323396,5.201089693986001,312.08845996263085,39.94732287521675,0.46499999999999997,4.6875,0.6078431372549019,122.30183823529411,110.0716544117647,83.2,0.36292107253860895,0.48013609225020126,0.016086441532258064,2.0,45000.0,41000.0,86000.0,2123.456790123457,1061.7283950617284,33.54101966249685,40.0,2.0,1.0,143653.57439245237,67969.02934053396,211622.60373298632,226.0,451.0,31.0,0.0,51.0,0.0,7.0,3.0,223232.4549100043,111.61622745500216,True,,one complete CE 519 pavement project,TRACI 2.1 / climate change,Global warming / climate change,kg CO2-eq,False,2123.456790123457,1623.4992046419754,4300.0,1061.7283950617284,1433.3333333333335,111.61622745500216,0.0,0.0,0.0,0.6725721784776904,19.783402429809907,19.783402429809907,236.01821611787162,19.339370575837112,255.35758669370873,0.0,2892.0603674540685,28356.210149394203,85068.63044818261,26343.462893736214,2158.5875850292114,28502.050478765424,0.0,144818.9514437963,753827.1604938272,7166.666666666668,86473.10959357856,0.0,24619.221745445375,6370.37037037037,6450.0,0.0,884906.528869888,,,,,,,,,,,
SRC,4,8,#5,10,19.0,9.5,100.0,#57 stone,110.00000000000001,35.096603882957105,5.499039842323396,5.201089693986001,312.08845996263085,39.94732287521675,0.372,4.6875,0.48627450980392156,99.19817647058824,89.27835882352942,83.2,0.4474468774025961,0.48013609225020126,0.02085805191532258,2.0,45000.0,41000.0,86000.0,2123.456790123457,1061.7283950617284,33.54101966249685,40.0,2.0,1.0,115018.44968390564,54813.733339140286,169832.18302304592,181.0,361.0,25.0,0.0,51.0,0.0,7.0,3.0,179149.36528611582,89.57468264305791,True,,one complete CE 519 pavement project,TRACI 2.1 / climate change,Global warming / climate change,kg CO2-eq,False,2123.456790123457,1623.4992046419754,4300.0,1061.7283950617284,1433.3333333333335,89.57468264305791,0.0,0.0,0.0,0.6725721784776904,19.783402429809907,19.783402429809907,236.01821611787162,19.339370575837112,255.35758669370873,0.0,2892.0603674540685,28356.210149394203,85068.63044818261,21141.256806739006,1732.3179818471015,22873.574788586106,0.0,139190.475753617,753827.1604938272,7166.666666666668,69396.7313321521,0.0,23662.380878114895,6370.37037037037,6450.0,0.0,866873.3097411311,,,,,,,,,,,
SRC,4,8,#5,12,19.0,9.5,100.0,#57 stone,110.00000000000001,35.096603882957105,5.499039842323396,5.201089693986001,312.08845996263085,39.94732287521675,0.31,4.6875,0.40522875816993464,83.41887254901961,75.07698529411765,83.2,0.5320848022695799,0.48013609225020126,0.02562966229838709,2.0,45000.0,41000.0,86000.0,2123.456790123457,1061.7283950617284,33.54101966249685,40.0,2.0,1.0,95928.36654487449,46043.53600487784,141971.90254975233,151.0,301.0,21.0,0.0,51.0,0.0,7.0,3.0,149760.63887019013,74.88031943509506,True,,one complete CE 519 pavement project,TRACI 2.1 / climate change,Global warming / climate change,kg CO2-eq,False,2123.456790123457,1623.4992046419754,4300.0,1061.7283950617284,1433.3333333333335,74.88031943509506,0.0,0.0,0.0,0.6725721784776904,19.783402429809907,19.783402429809907,236.01821611787162,19.339370575837112,255.35758669370873,0.0,2892.0603674540685,28356.210149394203,85068.63044818261,17673.119415407527,1448.1382463923612,19121.25766179989,0.0,135438.1586268308,753827.1604938272,7166.666666666668,58012.479157867805,0.0,23024.486966561235,6370.37037037037,6450.0,0.0,854851.1636552932,,,,,,,,,,,
SRC,4,8,#5,15,19.0,9.5,100.0,#57 stone,110.00000000000001,35.096603882957105,5.499039842323396,5.201089693986001,312.08845996263085,39.94732287521675,0.24799999999999997,4.6875,0.32418300653594767,67.33807843137254,60.60427058823528,83.2,0.6591502956389259,0.48013609225020126,0.03278707787298387,2.0,45000.0,41000.0,86000.0,2123.456790123457,1061.7283950617284,33.54101966249685,40.0,2.0,1.0,76838.28340584334,37273.3386706154,114111.62207645873,121.0,241.0,17.0,0.0,51.0,0.0,7.0,3.0,120371.91245426444,60.18595622713222,True,,one complete CE 519 pavement project,TRACI 2.1 / climate change,Global warming / climate change,kg CO2-eq,False,2123.456790123457,1623.4992046419754,4300.0,1061.7283950617284,1433.3333333333335,60.18595622713222,0.0,0.0,0.0,0.6725721784776904,19.783402429809907,19.783402429809907,236.01821611787162,19.339370575837112,255.35758669370873,0.0,2892.0603674540685,28356.210149394203,85068.63044818261,14204.982024076055,1163.9585109376212,15368.940535013677,0.0,131685.84150004457,753827.1604938272,7166.666666666668,46628.22698358351,0.0,22386.59305500758,6370.37037037037,6450.0,0.0,842829.0175694553,,,,,,,,,,,
SRC,4,8,#5,18,19.0,9.5,100.0,#57 stone,110.00000000000001,35.096603882957105,5.499039842323396,5.201089693986001,312.08845996263085,39.94732287521675,0.20666666666666667,4.6875,0.2701525054466231,56.45005446623094,50.80504901960784,83.2,0.7862864743974436,0.48013609225020126,0.03994449344758064,2.0,45000.0,41000.0,86000.0,2123.456790123457,1061.7283950617284,33.54101966249685,40.0,2.0,1.0,64111.56131315591,32888.24000348417,96999.80131664008,101.0,201.0,15.0,0.0,51.0,0.0,7.0,3.0,102321.31819442795,51.16065909721397,True,,one complete CE 519 pavement project,TRACI 2.1 / climate change,Global warming / climate change,kg CO2-eq,False,2123.456790123457,1623.4992046419754,4300.0,1061.7283950617284,1433.3333333333335,51.16065909721397,0.0,0.0,0.0,0.6725721784776904,19.783402429809907,19.783402429809907,236.01821611787162,19.339370575837112,255.35758669370873,0.0,2892.0603674540685,28356.210149394203,85068.63044818261,12074.847495539003,989.4149451850932,13064.262440724096,0.0,129381.16340575498,753827.1604938272,7166.666666666668,39636.00438633916,0.0,21994.797778978347,6370.37037037037,6450.0,0.0,835444.9996961817,,,,,,,,,,,
SRC,4,8,#6,6,19.0,9.5,100.0,#57 stone,110.00000000000001,35.096603882957105,5.499039842323396,5.201089693986001,312.08845996263085,39.94732287521675,0.88,4.625,1.1503267973856208,213.83137254901962,192.44823529411764,83.2,0.20757437871106202,0.48013609225020126,0.006950976562500001,2.0,45000.0,41000.0,86000.0,2123.456790123457,1061.7283950617284,40.249223594996224,40.0,2.0,1.0,193564.53868803626,91063.42721142809,284627.9658994643,301.0,601.0,41.0,0.0,51.0,0.0,7.0,3.0,426151.31561058684,213.07565780529342,True,,one complete CE 519 pavement project,TRACI 2.1 / climate change,Global warming / climate change,kg CO2-eq,False,2123.456790123457,1623.4992046419754,4300.0,1061.7283950617284,1433.3333333333335,213.07565780529342,0.0,0.0,0.0,0.6725721784776904,19.783402429809907,19.783402429809907,236.01821611787162,19.339370575837112,255.35758669370873,0.0,2892.0603674540685,28356.210149394203,85068.63044818261,50289.7366533474,4120.749106986828,54410.485760334224,0.0,170727.38672536513,753827.1604938272,7166.666666666668,165077.3828254418,0.0,29023.655743312072,6370.37037037037,6450.0,0.0,967915.236099618,,,,,,,,,,,
SRC,4,8,#6,8,19.0,9.5,100.0,#57 stone,110.00000000000001,35.096603882957105,5.499039842323396,5.201089693986001,312.08845996263085,39.94732287521675,0.66,4.625,0.8627450980392157,166.06764705882352,149.46088235294118,83.2,0.2672761076097758,0.48013609225020126,0.010267968749999998,2.0,45000.0,41000.0,86000.0,2123.456790123457,1061.7283950617284,40.249223594996224,40.0,2.0,1.0,145294.28927094283,68852.83520864075,214147.12447958358,226.0,451.0,31.0,0.0,51.0,0.0,7.0,3.0,320625.833595821,160.3129167979105,True,,one complete CE 519 pavement project,TRACI 2.1 / climate change,Global warming / climate change,kg CO2-eq,False,2123.456790123457,1623.4992046419754,4300.0,1061.7283950617284,1433.3333333333335,160.3129167979105,0.0,0.0,0.0,0.6725721784776904,19.783402429809907,19.783402429809907,236.01821611787162,19.339370575837112,255.35758669370873,0.0,2892.0603674540685,28356.210149394203,85068.63044818261,37836.76864329561,3100.3509060481333,40937.11954934374,0.0,157254.02051437463,753827.1604938272,7166.666666666668,124200.187908346,0.0,26733.18348744369,6370.37037037037,6450.0,0.0,924747.5689266538,,,,,,,,,,,
SRC,4,8,#6,10,19.0,9.5,100.0,#57 stone,110.00000000000001,35.096603882957105,5.499039842323396,5.201089693986001,312.08845996263085,39.94732287521675,0.528,4.625,0.6901960784313725,135.58729411764708,122.02856470588236,83.2,0.3273604255814958,0.48013609225020126,0.013584960937499998,2.0,45000.0,41000.0,86000.0,2123.456790123457,1061.7283950617284,40.249223594996224,40.0,2.0,1.0,116332.13962068676,55526.48000696835,171858.6196276551,181.0,361.0,25.0,0.0,51.0,0.0,7.0,3.0,257310.54438696138,128.6552721934807,True,,one complete CE 519 pavement project,TRACI 2.1 / climate change,Global warming / climate change,kg CO2-eq,False,2123.456790123457,1623.4992046419754,4300.0,1061.7283950617284,1433.3333333333335,128.6552721934807,0.0,0.0,0.0,0.6725721784776904,19.783402429809907,19.783402429809907,236.01821611787162,19.339370575837112,255.35758669370873,0.0,2892.0603674540685,28356.210149394203,85068.63044818261,30364.987837264525,2488.1119854849153,32853.09982274944,0.0,149170.00078778033,753827.1604938272,7166.666666666668,99673.87095808846,0.0,25358.900133922656,6370.37037037037,6450.0,0.0,898846.9686228753,,,,,,,,,,,
SRC,4,8,#6,12,19.0,9.5,100.0,#57 stone,110.00000000000001,35.096603882957105,5.499039842323396,5.201089693986001,312.08845996263085,39.94732287521675,0.44,4.625,0.5751633986928104,114.50784313725491,103.05705882352943,83.2,0.38762335478272153,0.48013609225020126,0.016901953125,2.0,45000.0,41000.0,86000.0,2123.456790123457,1061.7283950617284,40.249223594996224,40.0,2.0,1.0,97024.03985384939,46642.24320585341,143666.2830597028,151.0,301.0,21.0,0.0,51.0,0.0,7.0,3.0,215100.35158105503,107.55017579052752,True,,one complete CE 519 pavement project,TRACI 2.1 / climate change,Global warming / climate change,kg CO2-eq,False,2123.456790123457,1623.4992046419754,4300.0,1061.7283950617284,1433.3333333333335,107.55017579052752,0.0,0.0,0.0,0.6725721784776904,19.783402429809907,19.783402429809907,236.01821611787162,19.339370575837112,255.35758669370873,0.0,2892.0603674540685,28356.210149394203,85068.63044818261,25383.80063324381,2079.952705109437,27463.753338353246,0.0,143780.65430338413,753827.1604938272,7166.666666666668,83322.99299125012,0.0,24442.711231575304,6370.37037037037,6450.0,0.0,881579.9017536896,,,,,,,,,,,
SRC,4,8,#6,15,19.0,9.5,100.0,#57 stone,110.00000000000001,35.096603882957105,5.499039842323396,5.201089693986001,312.08845996263085,39.94732287521675,0.35200000000000004,4.625,0.46013071895424845,92.82101960784314,83.53891764705882,83.2,0.47818817864015245,0.48013609225020126,0.021877441406249993,2.0,45000.0,41000.0,86000.0,2123.456790123457,1061.7283950617284,40.249223594996224,40.0,2.0,1.0,77715.94008701202,37758.00640473847,115473.94649175048,121.0,241.0,17.0,0.0,51.0,0.0,7.0,3.0,172890.15877514865,86.44507938757432,True,,one complete CE 519 pavement project,TRACI 2.1 / climate change,Global warming / climate change,kg CO2-eq,False,2123.456790123457,1623.4992046419754,4300.0,1061.7283950617284,1433.3333333333335,86.44507938757432,0.0,0.0,0.0,0.6725721784776904,19.783402429809907,19.783402429809907,236.01821611787162,19.339370575837112,255.35758669370873,0.0,2892.0603674540685,28356.210149394203,85068.63044818261,20402.613429223085,1671.793424733958,22074.406853957043,0.0,138391.30781898793,753827.1604938272,7166.666666666668,66972.11502441177,0.0,23526.52232922795,6370.37037037037,6450.0,0.0,864312.834884504,,,,,,,,,,,
SRC,4,8,#6,18,19.0,9.5,100.0,#57 stone,110.00000000000001,35.096603882957105,5.499039842323396,5.201089693986001,312.08845996263085,39.94732287521675,0.29333333333333333,4.625,0.38344226579520696,78.02570806100218,70.22313725490196,83.2,0.5688626916540703,0.48013609225020126,0.0268529296875,2.0,45000.0,41000.0,86000.0,2123.456790123457,1061.7283950617284,40.249223594996224,40.0,2.0,1.0,64843.87357578709,33315.88800418101,98159.7615799681,101.0,201.0,15.0,0.0,51.0,0.0,7.0,3.0,146966.97636556334,73.48348818278167,True,,one complete CE 519 pavement project,TRACI 2.1 / climate change,Global warming / climate change,kg CO2-eq,False,2123.456790123457,1623.4992046419754,4300.0,1061.7283950617284,1433.3333333333335,73.48348818278167,0.0,0.0,0.0,0.6725721784776904,19.783402429809907,19.783402429809907,236.01821611787162,19.339370575837112,255.35758669370873,0.0,2892.0603674540685,28356.210149394203,85068.63044818261,17343.44179501883,1421.124409171962,18764.566204190793,0.0,135081.46716922167,753827.1604938272,7166.666666666668,56930.30370077554,0.0,22963.849418767684,6370.37037037037,6450.0,0.0,853708.3506504074,,,,,,,,,,,
SRC,4,8,#6,24,19.0,9.5,100.0,#57 stone,110.00000000000001,35.096603882957105,5.499039842323396,5.201089693986001,312.08845996263085,39.94732287521675,0.22,4.625,0.2875816993464052,59.15196078431372,53.23676470588235,83.2,0.7503709719385484,0.48013609225020126,0.036803906250000004,2.0,45000.0,41000.0,86000.0,2123.456790123457,1061.7283950617284,40.249223594996224,40.0,2.0,1.0,48753.79043675594,24431.651203066074,73185.441639822,76.0,151.0,11.0,0.0,51.0,0.0,7.0,3.0,109574.86956628907,54.78743478314453,True,,one complete CE 519 pavement project,TRACI 2.1 / climate change,Global warming / climate change,kg CO2-eq,False,2123.456790123457,1623.4992046419754,4300.0,1061.7283950617284,1433.3333333333335,54.78743478314453,0.0,0.0,0.0,0.6725721784776904,19.783402429809907,19.783402429809907,236.01821611787162,19.339370575837112,255.35758669370873,0.0,2892.0603674540685,28356.210149394203,85068.63044818261,12930.832623192004,1059.55450417074,13990.387127362745,0.0,130307.28809239363,753827.1604938272,7166.666666666668,42445.79807415426,0.0,22152.238975706918,6370.37037037037,6450.0,0.0,838412.2345807254,,,,,,,,,,,
SRC,4,10,#3,6,19.0,9.5,100.0,#57 stone,110.00000000000001,41.4903982835187,5.499039842323396,5.431260308356283,211.44715282288252,42.2894305645765,0.22,6.8125,0.2875816993464052,88.02696078431372,79.22426470588235,130.0,0.5337939168204933,0.32530331203520385,0.055630078125,2.0,45000.0,41000.0,86000.0,2654.320987654321,1061.7283950617284,20.124611797498112,40.0,2.0,1.0,187007.26934401813,87556.71360571406,274563.9829497322,301.0,601.0,41.0,0.0,51.0,0.0,7.0,3.0,102770.82417354561,51.3854120867728,True,,one complete CE 519 pavement project,TRACI 2.1 / climate change,Global warming / climate change,kg CO2-eq,False,2654.320987654321,2029.3740058024691,5375.0,1061.7283950617284,1433.3333333333335,51.3854120867728,0.0,0.0,0.0,0.6725721784776904,19.783402429809907,19.783402429809907,236.01821611787162,19.339370575837112,255.35758669370873,0.0,3615.0754593175857,28356.210149394203,106335.78806022825,12127.893295201835,993.7615265381986,13121.654821740034,0.0,151428.72849068008,942283.9506172839,7166.666666666668,39810.12861845802,0.0,25742.883843415617,7962.9629629629635,8062.5,0.0,1031029.0927087872,,,,,,,,,,,
SRC,4,10,#3,8,19.0,9.5,100.0,#57 stone,110.00000000000001,41.4903982835187,5.499039842323396,5.431260308356283,211.44715282288252,42.2894305645765,0.165,6.8125,0.21568627450980393,66.37610294117647,59.738492647058834,130.0,0.7079092339076383,0.32530331203520385,0.0751734375,2.0,45000.0,41000.0,86000.0,2654.320987654321,1061.7283950617284,20.124611797498112,40.0,2.0,1.0,140372.1446354714,66201.41760432038,206573.5622397918,226.0,451.0,31.0,0.0,51.0,0.0,7.0,3.0,77321.63197725541,38.660815988627704,True,,one complete CE 519 pavement project,TRACI 2.1 / climate change,Global warming / climate change,kg CO2-eq,False,2654.320987654321,2029.3740058024691,5375.0,1061.7283950617284,1433.3333333333335,38.660815988627704,0.0,0.0,0.0,0.6725721784776904,19.783402429809907,19.783402429809907,236.01821611787162,19.339370575837112,255.35758669370873,0.0,3615.0754593175857,28356.210149394203,106335.78806022825,9124.6568232972,747.6758471683196,9872.33267046552,0.0,148179.40633940557,942283.9506172839,7166.666666666668,29951.925935765474,0.0,25190.499077698947,7962.9629629629635,8062.5,0.0,1020618.5052603779,,,,,,,,,,,
SRC,4,10,#3,10,19.0,9.5,100.0,#57 stone,110.00000000000001,41.4903982835187,5.499039842323396,5.431260308356283,211.44715282288252,42.2894305645765,0.132,6.8125,0.17254901960784313,53.27170588235295,47.94453529411766,130.0,0.8820490240472727,0.32530331203520385,0.094716796875,2.0,45000.0,41000.0,86000.0,2654.320987654321,1061.7283950617284,20.124611797498112,40.0,2.0,1.0,112391.06981034338,53388.24000348418,165779.30981382757,181.0,361.0,25.0,0.0,51.0,0.0,7.0,3.0,62052.1166594813,31.02605832974065,True,,one complete CE 519 pavement project,TRACI 2.1 / climate change,Global warming / climate change,kg CO2-eq,False,2654.320987654321,2029.3740058024691,5375.0,1061.7283950617284,1433.3333333333335,31.02605832974065,0.0,0.0,0.0,0.6725721784776904,19.783402429809907,19.783402429809907,236.01821611787162,19.339370575837112,255.35758669370873,0.0,3615.0754593175857,28356.210149394203,106335.78806022825,7322.714940154419,600.0244395463923,7922.739379700812,0.0,146229.81304864085,942283.9506172839,7166.666666666668,24037.004326149952,0.0,24859.068218268945,7962.9629629629635,8062.5,0.0,1014372.1527913323,,,,,,,,,,,
SRC,4,10,#4,6,19.0,9.5,100.0,#57 stone,110.00000000000001,41.4903982835187,5.499039842323396,5.431260308356283,211.44715282288252,42.2894305645765,0.4000000000000001,6.75,0.5228758169934641,155.72549019607845,140.15294117647062,130.0,0.3017377317207254,0.32530331203520385,0.028950703124999994,2.0,45000.0,41000.0,86000.0,2654.320987654321,1061.7283950617284,26.83281572999748,40.0,2.0,1.0,189193.02579202416,88725.61814095205,277918.6439329762,301.0,601.0,41.0,0.0,51.0,0.0,7.0,3.0,189139.07712105327,94.56953856052664,True,,one complete CE 519 pavement project,TRACI 2.1 / climate change,Global warming / climate change,kg CO2-eq,False,2654.320987654321,2029.3740058024691,5375.0,1061.7283950617284,1433.3333333333335,94.56953856052664,0.0,0.0,0.0,0.6725721784776904,19.783402429809907,19.783402429809907,236.01821611787162,19.339370575837112,255.35758669370873,0.0,3615.0754593175857,28356.210149394203,106335.78806022825,22320.13379014577,1828.915351407942,24149.04914155371,0.0,162456.12281049375,942283.9506172839,7166.666666666668,73266.42602622816,0.0,27617.54087778394,7962.9629629629635,8062.5,0.0,1066360.0471509255,,,,,,,,,,,
SRC,4,10,#4,8,19.0,9.5,100.0,#57 stone,110.00000000000001,41.4903982835187,5.499039842323396,5.431260308356283,211.44715282288252,42.2894305645765,0.30000000000000004,6.75,0.39215686274509814,117.97058823529414,106.17352941176473,130.0,0.39830483924640586,0.32530331203520385,0.03960093749999999,2.0,45000.0,41000.0,86000.0,2654.320987654321,1061.7283950617284,26.83281572999748,40.0,2.0,1.0,142012.85951396188,67085.22347242717,209098.08298638905,226.0,451.0,31.0,0.0,51.0,0.0,7.0,3.0,142302.86203240367,71.15143101620184,True,,one complete CE 519 pavement project,TRACI 2.1 / climate change,Global warming / climate change,kg CO2-eq,False,2654.320987654321,2029.3740058024691,5375.0,1061.7283950617284,1433.3333333333335,71.15143101620184,0.0,0.0,0.0,0.6725721784776904,19.783402429809907,19.783402429809907,236.01821611787162,19.339370575837112,255.35758669370873,0.0,3615.0754593175857,28356.210149394203,106335.78806022825,16793.03382267776,1376.023891423438,18169.0577141012,0.0,156476.13138304124,942283.9506172839,7166.666666666668,55123.57505976815,0.0,26600.94233511701,7962.9629629629635,8062.5,0.0,1047200.5976417987,,,,,,,,,,,
SRC,4,10,#4,10,19.0,9.5,100.0,#57 stone,110.00000000000001,41.4903982835187,5.499039842323396,5.431260308356283,211.44715282288252,42.2894305645765,0.24000000000000005,6.75,0.31372549019607854,94.94117647058825,85.44705882352943,130.0,0.49491967478851734,0.32530331203520385,0.05025117187499998,2.0,45000.0,41000.0,86000.0,2654.320987654321,1061.7283950617284,26.83281572999748,40.0,2.0,1.0,113704.75974712451,54100.986671312225,167805.74641843673,181.0,361.0,25.0,0.0,51.0,0.0,7.0,3.0,114201.13297921389,57.10056648960694,True,,one complete CE 519 pavement project,TRACI 2.1 / climate change,Global warming / climate change,kg CO2-eq,False,2654.320987654321,2029.3740058024691,5375.0,1061.7283950617284,1433.3333333333335,57.10056648960694,0.0,0.0,0.0,0.6725721784776904,19.783402429809907,19.783402429809907,236.01821611787162,19.339370575837112,255.35758669370873,0.0,3615.0754593175857,28356.210149394203,106335.78806022825,13476.773842196948,1104.2890154327351,14581.062857629684,0.0,152888.13652656972,942283.9506172839,7166.666666666668,44237.86447989212,0.0,25990.983209516857,7962.9629629629635,8062.5,0.0,1035704.9279363224,,,,,,,,,,,
SRC,4,10,#4,12,19.0,9.5,100.0,#57 stone,110.00000000000001,41.4903982835187,5.499039842323396,5.431260308356283,211.44715282288252,42.2894305645765,0.20000000000000004,6.75,0.26143790849673204,79.43137254901961,71.48823529411764,130.0,0.5915579030673912,0.32530331203520385,0.06090140624999999,2.0,45000.0,41000.0,86000.0,2654.320987654321,1061.7283950617284,26.83281572999748,40.0,2.0,1.0,94832.69323589958,45444.828803902274,140277.52203980187,151.0,301.0,21.0,0.0,51.0,0.0,7.0,3.0,95466.64694375407,47.733323471877036,True,,one complete CE 519 pavement project,TRACI 2.1 / climate change,Global warming / climate change,kg CO2-eq,False,2654.320987654321,2029.3740058024691,5375.0,1061.7283950617284,1433.3333333333335,47.733323471877036,0.0,0.0,0.0,0.6725721784776904,19.783402429809907,19.783402429809907,236.01821611787162,19.339370575837112,255.35758669370873,0.0,3615.0754593175857,28356.210149394203,106335.78806022825,11265.933855209749,923.1324314389337,12189.066286648682,0.0,150496.13995558873,942283.9506172839,7166.666666666668,36980.72409330813,0.0,25584.343792450087,7962.9629629629635,8062.5,0.0,1028041.1481326716,,,,,,,,,,,
SRC,4,10,#4,15,19.0,9.5,100.0,#57 stone,110.00000000000001,41.4903982835187,5.499039842323396,5.431260308356283,211.44715282288252,42.2894305645765,0.16000000000000003,6.75,0.20915032679738566,63.796078431372564,57.416470588235306,130.0,0.7365383161193758,0.32530331203520385,0.07687675781249999,2.0,45000.0,41000.0,86000.0,2654.320987654321,1061.7283950617284,26.83281572999748,40.0,2.0,1.0,75960.62672467467,36788.670936492315,112749.29766116699,121.0,241.0,17.0,0.0,51.0,0.0,7.0,3.0,76732.16090829422,38.36608045414711,True,,one complete CE 519 pavement project,TRACI 2.1 / climate change,Global warming / climate change,kg CO2-eq,False,2654.320987654321,2029.3740058024691,5375.0,1061.7283950617284,1433.3333333333335,38.36608045414711,0.0,0.0,0.0,0.6725721784776904,19.783402429809907,19.783402429809907,236.01821611787162,19.339370575837112,255.35758669370873,0.0,3615.0754593175857,28356.210149394203,106335.78806022825,9055.093868222542,741.975847445132,9797.069715667674,0.0,148104.1433846077,942283.9506172839,7166.666666666668,29723.583706724115,0.0,25177.704375383313,7962.9629629629635,8062.5,0.0,1020377.3683290209,,,,,,,,,,,
SRC,4,10,#4,18,19.0,9.5,100.0,#57 stone,110.00000000000001,41.4903982835187,5.499039842323396,5.431260308356283,211.44715282288252,42.2894305645765,0.13333333333333336,6.75,0.1742919389978214,53.30283224400872,47.972549019607854,130.0,0.8815339486607541,0.32530331203520385,0.09285210937499999,2.0,45000.0,41000.0,86000.0,2654.320987654321,1061.7283950617284,26.83281572999748,40.0,2.0,1.0,63379.249050524726,32460.592002787336,95839.84105331206,101.0,201.0,15.0,0.0,51.0,0.0,7.0,3.0,65224.33627239294,32.612168136196466,True,,one complete CE 519 pavement project,TRACI 2.1 / climate change,Global warming / climate change,kg CO2-eq,False,2654.320987654321,2029.3740058024691,5375.0,1061.7283950617284,1433.3333333333335,32.612168136196466,0.0,0.0,0.0,0.6725721784776904,19.783402429809907,19.783402429809907,236.01821611787162,19.339370575837112,255.35758669370873,0.0,3615.0754593175857,28356.210149394203,106335.78806022825,7697.065747241184,630.6988048674106,8327.764552108594,0.0,146634.83822104865,942283.9506172839,7166.666666666668,25265.820693164304,0.0,24927.92249757827,7962.9629629629635,8062.5,0.0,1015669.823437656,,,,,,,,,,,
SRC,4,10,#5,6,19.0,9.5,100.0,#57 stone,110.00000000000001,41.4903982835187,5.499039842323396,5.431260308356283,211.44715282288252,42.2894305645765,0.62,6.6875,0.8104575163398693,233.7004901960784,210.33044117647057,130.0,0.2010618640270668,0.32530331203520385,0.017422492439516126,2.0,45000.0,41000.0,86000.0,2654.320987654321,1061.7283950617284,33.54101966249685,40.0,2.0,1.0,191378.78224003024,89894.52267619007,281273.3049162203,301.0,601.0,41.0,0.0,51.0,0.0,7.0,3.0,296704.27094981854,148.35213547490926,True,,one complete CE 519 pavement project,TRACI 2.1 / climate change,Global warming / climate change,kg CO2-eq,False,2654.320987654321,2029.3740058024691,5375.0,1061.7283950617284,1433.3333333333335,148.35213547490926,0.0,0.0,0.0,0.6725721784776904,19.783402429809907,19.783402429809907,236.01821611787162,19.339370575837112,255.35758669370873,0.0,3615.0754593175857,28356.210149394203,106335.78806022825,35013.8063720649,2869.0369236660613,37882.84329573096,0.0,176189.91696467102,942283.9506172839,7166.666666666668,114933.7400292893,0.0,29952.285883994075,7962.9629629629635,8062.5,0.0,1110362.106160197,,,,,,,,,,,
SRC,4,10,#5,8,19.0,9.5,100.0,#57 stone,110.00000000000001,41.4903982835187,5.499039842323396,5.431260308356283,211.44715282288252,42.2894305645765,0.46499999999999997,6.6875,0.6078431372549019,178.1018382352941,160.2916544117647,130.0,0.2638280247326004,0.32530331203520385,0.024229989919354843,2.0,45000.0,41000.0,86000.0,2654.320987654321,1061.7283950617284,33.54101966249685,40.0,2.0,1.0,143653.57439245237,67969.02934053396,211622.60373298632,226.0,451.0,31.0,0.0,51.0,0.0,7.0,3.0,223232.4549100043,111.61622745500216,True,,one complete CE 519 pavement project,TRACI 2.1 / climate change,Global warming / climate change,kg CO2-eq,False,2654.320987654321,2029.3740058024691,5375.0,1061.7283950617284,1433.3333333333335,111.61622745500216,0.0,0.0,0.0,0.6725721784776904,19.783402429809907,19.783402429809907,236.01821611787162,19.339370575837112,255.35758669370873,0.0,3615.0754593175857,28356.210149394203,106335.78806022825,26343.462893736214,2158.5875850292114,28502.050478765424,0.0,166809.12414770547,942283.9506172839,7166.666666666668,86473.10959357856,0.0,28357.55110510993,7962.9629629629635,8062.5,0.0,1080306.740945602,,,,,,,,,,,
SRC,4,10,#5,10,19.0,9.5,100.0,#57 stone,110.00000000000001,41.4903982835187,5.499039842323396,5.431260308356283,211.44715282288252,42.2894305645765,0.372,6.6875,0.48627450980392156,143.83817647058822,129.4543588235294,130.0,0.32667444301527876,0.32530331203520385,0.03103748739919355,2.0,45000.0,41000.0,86000.0,2654.320987654321,1061.7283950617284,33.54101966249685,40.0,2.0,1.0,115018.44968390564,54813.733339140286,169832.18302304592,181.0,361.0,25.0,0.0,51.0,0.0,7.0,3.0,179149.36528611582,89.57468264305791,True,,one complete CE 519 pavement project,TRACI 2.1 / climate change,Global warming / climate change,kg CO2-eq,False,2654.320987654321,2029.3740058024691,5375.0,1061.7283950617284,1433.3333333333335,89.57468264305791,0.0,0.0,0.0,0.6725721784776904,19.783402429809907,19.783402429809907,236.01821611787162,19.339370575837112,255.35758669370873,0.0,3615.0754593175857,28356.210149394203,106335.78806022825,21141.256806739006,1732.3179818471015,22873.574788586106,0.0,161180.64845752617,942283.9506172839,7166.666666666668,69396.7313321521,0.0,27400.71023777945,7962.9629629629635,8062.5,0.0,1062273.521816845,,,,,,,,,,,
SRC,4,10,#5,12,19.0,9.5,100.0,#57 stone,110.00000000000001,41.4903982835187,5.499039842323396,5.431260308356283,211.44715282288252,42.2894305645765,0.31,6.6875,0.40522875816993464,120.61887254901961,108.55698529411765,130.0,0.3895597362988674,0.32530331203520385,0.037844984879032255,2.0,45000.0,41000.0,86000.0,2654.320987654321,1061.7283950617284,33.54101966249685,40.0,2.0,1.0,95928.36654487449,46043.53600487784,141971.90254975233,151.0,301.0,21.0,0.0,51.0,0.0,7.0,3.0,149760.63887019013,74.88031943509506,True,,one complete CE 519 pavement project,TRACI 2.1 / climate change,Global warming / climate change,kg CO2-eq,False,2654.320987654321,2029.3740058024691,5375.0,1061.7283950617284,1433.3333333333335,74.88031943509506,0.0,0.0,0.0,0.6725721784776904,19.783402429809907,19.783402429809907,236.01821611787162,19.339370575837112,255.35758669370873,0.0,3615.0754593175857,28356.210149394203,106335.78806022825,17673.119415407527,1448.1382463923612,19121.25766179989,0.0,157428.33133073995,942283.9506172839,7166.666666666668,58012.479157867805,0.0,26762.816326225795,7962.9629629629635,8062.5,0.0,1050251.3757310072,,,,,,,,,,,
SRC,4,10,#5,15,19.0,9.5,100.0,#57 stone,110.00000000000001,41.4903982835187,5.499039842323396,5.431260308356283,211.44715282288252,42.2894305645765,0.24799999999999997,6.6875,0.32418300653594767,97.09807843137253,87.38827058823527,130.0,0.48392570627515946,0.32530331203520385,0.04805623109879032,2.0,45000.0,41000.0,86000.0,2654.320987654321,1061.7283950617284,33.54101966249685,40.0,2.0,1.0,76838.28340584334,37273.3386706154,114111.62207645873,121.0,241.0,17.0,0.0,51.0,0.0,7.0,3.0,120371.91245426444,60.18595622713222,True,,one complete CE 519 pavement project,TRACI 2.1 / climate change,Global warming / climate change,kg CO2-eq,False,2654.320987654321,2029.3740058024691,5375.0,1061.7283950617284,1433.3333333333335,60.18595622713222,0.0,0.0,0.0,0.6725721784776904,19.783402429809907,19.783402429809907,236.01821611787162,19.339370575837112,255.35758669370873,0.0,3615.0754593175857,28356.210149394203,106335.78806022825,14204.982024076055,1163.9585109376212,15368.940535013677,0.0,153676.01420395373,942283.9506172839,7166.666666666668,46628.22698358351,0.0,26124.922414672135,7962.9629629629635,8062.5,0.0,1038229.2296451691,,,,,,,,,,,
SRC,4,10,#5,18,19.0,9.5,100.0,#57 stone,110.00000000000001,41.4903982835187,5.499039842323396,5.431260308356283,211.44715282288252,42.2894305645765,0.20666666666666667,6.6875,0.2701525054466231,81.25005446623094,73.12504901960784,130.0,0.5783166114970666,0.32530331203520385,0.05826747731854837,2.0,45000.0,41000.0,86000.0,2654.320987654321,1061.7283950617284,33.54101966249685,40.0,2.0,1.0,64111.56131315591,32888.24000348417,96999.80131664008,101.0,201.0,15.0,0.0,51.0,0.0,7.0,3.0,102321.31819442795,51.16065909721397,True,,one complete CE 519 pavement project,TRACI 2.1 / climate change,Global warming / climate change,kg CO2-eq,False,2654.320987654321,2029.3740058024691,5375.0,1061.7283950617284,1433.3333333333335,51.16065909721397,0.0,0.0,0.0,0.6725721784776904,19.783402429809907,19.783402429809907,236.01821611787162,19.339370575837112,255.35758669370873,0.0,3615.0754593175857,28356.210149394203,106335.78806022825,12074.847495539003,989.4149451850932,13064.262440724096,0.0,151371.33610966415,942283.9506172839,7166.666666666668,39636.00438633916,0.0,25733.127138642907,7962.9629629629635,8062.5,0.0,1030845.2117718955,,,,,,,,,,,
SRC,4,10,#5,24,19.0,9.5,100.0,#57 stone,110.00000000000001,41.4903982835187,5.499039842323396,5.431260308356283,211.44715282288252,42.2894305645765,0.155,6.6875,0.20261437908496732,61.2515931372549,55.12643382352941,130.0,0.7671352494876289,0.32530331203520385,0.07868996975806451,2.0,45000.0,41000.0,86000.0,2654.320987654321,1061.7283950617284,33.54101966249685,40.0,2.0,1.0,48203.15869729662,24118.042669221726,72321.20136651835,76.0,151.0,11.0,0.0,51.0,0.0,7.0,3.0,76288.82283037595,38.144411415187975,True,,one complete CE 519 pavement project,TRACI 2.1 / climate change,Global warming / climate change,kg CO2-eq,False,2654.320987654321,2029.3740058024691,5375.0,1061.7283950617284,1433.3333333333335,38.144411415187975,0.0,0.0,0.0,0.6725721784776904,19.783402429809907,19.783402429809907,236.01821611787162,19.339370575837112,255.35758669370873,0.0,3615.0754593175857,28356.210149394203,106335.78806022825,9002.775937078844,737.6889077555115,9740.464844834356,0.0,148047.5385137744,942283.9506172839,7166.666666666668,29551.84872215707,0.0,25168.08154734165,7962.9629629629635,8062.5,0.0,1020196.0105164122,,,,,,,,,,,
SRC,4,10,#6,6,19.0,9.5,100.0,#57 stone,110.00000000000001,41.4903982835187,5.499039842323396,5.431260308356283,211.44715282288252,42.2894305645765,0.88,6.625,1.1503267973856208,319.4313725490196,287.4882352941177,130.0,0.14709969095365547,0.32530331203520385,0.0112541015625,2.0,45000.0,41000.0,86000.0,2654.320987654321,1061.7283950617284,40.249223594996224,40.0,2.0,1.0,193564.53868803626,91063.42721142809,284627.9658994643,301.0,601.0,41.0,0.0,51.0,0.0,7.0,3.0,426151.31561058684,213.07565780529342,True,,one complete CE 519 pavement project,TRACI 2.1 / climate change,Global warming / climate change,kg CO2-eq,False,2654.320987654321,2029.3740058024691,5375.0,1061.7283950617284,1433.3333333333335,213.07565780529342,0.0,0.0,0.0,0.6725721784776904,19.783402429809907,19.783402429809907,236.01821611787162,19.339370575837112,255.35758669370873,0.0,3615.0754593175857,28356.210149394203,106335.78806022825,50289.7366533474,4120.749106986828,54410.485760334224,0.0,192717.5594292743,942283.9506172839,7166.666666666668,165077.3828254418,0.0,32761.985102976632,7962.9629629629635,8062.5,0.0,1163315.448175332,,,,,,,,,,,
SRC,4,10,#6,8,19.0,9.5,100.0,#57 stone,110.00000000000001,41.4903982835187,5.499039842323396,5.431260308356283,211.44715282288252,42.2894305645765,0.66,6.625,0.8627450980392157,245.2676470588235,220.74088235294118,130.0,0.1915795122036352,0.32530331203520385,0.01600546875,2.0,45000.0,41000.0,86000.0,2654.320987654321,1061.7283950617284,40.249223594996224,40.0,2.0,1.0,145294.28927094283,68852.83520864075,214147.12447958358,226.0,451.0,31.0,0.0,51.0,0.0,7.0,3.0,320625.833595821,160.3129167979105,True,,one complete CE 519 pavement project,TRACI 2.1 / climate change,Global warming / climate change,kg CO2-eq,False,2654.320987654321,2029.3740058024691,5375.0,1061.7283950617284,1433.3333333333335,160.3129167979105,0.0,0.0,0.0,0.6725721784776904,19.783402429809907,19.783402429809907,236.01821611787162,19.339370575837112,255.35758669370873,0.0,3615.0754593175857,28356.210149394203,106335.78806022825,37836.76864329561,3100.3509060481333,40937.11954934374,0.0,179244.1932182838,942283.9506172839,7166.666666666668,124200.187908346,0.0,30471.512847108246,7962.9629629629635,8062.5,0.0,1120147.7810023678,,,,,,,,,,,
SRC,4,10,#6,10,19.0,9.5,100.0,#57 stone,110.00000000000001,41.4903982835187,5.499039842323396,5.431260308356283,211.44715282288252,42.2894305645765,0.528,6.625,0.6901960784313725,198.9472941176471,179.05256470588236,130.0,0.23618444468551741,0.32530331203520385,0.020756835937500002,2.0,45000.0,41000.0,86000.0,2654.320987654321,1061.7283950617284,40.249223594996224,40.0,2.0,1.0,116332.13962068676,55526.48000696835,171858.6196276551,181.0,361.0,25.0,0.0,51.0,0.0,7.0,3.0,257310.54438696138,128.6552721934807,True,,one complete CE 519 pavement project,TRACI 2.1 / climate change,Global warming / climate change,kg CO2-eq,False,2654.320987654321,2029.3740058024691,5375.0,1061.7283950617284,1433.3333333333335,128.6552721934807,0.0,0.0,0.0,0.6725721784776904,19.783402429809907,19.783402429809907,236.01821611787162,19.339370575837112,255.35758669370873,0.0,3615.0754593175857,28356.210149394203,106335.78806022825,30364.987837264525,2488.1119854849153,32853.09982274944,0.0,171160.1734916895,942283.9506172839,7166.666666666668,99673.87095808846,0.0,29097.229493587216,7962.9629629629635,8062.5,0.0,1094247.1806985892,,,,,,,,,,,
SRC,4,10,#6,12,19.0,9.5,100.0,#57 stone,110.00000000000001,41.4903982835187,5.499039842323396,5.431260308356283,211.44715282288252,42.2894305645765,0.44,6.625,0.5751633986928104,167.3078431372549,150.57705882352943,130.0,0.28084909411159437,0.32530331203520385,0.025508203125000004,2.0,45000.0,41000.0,86000.0,2654.320987654321,1061.7283950617284,40.249223594996224,40.0,2.0,1.0,97024.03985384939,46642.24320585341,143666.2830597028,151.0,301.0,21.0,0.0,51.0,0.0,7.0,3.0,215100.35158105503,107.55017579052752,True,,one complete CE 519 pavement project,TRACI 2.1 / climate change,Global warming / climate change,kg CO2-eq,False,2654.320987654321,2029.3740058024691,5375.0,1061.7283950617284,1433.3333333333335,107.55017579052752,0.0,0.0,0.0,0.6725721784776904,19.783402429809907,19.783402429809907,236.01821611787162,19.339370575837112,255.35758669370873,0.0,3615.0754593175857,28356.210149394203,106335.78806022825,25383.80063324381,2079.952705109437,27463.753338353246,0.0,165770.8270072933,942283.9506172839,7166.666666666668,83322.99299125012,0.0,28181.040591239864,7962.9629629629635,8062.5,0.0,1076980.1138294034,,,,,,,,,,,
SRC,4,10,#6,15,19.0,9.5,100.0,#57 stone,110.00000000000001,41.4903982835187,5.499039842323396,5.431260308356283,211.44715282288252,42.2894305645765,0.35200000000000004,6.625,0.46013071895424845,135.06101960784315,121.55491764705884,130.0,0.347903905355488,0.32530331203520385,0.032635253906249995,2.0,45000.0,41000.0,86000.0,2654.320987654321,1061.7283950617284,40.249223594996224,40.0,2.0,1.0,77715.94008701202,37758.00640473847,115473.94649175048,121.0,241.0,17.0,0.0,51.0,0.0,7.0,3.0,172890.15877514865,86.44507938757432,True,,one complete CE 519 pavement project,TRACI 2.1 / climate change,Global warming / climate change,kg CO2-eq,False,2654.320987654321,2029.3740058024691,5375.0,1061.7283950617284,1433.3333333333335,86.44507938757432,0.0,0.0,0.0,0.6725721784776904,19.783402429809907,19.783402429809907,236.01821611787162,19.339370575837112,255.35758669370873,0.0,3615.0754593175857,28356.210149394203,106335.78806022825,20402.613429223085,1671.793424733958,22074.406853957043,0.0,160381.4805228971,942283.9506172839,7166.666666666668,66972.11502441177,0.0,27264.851688892508,7962.9629629629635,8062.5,0.0,1059713.0469602179,,,,,,,,,,,
SRC,4,10,#6,18,19.0,9.5,100.0,#57 stone,110.00000000000001,41.4903982835187,5.499039842323396,5.431260308356283,211.44715282288252,42.2894305645765,0.29333333333333333,6.625,0.38344226579520696,113.22570806100218,101.90313725490196,130.0,0.41499635539966856,0.32530331203520385,0.0397623046875,2.0,45000.0,41000.0,86000.0,2654.320987654321,1061.7283950617284,40.249223594996224,40.0,2.0,1.0,64843.87357578709,33315.88800418101,98159.7615799681,101.0,201.0,15.0,0.0,51.0,0.0,7.0,3.0,146966.97636556334,73.48348818278167,True,,one complete CE 519 pavement project,TRACI 2.1 / climate change,Global warming / climate change,kg CO2-eq,False,2654.320987654321,2029.3740058024691,5375.0,1061.7283950617284,1433.3333333333335,73.48348818278167,0.0,0.0,0.0,0.6725721784776904,19.783402429809907,19.783402429809907,236.01821611787162,19.339370575837112,255.35758669370873,0.0,3615.0754593175857,28356.210149394203,106335.78806022825,17343.44179501883,1421.124409171962,18764.566204190793,0.0,157071.63987313083,942283.9506172839,7166.666666666668,56930.30370077554,0.0,26702.178778432244,7962.9629629629635,8062.5,0.0,1049108.5627261212,,,,,,,,,,,
SRC,4,10,#6,24,19.0,9.5,100.0,#57 stone,110.00000000000001,41.4903982835187,5.499039842323396,5.431260308356283,211.44715282288252,42.2894305645765,0.22,6.625,0.2875816993464052,85.55196078431372,76.99676470588236,130.0,0.5492364611177708,0.32530331203520385,0.05401640625,2.0,45000.0,41000.0,86000.0,2654.320987654321,1061.7283950617284,40.249223594996224,40.0,2.0,1.0,48753.79043675594,24431.651203066074,73185.441639822,76.0,151.0,11.0,0.0,51.0,0.0,7.0,3.0,109574.86956628907,54.78743478314453,True,,one complete CE 519 pavement project,TRACI 2.1 / climate change,Global warming / climate change,kg CO2-eq,False,2654.320987654321,2029.3740058024691,5375.0,1061.7283950617284,1433.3333333333335,54.78743478314453,0.0,0.0,0.0,0.6725721784776904,19.783402429809907,19.783402429809907,236.01821611787162,19.339370575837112,255.35758669370873,0.0,3615.0754593175857,28356.210149394203,106335.78806022825,12930.832623192004,1059.55450417074,13990.387127362745,0.0,152297.4607963028,942283.9506172839,7166.666666666668,42445.79807415426,0.0,25890.568335371478,7962.9629629629635,8062.5,0.0,1033812.4466564392,,,,,,,,,,,
SRC,4,12,#3,6,19.0,9.5,100.0,#57 stone,110.00000000000001,47.57004238281165,5.499039842323396,5.77022359949313,151.83364242524524,43.728089018470634,0.22,8.8125,0.2875816993464052,114.42696078431374,102.98426470588237,187.2,0.4246094210931714,0.23359021911576194,0.07284257812500002,2.0,45000.0,41000.0,86000.0,3185.185185185185,1061.7283950617284,20.124611797498112,40.0,2.0,1.0,187007.26934401813,87556.71360571406,274563.9829497322,301.0,601.0,41.0,0.0,51.0,0.0,7.0,3.0,102770.82417354561,51.3854120867728,True,,one complete CE 519 pavement project,TRACI 2.1 / climate change,Global warming / climate change,kg CO2-eq,False,3185.185185185185,2435.248806962963,6450.0,1061.7283950617284,1433.3333333333335,51.3854120867728,0.0,0.0,0.0,0.6725721784776904,19.783402429809907,19.783402429809907,236.01821611787162,19.339370575837112,255.35758669370873,0.0,4338.0905511811025,28356.210149394203,127602.9456722739,12127.893295201835,993.7615265381986,13121.654821740034,0.0,173418.90119458924,1130740.7407407407,7166.666666666668,39810.12861845802,0.0,29481.213203080173,9555.555555555555,9675.0,0.0,1226429.3047845012,,,,,,,,,,,
SRC,4,12,#3,8,19.0,9.5,100.0,#57 stone,110.00000000000001,47.57004238281165,5.499039842323396,5.77022359949313,151.83364242524524,43.728089018470634,0.165,8.8125,0.21568627450980393,86.17610294117648,77.55849264705883,187.2,0.563807876172396,0.23359021911576194,0.09812343749999998,2.0,45000.0,41000.0,86000.0,3185.185185185185,1061.7283950617284,20.124611797498112,40.0,2.0,1.0,140372.1446354714,66201.41760432038,206573.5622397918,226.0,451.0,31.0,0.0,51.0,0.0,7.0,3.0,77321.63197725541,38.660815988627704,True,,one complete CE 519 pavement project,TRACI 2.1 / climate change,Global warming / climate change,kg CO2-eq,False,3185.185185185185,2435.248806962963,6450.0,1061.7283950617284,1433.3333333333335,38.660815988627704,0.0,0.0,0.0,0.6725721784776904,19.783402429809907,19.783402429809907,236.01821611787162,19.339370575837112,255.35758669370873,0.0,4338.0905511811025,28356.210149394203,127602.9456722739,9124.6568232972,747.6758471683196,9872.33267046552,0.0,170169.57904331473,1130740.7407407407,7166.666666666668,29951.925935765474,0.0,28928.828437363507,9555.555555555555,9675.0,0.0,1216018.717336092,,,,,,,,,,,
SRC,4,12,#3,10,19.0,9.5,100.0,#57 stone,110.00000000000001,47.57004238281165,5.499039842323396,5.77022359949313,151.83364242524524,43.728089018470634,0.132,8.8125,0.17254901960784313,69.11170588235294,62.20053529411764,187.2,0.7030178890213833,0.23359021911576194,0.123404296875,2.0,45000.0,41000.0,86000.0,3185.185185185185,1061.7283950617284,20.124611797498112,40.0,2.0,1.0,112391.06981034338,53388.24000348418,165779.30981382757,181.0,361.0,25.0,0.0,51.0,0.0,7.0,3.0,62052.1166594813,31.02605832974065,True,,one complete CE 519 pavement project,TRACI 2.1 / climate change,Global warming / climate change,kg CO2-eq,False,3185.185185185185,2435.248806962963,6450.0,1061.7283950617284,1433.3333333333335,31.02605832974065,0.0,0.0,0.0,0.6725721784776904,19.783402429809907,19.783402429809907,236.01821611787162,19.339370575837112,255.35758669370873,0.0,4338.0905511811025,28356.210149394203,127602.9456722739,7322.714940154419,600.0244395463923,7922.739379700812,0.0,168219.98575255,1130740.7407407407,7166.666666666668,24037.004326149952,0.0,28597.397577933505,9555.555555555555,9675.0,0.0,1209772.3648670465,,,,,,,,,,,
SRC,4,12,#3,12,19.0,9.5,100.0,#57 stone,110.00000000000001,47.57004238281165,5.499039842323396,5.77022359949313,151.83364242524524,43.728089018470634,0.11,8.8125,0.1437908496732026,57.68799019607843,51.9191911764706,187.2,0.8422336332213104,0.23359021911576194,0.14868515625,2.0,45000.0,41000.0,86000.0,3185.185185185185,1061.7283950617284,20.124611797498112,40.0,2.0,1.0,93737.0199269247,44846.12160292671,138583.14152985142,151.0,301.0,21.0,0.0,51.0,0.0,7.0,3.0,51872.43978096522,25.93621989048261,True,,one complete CE 519 pavement project,TRACI 2.1 / climate change,Global warming / climate change,kg CO2-eq,False,3185.185185185185,2435.248806962963,6450.0,1061.7283950617284,1433.3333333333335,25.93621989048261,0.0,0.0,0.0,0.6725721784776904,19.783402429809907,19.783402429809907,236.01821611787162,19.339370575837112,255.35758669370873,0.0,4338.0905511811025,28356.210149394203,127602.9456722739,6121.420351392566,501.59016779844063,6623.010519191006,0.0,166920.25689204023,1130740.7407407407,7166.666666666668,20093.723253072938,0.0,28376.44367164684,9555.555555555555,9675.0,0.0,1205608.1298876826,,,,,,,,,,,
SRC,4,12,#4,6,19.0,9.5,100.0,#57 stone,110.00000000000001,47.57004238281165,5.499039842323396,5.77022359949313,151.83364242524524,43.728089018470634,0.4000000000000001,8.75,0.5228758169934641,203.72549019607843,183.3529411764706,187.2,0.23849134209624662,0.23359021911576194,0.038417578125,2.0,45000.0,41000.0,86000.0,3185.185185185185,1061.7283950617284,26.83281572999748,40.0,2.0,1.0,189193.02579202416,88725.61814095205,277918.6439329762,301.0,601.0,41.0,0.0,51.0,0.0,7.0,3.0,189139.07712105327,94.56953856052664,True,,one complete CE 519 pavement project,TRACI 2.1 / climate change,Global warming / climate change,kg CO2-eq,False,3185.185185185185,2435.248806962963,6450.0,1061.7283950617284,1433.3333333333335,94.56953856052664,0.0,0.0,0.0,0.6725721784776904,19.783402429809907,19.783402429809907,236.01821611787162,19.339370575837112,255.35758669370873,0.0,4338.0905511811025,28356.210149394203,127602.9456722739,22320.13379014577,1828.915351407942,24149.04914155371,0.0,184446.2955144029,1130740.7407407407,7166.666666666668,73266.42602622816,0.0,31355.870237448496,9555.555555555555,9675.0,0.0,1261760.2592266395,,,,,,,,,,,
SRC,4,12,#4,8,19.0,9.5,100.0,#57 stone,110.00000000000001,47.57004238281165,5.499039842323396,5.77022359949313,151.83364242524524,43.728089018470634,0.30000000000000004,8.75,0.39215686274509814,153.97058823529414,138.57352941176475,187.2,0.3155587449067178,0.23359021911576194,0.05222343749999999,2.0,45000.0,41000.0,86000.0,3185.185185185185,1061.7283950617284,26.83281572999748,40.0,2.0,1.0,142012.85951396188,67085.22347242717,209098.08298638905,226.0,451.0,31.0,0.0,51.0,0.0,7.0,3.0,142302.86203240367,71.15143101620184,True,,one complete CE 519 pavement project,TRACI 2.1 / climate change,Global warming / climate change,kg CO2-eq,False,3185.185185185185,2435.248806962963,6450.0,1061.7283950617284,1433.3333333333335,71.15143101620184,0.0,0.0,0.0,0.6725721784776904,19.783402429809907,19.783402429809907,236.01821611787162,19.339370575837112,255.35758669370873,0.0,4338.0905511811025,28356.210149394203,127602.9456722739,16793.03382267776,1376.023891423438,18169.0577141012,0.0,178466.3040869504,1130740.7407407407,7166.666666666668,55123.57505976815,0.0,30339.27169478157,9555.555555555555,9675.0,0.0,1242600.8097175125,,,,,,,,,,,
SRC,4,12,#4,10,19.0,9.5,100.0,#57 stone,110.00000000000001,47.57004238281165,5.499039842323396,5.77022359949313,151.83364242524524,43.728089018470634,0.24000000000000005,8.75,0.31372549019607854,123.74117647058829,111.36705882352946,187.2,0.3926483242029539,0.23359021911576194,0.06602929687499998,2.0,45000.0,41000.0,86000.0,3185.185185185185,1061.7283950617284,26.83281572999748,40.0,2.0,1.0,113704.75974712451,54100.986671312225,167805.74641843673,181.0,361.0,25.0,0.0,51.0,0.0,7.0,3.0,114201.13297921389,57.10056648960694,True,,one complete CE 519 pavement project,TRACI 2.1 / climate change,Global warming / climate change,kg CO2-eq,False,3185.185185185185,2435.248806962963,6450.0,1061.7283950617284,1433.3333333333335,57.10056648960694,0.0,0.0,0.0,0.6725721784776904,19.783402429809907,19.783402429809907,236.01821611787162,19.339370575837112,255.35758669370873,0.0,4338.0905511811025,28356.210149394203,127602.9456722739,13476.773842196948,1104.2890154327351,14581.062857629684,0.0,174878.3092304789,1130740.7407407407,7166.666666666668,44237.86447989212,0.0,29729.312569181413,9555.555555555555,9675.0,0.0,1231105.1400120365,,,,,,,,,,,
SRC,4,12,#4,12,19.0,9.5,100.0,#57 stone,110.00000000000001,47.57004238281165,5.499039842323396,5.77022359949313,151.83364242524524,43.728089018470634,0.20000000000000004,8.75,0.26143790849673204,103.43137254901963,93.08823529411767,187.2,0.4697488235791473,0.23359021911576194,0.07983515624999998,2.0,45000.0,41000.0,86000.0,3185.185185185185,1061.7283950617284,26.83281572999748,40.0,2.0,1.0,94832.69323589958,45444.828803902274,140277.52203980187,151.0,301.0,21.0,0.0,51.0,0.0,7.0,3.0,95466.64694375407,47.733323471877036,True,,one complete CE 519 pavement project,TRACI 2.1 / climate change,Global warming / climate change,kg CO2-eq,False,3185.185185185185,2435.248806962963,6450.0,1061.7283950617284,1433.3333333333335,47.733323471877036,0.0,0.0,0.0,0.6725721784776904,19.783402429809907,19.783402429809907,236.01821611787162,19.339370575837112,255.35758669370873,0.0,4338.0905511811025,28356.210149394203,127602.9456722739,11265.933855209749,923.1324314389337,12189.066286648682,0.0,172486.3126594979,1130740.7407407407,7166.666666666668,36980.72409330813,0.0,29322.673152114643,9555.555555555555,9675.0,0.0,1223441.3602083859,,,,,,,,,,,
SRC,4,12,#4,15,19.0,9.5,100.0,#57 stone,110.00000000000001,47.57004238281165,5.499039842323396,5.77022359949313,151.83364242524524,43.728089018470634,0.16000000000000003,8.75,0.20915032679738566,82.99607843137258,74.69647058823531,187.2,0.5854103771451526,0.23359021911576194,0.1005439453125,2.0,45000.0,41000.0,86000.0,3185.185185185185,1061.7283950617284,26.83281572999748,40.0,2.0,1.0,75960.62672467467,36788.670936492315,112749.29766116699,121.0,241.0,17.0,0.0,51.0,0.0,7.0,3.0,76732.16090829422,38.36608045414711,True,,one complete CE 519 pavement project,TRACI 2.1 / climate change,Global warming / climate change,kg CO2-eq,False,3185.185185185185,2435.248806962963,6450.0,1061.7283950617284,1433.3333333333335,38.36608045414711,0.0,0.0,0.0,0.6725721784776904,19.783402429809907,19.783402429809907,236.01821611787162,19.339370575837112,255.35758669370873,0.0,4338.0905511811025,28356.210149394203,127602.9456722739,9055.093868222542,741.975847445132,9797.069715667674,0.0,170094.31608851688,1130740.7407407407,7166.666666666668,29723.583706724115,0.0,28916.03373504787,9555.555555555555,9675.0,0.0,1215777.580404735,,,,,,,,,,,
SRC,4,12,#4,18,19.0,9.5,100.0,#57 stone,110.00000000000001,47.57004238281165,5.499039842323396,5.77022359949313,151.83364242524524,43.728089018470634,0.13333333333333336,8.75,0.1742919389978214,69.30283224400873,62.37254901960785,187.2,0.7010790757441062,0.23359021911576194,0.12125273437499998,2.0,45000.0,41000.0,86000.0,3185.185185185185,1061.7283950617284,26.83281572999748,40.0,2.0,1.0,63379.249050524726,32460.592002787336,95839.84105331206,101.0,201.0,15.0,0.0,51.0,0.0,7.0,3.0,65224.33627239294,32.612168136196466,True,,one complete CE 519 pavement project,TRACI 2.1 / climate change,Global warming / climate change,kg CO2-eq,False,3185.185185185185,2435.248806962963,6450.0,1061.7283950617284,1433.3333333333335,32.612168136196466,0.0,0.0,0.0,0.6725721784776904,19.783402429809907,19.783402429809907,236.01821611787162,19.339370575837112,255.35758669370873,0.0,4338.0905511811025,28356.210149394203,127602.9456722739,7697.065747241184,630.6988048674106,8327.764552108594,0.0,168625.0109249578,1130740.7407407407,7166.666666666668,25265.820693164304,0.0,28666.25185724283,9555.555555555555,9675.0,0.0,1211070.03551337,,,,,,,,,,,
SRC,4,12,#4,24,19.0,9.5,100.0,#57 stone,110.00000000000001,47.57004238281165,5.499039842323396,5.77022359949313,151.83364242524524,43.728089018470634,0.10000000000000002,8.75,0.13071895424836602,52.10784313725491,46.89705882352942,187.2,0.9324271098325502,0.23359021911576194,0.1626703125,2.0,45000.0,41000.0,86000.0,3185.185185185185,1061.7283950617284,26.83281572999748,40.0,2.0,1.0,47652.5269578373,23804.43413537738,71456.96109321468,76.0,151.0,11.0,0.0,51.0,0.0,7.0,3.0,48630.431855104434,24.315215927552217,True,,one complete CE 519 pavement project,TRACI 2.1 / climate change,Global warming / climate change,kg CO2-eq,False,3185.185185185185,2435.248806962963,6450.0,1061.7283950617284,1433.3333333333335,24.315215927552217,0.0,0.0,0.0,0.6725721784776904,19.783402429809907,19.783402429809907,236.01821611787162,19.339370575837112,255.35758669370873,0.0,4338.0905511811025,28356.210149394203,127602.9456722739,5738.833887741734,470.2409714544292,6209.074859196163,0.0,166506.3212320454,1130740.7407407407,7166.666666666668,18837.873126848095,0.0,28306.074609447718,9555.555555555555,9675.0,0.0,1204281.9106992588,,,,,,,,,,,
SRC,4,12,#5,6,19.0,9.5,100.0,#57 stone,110.00000000000001,47.57004238281165,5.499039842323396,5.77022359949313,151.83364242524524,43.728089018470634,0.62,8.6875,0.8104575163398693,308.10049019607845,277.2904411764706,187.2,0.15769778731983627,0.23359021911576194,0.02353015372983871,2.0,45000.0,41000.0,86000.0,3185.185185185185,1061.7283950617284,33.54101966249685,40.0,2.0,1.0,191378.78224003024,89894.52267619007,281273.3049162203,301.0,601.0,41.0,0.0,51.0,0.0,7.0,3.0,296704.27094981854,148.35213547490926,True,,one complete CE 519 pavement project,TRACI 2.1 / climate change,Global warming / climate change,kg CO2-eq,False,3185.185185185185,2435.248806962963,6450.0,1061.7283950617284,1433.3333333333335,148.35213547490926,0.0,0.0,0.0,0.6725721784776904,19.783402429809907,19.783402429809907,236.01821611787162,19.339370575837112,255.35758669370873,0.0,4338.0905511811025,28356.210149394203,127602.9456722739,35013.8063720649,2869.0369236660613,37882.84329573096,0.0,198180.08966858019,1130740.7407407407,7166.666666666668,114933.7400292893,0.0,33690.615243658634,9555.555555555555,9675.0,0.0,1305762.318235911,,,,,,,,,,,
SRC,4,12,#5,8,19.0,9.5,100.0,#57 stone,110.00000000000001,47.57004238281165,5.499039842323396,5.77022359949313,151.83364242524524,43.728089018470634,0.46499999999999997,8.6875,0.6078431372549019,233.90183823529406,210.51165441176468,187.2,0.20772288898047273,0.23359021911576194,0.032373538306451614,2.0,45000.0,41000.0,86000.0,3185.185185185185,1061.7283950617284,33.54101966249685,40.0,2.0,1.0,143653.57439245237,67969.02934053396,211622.60373298632,226.0,451.0,31.0,0.0,51.0,0.0,7.0,3.0,223232.4549100043,111.61622745500216,True,,one complete CE 519 pavement project,TRACI 2.1 / climate change,Global warming / climate change,kg CO2-eq,False,3185.185185185185,2435.248806962963,6450.0,1061.7283950617284,1433.3333333333335,111.61622745500216,0.0,0.0,0.0,0.6725721784776904,19.783402429809907,19.783402429809907,236.01821611787162,19.339370575837112,255.35758669370873,0.0,4338.0905511811025,28356.210149394203,127602.9456722739,26343.462893736214,2158.5875850292114,28502.050478765424,0.0,188799.29685161464,1130740.7407407407,7166.666666666668,86473.10959357856,0.0,32095.88046477449,9555.555555555555,9675.0,0.0,1275706.953021316,,,,,,,,,,,
SRC,4,12,#5,10,19.0,9.5,100.0,#57 stone,110.00000000000001,47.57004238281165,5.499039842323396,5.77022359949313,151.83364242524524,43.728089018470634,0.372,8.6875,0.48627450980392156,188.47817647058827,169.63035882352943,187.2,0.25778456947062184,0.23359021911576194,0.04121692288306452,2.0,45000.0,41000.0,86000.0,3185.185185185185,1061.7283950617284,33.54101966249685,40.0,2.0,1.0,115018.44968390564,54813.733339140286,169832.18302304592,181.0,361.0,25.0,0.0,51.0,0.0,7.0,3.0,179149.36528611582,89.57468264305791,True,,one complete CE 519 pavement project,TRACI 2.1 / climate change,Global warming / climate change,kg CO2-eq,False,3185.185185185185,2435.248806962963,6450.0,1061.7283950617284,1433.3333333333335,89.57468264305791,0.0,0.0,0.0,0.6725721784776904,19.783402429809907,19.783402429809907,236.01821611787162,19.339370575837112,255.35758669370873,0.0,4338.0905511811025,28356.210149394203,127602.9456722739,21141.256806739006,1732.3179818471015,22873.574788586106,0.0,183170.82116143533,1130740.7407407407,7166.666666666668,69396.7313321521,0.0,31139.03959744401,9555.555555555555,9675.0,0.0,1257673.733892559,,,,,,,,,,,
SRC,4,12,#5,12,19.0,9.5,100.0,#57 stone,110.00000000000001,47.57004238281165,5.499039842323396,5.77022359949313,151.83364242524524,43.728089018470634,0.31,8.6875,0.40522875816993464,157.8188725490196,142.03698529411764,187.2,0.3078641026344115,0.23359021911576194,0.05006030745967741,2.0,45000.0,41000.0,86000.0,3185.185185185185,1061.7283950617284,33.54101966249685,40.0,2.0,1.0,95928.36654487449,46043.53600487784,141971.90254975233,151.0,301.0,21.0,0.0,51.0,0.0,7.0,3.0,149760.63887019013,74.88031943509506,True,,one complete CE 519 pavement project,TRACI 2.1 / climate change,Global warming / climate change,kg CO2-eq,False,3185.185185185185,2435.248806962963,6450.0,1061.7283950617284,1433.3333333333335,74.88031943509506,0.0,0.0,0.0,0.6725721784776904,19.783402429809907,19.783402429809907,236.01821611787162,19.339370575837112,255.35758669370873,0.0,4338.0905511811025,28356.210149394203,127602.9456722739,17673.119415407527,1448.1382463923612,19121.25766179989,0.0,179418.50403464912,1130740.7407407407,7166.666666666668,58012.479157867805,0.0,30501.14568589035,9555.555555555555,9675.0,0.0,1245651.5878067212,,,,,,,,,,,
SRC,4,12,#5,15,19.0,9.5,100.0,#57 stone,110.00000000000001,47.57004238281165,5.499039842323396,5.77022359949313,151.83364242524524,43.728089018470634,0.24799999999999997,8.6875,0.32418300653594767,126.85807843137255,114.17227058823529,187.2,0.3830009580537897,0.23359021911576194,0.06332538432459678,2.0,45000.0,41000.0,86000.0,3185.185185185185,1061.7283950617284,33.54101966249685,40.0,2.0,1.0,76838.28340584334,37273.3386706154,114111.62207645873,121.0,241.0,17.0,0.0,51.0,0.0,7.0,3.0,120371.91245426444,60.18595622713222,True,,one complete CE 519 pavement project,TRACI 2.1 / climate change,Global warming / climate change,kg CO2-eq,False,3185.185185185185,2435.248806962963,6450.0,1061.7283950617284,1433.3333333333335,60.18595622713222,0.0,0.0,0.0,0.6725721784776904,19.783402429809907,19.783402429809907,236.01821611787162,19.339370575837112,255.35758669370873,0.0,4338.0905511811025,28356.210149394203,127602.9456722739,14204.982024076055,1163.9585109376212,15368.940535013677,0.0,175666.1869078629,1130740.7407407407,7166.666666666668,46628.22698358351,0.0,29863.251774336695,9555.555555555555,9675.0,0.0,1233629.4417208831,,,,,,,,,,,
SRC,4,12,#5,18,19.0,9.5,100.0,#57 stone,110.00000000000001,47.57004238281165,5.499039842323396,5.77022359949313,151.83364242524524,43.728089018470634,0.20666666666666667,8.6875,0.2701525054466231,106.05005446623093,95.44504901960784,187.2,0.4581493693767952,0.23359021911576194,0.07659046118951612,2.0,45000.0,41000.0,86000.0,3185.185185185185,1061.7283950617284,33.54101966249685,40.0,2.0,1.0,64111.56131315591,32888.24000348417,96999.80131664008,101.0,201.0,15.0,0.0,51.0,0.0,7.0,3.0,102321.31819442795,51.16065909721397,True,,one complete CE 519 pavement project,TRACI 2.1 / climate change,Global warming / climate change,kg CO2-eq,False,3185.185185185185,2435.248806962963,6450.0,1061.7283950617284,1433.3333333333335,51.16065909721397,0.0,0.0,0.0,0.6725721784776904,19.783402429809907,19.783402429809907,236.01821611787162,19.339370575837112,255.35758669370873,0.0,4338.0905511811025,28356.210149394203,127602.9456722739,12074.847495539003,989.4149451850932,13064.262440724096,0.0,173361.5088135733,1130740.7407407407,7166.666666666668,39636.00438633916,0.0,29471.456498307463,9555.555555555555,9675.0,0.0,1226245.4238476094,,,,,,,,,,,
SRC,4,12,#5,24,19.0,9.5,100.0,#57 stone,110.00000000000001,47.57004238281165,5.499039842323396,5.77022359949313,151.83364242524524,43.728089018470634,0.155,8.6875,0.20261437908496732,79.85159313725491,71.86643382352943,187.2,0.6084633213587097,0.23359021911576194,0.10312061491935483,2.0,45000.0,41000.0,86000.0,3185.185185185185,1061.7283950617284,33.54101966249685,40.0,2.0,1.0,48203.15869729662,24118.042669221726,72321.20136651835,76.0,151.0,11.0,0.0,51.0,0.0,7.0,3.0,76288.82283037595,38.144411415187975,True,,one complete CE 519 pavement project,TRACI 2.1 / climate change,Global warming / climate change,kg CO2-eq,False,3185.185185185185,2435.248806962963,6450.0,1061.7283950617284,1433.3333333333335,38.144411415187975,0.0,0.0,0.0,0.6725721784776904,19.783402429809907,19.783402429809907,236.01821611787162,19.339370575837112,255.35758669370873,0.0,4338.0905511811025,28356.210149394203,127602.9456722739,9002.775937078844,737.6889077555115,9740.464844834356,0.0,170037.71121768357,1130740.7407407407,7166.666666666668,29551.84872215707,0.0,28906.410907006208,9555.555555555555,9675.0,0.0,1215596.222592126,,,,,,,,,,,
SRC,4,12,#6,6,19.0,9.5,100.0,#57 stone,110.00000000000001,47.57004238281165,5.499039842323396,5.77022359949313,151.83364242524524,43.728089018470634,0.88,8.625,1.1503267973856208,425.03137254901964,382.52823529411774,187.2,0.11431336299880987,0.23359021911576194,0.015557226562500004,2.0,45000.0,41000.0,86000.0,3185.185185185185,1061.7283950617284,40.249223594996224,40.0,2.0,1.0,193564.53868803626,91063.42721142809,284627.9658994643,301.0,601.0,41.0,0.0,51.0,0.0,7.0,3.0,426151.31561058684,213.07565780529342,True,,one complete CE 519 pavement project,TRACI 2.1 / climate change,Global warming / climate change,kg CO2-eq,False,3185.185185185185,2435.248806962963,6450.0,1061.7283950617284,1433.3333333333335,213.07565780529342,0.0,0.0,0.0,0.6725721784776904,19.783402429809907,19.783402429809907,236.01821611787162,19.339370575837112,255.35758669370873,0.0,4338.0905511811025,28356.210149394203,127602.9456722739,50289.7366533474,4120.749106986828,54410.485760334224,0.0,214707.73213318345,1130740.7407407407,7166.666666666668,165077.3828254418,0.0,36500.31446264119,9555.555555555555,9675.0,0.0,1358715.660251046,,,,,,,,,,,
SRC,4,12,#6,8,19.0,9.5,100.0,#57 stone,110.00000000000001,47.57004238281165,5.499039842323396,5.77022359949313,151.83364242524524,43.728089018470634,0.66,8.625,0.8627450980392157,324.4676470588235,292.02088235294116,187.2,0.14974302065706438,0.23359021911576194,0.021742968749999998,2.0,45000.0,41000.0,86000.0,3185.185185185185,1061.7283950617284,40.249223594996224,40.0,2.0,1.0,145294.28927094283,68852.83520864075,214147.12447958358,226.0,451.0,31.0,0.0,51.0,0.0,7.0,3.0,320625.833595821,160.3129167979105,True,,one complete CE 519 pavement project,TRACI 2.1 / climate change,Global warming / climate change,kg CO2-eq,False,3185.185185185185,2435.248806962963,6450.0,1061.7283950617284,1433.3333333333335,160.3129167979105,0.0,0.0,0.0,0.6725721784776904,19.783402429809907,19.783402429809907,236.01821611787162,19.339370575837112,255.35758669370873,0.0,4338.0905511811025,28356.210149394203,127602.9456722739,37836.76864329561,3100.3509060481333,40937.11954934374,0.0,201234.36592219296,1130740.7407407407,7166.666666666668,124200.187908346,0.0,34209.8422067728,9555.555555555555,9675.0,0.0,1315547.9930780819,,,,,,,,,,,
SRC,4,12,#6,10,19.0,9.5,100.0,#57 stone,110.00000000000001,47.57004238281165,5.499039842323396,5.77022359949313,151.83364242524524,43.728089018470634,0.528,8.625,0.6901960784313725,262.3072941176471,236.07656470588233,187.2,0.18522841974149185,0.23359021911576194,0.0279287109375,2.0,45000.0,41000.0,86000.0,3185.185185185185,1061.7283950617284,40.249223594996224,40.0,2.0,1.0,116332.13962068676,55526.48000696835,171858.6196276551,181.0,361.0,25.0,0.0,51.0,0.0,7.0,3.0,257310.54438696138,128.6552721934807,True,,one complete CE 519 pavement project,TRACI 2.1 / climate change,Global warming / climate change,kg CO2-eq,False,3185.185185185185,2435.248806962963,6450.0,1061.7283950617284,1433.3333333333335,128.6552721934807,0.0,0.0,0.0,0.6725721784776904,19.783402429809907,19.783402429809907,236.01821611787162,19.339370575837112,255.35758669370873,0.0,4338.0905511811025,28356.210149394203,127602.9456722739,30364.987837264525,2488.1119854849153,32853.09982274944,0.0,193150.34619559866,1130740.7407407407,7166.666666666668,99673.87095808846,0.0,32835.55885325177,9555.555555555555,9675.0,0.0,1289647.3927743032,,,,,,,,,,,
SRC,4,12,#6,12,19.0,9.5,100.0,#57 stone,110.00000000000001,47.57004238281165,5.499039842323396,5.77022359949313,151.83364242524524,43.728089018470634,0.44,8.625,0.5751633986928104,220.1078431372549,198.0970588235294,187.2,0.22074072819740792,0.23359021911576194,0.034114453125000006,2.0,45000.0,41000.0,86000.0,3185.185185185185,1061.7283950617284,40.249223594996224,40.0,2.0,1.0,97024.03985384939,46642.24320585341,143666.2830597028,151.0,301.0,21.0,0.0,51.0,0.0,7.0,3.0,215100.35158105503,107.55017579052752,True,,one complete CE 519 pavement project,TRACI 2.1 / climate change,Global warming / climate change,kg CO2-eq,False,3185.185185185185,2435.248806962963,6450.0,1061.7283950617284,1433.3333333333335,107.55017579052752,0.0,0.0,0.0,0.6725721784776904,19.783402429809907,19.783402429809907,236.01821611787162,19.339370575837112,255.35758669370873,0.0,4338.0905511811025,28356.210149394203,127602.9456722739,25383.80063324381,2079.952705109437,27463.753338353246,0.0,187760.99971120246,1130740.7407407407,7166.666666666668,83322.99299125012,0.0,31919.36995090442,9555.555555555555,9675.0,0.0,1272380.3259051177,,,,,,,,,,,
SRC,4,12,#6,15,19.0,9.5,100.0,#57 stone,110.00000000000001,47.57004238281165,5.499039842323396,5.77022359949313,151.83364242524524,43.728089018470634,0.35200000000000004,8.625,0.46013071895424845,177.3010196078432,159.57091764705888,187.2,0.27403545497675846,0.23359021911576194,0.043393066406249986,2.0,45000.0,41000.0,86000.0,3185.185185185185,1061.7283950617284,40.249223594996224,40.0,2.0,1.0,77715.94008701202,37758.00640473847,115473.94649175048,121.0,241.0,17.0,0.0,51.0,0.0,7.0,3.0,172890.15877514865,86.44507938757432,True,,one complete CE 519 pavement project,TRACI 2.1 / climate change,Global warming / climate change,kg CO2-eq,False,3185.185185185185,2435.248806962963,6450.0,1061.7283950617284,1433.3333333333335,86.44507938757432,0.0,0.0,0.0,0.6725721784776904,19.783402429809907,19.783402429809907,236.01821611787162,19.339370575837112,255.35758669370873,0.0,4338.0905511811025,28356.210149394203,127602.9456722739,20402.613429223085,1671.793424733958,22074.406853957043,0.0,182371.65322680626,1130740.7407407407,7166.666666666668,66972.11502441177,0.0,31003.181048557068,9555.555555555555,9675.0,0.0,1255113.259035932,,,,,,,,,,,
SRC,4,12,#6,18,19.0,9.5,100.0,#57 stone,110.00000000000001,47.57004238281165,5.499039842323396,5.77022359949313,151.83364242524524,43.728089018470634,0.29333333333333333,8.625,0.38344226579520696,148.42570806100215,133.58313725490197,187.2,0.3273473727078976,0.23359021911576194,0.0526716796875,2.0,45000.0,41000.0,86000.0,3185.185185185185,1061.7283950617284,40.249223594996224,40.0,2.0,1.0,64843.87357578709,33315.88800418101,98159.7615799681,101.0,201.0,15.0,0.0,51.0,0.0,7.0,3.0,146966.97636556334,73.48348818278167,True,,one complete CE 519 pavement project,TRACI 2.1 / climate change,Global warming / climate change,kg CO2-eq,False,3185.185185185185,2435.248806962963,6450.0,1061.7283950617284,1433.3333333333335,73.48348818278167,0.0,0.0,0.0,0.6725721784776904,19.783402429809907,19.783402429809907,236.01821611787162,19.339370575837112,255.35758669370873,0.0,4338.0905511811025,28356.210149394203,127602.9456722739,17343.44179501883,1421.124409171962,18764.566204190793,0.0,179061.81257704,1130740.7407407407,7166.666666666668,56930.30370077554,0.0,30440.5081380968,9555.555555555555,9675.0,0.0,1244508.7748018354,,,,,,,,,,,
SRC,4,12,#6,24,19.0,9.5,100.0,#57 stone,110.00000000000001,47.57004238281165,5.499039842323396,5.77022359949313,151.83364242524524,43.728089018470634,0.22,8.625,0.2875816993464052,111.95196078431374,100.75676470588236,187.2,0.43399655741345683,0.23359021911576194,0.07122890625000002,2.0,45000.0,41000.0,86000.0,3185.185185185185,1061.7283950617284,40.249223594996224,40.0,2.0,1.0,48753.79043675594,24431.651203066074,73185.441639822,76.0,151.0,11.0,0.0,51.0,0.0,7.0,3.0,109574.86956628907,54.78743478314453,True,,one complete CE 519 pavement project,TRACI 2.1 / climate change,Global warming / climate change,kg CO2-eq,False,3185.185185185185,2435.248806962963,6450.0,1061.7283950617284,1433.3333333333335,54.78743478314453,0.0,0.0,0.0,0.6725721784776904,19.783402429809907,19.783402429809907,236.01821611787162,19.339370575837112,255.35758669370873,0.0,4338.0905511811025,28356.210149394203,127602.9456722739,12930.832623192004,1059.55450417074,13990.387127362745,0.0,174287.63350021196,1130740.7407407407,7166.666666666668,42445.79807415426,0.0,29628.897695036034,9555.555555555555,9675.0,0.0,1229212.6587321532,,,,,,,,,,,
SRC,6,6,#4,6,19.0,9.5,100.0,#57 stone,120.0,27.67667419824502,5.499039842323396,5.136027579968186,495.84438172525734,35.70079548421853,0.4000000000000001,2.75,0.5228758169934641,59.72549019607844,53.75294117647059,46.8,0.664164503427134,0.7628375103465499,0.010016953124999999,2.0,45000.0,41000.0,86000.0,1592.5925925925926,1592.5925925925926,26.83281572999748,40.0,2.0,1.0,189193.02579202416,88725.61814095205,277918.6439329762,301.0,601.0,41.0,0.0,51.0,0.0,7.0,3.0,189139.07712105327,94.56953856052664,True,,one complete CE 519 pavement project,TRACI 2.1 / climate change,Global warming / climate change,kg CO2-eq,False,1592.5925925925926,1217.6244034814815,3225.0,1592.5925925925926,2150.0,94.56953856052664,0.0,0.0,0.0,0.6725721784776904,19.783402429809907,19.783402429809907,236.01821611787162,19.339370575837112,255.35758669370873,0.0,2169.0452755905512,42534.315224091304,63801.47283613695,22320.13379014577,1828.915351407942,24149.04914155371,0.0,132653.88247737254,565370.3703703703,10750.0,73266.42602622816,0.0,22551.160021153333,4777.777777777777,4837.5,0.0,681553.2341955295,,,,,,,,,,,
SRC,6,6,#4,8,19.0,9.5,100.0,#57 stone,120.0,27.67667419824502,5.499039842323396,5.136027579968186,495.84438172525734,35.70079548421853,0.30000000000000004,2.75,0.39215686274509814,45.97058823529412,41.373529411764714,46.8,0.8628897749793345,0.7628375103465499,0.014355937499999997,2.0,45000.0,41000.0,86000.0,1592.5925925925926,1592.5925925925926,26.83281572999748,40.0,2.0,1.0,142012.85951396188,67085.22347242717,209098.08298638905,226.0,451.0,31.0,0.0,51.0,0.0,7.0,3.0,142302.86203240367,71.15143101620184,True,,one complete CE 519 pavement project,TRACI 2.1 / climate change,Global warming / climate change,kg CO2-eq,False,1592.5925925925926,1217.6244034814815,3225.0,1592.5925925925926,2150.0,71.15143101620184,0.0,0.0,0.0,0.6725721784776904,19.783402429809907,19.783402429809907,236.01821611787162,19.339370575837112,255.35758669370873,0.0,2169.0452755905512,42534.315224091304,63801.47283613695,16793.03382267776,1376.023891423438,18169.0577141012,0.0,126673.89104992001,565370.3703703703,10750.0,55123.57505976815,0.0,21534.561478486405,4777.777777777777,4837.5,0.0,662393.7846864027,,,,,,,,,,,
SRC,6,6,#5,6,19.0,9.5,100.0,#57 stone,120.0,27.67667419824502,5.499039842323396,5.136027579968186,495.84438172525734,35.70079548421853,0.62,2.6875,0.8104575163398693,84.90049019607844,76.41044117647058,46.8,0.46722404601443446,0.7628375103465499,0.005207169858870968,2.0,45000.0,41000.0,86000.0,1592.5925925925926,1592.5925925925926,33.54101966249685,40.0,2.0,1.0,191378.78224003024,89894.52267619007,281273.3049162203,301.0,601.0,41.0,0.0,51.0,0.0,7.0,3.0,296704.27094981854,148.35213547490926,True,,one complete CE 519 pavement project,TRACI 2.1 / climate change,Global warming / climate change,kg CO2-eq,False,1592.5925925925926,1217.6244034814815,3225.0,1592.5925925925926,2150.0,148.35213547490926,0.0,0.0,0.0,0.6725721784776904,19.783402429809907,19.783402429809907,236.01821611787162,19.339370575837112,255.35758669370873,0.0,2169.0452755905512,42534.315224091304,63801.47283613695,35013.8063720649,2869.0369236660613,37882.84329573096,0.0,146387.67663154978,565370.3703703703,10750.0,114933.7400292893,0.0,24885.905027363464,4777.777777777777,4837.5,0.0,725555.2932048008,,,,,,,,,,,
SRC,6,6,#5,8,19.0,9.5,100.0,#57 stone,120.0,27.67667419824502,5.499039842323396,5.136027579968186,495.84438172525734,35.70079548421853,0.46499999999999997,2.6875,0.6078431372549019,66.50183823529412,59.8516544117647,46.8,0.596488030867214,0.7628375103465499,0.007942893145161292,2.0,45000.0,41000.0,86000.0,1592.5925925925926,1592.5925925925926,33.54101966249685,40.0,2.0,1.0,143653.57439245237,67969.02934053396,211622.60373298632,226.0,451.0,31.0,0.0,51.0,0.0,7.0,3.0,223232.4549100043,111.61622745500216,True,,one complete CE 519 pavement project,TRACI 2.1 / climate change,Global warming / climate change,kg CO2-eq,False,1592.5925925925926,1217.6244034814815,3225.0,1592.5925925925926,2150.0,111.61622745500216,0.0,0.0,0.0,0.6725721784776904,19.783402429809907,19.783402429809907,236.01821611787162,19.339370575837112,255.35758669370873,0.0,2169.0452755905512,42534.315224091304,63801.47283613695,26343.462893736214,2158.5875850292114,28502.050478765424,0.0,137006.88381458423,565370.3703703703,10750.0,86473.10959357856,0.0,23291.17024847932,4777.777777777777,4837.5,0.0,695499.927990206,,,,,,,,,,,
SRC,6,6,#5,10,19.0,9.5,100.0,#57 stone,120.0,27.67667419824502,5.499039842323396,5.136027579968186,495.84438172525734,35.70079548421853,0.372,2.6875,0.48627450980392156,54.558176470588236,49.102358823529414,46.8,0.7270688484136739,0.7628375103465499,0.010678616431451614,2.0,45000.0,41000.0,86000.0,1592.5925925925926,1592.5925925925926,33.54101966249685,40.0,2.0,1.0,115018.44968390564,54813.733339140286,169832.18302304592,181.0,361.0,25.0,0.0,51.0,0.0,7.0,3.0,179149.36528611582,89.57468264305791,True,,one complete CE 519 pavement project,TRACI 2.1 / climate change,Global warming / climate change,kg CO2-eq,False,1592.5925925925926,1217.6244034814815,3225.0,1592.5925925925926,2150.0,89.57468264305791,0.0,0.0,0.0,0.6725721784776904,19.783402429809907,19.783402429809907,236.01821611787162,19.339370575837112,255.35758669370873,0.0,2169.0452755905512,42534.315224091304,63801.47283613695,21141.256806739006,1732.3179818471015,22873.574788586106,0.0,131378.4081244049,565370.3703703703,10750.0,69396.7313321521,0.0,22334.329381148837,4777.777777777777,4837.5,0.0,677466.708861449,,,,,,,,,,,
SRC,6,6,#5,12,19.0,9.5,100.0,#57 stone,120.0,27.67667419824502,5.499039842323396,5.136027579968186,495.84438172525734,35.70079548421853,0.31,2.6875,0.40522875816993464,46.2188725490196,41.596985294117644,46.8,0.8582543958844798,0.7628375103465499,0.013414339717741934,2.0,45000.0,41000.0,86000.0,1592.5925925925926,1592.5925925925926,33.54101966249685,40.0,2.0,1.0,95928.36654487449,46043.53600487784,141971.90254975233,151.0,301.0,21.0,0.0,51.0,0.0,7.0,3.0,149760.63887019013,74.88031943509506,True,,one complete CE 519 pavement project,TRACI 2.1 / climate change,Global warming / climate change,kg CO2-eq,False,1592.5925925925926,1217.6244034814815,3225.0,1592.5925925925926,2150.0,74.88031943509506,0.0,0.0,0.0,0.6725721784776904,19.783402429809907,19.783402429809907,236.01821611787162,19.339370575837112,255.35758669370873,0.0,2169.0452755905512,42534.315224091304,63801.47283613695,17673.119415407527,1448.1382463923612,19121.25766179989,0.0,127626.0909976187,565370.3703703703,10750.0,58012.479157867805,0.0,21696.43546959518,4777.777777777777,4837.5,0.0,665444.5627756111,,,,,,,,,,,
SRC,6,6,#6,6,19.0,9.5,100.0,#57 stone,120.0,27.67667419824502,5.499039842323396,5.136027579968186,495.84438172525734,35.70079548421853,0.88,2.625,1.1503267973856208,108.23137254901962,97.40823529411766,46.8,0.3665069526865194,0.7628375103465499,0.0026478515625000007,2.0,45000.0,41000.0,86000.0,1592.5925925925926,1592.5925925925926,40.249223594996224,40.0,2.0,1.0,193564.53868803626,91063.42721142809,284627.9658994643,301.0,601.0,41.0,0.0,51.0,0.0,7.0,3.0,426151.31561058684,213.07565780529342,True,Section may not be tension-controlled; phi = 0.90 should be reviewed.,one complete CE 519 pavement project,TRACI 2.1 / climate change,Global warming / climate change,kg CO2-eq,False,1592.5925925925926,1217.6244034814815,3225.0,1592.5925925925926,2150.0,213.07565780529342,0.0,0.0,0.0,0.6725721784776904,19.783402429809907,19.783402429809907,236.01821611787162,19.339370575837112,255.35758669370873,0.0,2169.0452755905512,42534.315224091304,63801.47283613695,50289.7366533474,4120.749106986828,54410.485760334224,0.0,162915.31909615302,565370.3703703703,10750.0,165077.3828254418,0.0,27695.604246346014,4777.777777777777,4837.5,0.0,778508.6352199359,,,,,,,,,,,
SRC,6,6,#6,8,19.0,9.5,100.0,#57 stone,120.0,27.67667419824502,5.499039842323396,5.136027579968186,495.84438172525734,35.70079548421853,0.66,2.625,0.8627450980392157,86.86764705882352,78.18088235294117,46.8,0.456643547754427,0.7628375103465499,0.00453046875,2.0,45000.0,41000.0,86000.0,1592.5925925925926,1592.5925925925926,40.249223594996224,40.0,2.0,1.0,145294.28927094283,68852.83520864075,214147.12447958358,226.0,451.0,31.0,0.0,51.0,0.0,7.0,3.0,320625.833595821,160.3129167979105,True,Section may not be tension-controlled; phi = 0.90 should be reviewed.,one complete CE 519 pavement project,TRACI 2.1 / climate change,Global warming / climate change,kg CO2-eq,False,1592.5925925925926,1217.6244034814815,3225.0,1592.5925925925926,2150.0,160.3129167979105,0.0,0.0,0.0,0.6725721784776904,19.783402429809907,19.783402429809907,236.01821611787162,19.339370575837112,255.35758669370873,0.0,2169.0452755905512,42534.315224091304,63801.47283613695,37836.76864329561,3100.3509060481333,40937.11954934374,0.0,149441.95288516255,565370.3703703703,10750.0,124200.187908346,0.0,25405.131990477636,4777.777777777777,4837.5,0.0,735340.9680469717,,,,,,,,,,,
SRC,6,6,#6,10,19.0,9.5,100.0,#57 stone,120.0,27.67667419824502,5.499039842323396,5.136027579968186,495.84438172525734,35.70079548421853,0.528,2.625,0.6901960784313725,72.22729411764705,65.00456470588234,46.8,0.5492044388843961,0.7628375103465499,0.0064130859375,2.0,45000.0,41000.0,86000.0,1592.5925925925926,1592.5925925925926,40.249223594996224,40.0,2.0,1.0,116332.13962068676,55526.48000696835,171858.6196276551,181.0,361.0,25.0,0.0,51.0,0.0,7.0,3.0,257310.54438696138,128.6552721934807,True,,one complete CE 519 pavement project,TRACI 2.1 / climate change,Global warming / climate change,kg CO2-eq,False,1592.5925925925926,1217.6244034814815,3225.0,1592.5925925925926,2150.0,128.6552721934807,0.0,0.0,0.0,0.6725721784776904,19.783402429809907,19.783402429809907,236.01821611787162,19.339370575837112,255.35758669370873,0.0,2169.0452755905512,42534.315224091304,63801.47283613695,30364.987837264525,2488.1119854849153,32853.09982274944,0.0,141357.93315856825,565370.3703703703,10750.0,99673.87095808846,0.0,24030.848636956605,4777.777777777777,4837.5,0.0,709440.3677431932,,,,,,,,,,,
SRC,6,6,#6,12,19.0,9.5,100.0,#57 stone,120.0,27.67667419824502,5.499039842323396,5.136027579968186,495.84438172525734,35.70079548421853,0.44,2.625,0.5751633986928104,61.707843137254905,55.537058823529414,46.8,0.6428283427406343,0.7628375103465499,0.008295703125000001,2.0,45000.0,41000.0,86000.0,1592.5925925925926,1592.5925925925926,40.249223594996224,40.0,2.0,1.0,97024.03985384939,46642.24320585341,143666.2830597028,151.0,301.0,21.0,0.0,51.0,0.0,7.0,3.0,215100.35158105503,107.55017579052752,True,,one complete CE 519 pavement project,TRACI 2.1 / climate change,Global warming / climate change,kg CO2-eq,False,1592.5925925925926,1217.6244034814815,3225.0,1592.5925925925926,2150.0,107.55017579052752,0.0,0.0,0.0,0.6725721784776904,19.783402429809907,19.783402429809907,236.01821611787162,19.339370575837112,255.35758669370873,0.0,2169.0452755905512,42534.315224091304,63801.47283613695,25383.80063324381,2079.952705109437,27463.753338353246,0.0,135968.58667417205,565370.3703703703,10750.0,83322.99299125012,0.0,23114.65973460925,4777.777777777777,4837.5,0.0,692173.3008740075,,,,,,,,,,,
SRC,6,6,#6,15,19.0,9.5,100.0,#57 stone,120.0,27.67667419824502,5.499039842323396,5.136027579968186,495.84438172525734,35.70079548421853,0.35200000000000004,2.625,0.46013071895424845,50.581019607843146,45.52291764705883,46.8,0.7842378592911895,0.7628375103465499,0.011119628906249995,2.0,45000.0,41000.0,86000.0,1592.5925925925926,1592.5925925925926,40.249223594996224,40.0,2.0,1.0,77715.94008701202,37758.00640473847,115473.94649175048,121.0,241.0,17.0,0.0,51.0,0.0,7.0,3.0,172890.15877514865,86.44507938757432,True,,one complete CE 519 pavement project,TRACI 2.1 / climate change,Global warming / climate change,kg CO2-eq,False,1592.5925925925926,1217.6244034814815,3225.0,1592.5925925925926,2150.0,86.44507938757432,0.0,0.0,0.0,0.6725721784776904,19.783402429809907,19.783402429809907,236.01821611787162,19.339370575837112,255.35758669370873,0.0,2169.0452755905512,42534.315224091304,63801.47283613695,20402.613429223085,1671.793424733958,22074.406853957043,0.0,130579.24018977585,565370.3703703703,10750.0,66972.11502441177,0.0,22198.470832261897,4777.777777777777,4837.5,0.0,674906.2340048219,,,,,,,,,,,
SRC,6,6,#6,18,19.0,9.5,100.0,#57 stone,120.0,27.67667419824502,5.499039842323396,5.136027579968186,495.84438172525734,35.70079548421853,0.29333333333333333,2.625,0.38344226579520696,42.82570806100218,38.543137254901964,46.8,0.9262555678359592,0.7628375103465499,0.013943554687499998,2.0,45000.0,41000.0,86000.0,1592.5925925925926,1592.5925925925926,40.249223594996224,40.0,2.0,1.0,64843.87357578709,33315.88800418101,98159.7615799681,101.0,201.0,15.0,0.0,51.0,0.0,7.0,3.0,146966.97636556334,73.48348818278167,True,,one complete CE 519 pavement project,TRACI 2.1 / climate change,Global warming / climate change,kg CO2-eq,False,1592.5925925925926,1217.6244034814815,3225.0,1592.5925925925926,2150.0,73.48348818278167,0.0,0.0,0.0,0.6725721784776904,19.783402429809907,19.783402429809907,236.01821611787162,19.339370575837112,255.35758669370873,0.0,2169.0452755905512,42534.315224091304,63801.47283613695,17343.44179501883,1421.124409171962,18764.566204190793,0.0,127269.3995400096,565370.3703703703,10750.0,56930.30370077554,0.0,21635.797921801633,4777.777777777777,4837.5,0.0,664301.7497707253,,,,,,,,,,,
SRC,6,8,#3,6,19.0,9.5,100.0,#57 stone,120.0,34.3413966568967,5.499039842323396,5.201089693986001,308.87997496461526,39.536636795470756,0.22,4.8125,0.2875816993464052,61.62696078431372,55.46426470588235,83.2,0.7128308110659517,0.4751999614840235,0.038417578125,2.0,45000.0,41000.0,86000.0,2123.456790123457,1592.5925925925926,20.124611797498112,40.0,2.0,1.0,187007.26934401813,87556.71360571406,274563.9829497322,301.0,601.0,41.0,0.0,51.0,0.0,7.0,3.0,102770.82417354561,51.3854120867728,True,,one complete CE 519 pavement project,TRACI 2.1 / climate change,Global warming / climate change,kg CO2-eq,False,2123.456790123457,1623.4992046419754,4300.0,1592.5925925925926,2150.0,51.3854120867728,0.0,0.0,0.0,0.6725721784776904,19.783402429809907,19.783402429809907,236.01821611787162,19.339370575837112,255.35758669370873,0.0,2892.0603674540685,42534.315224091304,85068.63044818261,12127.893295201835,993.7615265381986,13121.654821740034,0.0,143616.660861468,753827.1604938272,10750.0,39810.12861845802,0.0,24414.832346449562,6370.37037037037,6450.0,0.0,841622.4918291052,,,,,,,,,,,
SRC,6,8,#3,8,19.0,9.5,100.0,#57 stone,120.0,34.3413966568967,5.499039842323396,5.201089693986001,308.87997496461526,39.536636795470756,0.165,4.8125,0.21568627450980393,46.57610294117647,41.918492647058834,83.2,0.9431788764056334,0.4751999614840235,0.052223437500000004,2.0,45000.0,41000.0,86000.0,2123.456790123457,1592.5925925925926,20.124611797498112,40.0,2.0,1.0,140372.1446354714,66201.41760432038,206573.5622397918,226.0,451.0,31.0,0.0,51.0,0.0,7.0,3.0,77321.63197725541,38.660815988627704,True,,one complete CE 519 pavement project,TRACI 2.1 / climate change,Global warming / climate change,kg CO2-eq,False,2123.456790123457,1623.4992046419754,4300.0,1592.5925925925926,2150.0,38.660815988627704,0.0,0.0,0.0,0.6725721784776904,19.783402429809907,19.783402429809907,236.01821611787162,19.339370575837112,255.35758669370873,0.0,2892.0603674540685,42534.315224091304,85068.63044818261,9124.6568232972,747.6758471683196,9872.33267046552,0.0,140367.3387101935,753827.1604938272,10750.0,29951.925935765474,0.0,23862.447580732896,6370.37037037037,6450.0,0.0,831211.9043806959,,,,,,,,,,,
SRC,6,8,#4,6,19.0,9.5,100.0,#57 stone,120.0,34.3413966568967,5.499039842323396,5.201089693986001,308.87997496461526,39.536636795470756,0.4000000000000001,4.75,0.5228758169934641,107.72549019607845,96.9529411764706,83.2,0.4077920310174753,0.4751999614840235,0.019483828124999998,2.0,45000.0,41000.0,86000.0,2123.456790123457,1592.5925925925926,26.83281572999748,40.0,2.0,1.0,189193.02579202416,88725.61814095205,277918.6439329762,301.0,601.0,41.0,0.0,51.0,0.0,7.0,3.0,189139.07712105327,94.56953856052664,True,,one complete CE 519 pavement project,TRACI 2.1 / climate change,Global warming / climate change,kg CO2-eq,False,2123.456790123457,1623.4992046419754,4300.0,1592.5925925925926,2150.0,94.56953856052664,0.0,0.0,0.0,0.6725721784776904,19.783402429809907,19.783402429809907,236.01821611787162,19.339370575837112,255.35758669370873,0.0,2892.0603674540685,42534.315224091304,85068.63044818261,22320.13379014577,1828.915351407942,24149.04914155371,0.0,154644.0551812817,753827.1604938272,10750.0,73266.42602622816,0.0,26289.48938081789,6370.37037037037,6450.0,0.0,876953.4462712435,,,,,,,,,,,
SRC,6,8,#4,8,19.0,9.5,100.0,#57 stone,120.0,34.3413966568967,5.499039842323396,5.201089693986001,308.87997496461526,39.536636795470756,0.30000000000000004,4.75,0.39215686274509814,81.97058823529413,73.77352941176471,83.2,0.5359190093075014,0.4751999614840235,0.02697843749999999,2.0,45000.0,41000.0,86000.0,2123.456790123457,1592.5925925925926,26.83281572999748,40.0,2.0,1.0,142012.85951396188,67085.22347242717,209098.08298638905,226.0,451.0,31.0,0.0,51.0,0.0,7.0,3.0,142302.86203240367,71.15143101620184,True,,one complete CE 519 pavement project,TRACI 2.1 / climate change,Global warming / climate change,kg CO2-eq,False,2123.456790123457,1623.4992046419754,4300.0,1592.5925925925926,2150.0,71.15143101620184,0.0,0.0,0.0,0.6725721784776904,19.783402429809907,19.783402429809907,236.01821611787162,19.339370575837112,255.35758669370873,0.0,2892.0603674540685,42534.315224091304,85068.63044818261,16793.03382267776,1376.023891423438,18169.0577141012,0.0,148664.06375382916,753827.1604938272,10750.0,55123.57505976815,0.0,25272.89083815096,6370.37037037037,6450.0,0.0,857793.9967621167,,,,,,,,,,,
SRC,6,8,#4,10,19.0,9.5,100.0,#57 stone,120.0,34.3413966568967,5.499039842323396,5.201089693986001,308.87997496461526,39.536636795470756,0.24000000000000005,4.75,0.31372549019607854,66.14117647058825,59.52705882352943,83.2,0.6641792417911802,0.4751999614840235,0.03447304687499999,2.0,45000.0,41000.0,86000.0,2123.456790123457,1592.5925925925926,26.83281572999748,40.0,2.0,1.0,113704.75974712451,54100.986671312225,167805.74641843673,181.0,361.0,25.0,0.0,51.0,0.0,7.0,3.0,114201.13297921389,57.10056648960694,True,,one complete CE 519 pavement project,TRACI 2.1 / climate change,Global warming / climate change,kg CO2-eq,False,2123.456790123457,1623.4992046419754,4300.0,1592.5925925925926,2150.0,57.10056648960694,0.0,0.0,0.0,0.6725721784776904,19.783402429809907,19.783402429809907,236.01821611787162,19.339370575837112,255.35758669370873,0.0,2892.0603674540685,42534.315224091304,85068.63044818261,13476.773842196948,1104.2890154327351,14581.062857629684,0.0,145076.06889735765,753827.1604938272,10750.0,44237.86447989212,0.0,24662.931712550802,6370.37037037037,6450.0,0.0,846298.3270566404,,,,,,,,,,,
SRC,6,8,#4,12,19.0,9.5,100.0,#57 stone,120.0,34.3413966568967,5.499039842323396,5.201089693986001,308.87997496461526,39.536636795470756,0.20000000000000004,4.75,0.26143790849673204,55.431372549019606,49.88823529411765,83.2,0.7925042159214748,0.4751999614840235,0.04196765625,2.0,45000.0,41000.0,86000.0,2123.456790123457,1592.5925925925926,26.83281572999748,40.0,2.0,1.0,94832.69323589958,45444.828803902274,140277.52203980187,151.0,301.0,21.0,0.0,51.0,0.0,7.0,3.0,95466.64694375407,47.733323471877036,True,,one complete CE 519 pavement project,TRACI 2.1 / climate change,Global warming / climate change,kg CO2-eq,False,2123.456790123457,1623.4992046419754,4300.0,1592.5925925925926,2150.0,47.733323471877036,0.0,0.0,0.0,0.6725721784776904,19.783402429809907,19.783402429809907,236.01821611787162,19.339370575837112,255.35758669370873,0.0,2892.0603674540685,42534.315224091304,85068.63044818261,11265.933855209749,923.1324314389337,12189.066286648682,0.0,142684.07232637666,753827.1604938272,10750.0,36980.72409330813,0.0,24256.292295484032,6370.37037037037,6450.0,0.0,838634.5472529896,,,,,,,,,,,
SRC,6,8,#4,15,19.0,9.5,100.0,#57 stone,120.0,34.3413966568967,5.499039842323396,5.201089693986001,308.87997496461526,39.536636795470756,0.16000000000000003,4.75,0.20915032679738566,44.59607843137256,40.136470588235305,83.2,0.9850551435147771,0.4751999614840235,0.05320957031249999,2.0,45000.0,41000.0,86000.0,2123.456790123457,1592.5925925925926,26.83281572999748,40.0,2.0,1.0,75960.62672467467,36788.670936492315,112749.29766116699,121.0,241.0,17.0,0.0,51.0,0.0,7.0,3.0,76732.16090829422,38.36608045414711,True,,one complete CE 519 pavement project,TRACI 2.1 / climate change,Global warming / climate change,kg CO2-eq,False,2123.456790123457,1623.4992046419754,4300.0,1592.5925925925926,2150.0,38.36608045414711,0.0,0.0,0.0,0.6725721784776904,19.783402429809907,19.783402429809907,236.01821611787162,19.339370575837112,255.35758669370873,0.0,2892.0603674540685,42534.315224091304,85068.63044818261,9055.093868222542,741.975847445132,9797.069715667674,0.0,140292.07575539564,753827.1604938272,10750.0,29723.583706724115,0.0,23849.65287841726,6370.37037037037,6450.0,0.0,830970.7674493389,,,,,,,,,,,
SRC,6,8,#5,6,19.0,9.5,100.0,#57 stone,120.0,34.3413966568967,5.499039842323396,5.201089693986001,308.87997496461526,39.536636795470756,0.62,4.6875,0.8104575163398693,159.3004901960784,143.37044117647056,83.2,0.2757656074086167,0.4751999614840235,0.011314831149193547,2.0,45000.0,41000.0,86000.0,2123.456790123457,1592.5925925925926,33.54101966249685,40.0,2.0,1.0,191378.78224003024,89894.52267619007,281273.3049162203,301.0,601.0,41.0,0.0,51.0,0.0,7.0,3.0,296704.27094981854,148.35213547490926,True,,one complete CE 519 pavement project,TRACI 2.1 / climate change,Global warming / climate change,kg CO2-eq,False,2123.456790123457,1623.4992046419754,4300.0,1592.5925925925926,2150.0,148.35213547490926,0.0,0.0,0.0,0.6725721784776904,19.783402429809907,19.783402429809907,236.01821611787162,19.339370575837112,255.35758669370873,0.0,2892.0603674540685,42534.315224091304,85068.63044818261,35013.8063720649,2869.0369236660613,37882.84329573096,0.0,168377.84933545894,753827.1604938272,10750.0,114933.7400292893,0.0,28624.234387028024,6370.37037037037,6450.0,0.0,920955.5052805148,,,,,,,,,,,
SRC,6,8,#5,8,19.0,9.5,100.0,#57 stone,120.0,34.3413966568967,5.499039842323396,5.201089693986001,308.87997496461526,39.536636795470756,0.46499999999999997,4.6875,0.6078431372549019,122.30183823529411,110.0716544117647,83.2,0.35918999316180894,0.4751999614840235,0.016086441532258064,2.0,45000.0,41000.0,86000.0,2123.456790123457,1592.5925925925926,33.54101966249685,40.0,2.0,1.0,143653.57439245237,67969.02934053396,211622.60373298632,226.0,451.0,31.0,0.0,51.0,0.0,7.0,3.0,223232.4549100043,111.61622745500216,True,,one complete CE 519 pavement project,TRACI 2.1 / climate change,Global warming / climate change,kg CO2-eq,False,2123.456790123457,1623.4992046419754,4300.0,1592.5925925925926,2150.0,111.61622745500216,0.0,0.0,0.0,0.6725721784776904,19.783402429809907,19.783402429809907,236.01821611787162,19.339370575837112,255.35758669370873,0.0,2892.0603674540685,42534.315224091304,85068.63044818261,26343.462893736214,2158.5875850292114,28502.050478765424,0.0,158997.0565184934,753827.1604938272,10750.0,86473.10959357856,0.0,27029.49960814388,6370.37037037037,6450.0,0.0,890900.1400659201,,,,,,,,,,,
SRC,6,8,#5,10,19.0,9.5,100.0,#57 stone,120.0,34.3413966568967,5.499039842323396,5.201089693986001,308.87997496461526,39.536636795470756,0.372,4.6875,0.48627450980392156,99.19817647058824,89.27835882352942,83.2,0.4428468143508349,0.4751999614840235,0.02085805191532258,2.0,45000.0,41000.0,86000.0,2123.456790123457,1592.5925925925926,33.54101966249685,40.0,2.0,1.0,115018.44968390564,54813.733339140286,169832.18302304592,181.0,361.0,25.0,0.0,51.0,0.0,7.0,3.0,179149.36528611582,89.57468264305791,True,,one complete CE 519 pavement project,TRACI 2.1 / climate change,Global warming / climate change,kg CO2-eq,False,2123.456790123457,1623.4992046419754,4300.0,1592.5925925925926,2150.0,89.57468264305791,0.0,0.0,0.0,0.6725721784776904,19.783402429809907,19.783402429809907,236.01821611787162,19.339370575837112,255.35758669370873,0.0,2892.0603674540685,42534.315224091304,85068.63044818261,21141.256806739006,1732.3179818471015,22873.574788586106,0.0,153368.58082831407,753827.1604938272,10750.0,69396.7313321521,0.0,26072.658740813393,6370.37037037037,6450.0,0.0,872866.920937163,,,,,,,,,,,
SRC,6,8,#5,12,19.0,9.5,100.0,#57 stone,120.0,34.3413966568967,5.499039842323396,5.201089693986001,308.87997496461526,39.536636795470756,0.31,4.6875,0.40522875816993464,83.41887254901961,75.07698529411765,83.2,0.5266146028717603,0.4751999614840235,0.02562966229838709,2.0,45000.0,41000.0,86000.0,2123.456790123457,1592.5925925925926,33.54101966249685,40.0,2.0,1.0,95928.36654487449,46043.53600487784,141971.90254975233,151.0,301.0,21.0,0.0,51.0,0.0,7.0,3.0,149760.63887019013,74.88031943509506,True,,one complete CE 519 pavement project,TRACI 2.1 / climate change,Global warming / climate change,kg CO2-eq,False,2123.456790123457,1623.4992046419754,4300.0,1592.5925925925926,2150.0,74.88031943509506,0.0,0.0,0.0,0.6725721784776904,19.783402429809907,19.783402429809907,236.01821611787162,19.339370575837112,255.35758669370873,0.0,2892.0603674540685,42534.315224091304,85068.63044818261,17673.119415407527,1448.1382463923612,19121.25766179989,0.0,149616.26370152787,753827.1604938272,10750.0,58012.479157867805,0.0,25434.76482925974,6370.37037037037,6450.0,0.0,860844.7748513251,,,,,,,,,,,
SRC,6,8,#5,15,19.0,9.5,100.0,#57 stone,120.0,34.3413966568967,5.499039842323396,5.201089693986001,308.87997496461526,39.536636795470756,0.24799999999999997,4.6875,0.32418300653594767,67.33807843137254,60.60427058823528,83.2,0.6523737751765921,0.4751999614840235,0.03278707787298387,2.0,45000.0,41000.0,86000.0,2123.456790123457,1592.5925925925926,33.54101966249685,40.0,2.0,1.0,76838.28340584334,37273.3386706154,114111.62207645873,121.0,241.0,17.0,0.0,51.0,0.0,7.0,3.0,120371.91245426444,60.18595622713222,True,,one complete CE 519 pavement project,TRACI 2.1 / climate change,Global warming / climate change,kg CO2-eq,False,2123.456790123457,1623.4992046419754,4300.0,1592.5925925925926,2150.0,60.18595622713222,0.0,0.0,0.0,0.6725721784776904,19.783402429809907,19.783402429809907,236.01821611787162,19.339370575837112,255.35758669370873,0.0,2892.0603674540685,42534.315224091304,85068.63044818261,14204.982024076055,1163.9585109376212,15368.940535013677,0.0,145863.94657474165,753827.1604938272,10750.0,46628.22698358351,0.0,24796.870917706085,6370.37037037037,6450.0,0.0,848822.6287654871,,,,,,,,,,,
SRC,6,8,#5,18,19.0,9.5,100.0,#57 stone,120.0,34.3413966568967,5.499039842323396,5.201089693986001,308.87997496461526,39.536636795470756,0.20666666666666667,4.6875,0.2701525054466231,56.45005446623094,50.80504901960784,83.2,0.7782029061759566,0.4751999614840235,0.03994449344758064,2.0,45000.0,41000.0,86000.0,2123.456790123457,1592.5925925925926,33.54101966249685,40.0,2.0,1.0,64111.56131315591,32888.24000348417,96999.80131664008,101.0,201.0,15.0,0.0,51.0,0.0,7.0,3.0,102321.31819442795,51.16065909721397,True,,one complete CE 519 pavement project,TRACI 2.1 / climate change,Global warming / climate change,kg CO2-eq,False,2123.456790123457,1623.4992046419754,4300.0,1592.5925925925926,2150.0,51.16065909721397,0.0,0.0,0.0,0.6725721784776904,19.783402429809907,19.783402429809907,236.01821611787162,19.339370575837112,255.35758669370873,0.0,2892.0603674540685,42534.315224091304,85068.63044818261,12074.847495539003,989.4149451850932,13064.262440724096,0.0,143559.26848045207,753827.1604938272,10750.0,39636.00438633916,0.0,24405.075641676853,6370.37037037037,6450.0,0.0,841438.6108922135,,,,,,,,,,,
SRC,6,8,#6,6,19.0,9.5,100.0,#57 stone,120.0,34.3413966568967,5.499039842323396,5.201089693986001,308.87997496461526,39.536636795470756,0.88,4.625,1.1503267973856208,213.83137254901962,192.44823529411764,83.2,0.20544037067966417,0.4751999614840235,0.006950976562500001,2.0,45000.0,41000.0,86000.0,2123.456790123457,1592.5925925925926,40.249223594996224,40.0,2.0,1.0,193564.53868803626,91063.42721142809,284627.9658994643,301.0,601.0,41.0,0.0,51.0,0.0,7.0,3.0,426151.31561058684,213.07565780529342,True,,one complete CE 519 pavement project,TRACI 2.1 / climate change,Global warming / climate change,kg CO2-eq,False,2123.456790123457,1623.4992046419754,4300.0,1592.5925925925926,2150.0,213.07565780529342,0.0,0.0,0.0,0.6725721784776904,19.783402429809907,19.783402429809907,236.01821611787162,19.339370575837112,255.35758669370873,0.0,2892.0603674540685,42534.315224091304,85068.63044818261,50289.7366533474,4120.749106986828,54410.485760334224,0.0,184905.49180006218,753827.1604938272,10750.0,165077.3828254418,0.0,31433.933606010574,6370.37037037037,6450.0,0.0,973908.8472956499,,,,,,,,,,,
SRC,6,8,#6,8,19.0,9.5,100.0,#57 stone,120.0,34.3413966568967,5.499039842323396,5.201089693986001,308.87997496461526,39.536636795470756,0.66,4.625,0.8627450980392157,166.06764705882352,149.46088235294118,83.2,0.26452832455590497,0.4751999614840235,0.010267968749999998,2.0,45000.0,41000.0,86000.0,2123.456790123457,1592.5925925925926,40.249223594996224,40.0,2.0,1.0,145294.28927094283,68852.83520864075,214147.12447958358,226.0,451.0,31.0,0.0,51.0,0.0,7.0,3.0,320625.833595821,160.3129167979105,True,,one complete CE 519 pavement project,TRACI 2.1 / climate change,Global warming / climate change,kg CO2-eq,False,2123.456790123457,1623.4992046419754,4300.0,1592.5925925925926,2150.0,160.3129167979105,0.0,0.0,0.0,0.6725721784776904,19.783402429809907,19.783402429809907,236.01821611787162,19.339370575837112,255.35758669370873,0.0,2892.0603674540685,42534.315224091304,85068.63044818261,37836.76864329561,3100.3509060481333,40937.11954934374,0.0,171432.12558907171,753827.1604938272,10750.0,124200.187908346,0.0,29143.46135014219,6370.37037037037,6450.0,0.0,930741.1801226856,,,,,,,,,,,
SRC,6,8,#6,10,19.0,9.5,100.0,#57 stone,120.0,34.3413966568967,5.499039842323396,5.201089693986001,308.87997496461526,39.536636795470756,0.528,4.625,0.6901960784313725,135.58729411764708,122.02856470588236,83.2,0.3239949342251413,0.4751999614840235,0.013584960937499998,2.0,45000.0,41000.0,86000.0,2123.456790123457,1592.5925925925926,40.249223594996224,40.0,2.0,1.0,116332.13962068676,55526.48000696835,171858.6196276551,181.0,361.0,25.0,0.0,51.0,0.0,7.0,3.0,257310.54438696138,128.6552721934807,True,,one complete CE 519 pavement project,TRACI 2.1 / climate change,Global warming / climate change,kg CO2-eq,False,2123.456790123457,1623.4992046419754,4300.0,1592.5925925925926,2150.0,128.6552721934807,0.0,0.0,0.0,0.6725721784776904,19.783402429809907,19.783402429809907,236.01821611787162,19.339370575837112,255.35758669370873,0.0,2892.0603674540685,42534.315224091304,85068.63044818261,30364.987837264525,2488.1119854849153,32853.09982274944,0.0,163348.10586247742,753827.1604938272,10750.0,99673.87095808846,0.0,27769.17799662116,6370.37037037037,6450.0,0.0,904840.5798189071,,,,,,,,,,,
SRC,6,8,#6,12,19.0,9.5,100.0,#57 stone,120.0,34.3413966568967,5.499039842323396,5.201089693986001,308.87997496461526,39.536636795470756,0.44,4.625,0.5751633986928104,114.50784313725491,103.05705882352943,83.2,0.38363831887703714,0.4751999614840235,0.016901953125,2.0,45000.0,41000.0,86000.0,2123.456790123457,1592.5925925925926,40.249223594996224,40.0,2.0,1.0,97024.03985384939,46642.24320585341,143666.2830597028,151.0,301.0,21.0,0.0,51.0,0.0,7.0,3.0,215100.35158105503,107.55017579052752,True,,one complete CE 519 pavement project,TRACI 2.1 / climate change,Global warming / climate change,kg CO2-eq,False,2123.456790123457,1623.4992046419754,4300.0,1592.5925925925926,2150.0,107.55017579052752,0.0,0.0,0.0,0.6725721784776904,19.783402429809907,19.783402429809907,236.01821611787162,19.339370575837112,255.35758669370873,0.0,2892.0603674540685,42534.315224091304,85068.63044818261,25383.80063324381,2079.952705109437,27463.753338353246,0.0,157958.75937808122,753827.1604938272,10750.0,83322.99299125012,0.0,26852.98909427381,6370.37037037037,6450.0,0.0,887573.5129497214,,,,,,,,,,,
SRC,6,8,#6,15,19.0,9.5,100.0,#57 stone,120.0,34.3413966568967,5.499039842323396,5.201089693986001,308.87997496461526,39.536636795470756,0.35200000000000004,4.625,0.46013071895424845,92.82101960784314,83.53891764705882,83.2,0.4732720737717474,0.4751999614840235,0.021877441406249993,2.0,45000.0,41000.0,86000.0,2123.456790123457,1592.5925925925926,40.249223594996224,40.0,2.0,1.0,77715.94008701202,37758.00640473847,115473.94649175048,121.0,241.0,17.0,0.0,51.0,0.0,7.0,3.0,172890.15877514865,86.44507938757432,True,,one complete CE 519 pavement project,TRACI 2.1 / climate change,Global warming / climate change,kg CO2-eq,False,2123.456790123457,1623.4992046419754,4300.0,1592.5925925925926,2150.0,86.44507938757432,0.0,0.0,0.0,0.6725721784776904,19.783402429809907,19.783402429809907,236.01821611787162,19.339370575837112,255.35758669370873,0.0,2892.0603674540685,42534.315224091304,85068.63044818261,20402.613429223085,1671.793424733958,22074.406853957043,0.0,152569.41289368502,753827.1604938272,10750.0,66972.11502441177,0.0,25936.800191926453,6370.37037037037,6450.0,0.0,870306.4460805358,,,,,,,,,,,
SRC,6,8,#6,18,19.0,9.5,100.0,#57 stone,120.0,34.3413966568967,5.499039842323396,5.201089693986001,308.87997496461526,39.536636795470756,0.29333333333333333,4.625,0.38344226579520696,78.02570806100218,70.22313725490196,83.2,0.563014390142629,0.4751999614840235,0.0268529296875,2.0,45000.0,41000.0,86000.0,2123.456790123457,1592.5925925925926,40.249223594996224,40.0,2.0,1.0,64843.87357578709,33315.88800418101,98159.7615799681,101.0,201.0,15.0,0.0,51.0,0.0,7.0,3.0,146966.97636556334,73.48348818278167,True,,one complete CE 519 pavement project,TRACI 2.1 / climate change,Global warming / climate change,kg CO2-eq,False,2123.456790123457,1623.4992046419754,4300.0,1592.5925925925926,2150.0,73.48348818278167,0.0,0.0,0.0,0.6725721784776904,19.783402429809907,19.783402429809907,236.01821611787162,19.339370575837112,255.35758669370873,0.0,2892.0603674540685,42534.315224091304,85068.63044818261,17343.44179501883,1421.124409171962,18764.566204190793,0.0,149259.57224391878,753827.1604938272,10750.0,56930.30370077554,0.0,25374.127281466193,6370.37037037037,6450.0,0.0,859701.9618464392,,,,,,,,,,,
SRC,6,8,#6,24,19.0,9.5,100.0,#57 stone,120.0,34.3413966568967,5.499039842323396,5.201089693986001,308.87997496461526,39.536636795470756,0.22,4.625,0.2875816993464052,59.15196078431372,53.23676470588235,83.2,0.7426566398972436,0.4751999614840235,0.036803906250000004,2.0,45000.0,41000.0,86000.0,2123.456790123457,1592.5925925925926,40.249223594996224,40.0,2.0,1.0,48753.79043675594,24431.651203066074,73185.441639822,76.0,151.0,11.0,0.0,51.0,0.0,7.0,3.0,109574.86956628907,54.78743478314453,True,,one complete CE 519 pavement project,TRACI 2.1 / climate change,Global warming / climate change,kg CO2-eq,False,2123.456790123457,1623.4992046419754,4300.0,1592.5925925925926,2150.0,54.78743478314453,0.0,0.0,0.0,0.6725721784776904,19.783402429809907,19.783402429809907,236.01821611787162,19.339370575837112,255.35758669370873,0.0,2892.0603674540685,42534.315224091304,85068.63044818261,12930.832623192004,1059.55450417074,13990.387127362745,0.0,144485.39316709072,753827.1604938272,10750.0,42445.79807415426,0.0,24562.516838405423,6370.37037037037,6450.0,0.0,844405.8457767572,,,,,,,,,,,
SRC,6,10,#3,6,19.0,9.5,100.0,#57 stone,120.0,40.59760966213721,5.499039842323396,5.431260308356283,209.39372242415251,41.878744484830506,0.22,6.8125,0.2875816993464052,88.02696078431372,79.22426470588235,130.0,0.5286100747075919,0.32214418834485004,0.055630078125,2.0,45000.0,41000.0,86000.0,2654.320987654321,1592.5925925925926,20.124611797498112,40.0,2.0,1.0,187007.26934401813,87556.71360571406,274563.9829497322,301.0,601.0,41.0,0.0,51.0,0.0,7.0,3.0,102770.82417354561,51.3854120867728,True,,one complete CE 519 pavement project,TRACI 2.1 / climate change,Global warming / climate change,kg CO2-eq,False,2654.320987654321,2029.3740058024691,5375.0,1592.5925925925926,2150.0,51.3854120867728,0.0,0.0,0.0,0.6725721784776904,19.783402429809907,19.783402429809907,236.01821611787162,19.339370575837112,255.35758669370873,0.0,3615.0754593175857,42534.315224091304,106335.78806022825,12127.893295201835,993.7615265381986,13121.654821740034,0.0,165606.83356537716,942283.9506172839,10750.0,39810.12861845802,0.0,28153.16170611412,7962.9629629629635,8062.5,0.0,1037022.703904819,,,,,,,,,,,
SRC,6,10,#3,8,19.0,9.5,100.0,#57 stone,120.0,40.59760966213721,5.499039842323396,5.431260308356283,209.39372242415251,41.878744484830506,0.165,6.8125,0.21568627450980393,66.37610294117647,59.738492647058834,130.0,0.7010345026991966,0.32214418834485004,0.0751734375,2.0,45000.0,41000.0,86000.0,2654.320987654321,1592.5925925925926,20.124611797498112,40.0,2.0,1.0,140372.1446354714,66201.41760432038,206573.5622397918,226.0,451.0,31.0,0.0,51.0,0.0,7.0,3.0,77321.63197725541,38.660815988627704,True,,one complete CE 519 pavement project,TRACI 2.1 / climate change,Global warming / climate change,kg CO2-eq,False,2654.320987654321,2029.3740058024691,5375.0,1592.5925925925926,2150.0,38.660815988627704,0.0,0.0,0.0,0.6725721784776904,19.783402429809907,19.783402429809907,236.01821611787162,19.339370575837112,255.35758669370873,0.0,3615.0754593175857,42534.315224091304,106335.78806022825,9124.6568232972,747.6758471683196,9872.33267046552,0.0,162357.51141410266,942283.9506172839,10750.0,29951.925935765474,0.0,27600.776940397453,7962.9629629629635,8062.5,0.0,1026612.1164564098,,,,,,,,,,,
SRC,6,10,#3,10,19.0,9.5,100.0,#57 stone,120.0,40.59760966213721,5.499039842323396,5.431260308356283,209.39372242415251,41.878744484830506,0.132,6.8125,0.17254901960784313,53.27170588235295,47.94453529411766,130.0,0.8734831660777121,0.32214418834485004,0.094716796875,2.0,45000.0,41000.0,86000.0,2654.320987654321,1592.5925925925926,20.124611797498112,40.0,2.0,1.0,112391.06981034338,53388.24000348418,165779.30981382757,181.0,361.0,25.0,0.0,51.0,0.0,7.0,3.0,62052.1166594813,31.02605832974065,True,,one complete CE 519 pavement project,TRACI 2.1 / climate change,Global warming / climate change,kg CO2-eq,False,2654.320987654321,2029.3740058024691,5375.0,1592.5925925925926,2150.0,31.02605832974065,0.0,0.0,0.0,0.6725721784776904,19.783402429809907,19.783402429809907,236.01821611787162,19.339370575837112,255.35758669370873,0.0,3615.0754593175857,42534.315224091304,106335.78806022825,7322.714940154419,600.0244395463923,7922.739379700812,0.0,160407.91812333796,942283.9506172839,10750.0,24037.004326149952,0.0,27269.346080967454,7962.9629629629635,8062.5,0.0,1020365.7639873642,,,,,,,,,,,
SRC,6,10,#4,6,19.0,9.5,100.0,#57 stone,120.0,40.59760966213721,5.499039842323396,5.431260308356283,209.39372242415251,41.878744484830506,0.4000000000000001,6.75,0.5228758169934641,155.72549019607845,140.15294117647062,130.0,0.29880746085877546,0.32214418834485004,0.028950703124999994,2.0,45000.0,41000.0,86000.0,2654.320987654321,1592.5925925925926,26.83281572999748,40.0,2.0,1.0,189193.02579202416,88725.61814095205,277918.6439329762,301.0,601.0,41.0,0.0,51.0,0.0,7.0,3.0,189139.07712105327,94.56953856052664,True,,one complete CE 519 pavement project,TRACI 2.1 / climate change,Global warming / climate change,kg CO2-eq,False,2654.320987654321,2029.3740058024691,5375.0,1592.5925925925926,2150.0,94.56953856052664,0.0,0.0,0.0,0.6725721784776904,19.783402429809907,19.783402429809907,236.01821611787162,19.339370575837112,255.35758669370873,0.0,3615.0754593175857,42534.315224091304,106335.78806022825,22320.13379014577,1828.915351407942,24149.04914155371,0.0,176634.22788519086,942283.9506172839,10750.0,73266.42602622816,0.0,30027.81874048245,7962.9629629629635,8062.5,0.0,1072353.6583469575,,,,,,,,,,,
SRC,6,10,#4,8,19.0,9.5,100.0,#57 stone,120.0,40.59760966213721,5.499039842323396,5.431260308356283,209.39372242415251,41.878744484830506,0.30000000000000004,6.75,0.39215686274509814,117.97058823529414,106.17352941176473,130.0,0.39443677456002574,0.32214418834485004,0.03960093749999999,2.0,45000.0,41000.0,86000.0,2654.320987654321,1592.5925925925926,26.83281572999748,40.0,2.0,1.0,142012.85951396188,67085.22347242717,209098.08298638905,226.0,451.0,31.0,0.0,51.0,0.0,7.0,3.0,142302.86203240367,71.15143101620184,True,,one complete CE 519 pavement project,TRACI 2.1 / climate change,Global warming / climate change,kg CO2-eq,False,2654.320987654321,2029.3740058024691,5375.0,1592.5925925925926,2150.0,71.15143101620184,0.0,0.0,0.0,0.6725721784776904,19.783402429809907,19.783402429809907,236.01821611787162,19.339370575837112,255.35758669370873,0.0,3615.0754593175857,42534.315224091304,106335.78806022825,16793.03382267776,1376.023891423438,18169.0577141012,0.0,170654.23645773833,942283.9506172839,10750.0,55123.57505976815,0.0,29011.220197815517,7962.9629629629635,8062.5,0.0,1053194.2088378305,,,,,,,,,,,
SRC,6,10,#4,10,19.0,9.5,100.0,#57 stone,120.0,40.59760966213721,5.499039842323396,5.431260308356283,209.39372242415251,41.878744484830506,0.24000000000000005,6.75,0.31372549019607854,94.94117647058825,85.44705882352943,130.0,0.49011335277579404,0.32214418834485004,0.05025117187499998,2.0,45000.0,41000.0,86000.0,2654.320987654321,1592.5925925925926,26.83281572999748,40.0,2.0,1.0,113704.75974712451,54100.986671312225,167805.74641843673,181.0,361.0,25.0,0.0,51.0,0.0,7.0,3.0,114201.13297921389,57.10056648960694,True,,one complete CE 519 pavement project,TRACI 2.1 / climate change,Global warming / climate change,kg CO2-eq,False,2654.320987654321,2029.3740058024691,5375.0,1592.5925925925926,2150.0,57.10056648960694,0.0,0.0,0.0,0.6725721784776904,19.783402429809907,19.783402429809907,236.01821611787162,19.339370575837112,255.35758669370873,0.0,3615.0754593175857,42534.315224091304,106335.78806022825,13476.773842196948,1104.2890154327351,14581.062857629684,0.0,167066.2416012668,942283.9506172839,10750.0,44237.86447989212,0.0,28401.26107221536,7962.9629629629635,8062.5,0.0,1041698.5391323543,,,,,,,,,,,
SRC,6,10,#4,12,19.0,9.5,100.0,#57 stone,120.0,40.59760966213721,5.499039842323396,5.431260308356283,209.39372242415251,41.878744484830506,0.20000000000000004,6.75,0.26143790849673204,79.43137254901961,71.48823529411764,130.0,0.5858130965540349,0.32214418834485004,0.06090140624999999,2.0,45000.0,41000.0,86000.0,2654.320987654321,1592.5925925925926,26.83281572999748,40.0,2.0,1.0,94832.69323589958,45444.828803902274,140277.52203980187,151.0,301.0,21.0,0.0,51.0,0.0,7.0,3.0,95466.64694375407,47.733323471877036,True,,one complete CE 519 pavement project,TRACI 2.1 / climate change,Global warming / climate change,kg CO2-eq,False,2654.320987654321,2029.3740058024691,5375.0,1592.5925925925926,2150.0,47.733323471877036,0.0,0.0,0.0,0.6725721784776904,19.783402429809907,19.783402429809907,236.01821611787162,19.339370575837112,255.35758669370873,0.0,3615.0754593175857,42534.315224091304,106335.78806022825,11265.933855209749,923.1324314389337,12189.066286648682,0.0,164674.24503028582,942283.9506172839,10750.0,36980.72409330813,0.0,27994.621655148592,7962.9629629629635,8062.5,0.0,1034034.7593287035,,,,,,,,,,,
SRC,6,10,#4,15,19.0,9.5,100.0,#57 stone,120.0,40.59760966213721,5.499039842323396,5.431260308356283,209.39372242415251,41.878744484830506,0.16000000000000003,6.75,0.20915032679738566,63.796078431372564,57.416470588235306,130.0,0.7293855588088256,0.32214418834485004,0.07687675781249999,2.0,45000.0,41000.0,86000.0,2654.320987654321,1592.5925925925926,26.83281572999748,40.0,2.0,1.0,75960.62672467467,36788.670936492315,112749.29766116699,121.0,241.0,17.0,0.0,51.0,0.0,7.0,3.0,76732.16090829422,38.36608045414711,True,,one complete CE 519 pavement project,TRACI 2.1 / climate change,Global warming / climate change,kg CO2-eq,False,2654.320987654321,2029.3740058024691,5375.0,1592.5925925925926,2150.0,38.36608045414711,0.0,0.0,0.0,0.6725721784776904,19.783402429809907,19.783402429809907,236.01821611787162,19.339370575837112,255.35758669370873,0.0,3615.0754593175857,42534.315224091304,106335.78806022825,9055.093868222542,741.975847445132,9797.069715667674,0.0,162282.2484593048,942283.9506172839,10750.0,29723.583706724115,0.0,27587.98223808182,7962.9629629629635,8062.5,0.0,1026370.9795250528,,,,,,,,,,,
SRC,6,10,#4,18,19.0,9.5,100.0,#57 stone,120.0,40.59760966213721,5.499039842323396,5.431260308356283,209.39372242415251,41.878744484830506,0.13333333333333336,6.75,0.1742919389978214,53.30283224400872,47.972549019607854,130.0,0.8729730927517189,0.32214418834485004,0.09285210937499999,2.0,45000.0,41000.0,86000.0,2654.320987654321,1592.5925925925926,26.83281572999748,40.0,2.0,1.0,63379.249050524726,32460.592002787336,95839.84105331206,101.0,201.0,15.0,0.0,51.0,0.0,7.0,3.0,65224.33627239294,32.612168136196466,True,,one complete CE 519 pavement project,TRACI 2.1 / climate change,Global warming / climate change,kg CO2-eq,False,2654.320987654321,2029.3740058024691,5375.0,1592.5925925925926,2150.0,32.612168136196466,0.0,0.0,0.0,0.6725721784776904,19.783402429809907,19.783402429809907,236.01821611787162,19.339370575837112,255.35758669370873,0.0,3615.0754593175857,42534.315224091304,106335.78806022825,7697.065747241184,630.6988048674106,8327.764552108594,0.0,160812.94329574573,942283.9506172839,10750.0,25265.820693164304,0.0,27338.200360276776,7962.9629629629635,8062.5,0.0,1021663.4346336878,,,,,,,,,,,
SRC,6,10,#5,6,19.0,9.5,100.0,#57 stone,120.0,40.59760966213721,5.499039842323396,5.431260308356283,209.39372242415251,41.878744484830506,0.62,6.6875,0.8104575163398693,233.7004901960784,210.33044117647057,130.0,0.19910928846335454,0.32214418834485004,0.017422492439516126,2.0,45000.0,41000.0,86000.0,2654.320987654321,1592.5925925925926,33.54101966249685,40.0,2.0,1.0,191378.78224003024,89894.52267619007,281273.3049162203,301.0,601.0,41.0,0.0,51.0,0.0,7.0,3.0,296704.27094981854,148.35213547490926,True,,one complete CE 519 pavement project,TRACI 2.1 / climate change,Global warming / climate change,kg CO2-eq,False,2654.320987654321,2029.3740058024691,5375.0,1592.5925925925926,2150.0,148.35213547490926,0.0,0.0,0.0,0.6725721784776904,19.783402429809907,19.783402429809907,236.01821611787162,19.339370575837112,255.35758669370873,0.0,3615.0754593175857,42534.315224091304,106335.78806022825,35013.8063720649,2869.0369236660613,37882.84329573096,0.0,190368.0220393681,942283.9506172839,10750.0,114933.7400292893,0.0,32362.56374669258,7962.9629629629635,8062.5,0.0,1116355.7173562287,,,,,,,,,,,
SRC,6,10,#5,8,19.0,9.5,100.0,#57 stone,120.0,40.59760966213721,5.499039842323396,5.431260308356283,209.39372242415251,41.878744484830506,0.46499999999999997,6.6875,0.6078431372549019,178.1018382352941,160.2916544117647,130.0,0.2612659070649457,0.32214418834485004,0.024229989919354843,2.0,45000.0,41000.0,86000.0,2654.320987654321,1592.5925925925926,33.54101966249685,40.0,2.0,1.0,143653.57439245237,67969.02934053396,211622.60373298632,226.0,451.0,31.0,0.0,51.0,0.0,7.0,3.0,223232.4549100043,111.61622745500216,True,,one complete CE 519 pavement project,TRACI 2.1 / climate change,Global warming / climate change,kg CO2-eq,False,2654.320987654321,2029.3740058024691,5375.0,1592.5925925925926,2150.0,111.61622745500216,0.0,0.0,0.0,0.6725721784776904,19.783402429809907,19.783402429809907,236.01821611787162,19.339370575837112,255.35758669370873,0.0,3615.0754593175857,42534.315224091304,106335.78806022825,26343.462893736214,2158.5875850292114,28502.050478765424,0.0,180987.22922240256,942283.9506172839,10750.0,86473.10959357856,0.0,30767.828967808437,7962.9629629629635,8062.5,0.0,1086300.3521416339,,,,,,,,,,,
SRC,6,10,#5,10,19.0,9.5,100.0,#57 stone,120.0,40.59760966213721,5.499039842323396,5.431260308356283,209.39372242415251,41.878744484830506,0.372,6.6875,0.48627450980392156,143.83817647058822,129.4543588235294,130.0,0.323502003836882,0.32214418834485004,0.03103748739919355,2.0,45000.0,41000.0,86000.0,2654.320987654321,1592.5925925925926,33.54101966249685,40.0,2.0,1.0,115018.44968390564,54813.733339140286,169832.18302304592,181.0,361.0,25.0,0.0,51.0,0.0,7.0,3.0,179149.36528611582,89.57468264305791,True,,one complete CE 519 pavement project,TRACI 2.1 / climate change,Global warming / climate change,kg CO2-eq,False,2654.320987654321,2029.3740058024691,5375.0,1592.5925925925926,2150.0,89.57468264305791,0.0,0.0,0.0,0.6725721784776904,19.783402429809907,19.783402429809907,236.01821611787162,19.339370575837112,255.35758669370873,0.0,3615.0754593175857,42534.315224091304,106335.78806022825,21141.256806739006,1732.3179818471015,22873.574788586106,0.0,175358.75353222323,942283.9506172839,10750.0,69396.7313321521,0.0,29810.988100477953,7962.9629629629635,8062.5,0.0,1068267.1330128768,,,,,,,,,,,
SRC,6,10,#5,12,19.0,9.5,100.0,#57 stone,120.0,40.59760966213721,5.499039842323396,5.431260308356283,209.39372242415251,41.878744484830506,0.31,6.6875,0.40522875816993464,120.61887254901961,108.55698529411765,130.0,0.38577659808225884,0.32214418834485004,0.037844984879032255,2.0,45000.0,41000.0,86000.0,2654.320987654321,1592.5925925925926,33.54101966249685,40.0,2.0,1.0,95928.36654487449,46043.53600487784,141971.90254975233,151.0,301.0,21.0,0.0,51.0,0.0,7.0,3.0,149760.63887019013,74.88031943509506,True,,one complete CE 519 pavement project,TRACI 2.1 / climate change,Global warming / climate change,kg CO2-eq,False,2654.320987654321,2029.3740058024691,5375.0,1592.5925925925926,2150.0,74.88031943509506,0.0,0.0,0.0,0.6725721784776904,19.783402429809907,19.783402429809907,236.01821611787162,19.339370575837112,255.35758669370873,0.0,3615.0754593175857,42534.315224091304,106335.78806022825,17673.119415407527,1448.1382463923612,19121.25766179989,0.0,171606.43640543704,942283.9506172839,10750.0,58012.479157867805,0.0,29173.094188924297,7962.9629629629635,8062.5,0.0,1056244.986927039,,,,,,,,,,,
SRC,6,10,#5,15,19.0,9.5,100.0,#57 stone,120.0,40.59760966213721,5.499039842323396,5.431260308356283,209.39372242415251,41.878744484830506,0.24799999999999997,6.6875,0.32418300653594767,97.09807843137253,87.38827058823527,130.0,0.4792261501793408,0.32214418834485004,0.04805623109879032,2.0,45000.0,41000.0,86000.0,2654.320987654321,1592.5925925925926,33.54101966249685,40.0,2.0,1.0,76838.28340584334,37273.3386706154,114111.62207645873,121.0,241.0,17.0,0.0,51.0,0.0,7.0,3.0,120371.91245426444,60.18595622713222,True,,one complete CE 519 pavement project,TRACI 2.1 / climate change,Global warming / climate change,kg CO2-eq,False,2654.320987654321,2029.3740058024691,5375.0,1592.5925925925926,2150.0,60.18595622713222,0.0,0.0,0.0,0.6725721784776904,19.783402429809907,19.783402429809907,236.01821611787162,19.339370575837112,255.35758669370873,0.0,3615.0754593175857,42534.315224091304,106335.78806022825,14204.982024076055,1163.9585109376212,15368.940535013677,0.0,167854.11927865082,942283.9506172839,10750.0,46628.22698358351,0.0,28535.20027737064,7962.9629629629635,8062.5,0.0,1044222.840841201,,,,,,,,,,,
SRC,6,10,#5,18,19.0,9.5,100.0,#57 stone,120.0,40.59760966213721,5.499039842323396,5.431260308356283,209.39372242415251,41.878744484830506,0.20666666666666667,6.6875,0.2701525054466231,81.25005446623094,73.12504901960784,130.0,0.572700395367955,0.32214418834485004,0.05826747731854837,2.0,45000.0,41000.0,86000.0,2654.320987654321,1592.5925925925926,33.54101966249685,40.0,2.0,1.0,64111.56131315591,32888.24000348417,96999.80131664008,101.0,201.0,15.0,0.0,51.0,0.0,7.0,3.0,102321.31819442795,51.16065909721397,True,,one complete CE 519 pavement project,TRACI 2.1 / climate change,Global warming / climate change,kg CO2-eq,False,2654.320987654321,2029.3740058024691,5375.0,1592.5925925925926,2150.0,51.16065909721397,0.0,0.0,0.0,0.6725721784776904,19.783402429809907,19.783402429809907,236.01821611787162,19.339370575837112,255.35758669370873,0.0,3615.0754593175857,42534.315224091304,106335.78806022825,12074.847495539003,989.4149451850932,13064.262440724096,0.0,165549.44118436123,942283.9506172839,10750.0,39636.00438633916,0.0,28143.405001341413,7962.9629629629635,8062.5,0.0,1036838.8229679274,,,,,,,,,,,
SRC,6,10,#5,24,19.0,9.5,100.0,#57 stone,120.0,40.59760966213721,5.499039842323396,5.431260308356283,209.39372242415251,41.878744484830506,0.155,6.6875,0.20261437908496732,61.2515931372549,55.12643382352941,130.0,0.7596853556479388,0.32214418834485004,0.07868996975806451,2.0,45000.0,41000.0,86000.0,2654.320987654321,1592.5925925925926,33.54101966249685,40.0,2.0,1.0,48203.15869729662,24118.042669221726,72321.20136651835,76.0,151.0,11.0,0.0,51.0,0.0,7.0,3.0,76288.82283037595,38.144411415187975,True,,one complete CE 519 pavement project,TRACI 2.1 / climate change,Global warming / climate change,kg CO2-eq,False,2654.320987654321,2029.3740058024691,5375.0,1592.5925925925926,2150.0,38.144411415187975,0.0,0.0,0.0,0.6725721784776904,19.783402429809907,19.783402429809907,236.01821611787162,19.339370575837112,255.35758669370873,0.0,3615.0754593175857,42534.315224091304,106335.78806022825,9002.775937078844,737.6889077555115,9740.464844834356,0.0,162225.6435884715,942283.9506172839,10750.0,29551.84872215707,0.0,27578.359410040153,7962.9629629629635,8062.5,0.0,1026189.6217124441,,,,,,,,,,,
SRC,6,10,#6,6,19.0,9.5,100.0,#57 stone,120.0,40.59760966213721,5.499039842323396,5.431260308356283,209.39372242415251,41.878744484830506,0.88,6.625,1.1503267973856208,319.4313725490196,287.4882352941177,130.0,0.1456711591762565,0.32214418834485004,0.0112541015625,2.0,45000.0,41000.0,86000.0,2654.320987654321,1592.5925925925926,40.249223594996224,40.0,2.0,1.0,193564.53868803626,91063.42721142809,284627.9658994643,301.0,601.0,41.0,0.0,51.0,0.0,7.0,3.0,426151.31561058684,213.07565780529342,True,,one complete CE 519 pavement project,TRACI 2.1 / climate change,Global warming / climate change,kg CO2-eq,False,2654.320987654321,2029.3740058024691,5375.0,1592.5925925925926,2150.0,213.07565780529342,0.0,0.0,0.0,0.6725721784776904,19.783402429809907,19.783402429809907,236.01821611787162,19.339370575837112,255.35758669370873,0.0,3615.0754593175857,42534.315224091304,106335.78806022825,50289.7366533474,4120.749106986828,54410.485760334224,0.0,206895.66450397135,942283.9506172839,10750.0,165077.3828254418,0.0,35172.26296567513,7962.9629629629635,8062.5,0.0,1169309.0593713638,,,,,,,,,,,
SRC,6,10,#6,8,19.0,9.5,100.0,#57 stone,120.0,40.59760966213721,5.499039842323396,5.431260308356283,209.39372242415251,41.878744484830506,0.66,6.625,0.8627450980392157,245.2676470588235,220.74088235294118,130.0,0.18971902276747651,0.32214418834485004,0.01600546875,2.0,45000.0,41000.0,86000.0,2654.320987654321,1592.5925925925926,40.249223594996224,40.0,2.0,1.0,145294.28927094283,68852.83520864075,214147.12447958358,226.0,451.0,31.0,0.0,51.0,0.0,7.0,3.0,320625.833595821,160.3129167979105,True,,one complete CE 519 pavement project,TRACI 2.1 / climate change,Global warming / climate change,kg CO2-eq,False,2654.320987654321,2029.3740058024691,5375.0,1592.5925925925926,2150.0,160.3129167979105,0.0,0.0,0.0,0.6725721784776904,19.783402429809907,19.783402429809907,236.01821611787162,19.339370575837112,255.35758669370873,0.0,3615.0754593175857,42534.315224091304,106335.78806022825,37836.76864329561,3100.3509060481333,40937.11954934374,0.0,193422.29829298088,942283.9506172839,10750.0,124200.187908346,0.0,32881.79070980675,7962.9629629629635,8062.5,0.0,1126141.3921983996,,,,,,,,,,,
SRC,6,10,#6,10,19.0,9.5,100.0,#57 stone,120.0,40.59760966213721,5.499039842323396,5.431260308356283,209.39372242415251,41.878744484830506,0.528,6.625,0.6901960784313725,198.9472941176471,179.05256470588236,130.0,0.23389078259572496,0.32214418834485004,0.020756835937500002,2.0,45000.0,41000.0,86000.0,2654.320987654321,1592.5925925925926,40.249223594996224,40.0,2.0,1.0,116332.13962068676,55526.48000696835,171858.6196276551,181.0,361.0,25.0,0.0,51.0,0.0,7.0,3.0,257310.54438696138,128.6552721934807,True,,one complete CE 519 pavement project,TRACI 2.1 / climate change,Global warming / climate change,kg CO2-eq,False,2654.320987654321,2029.3740058024691,5375.0,1592.5925925925926,2150.0,128.6552721934807,0.0,0.0,0.0,0.6725721784776904,19.783402429809907,19.783402429809907,236.01821611787162,19.339370575837112,255.35758669370873,0.0,3615.0754593175857,42534.315224091304,106335.78806022825,30364.987837264525,2488.1119854849153,32853.09982274944,0.0,185338.27856638658,942283.9506172839,10750.0,99673.87095808846,0.0,31507.50735628572,7962.9629629629635,8062.5,0.0,1100240.7918946212,,,,,,,,,,,
SRC,6,10,#6,12,19.0,9.5,100.0,#57 stone,120.0,40.59760966213721,5.499039842323396,5.431260308356283,209.39372242415251,41.878744484830506,0.44,6.625,0.5751633986928104,167.3078431372549,150.57705882352943,130.0,0.27812167943797333,0.32214418834485004,0.025508203125000004,2.0,45000.0,41000.0,86000.0,2654.320987654321,1592.5925925925926,40.249223594996224,40.0,2.0,1.0,97024.03985384939,46642.24320585341,143666.2830597028,151.0,301.0,21.0,0.0,51.0,0.0,7.0,3.0,215100.35158105503,107.55017579052752,True,,one complete CE 519 pavement project,TRACI 2.1 / climate change,Global warming / climate change,kg CO2-eq,False,2654.320987654321,2029.3740058024691,5375.0,1592.5925925925926,2150.0,107.55017579052752,0.0,0.0,0.0,0.6725721784776904,19.783402429809907,19.783402429809907,236.01821611787162,19.339370575837112,255.35758669370873,0.0,3615.0754593175857,42534.315224091304,106335.78806022825,25383.80063324381,2079.952705109437,27463.753338353246,0.0,179948.93208199038,942283.9506172839,10750.0,83322.99299125012,0.0,30591.318453938366,7962.9629629629635,8062.5,0.0,1082973.7250254354,,,,,,,,,,,
SRC,6,10,#6,15,19.0,9.5,100.0,#57 stone,120.0,40.59760966213721,5.499039842323396,5.431260308356283,209.39372242415251,41.878744484830506,0.35200000000000004,6.625,0.46013071895424845,135.06101960784315,121.55491764705884,130.0,0.3445253001316464,0.32214418834485004,0.032635253906249995,2.0,45000.0,41000.0,86000.0,2654.320987654321,1592.5925925925926,40.249223594996224,40.0,2.0,1.0,77715.94008701202,37758.00640473847,115473.94649175048,121.0,241.0,17.0,0.0,51.0,0.0,7.0,3.0,172890.15877514865,86.44507938757432,True,,one complete CE 519 pavement project,TRACI 2.1 / climate change,Global warming / climate change,kg CO2-eq,False,2654.320987654321,2029.3740058024691,5375.0,1592.5925925925926,2150.0,86.44507938757432,0.0,0.0,0.0,0.6725721784776904,19.783402429809907,19.783402429809907,236.01821611787162,19.339370575837112,255.35758669370873,0.0,3615.0754593175857,42534.315224091304,106335.78806022825,20402.613429223085,1671.793424733958,22074.406853957043,0.0,174559.58559759418,942283.9506172839,10750.0,66972.11502441177,0.0,29675.129551591013,7962.9629629629635,8062.5,0.0,1065706.6581562497,,,,,,,,,,,
SRC,6,10,#6,18,19.0,9.5,100.0,#57 stone,120.0,40.59760966213721,5.499039842323396,5.431260308356283,209.39372242415251,41.878744484830506,0.29333333333333333,6.625,0.38344226579520696,113.22570806100218,101.90313725490196,130.0,0.41096619410327295,0.32214418834485004,0.0397623046875,2.0,45000.0,41000.0,86000.0,2654.320987654321,1592.5925925925926,40.249223594996224,40.0,2.0,1.0,64843.87357578709,33315.88800418101,98159.7615799681,101.0,201.0,15.0,0.0,51.0,0.0,7.0,3.0,146966.97636556334,73.48348818278167,True,,one complete CE 519 pavement project,TRACI 2.1 / climate change,Global warming / climate change,kg CO2-eq,False,2654.320987654321,2029.3740058024691,5375.0,1592.5925925925926,2150.0,73.48348818278167,0.0,0.0,0.0,0.6725721784776904,19.783402429809907,19.783402429809907,236.01821611787162,19.339370575837112,255.35758669370873,0.0,3615.0754593175857,42534.315224091304,106335.78806022825,17343.44179501883,1421.124409171962,18764.566204190793,0.0,171249.74494782794,942283.9506172839,10750.0,56930.30370077554,0.0,29112.456641130753,7962.9629629629635,8062.5,0.0,1055102.1739221532,,,,,,,,,,,
SRC,6,10,#6,24,19.0,9.5,100.0,#57 stone,120.0,40.59760966213721,5.499039842323396,5.431260308356283,209.39372242415251,41.878744484830506,0.22,6.625,0.2875816993464052,85.55196078431372,76.99676470588236,130.0,0.5439026515568787,0.32214418834485004,0.05401640625,2.0,45000.0,41000.0,86000.0,2654.320987654321,1592.5925925925926,40.249223594996224,40.0,2.0,1.0,48753.79043675594,24431.651203066074,73185.441639822,76.0,151.0,11.0,0.0,51.0,0.0,7.0,3.0,109574.86956628907,54.78743478314453,True,,one complete CE 519 pavement project,TRACI 2.1 / climate change,Global warming / climate change,kg CO2-eq,False,2654.320987654321,2029.3740058024691,5375.0,1592.5925925925926,2150.0,54.78743478314453,0.0,0.0,0.0,0.6725721784776904,19.783402429809907,19.783402429809907,236.01821611787162,19.339370575837112,255.35758669370873,0.0,3615.0754593175857,42534.315224091304,106335.78806022825,12930.832623192004,1059.55450417074,13990.387127362745,0.0,166475.56587099988,942283.9506172839,10750.0,42445.79807415426,0.0,28300.846198069983,7962.9629629629635,8062.5,0.0,1039806.0578524711,,,,,,,,,,,
SRC,6,12,#3,6,19.0,9.5,100.0,#57 stone,120.0,46.546432238898426,5.499039842323396,5.77022359949313,150.4076490927939,43.31740293872463,0.22,8.8125,0.2875816993464052,114.42696078431374,102.98426470588237,187.2,0.4206215683768472,0.2313963832196829,0.07284257812500002,2.0,45000.0,41000.0,86000.0,3185.185185185185,1592.5925925925926,20.124611797498112,40.0,2.0,1.0,187007.26934401813,87556.71360571406,274563.9829497322,301.0,601.0,41.0,0.0,51.0,0.0,7.0,3.0,102770.82417354561,51.3854120867728,True,,one complete CE 519 pavement project,TRACI 2.1 / climate change,Global warming / climate change,kg CO2-eq,False,3185.185185185185,2435.248806962963,6450.0,1592.5925925925926,2150.0,51.3854120867728,0.0,0.0,0.0,0.6725721784776904,19.783402429809907,19.783402429809907,236.01821611787162,19.339370575837112,255.35758669370873,0.0,4338.0905511811025,42534.315224091304,127602.9456722739,12127.893295201835,993.7615265381986,13121.654821740034,0.0,187597.00626928633,1130740.7407407407,10750.0,39810.12861845802,0.0,31891.49106577868,9555.555555555555,9675.0,0.0,1232422.915980533,,,,,,,,,,,
SRC,6,12,#3,8,19.0,9.5,100.0,#57 stone,120.0,46.546432238898426,5.499039842323396,5.77022359949313,150.4076490927939,43.31740293872463,0.165,8.8125,0.21568627450980393,86.17610294117648,77.55849264705883,187.2,0.55851269745335,0.2313963832196829,0.09812343749999998,2.0,45000.0,41000.0,86000.0,3185.185185185185,1592.5925925925926,20.124611797498112,40.0,2.0,1.0,140372.1446354714,66201.41760432038,206573.5622397918,226.0,451.0,31.0,0.0,51.0,0.0,7.0,3.0,77321.63197725541,38.660815988627704,True,,one complete CE 519 pavement project,TRACI 2.1 / climate change,Global warming / climate change,kg CO2-eq,False,3185.185185185185,2435.248806962963,6450.0,1592.5925925925926,2150.0,38.660815988627704,0.0,0.0,0.0,0.6725721784776904,19.783402429809907,19.783402429809907,236.01821611787162,19.339370575837112,255.35758669370873,0.0,4338.0905511811025,42534.315224091304,127602.9456722739,9124.6568232972,747.6758471683196,9872.33267046552,0.0,184347.68411801182,1130740.7407407407,10750.0,29951.925935765474,0.0,31339.106300062012,9555.555555555555,9675.0,0.0,1222012.3285321237,,,,,,,,,,,
SRC,6,12,#3,10,19.0,9.5,100.0,#57 stone,120.0,46.546432238898426,5.499039842323396,5.77022359949313,150.4076490927939,43.31740293872463,0.132,8.8125,0.17254901960784313,69.11170588235294,62.20053529411764,187.2,0.6964152757511911,0.2313963832196829,0.123404296875,2.0,45000.0,41000.0,86000.0,3185.185185185185,1592.5925925925926,20.124611797498112,40.0,2.0,1.0,112391.06981034338,53388.24000348418,165779.30981382757,181.0,361.0,25.0,0.0,51.0,0.0,7.0,3.0,62052.1166594813,31.02605832974065,True,,one complete CE 519 pavement project,TRACI 2.1 / climate change,Global warming / climate change,kg CO2-eq,False,3185.185185185185,2435.248806962963,6450.0,1592.5925925925926,2150.0,31.02605832974065,0.0,0.0,0.0,0.6725721784776904,19.783402429809907,19.783402429809907,236.01821611787162,19.339370575837112,255.35758669370873,0.0,4338.0905511811025,42534.315224091304,127602.9456722739,7322.714940154419,600.0244395463923,7922.739379700812,0.0,182398.09082724713,1130740.7407407407,10750.0,24037.004326149952,0.0,31007.675440632014,9555.555555555555,9675.0,0.0,1215765.9760630783,,,,,,,,,,,
SRC,6,12,#3,12,19.0,9.5,100.0,#57 stone,120.0,46.546432238898426,5.499039842323396,5.77022359949313,150.4076490927939,43.31740293872463,0.11,8.8125,0.1437908496732026,57.68799019607843,51.9191911764706,187.2,0.83432353157219,0.2313963832196829,0.14868515625,2.0,45000.0,41000.0,86000.0,3185.185185185185,1592.5925925925926,20.124611797498112,40.0,2.0,1.0,93737.0199269247,44846.12160292671,138583.14152985142,151.0,301.0,21.0,0.0,51.0,0.0,7.0,3.0,51872.43978096522,25.93621989048261,True,,one complete CE 519 pavement project,TRACI 2.1 / climate change,Global warming / climate change,kg CO2-eq,False,3185.185185185185,2435.248806962963,6450.0,1592.5925925925926,2150.0,25.93621989048261,0.0,0.0,0.0,0.6725721784776904,19.783402429809907,19.783402429809907,236.01821611787162,19.339370575837112,255.35758669370873,0.0,4338.0905511811025,42534.315224091304,127602.9456722739,6121.420351392566,501.59016779844063,6623.010519191006,0.0,181098.3619667373,1130740.7407407407,10750.0,20093.723253072938,0.0,30786.721534345346,9555.555555555555,9675.0,0.0,1211601.7410837144,,,,,,,,,,,
SRC,6,12,#4,6,19.0,9.5,100.0,#57 stone,120.0,46.546432238898426,5.499039842323396,5.77022359949313,150.4076490927939,43.31740293872463,0.4000000000000001,8.75,0.5228758169934641,203.72549019607843,183.3529411764706,187.2,0.2362514757646194,0.2313963832196829,0.038417578125,2.0,45000.0,41000.0,86000.0,3185.185185185185,1592.5925925925926,26.83281572999748,40.0,2.0,1.0,189193.02579202416,88725.61814095205,277918.6439329762,301.0,601.0,41.0,0.0,51.0,0.0,7.0,3.0,189139.07712105327,94.56953856052664,True,,one complete CE 519 pavement project,TRACI 2.1 / climate change,Global warming / climate change,kg CO2-eq,False,3185.185185185185,2435.248806962963,6450.0,1592.5925925925926,2150.0,94.56953856052664,0.0,0.0,0.0,0.6725721784776904,19.783402429809907,19.783402429809907,236.01821611787162,19.339370575837112,255.35758669370873,0.0,4338.0905511811025,42534.315224091304,127602.9456722739,22320.13379014577,1828.915351407942,24149.04914155371,0.0,198624.40058910003,1130740.7407407407,10750.0,73266.42602622816,0.0,33766.14810014701,9555.555555555555,9675.0,0.0,1267753.8704226713,,,,,,,,,,,
SRC,6,12,#4,8,19.0,9.5,100.0,#57 stone,120.0,46.546432238898426,5.499039842323396,5.77022359949313,150.4076490927939,43.31740293872463,0.30000000000000004,8.75,0.39215686274509814,153.97058823529414,138.57352941176475,187.2,0.3125950758604769,0.2313963832196829,0.05222343749999999,2.0,45000.0,41000.0,86000.0,3185.185185185185,1592.5925925925926,26.83281572999748,40.0,2.0,1.0,142012.85951396188,67085.22347242717,209098.08298638905,226.0,451.0,31.0,0.0,51.0,0.0,7.0,3.0,142302.86203240367,71.15143101620184,True,,one complete CE 519 pavement project,TRACI 2.1 / climate change,Global warming / climate change,kg CO2-eq,False,3185.185185185185,2435.248806962963,6450.0,1592.5925925925926,2150.0,71.15143101620184,0.0,0.0,0.0,0.6725721784776904,19.783402429809907,19.783402429809907,236.01821611787162,19.339370575837112,255.35758669370873,0.0,4338.0905511811025,42534.315224091304,127602.9456722739,16793.03382267776,1376.023891423438,18169.0577141012,0.0,192644.4091616475,1130740.7407407407,10750.0,55123.57505976815,0.0,32749.549557480077,9555.555555555555,9675.0,0.0,1248594.4209135443,,,,,,,,,,,
SRC,6,12,#4,10,19.0,9.5,100.0,#57 stone,120.0,46.546432238898426,5.499039842323396,5.77022359949313,150.4076490927939,43.31740293872463,0.24000000000000005,8.75,0.31372549019607854,123.74117647058829,111.36705882352946,187.2,0.38896064416466924,0.2313963832196829,0.06602929687499998,2.0,45000.0,41000.0,86000.0,3185.185185185185,1592.5925925925926,26.83281572999748,40.0,2.0,1.0,113704.75974712451,54100.986671312225,167805.74641843673,181.0,361.0,25.0,0.0,51.0,0.0,7.0,3.0,114201.13297921389,57.10056648960694,True,,one complete CE 519 pavement project,TRACI 2.1 / climate change,Global warming / climate change,kg CO2-eq,False,3185.185185185185,2435.248806962963,6450.0,1592.5925925925926,2150.0,57.10056648960694,0.0,0.0,0.0,0.6725721784776904,19.783402429809907,19.783402429809907,236.01821611787162,19.339370575837112,255.35758669370873,0.0,4338.0905511811025,42534.315224091304,127602.9456722739,13476.773842196948,1104.2890154327351,14581.062857629684,0.0,189056.41430517597,1130740.7407407407,10750.0,44237.86447989212,0.0,32139.59043187992,9555.555555555555,9675.0,0.0,1237098.7512080683,,,,,,,,,,,
SRC,6,12,#4,12,19.0,9.5,100.0,#57 stone,120.0,46.546432238898426,5.499039842323396,5.77022359949313,150.4076490927939,43.31740293872463,0.20000000000000004,8.75,0.26143790849673204,103.43137254901963,93.08823529411767,187.2,0.46533702998945886,0.2313963832196829,0.07983515624999998,2.0,45000.0,41000.0,86000.0,3185.185185185185,1592.5925925925926,26.83281572999748,40.0,2.0,1.0,94832.69323589958,45444.828803902274,140277.52203980187,151.0,301.0,21.0,0.0,51.0,0.0,7.0,3.0,95466.64694375407,47.733323471877036,True,,one complete CE 519 pavement project,TRACI 2.1 / climate change,Global warming / climate change,kg CO2-eq,False,3185.185185185185,2435.248806962963,6450.0,1592.5925925925926,2150.0,47.733323471877036,0.0,0.0,0.0,0.6725721784776904,19.783402429809907,19.783402429809907,236.01821611787162,19.339370575837112,255.35758669370873,0.0,4338.0905511811025,42534.315224091304,127602.9456722739,11265.933855209749,923.1324314389337,12189.066286648682,0.0,186664.41773419498,1130740.7407407407,10750.0,36980.72409330813,0.0,31732.95101481315,9555.555555555555,9675.0,0.0,1229434.9714044174,,,,,,,,,,,
SRC,6,12,#4,15,19.0,9.5,100.0,#57 stone,120.0,46.546432238898426,5.499039842323396,5.77022359949313,150.4076490927939,43.31740293872463,0.16000000000000003,8.75,0.20915032679738566,82.99607843137258,74.69647058823531,187.2,0.5799123117544877,0.2313963832196829,0.1005439453125,2.0,45000.0,41000.0,86000.0,3185.185185185185,1592.5925925925926,26.83281572999748,40.0,2.0,1.0,75960.62672467467,36788.670936492315,112749.29766116699,121.0,241.0,17.0,0.0,51.0,0.0,7.0,3.0,76732.16090829422,38.36608045414711,True,,one complete CE 519 pavement project,TRACI 2.1 / climate change,Global warming / climate change,kg CO2-eq,False,3185.185185185185,2435.248806962963,6450.0,1592.5925925925926,2150.0,38.36608045414711,0.0,0.0,0.0,0.6725721784776904,19.783402429809907,19.783402429809907,236.01821611787162,19.339370575837112,255.35758669370873,0.0,4338.0905511811025,42534.315224091304,127602.9456722739,9055.093868222542,741.975847445132,9797.069715667674,0.0,184272.42116321396,1130740.7407407407,10750.0,29723.583706724115,0.0,31326.311597746375,9555.555555555555,9675.0,0.0,1221771.1916007667,,,,,,,,,,,
SRC,6,12,#4,18,19.0,9.5,100.0,#57 stone,120.0,46.546432238898426,5.499039842323396,5.77022359949313,150.4076490927939,43.31740293872463,0.13333333333333336,8.75,0.1742919389978214,69.30283224400873,62.37254901960785,187.2,0.6944946714476441,0.2313963832196829,0.12125273437499998,2.0,45000.0,41000.0,86000.0,3185.185185185185,1592.5925925925926,26.83281572999748,40.0,2.0,1.0,63379.249050524726,32460.592002787336,95839.84105331206,101.0,201.0,15.0,0.0,51.0,0.0,7.0,3.0,65224.33627239294,32.612168136196466,True,,one complete CE 519 pavement project,TRACI 2.1 / climate change,Global warming / climate change,kg CO2-eq,False,3185.185185185185,2435.248806962963,6450.0,1592.5925925925926,2150.0,32.612168136196466,0.0,0.0,0.0,0.6725721784776904,19.783402429809907,19.783402429809907,236.01821611787162,19.339370575837112,255.35758669370873,0.0,4338.0905511811025,42534.315224091304,127602.9456722739,7697.065747241184,630.6988048674106,8327.764552108594,0.0,182803.1159996549,1130740.7407407407,10750.0,25265.820693164304,0.0,31076.529719941336,9555.555555555555,9675.0,0.0,1217063.6467094019,,,,,,,,,,,
SRC,6,12,#4,24,19.0,9.5,100.0,#57 stone,120.0,46.546432238898426,5.499039842323396,5.77022359949313,150.4076490927939,43.31740293872463,0.10000000000000002,8.75,0.13071895424836602,52.10784313725491,46.89705882352942,187.2,0.9236699278247961,0.2313963832196829,0.1626703125,2.0,45000.0,41000.0,86000.0,3185.185185185185,1592.5925925925926,26.83281572999748,40.0,2.0,1.0,47652.5269578373,23804.43413537738,71456.96109321468,76.0,151.0,11.0,0.0,51.0,0.0,7.0,3.0,48630.431855104434,24.315215927552217,True,,one complete CE 519 pavement project,TRACI 2.1 / climate change,Global warming / climate change,kg CO2-eq,False,3185.185185185185,2435.248806962963,6450.0,1592.5925925925926,2150.0,24.315215927552217,0.0,0.0,0.0,0.6725721784776904,19.783402429809907,19.783402429809907,236.01821611787162,19.339370575837112,255.35758669370873,0.0,4338.0905511811025,42534.315224091304,127602.9456722739,5738.833887741734,470.2409714544292,6209.074859196163,0.0,180684.42630674248,1130740.7407407407,10750.0,18837.873126848095,0.0,30716.352472146224,9555.555555555555,9675.0,0.0,1210275.5218952906,,,,,,,,,,,
SRC,6,12,#5,6,19.0,9.5,100.0,#57 stone,120.0,46.546432238898426,5.499039842323396,5.77022359949313,150.4076490927939,43.31740293872463,0.62,8.6875,0.8104575163398693,308.10049019607845,277.2904411764706,187.2,0.1562167190291171,0.2313963832196829,0.02353015372983871,2.0,45000.0,41000.0,86000.0,3185.185185185185,1592.5925925925926,33.54101966249685,40.0,2.0,1.0,191378.78224003024,89894.52267619007,281273.3049162203,301.0,601.0,41.0,0.0,51.0,0.0,7.0,3.0,296704.27094981854,148.35213547490926,True,,one complete CE 519 pavement project,TRACI 2.1 / climate change,Global warming / climate change,kg CO2-eq,False,3185.185185185185,2435.248806962963,6450.0,1592.5925925925926,2150.0,148.35213547490926,0.0,0.0,0.0,0.6725721784776904,19.783402429809907,19.783402429809907,236.01821611787162,19.339370575837112,255.35758669370873,0.0,4338.0905511811025,42534.315224091304,127602.9456722739,35013.8063720649,2869.0369236660613,37882.84329573096,0.0,212358.19474327727,1130740.7407407407,10750.0,114933.7400292893,0.0,36100.893106357136,9555.555555555555,9675.0,0.0,1311755.9294319428,,,,,,,,,,,
SRC,6,12,#5,8,19.0,9.5,100.0,#57 stone,120.0,46.546432238898426,5.499039842323396,5.77022359949313,150.4076490927939,43.31740293872463,0.46499999999999997,8.6875,0.6078431372549019,233.90183823529406,210.51165441176468,187.2,0.20577199423835696,0.2313963832196829,0.032373538306451614,2.0,45000.0,41000.0,86000.0,3185.185185185185,1592.5925925925926,33.54101966249685,40.0,2.0,1.0,143653.57439245237,67969.02934053396,211622.60373298632,226.0,451.0,31.0,0.0,51.0,0.0,7.0,3.0,223232.4549100043,111.61622745500216,True,,one complete CE 519 pavement project,TRACI 2.1 / climate change,Global warming / climate change,kg CO2-eq,False,3185.185185185185,2435.248806962963,6450.0,1592.5925925925926,2150.0,111.61622745500216,0.0,0.0,0.0,0.6725721784776904,19.783402429809907,19.783402429809907,236.01821611787162,19.339370575837112,255.35758669370873,0.0,4338.0905511811025,42534.315224091304,127602.9456722739,26343.462893736214,2158.5875850292114,28502.050478765424,0.0,202977.40192631172,1130740.7407407407,10750.0,86473.10959357856,0.0,34506.15832747299,9555.555555555555,9675.0,0.0,1281700.564217348,,,,,,,,,,,
SRC,6,12,#5,10,19.0,9.5,100.0,#57 stone,120.0,46.546432238898426,5.499039842323396,5.77022359949313,150.4076490927939,43.31740293872463,0.372,8.6875,0.48627450980392156,188.47817647058827,169.63035882352943,187.2,0.2553635047355455,0.2313963832196829,0.04121692288306452,2.0,45000.0,41000.0,86000.0,3185.185185185185,1592.5925925925926,33.54101966249685,40.0,2.0,1.0,115018.44968390564,54813.733339140286,169832.18302304592,181.0,361.0,25.0,0.0,51.0,0.0,7.0,3.0,179149.36528611582,89.57468264305791,True,,one complete CE 519 pavement project,TRACI 2.1 / climate change,Global warming / climate change,kg CO2-eq,False,3185.185185185185,2435.248806962963,6450.0,1592.5925925925926,2150.0,89.57468264305791,0.0,0.0,0.0,0.6725721784776904,19.783402429809907,19.783402429809907,236.01821611787162,19.339370575837112,255.35758669370873,0.0,4338.0905511811025,42534.315224091304,127602.9456722739,21141.256806739006,1732.3179818471015,22873.574788586106,0.0,197348.9262361324,1130740.7407407407,10750.0,69396.7313321521,0.0,33549.31746014251,9555.555555555555,9675.0,0.0,1263667.3450885909,,,,,,,,,,,
SRC,6,12,#5,12,19.0,9.5,100.0,#57 stone,120.0,46.546432238898426,5.499039842323396,5.77022359949313,150.4076490927939,43.31740293872463,0.31,8.6875,0.40522875816993464,157.8188725490196,142.03698529411764,187.2,0.3049727002373838,0.2313963832196829,0.05006030745967741,2.0,45000.0,41000.0,86000.0,3185.185185185185,1592.5925925925926,33.54101966249685,40.0,2.0,1.0,95928.36654487449,46043.53600487784,141971.90254975233,151.0,301.0,21.0,0.0,51.0,0.0,7.0,3.0,149760.63887019013,74.88031943509506,True,,one complete CE 519 pavement project,TRACI 2.1 / climate change,Global warming / climate change,kg CO2-eq,False,3185.185185185185,2435.248806962963,6450.0,1592.5925925925926,2150.0,74.88031943509506,0.0,0.0,0.0,0.6725721784776904,19.783402429809907,19.783402429809907,236.01821611787162,19.339370575837112,255.35758669370873,0.0,4338.0905511811025,42534.315224091304,127602.9456722739,17673.119415407527,1448.1382463923612,19121.25766179989,0.0,193596.6091093462,1130740.7407407407,10750.0,58012.479157867805,0.0,32911.42354858886,9555.555555555555,9675.0,0.0,1251645.1990027528,,,,,,,,,,,
SRC,6,12,#5,15,19.0,9.5,100.0,#57 stone,120.0,46.546432238898426,5.499039842323396,5.77022359949313,150.4076490927939,43.31740293872463,0.24799999999999997,8.6875,0.32418300653594767,126.85807843137255,114.17227058823529,187.2,0.3794038842842126,0.2313963832196829,0.06332538432459678,2.0,45000.0,41000.0,86000.0,3185.185185185185,1592.5925925925926,33.54101966249685,40.0,2.0,1.0,76838.28340584334,37273.3386706154,114111.62207645873,121.0,241.0,17.0,0.0,51.0,0.0,7.0,3.0,120371.91245426444,60.18595622713222,True,,one complete CE 519 pavement project,TRACI 2.1 / climate change,Global warming / climate change,kg CO2-eq,False,3185.185185185185,2435.248806962963,6450.0,1592.5925925925926,2150.0,60.18595622713222,0.0,0.0,0.0,0.6725721784776904,19.783402429809907,19.783402429809907,236.01821611787162,19.339370575837112,255.35758669370873,0.0,4338.0905511811025,42534.315224091304,127602.9456722739,14204.982024076055,1163.9585109376212,15368.940535013677,0.0,189844.29198255998,1130740.7407407407,10750.0,46628.22698358351,0.0,32273.5296370352,9555.555555555555,9675.0,0.0,1239623.052916915,,,,,,,,,,,
SRC,6,12,#5,18,19.0,9.5,100.0,#57 stone,120.0,46.546432238898426,5.499039842323396,5.77022359949313,150.4076490927939,43.31740293872463,0.20666666666666667,8.6875,0.2701525054466231,106.05005446623093,95.44504901960784,187.2,0.45384651570377094,0.2313963832196829,0.07659046118951612,2.0,45000.0,41000.0,86000.0,3185.185185185185,1592.5925925925926,33.54101966249685,40.0,2.0,1.0,64111.56131315591,32888.24000348417,96999.80131664008,101.0,201.0,15.0,0.0,51.0,0.0,7.0,3.0,102321.31819442795,51.16065909721397,True,,one complete CE 519 pavement project,TRACI 2.1 / climate change,Global warming / climate change,kg CO2-eq,False,3185.185185185185,2435.248806962963,6450.0,1592.5925925925926,2150.0,51.16065909721397,0.0,0.0,0.0,0.6725721784776904,19.783402429809907,19.783402429809907,236.01821611787162,19.339370575837112,255.35758669370873,0.0,4338.0905511811025,42534.315224091304,127602.9456722739,12074.847495539003,989.4149451850932,13064.262440724096,0.0,187539.6138882704,1130740.7407407407,10750.0,39636.00438633916,0.0,31881.73436100597,9555.555555555555,9675.0,0.0,1232239.0350436412,,,,,,,,,,,
SRC,6,12,#5,24,19.0,9.5,100.0,#57 stone,120.0,46.546432238898426,5.499039842323396,5.77022359949313,150.4076490927939,43.31740293872463,0.155,8.6875,0.20261437908496732,79.85159313725491,71.86643382352943,187.2,0.602748747003254,0.2313963832196829,0.10312061491935483,2.0,45000.0,41000.0,86000.0,3185.185185185185,1592.5925925925926,33.54101966249685,40.0,2.0,1.0,48203.15869729662,24118.042669221726,72321.20136651835,76.0,151.0,11.0,0.0,51.0,0.0,7.0,3.0,76288.82283037595,38.144411415187975,True,,one complete CE 519 pavement project,TRACI 2.1 / climate change,Global warming / climate change,kg CO2-eq,False,3185.185185185185,2435.248806962963,6450.0,1592.5925925925926,2150.0,38.144411415187975,0.0,0.0,0.0,0.6725721784776904,19.783402429809907,19.783402429809907,236.01821611787162,19.339370575837112,255.35758669370873,0.0,4338.0905511811025,42534.315224091304,127602.9456722739,9002.775937078844,737.6889077555115,9740.464844834356,0.0,184215.81629238065,1130740.7407407407,10750.0,29551.84872215707,0.0,31316.688769704713,9555.555555555555,9675.0,0.0,1221589.833788158,,,,,,,,,,,
SRC,6,12,#6,6,19.0,9.5,100.0,#57 stone,120.0,46.546432238898426,5.499039842323396,5.77022359949313,150.4076490927939,43.31740293872463,0.88,8.625,1.1503267973856208,425.03137254901964,382.52823529411774,187.2,0.11323975315291122,0.2313963832196829,0.015557226562500004,2.0,45000.0,41000.0,86000.0,3185.185185185185,1592.5925925925926,40.249223594996224,40.0,2.0,1.0,193564.53868803626,91063.42721142809,284627.9658994643,301.0,601.0,41.0,0.0,51.0,0.0,7.0,3.0,426151.31561058684,213.07565780529342,True,,one complete CE 519 pavement project,TRACI 2.1 / climate change,Global warming / climate change,kg CO2-eq,False,3185.185185185185,2435.248806962963,6450.0,1592.5925925925926,2150.0,213.07565780529342,0.0,0.0,0.0,0.6725721784776904,19.783402429809907,19.783402429809907,236.01821611787162,19.339370575837112,255.35758669370873,0.0,4338.0905511811025,42534.315224091304,127602.9456722739,50289.7366533474,4120.749106986828,54410.485760334224,0.0,228885.8372078805,1130740.7407407407,10750.0,165077.3828254418,0.0,38910.59232533969,9555.555555555555,9675.0,0.0,1364709.2714470779,,,,,,,,,,,
SRC,6,12,#6,8,19.0,9.5,100.0,#57 stone,120.0,46.546432238898426,5.499039842323396,5.77022359949313,150.4076490927939,43.31740293872463,0.66,8.625,0.8627450980392157,324.4676470588235,292.02088235294116,187.2,0.14833666205545712,0.2313963832196829,0.021742968749999998,2.0,45000.0,41000.0,86000.0,3185.185185185185,1592.5925925925926,40.249223594996224,40.0,2.0,1.0,145294.28927094283,68852.83520864075,214147.12447958358,226.0,451.0,31.0,0.0,51.0,0.0,7.0,3.0,320625.833595821,160.3129167979105,True,,one complete CE 519 pavement project,TRACI 2.1 / climate change,Global warming / climate change,kg CO2-eq,False,3185.185185185185,2435.248806962963,6450.0,1592.5925925925926,2150.0,160.3129167979105,0.0,0.0,0.0,0.6725721784776904,19.783402429809907,19.783402429809907,236.01821611787162,19.339370575837112,255.35758669370873,0.0,4338.0905511811025,42534.315224091304,127602.9456722739,37836.76864329561,3100.3509060481333,40937.11954934374,0.0,215412.47099689004,1130740.7407407407,10750.0,124200.187908346,0.0,36620.12006947131,9555.555555555555,9675.0,0.0,1321541.6042741137,,,,,,,,,,,
SRC,6,12,#6,10,19.0,9.5,100.0,#57 stone,120.0,46.546432238898426,5.499039842323396,5.77022359949313,150.4076490927939,43.31740293872463,0.528,8.625,0.6901960784313725,262.3072941176471,236.07656470588233,187.2,0.18348878887106787,0.2313963832196829,0.0279287109375,2.0,45000.0,41000.0,86000.0,3185.185185185185,1592.5925925925926,40.249223594996224,40.0,2.0,1.0,116332.13962068676,55526.48000696835,171858.6196276551,181.0,361.0,25.0,0.0,51.0,0.0,7.0,3.0,257310.54438696138,128.6552721934807,True,,one complete CE 519 pavement project,TRACI 2.1 / climate change,Global warming / climate change,kg CO2-eq,False,3185.185185185185,2435.248806962963,6450.0,1592.5925925925926,2150.0,128.6552721934807,0.0,0.0,0.0,0.6725721784776904,19.783402429809907,19.783402429809907,236.01821611787162,19.339370575837112,255.35758669370873,0.0,4338.0905511811025,42534.315224091304,127602.9456722739,30364.987837264525,2488.1119854849153,32853.09982274944,0.0,207328.45127029574,1130740.7407407407,10750.0,99673.87095808846,0.0,35245.83671595028,9555.555555555555,9675.0,0.0,1295641.0039703348,,,,,,,,,,,
SRC,6,12,#6,12,19.0,9.5,100.0,#57 stone,120.0,46.546432238898426,5.499039842323396,5.77022359949313,150.4076490927939,43.31740293872463,0.44,8.625,0.5751633986928104,220.1078431372549,198.0970588235294,187.2,0.21866757233035464,0.2313963832196829,0.034114453125000006,2.0,45000.0,41000.0,86000.0,3185.185185185185,1592.5925925925926,40.249223594996224,40.0,2.0,1.0,97024.03985384939,46642.24320585341,143666.2830597028,151.0,301.0,21.0,0.0,51.0,0.0,7.0,3.0,215100.35158105503,107.55017579052752,True,,one complete CE 519 pavement project,TRACI 2.1 / climate change,Global warming / climate change,kg CO2-eq,False,3185.185185185185,2435.248806962963,6450.0,1592.5925925925926,2150.0,107.55017579052752,0.0,0.0,0.0,0.6725721784776904,19.783402429809907,19.783402429809907,236.01821611787162,19.339370575837112,255.35758669370873,0.0,4338.0905511811025,42534.315224091304,127602.9456722739,25383.80063324381,2079.952705109437,27463.753338353246,0.0,201939.10478589954,1130740.7407407407,10750.0,83322.99299125012,0.0,34329.647813602925,9555.555555555555,9675.0,0.0,1278373.937101149,,,,,,,,,,,
SRC,6,12,#6,15,19.0,9.5,100.0,#57 stone,120.0,46.546432238898426,5.499039842323396,5.77022359949313,150.4076490927939,43.31740293872463,0.35200000000000004,8.625,0.46013071895424845,177.3010196078432,159.57091764705888,187.2,0.271461764947261,0.2313963832196829,0.043393066406249986,2.0,45000.0,41000.0,86000.0,3185.185185185185,1592.5925925925926,40.249223594996224,40.0,2.0,1.0,77715.94008701202,37758.00640473847,115473.94649175048,121.0,241.0,17.0,0.0,51.0,0.0,7.0,3.0,172890.15877514865,86.44507938757432,True,,one complete CE 519 pavement project,TRACI 2.1 / climate change,Global warming / climate change,kg CO2-eq,False,3185.185185185185,2435.248806962963,6450.0,1592.5925925925926,2150.0,86.44507938757432,0.0,0.0,0.0,0.6725721784776904,19.783402429809907,19.783402429809907,236.01821611787162,19.339370575837112,255.35758669370873,0.0,4338.0905511811025,42534.315224091304,127602.9456722739,20402.613429223085,1671.793424733958,22074.406853957043,0.0,196549.75830150335,1130740.7407407407,10750.0,66972.11502441177,0.0,33413.45891125557,9555.555555555555,9675.0,0.0,1261106.8702319635,,,,,,,,,,,
SRC,6,12,#6,18,19.0,9.5,100.0,#57 stone,120.0,46.546432238898426,5.499039842323396,5.77022359949313,150.4076490927939,43.31740293872463,0.29333333333333333,8.625,0.38344226579520696,148.42570806100215,133.58313725490197,187.2,0.3242729870617338,0.2313963832196829,0.0526716796875,2.0,45000.0,41000.0,86000.0,3185.185185185185,1592.5925925925926,40.249223594996224,40.0,2.0,1.0,64843.87357578709,33315.88800418101,98159.7615799681,101.0,201.0,15.0,0.0,51.0,0.0,7.0,3.0,146966.97636556334,73.48348818278167,True,,one complete CE 519 pavement project,TRACI 2.1 / climate change,Global warming / climate change,kg CO2-eq,False,3185.185185185185,2435.248806962963,6450.0,1592.5925925925926,2150.0,73.48348818278167,0.0,0.0,0.0,0.6725721784776904,19.783402429809907,19.783402429809907,236.01821611787162,19.339370575837112,255.35758669370873,0.0,4338.0905511811025,42534.315224091304,127602.9456722739,17343.44179501883,1421.124409171962,18764.566204190793,0.0,193239.9176517371,1130740.7407407407,10750.0,56930.30370077554,0.0,32850.78600079531,9555.555555555555,9675.0,0.0,1250502.3859978672,,,,,,,,,,,
SRC,6,12,#6,24,19.0,9.5,100.0,#57 stone,120.0,46.546432238898426,5.499039842323396,5.77022359949313,150.4076490927939,43.31740293872463,0.22,8.625,0.2875816993464052,111.95196078431374,100.75676470588236,187.2,0.4299205424585818,0.2313963832196829,0.07122890625000002,2.0,45000.0,41000.0,86000.0,3185.185185185185,1592.5925925925926,40.249223594996224,40.0,2.0,1.0,48753.79043675594,24431.651203066074,73185.441639822,76.0,151.0,11.0,0.0,51.0,0.0,7.0,3.0,109574.86956628907,54.78743478314453,True,,one complete CE 519 pavement project,TRACI 2.1 / climate change,Global warming / climate change,kg CO2-eq,False,3185.185185185185,2435.248806962963,6450.0,1592.5925925925926,2150.0,54.78743478314453,0.0,0.0,0.0,0.6725721784776904,19.783402429809907,19.783402429809907,236.01821611787162,19.339370575837112,255.35758669370873,0.0,4338.0905511811025,42534.315224091304,127602.9456722739,12930.832623192004,1059.55450417074,13990.387127362745,0.0,188465.73857490905,1130740.7407407407,10750.0,42445.79807415426,0.0,32039.17555773454,9555.555555555555,9675.0,0.0,1235206.2699281848,,,,,,,,,,,
SRC,8,6,#4,6,19.0,9.5,100.0,#57 stone,130.0,27.12834968194135,5.499039842323396,5.136027579968186,490.59723490824183,35.323000913393415,0.4000000000000001,2.75,0.5228758169934641,59.72549019607844,53.75294117647059,46.8,0.6571361518140599,0.7547649767819106,0.010016953124999999,2.0,45000.0,41000.0,86000.0,1592.5925925925926,2123.456790123457,26.83281572999748,40.0,2.0,1.0,189193.02579202416,88725.61814095205,277918.6439329762,301.0,601.0,41.0,0.0,51.0,0.0,7.0,3.0,189139.07712105327,94.56953856052664,True,,one complete CE 519 pavement project,TRACI 2.1 / climate change,Global warming / climate change,kg CO2-eq,False,1592.5925925925926,1217.6244034814815,3225.0,2123.456790123457,2866.666666666667,94.56953856052664,0.0,0.0,0.0,0.6725721784776904,19.783402429809907,19.783402429809907,236.01821611787162,19.339370575837112,255.35758669370873,0.0,2169.0452755905512,56712.420298788405,63801.47283613695,22320.13379014577,1828.915351407942,24149.04914155371,0.0,146831.9875520696,565370.3703703703,14333.333333333336,73266.42602622816,0.0,24961.43788385183,4777.777777777777,4837.5,0.0,687546.8453915614,,,,,,,,,,,
SRC,8,6,#4,8,19.0,9.5,100.0,#57 stone,130.0,27.12834968194135,5.499039842323396,5.136027579968186,490.59723490824183,35.323000913393415,0.30000000000000004,2.75,0.39215686274509814,45.97058823529412,41.373529411764714,46.8,0.8537584638198449,0.7547649767819106,0.014355937499999997,2.0,45000.0,41000.0,86000.0,1592.5925925925926,2123.456790123457,26.83281572999748,40.0,2.0,1.0,142012.85951396188,67085.22347242717,209098.08298638905,226.0,451.0,31.0,0.0,51.0,0.0,7.0,3.0,142302.86203240367,71.15143101620184,True,,one complete CE 519 pavement project,TRACI 2.1 / climate change,Global warming / climate change,kg CO2-eq,False,1592.5925925925926,1217.6244034814815,3225.0,2123.456790123457,2866.666666666667,71.15143101620184,0.0,0.0,0.0,0.6725721784776904,19.783402429809907,19.783402429809907,236.01821611787162,19.339370575837112,255.35758669370873,0.0,2169.0452755905512,56712.420298788405,63801.47283613695,16793.03382267776,1376.023891423438,18169.0577141012,0.0,140851.9961246171,565370.3703703703,14333.333333333336,55123.57505976815,0.0,23944.839341184907,4777.777777777777,4837.5,0.0,668387.3958824346,,,,,,,,,,,
SRC,8,6,#5,6,19.0,9.5,100.0,#57 stone,130.0,27.12834968194135,5.499039842323396,5.136027579968186,490.59723490824183,35.323000913393415,0.62,2.6875,0.8104575163398693,84.90049019607844,76.41044117647058,46.8,0.4622797666069567,0.7547649767819106,0.005207169858870968,2.0,45000.0,41000.0,86000.0,1592.5925925925926,2123.456790123457,33.54101966249685,40.0,2.0,1.0,191378.78224003024,89894.52267619007,281273.3049162203,301.0,601.0,41.0,0.0,51.0,0.0,7.0,3.0,296704.27094981854,148.35213547490926,True,,one complete CE 519 pavement project,TRACI 2.1 / climate change,Global warming / climate change,kg CO2-eq,False,1592.5925925925926,1217.6244034814815,3225.0,2123.456790123457,2866.666666666667,148.35213547490926,0.0,0.0,0.0,0.6725721784776904,19.783402429809907,19.783402429809907,236.01821611787162,19.339370575837112,255.35758669370873,0.0,2169.0452755905512,56712.420298788405,63801.47283613695,35013.8063720649,2869.0369236660613,37882.84329573096,0.0,160565.78170624687,565370.3703703703,14333.333333333336,114933.7400292893,0.0,27296.18289006197,4777.777777777777,4837.5,0.0,731548.9044008327,,,,,,,,,,,
SRC,8,6,#5,8,19.0,9.5,100.0,#57 stone,130.0,27.12834968194135,5.499039842323396,5.136027579968186,490.59723490824183,35.323000913393415,0.46499999999999997,2.6875,0.6078431372549019,66.50183823529412,59.8516544117647,46.8,0.5901758482794783,0.7547649767819106,0.007942893145161292,2.0,45000.0,41000.0,86000.0,1592.5925925925926,2123.456790123457,33.54101966249685,40.0,2.0,1.0,143653.57439245237,67969.02934053396,211622.60373298632,226.0,451.0,31.0,0.0,51.0,0.0,7.0,3.0,223232.4549100043,111.61622745500216,True,,one complete CE 519 pavement project,TRACI 2.1 / climate change,Global warming / climate change,kg CO2-eq,False,1592.5925925925926,1217.6244034814815,3225.0,2123.456790123457,2866.666666666667,111.61622745500216,0.0,0.0,0.0,0.6725721784776904,19.783402429809907,19.783402429809907,236.01821611787162,19.339370575837112,255.35758669370873,0.0,2169.0452755905512,56712.420298788405,63801.47283613695,26343.462893736214,2158.5875850292114,28502.050478765424,0.0,151184.98888928132,565370.3703703703,14333.333333333336,86473.10959357856,0.0,25701.448111177826,4777.777777777777,4837.5,0.0,701493.5391862377,,,,,,,,,,,
SRC,8,6,#5,10,19.0,9.5,100.0,#57 stone,130.0,27.12834968194135,5.499039842323396,5.136027579968186,490.59723490824183,35.323000913393415,0.372,2.6875,0.48627450980392156,54.558176470588236,49.102358823529414,46.8,0.7193748275992587,0.7547649767819106,0.010678616431451614,2.0,45000.0,41000.0,86000.0,1592.5925925925926,2123.456790123457,33.54101966249685,40.0,2.0,1.0,115018.44968390564,54813.733339140286,169832.18302304592,181.0,361.0,25.0,0.0,51.0,0.0,7.0,3.0,179149.36528611582,89.57468264305791,True,,one complete CE 519 pavement project,TRACI 2.1 / climate change,Global warming / climate change,kg CO2-eq,False,1592.5925925925926,1217.6244034814815,3225.0,2123.456790123457,2866.666666666667,89.57468264305791,0.0,0.0,0.0,0.6725721784776904,19.783402429809907,19.783402429809907,236.01821611787162,19.339370575837112,255.35758669370873,0.0,2169.0452755905512,56712.420298788405,63801.47283613695,21141.256806739006,1732.3179818471015,22873.574788586106,0.0,145556.51319910202,565370.3703703703,14333.333333333336,69396.7313321521,0.0,24744.607243847346,4777.777777777777,4837.5,0.0,683460.320057481,,,,,,,,,,,
SRC,8,6,#5,12,19.0,9.5,100.0,#57 stone,130.0,27.12834968194135,5.499039842323396,5.136027579968186,490.59723490824183,35.323000913393415,0.31,2.6875,0.40522875816993464,46.2188725490196,41.596985294117644,46.8,0.84917213744306,0.7547649767819106,0.013414339717741934,2.0,45000.0,41000.0,86000.0,1592.5925925925926,2123.456790123457,33.54101966249685,40.0,2.0,1.0,95928.36654487449,46043.53600487784,141971.90254975233,151.0,301.0,21.0,0.0,51.0,0.0,7.0,3.0,149760.63887019013,74.88031943509506,True,,one complete CE 519 pavement project,TRACI 2.1 / climate change,Global warming / climate change,kg CO2-eq,False,1592.5925925925926,1217.6244034814815,3225.0,2123.456790123457,2866.666666666667,74.88031943509506,0.0,0.0,0.0,0.6725721784776904,19.783402429809907,19.783402429809907,236.01821611787162,19.339370575837112,255.35758669370873,0.0,2169.0452755905512,56712.420298788405,63801.47283613695,17673.119415407527,1448.1382463923612,19121.25766179989,0.0,141804.1960723158,565370.3703703703,14333.333333333336,58012.479157867805,0.0,24106.713332293686,4777.777777777777,4837.5,0.0,671438.173971643,,,,,,,,,,,
SRC,8,6,#6,6,19.0,9.5,100.0,#57 stone,130.0,27.12834968194135,5.499039842323396,5.136027579968186,490.59723490824183,35.323000913393415,0.88,2.625,1.1503267973856208,108.23137254901962,97.40823529411766,46.8,0.36262848625414446,0.7547649767819106,0.0026478515625000007,2.0,45000.0,41000.0,86000.0,1592.5925925925926,2123.456790123457,40.249223594996224,40.0,2.0,1.0,193564.53868803626,91063.42721142809,284627.9658994643,301.0,601.0,41.0,0.0,51.0,0.0,7.0,3.0,426151.31561058684,213.07565780529342,True,Section may not be tension-controlled; phi = 0.90 should be reviewed.,one complete CE 519 pavement project,TRACI 2.1 / climate change,Global warming / climate change,kg CO2-eq,False,1592.5925925925926,1217.6244034814815,3225.0,2123.456790123457,2866.666666666667,213.07565780529342,0.0,0.0,0.0,0.6725721784776904,19.783402429809907,19.783402429809907,236.01821611787162,19.339370575837112,255.35758669370873,0.0,2169.0452755905512,56712.420298788405,63801.47283613695,50289.7366533474,4120.749106986828,54410.485760334224,0.0,177093.42417085014,565370.3703703703,14333.333333333336,165077.3828254418,0.0,30105.882109044524,4777.777777777777,4837.5,0.0,784502.2464159677,,,,,,,,,,,
SRC,8,6,#6,8,19.0,9.5,100.0,#57 stone,130.0,27.12834968194135,5.499039842323396,5.136027579968186,490.59723490824183,35.323000913393415,0.66,2.625,0.8627450980392157,86.86764705882352,78.18088235294117,46.8,0.45181123377363064,0.7547649767819106,0.00453046875,2.0,45000.0,41000.0,86000.0,1592.5925925925926,2123.456790123457,40.249223594996224,40.0,2.0,1.0,145294.28927094283,68852.83520864075,214147.12447958358,226.0,451.0,31.0,0.0,51.0,0.0,7.0,3.0,320625.833595821,160.3129167979105,True,Section may not be tension-controlled; phi = 0.90 should be reviewed.,one complete CE 519 pavement project,TRACI 2.1 / climate change,Global warming / climate change,kg CO2-eq,False,1592.5925925925926,1217.6244034814815,3225.0,2123.456790123457,2866.666666666667,160.3129167979105,0.0,0.0,0.0,0.6725721784776904,19.783402429809907,19.783402429809907,236.01821611787162,19.339370575837112,255.35758669370873,0.0,2169.0452755905512,56712.420298788405,63801.47283613695,37836.76864329561,3100.3509060481333,40937.11954934374,0.0,163620.05795985964,565370.3703703703,14333.333333333336,124200.187908346,0.0,27815.40985317614,4777.777777777777,4837.5,0.0,741334.5792430035,,,,,,,,,,,
SRC,8,6,#6,10,19.0,9.5,100.0,#57 stone,130.0,27.12834968194135,5.499039842323396,5.136027579968186,490.59723490824183,35.323000913393415,0.528,2.625,0.6901960784313725,72.22729411764705,65.00456470588234,46.8,0.543392622859868,0.7547649767819106,0.0064130859375,2.0,45000.0,41000.0,86000.0,1592.5925925925926,2123.456790123457,40.249223594996224,40.0,2.0,1.0,116332.13962068676,55526.48000696835,171858.6196276551,181.0,361.0,25.0,0.0,51.0,0.0,7.0,3.0,257310.54438696138,128.6552721934807,True,,one complete CE 519 pavement project,TRACI 2.1 / climate change,Global warming / climate change,kg CO2-eq,False,1592.5925925925926,1217.6244034814815,3225.0,2123.456790123457,2866.666666666667,128.6552721934807,0.0,0.0,0.0,0.6725721784776904,19.783402429809907,19.783402429809907,236.01821611787162,19.339370575837112,255.35758669370873,0.0,2169.0452755905512,56712.420298788405,63801.47283613695,30364.987837264525,2488.1119854849153,32853.09982274944,0.0,155536.03823326534,565370.3703703703,14333.333333333336,99673.87095808846,0.0,26441.12649965511,4777.777777777777,4837.5,0.0,715433.978939225,,,,,,,,,,,
SRC,8,6,#6,12,19.0,9.5,100.0,#57 stone,130.0,27.12834968194135,5.499039842323396,5.136027579968186,490.59723490824183,35.323000913393415,0.44,2.625,0.5751633986928104,61.707843137254905,55.537058823529414,46.8,0.636025775611079,0.7547649767819106,0.008295703125000001,2.0,45000.0,41000.0,86000.0,1592.5925925925926,2123.456790123457,40.249223594996224,40.0,2.0,1.0,97024.03985384939,46642.24320585341,143666.2830597028,151.0,301.0,21.0,0.0,51.0,0.0,7.0,3.0,215100.35158105503,107.55017579052752,True,,one complete CE 519 pavement project,TRACI 2.1 / climate change,Global warming / climate change,kg CO2-eq,False,1592.5925925925926,1217.6244034814815,3225.0,2123.456790123457,2866.666666666667,107.55017579052752,0.0,0.0,0.0,0.6725721784776904,19.783402429809907,19.783402429809907,236.01821611787162,19.339370575837112,255.35758669370873,0.0,2169.0452755905512,56712.420298788405,63801.47283613695,25383.80063324381,2079.952705109437,27463.753338353246,0.0,150146.69174886914,565370.3703703703,14333.333333333336,83322.99299125012,0.0,25524.937597307755,4777.777777777777,4837.5,0.0,698166.9120700393,,,,,,,,,,,
SRC,8,6,#6,15,19.0,9.5,100.0,#57 stone,130.0,27.12834968194135,5.499039842323396,5.136027579968186,490.59723490824183,35.323000913393415,0.35200000000000004,2.625,0.46013071895424845,50.581019607843146,45.52291764705883,46.8,0.7759388619871463,0.7547649767819106,0.011119628906249995,2.0,45000.0,41000.0,86000.0,1592.5925925925926,2123.456790123457,40.249223594996224,40.0,2.0,1.0,77715.94008701202,37758.00640473847,115473.94649175048,121.0,241.0,17.0,0.0,51.0,0.0,7.0,3.0,172890.15877514865,86.44507938757432,True,,one complete CE 519 pavement project,TRACI 2.1 / climate change,Global warming / climate change,kg CO2-eq,False,1592.5925925925926,1217.6244034814815,3225.0,2123.456790123457,2866.666666666667,86.44507938757432,0.0,0.0,0.0,0.6725721784776904,19.783402429809907,19.783402429809907,236.01821611787162,19.339370575837112,255.35758669370873,0.0,2169.0452755905512,56712.420298788405,63801.47283613695,20402.613429223085,1671.793424733958,22074.406853957043,0.0,144757.34526447294,565370.3703703703,14333.333333333336,66972.11502441177,0.0,24608.748694960403,4777.777777777777,4837.5,0.0,680899.8452008537,,,,,,,,,,,
SRC,8,6,#6,18,19.0,9.5,100.0,#57 stone,130.0,27.12834968194135,5.499039842323396,5.136027579968186,490.59723490824183,35.323000913393415,0.29333333333333333,2.625,0.38344226579520696,42.82570806100218,38.543137254901964,46.8,0.9164537043206308,0.7547649767819106,0.013943554687499998,2.0,45000.0,41000.0,86000.0,1592.5925925925926,2123.456790123457,40.249223594996224,40.0,2.0,1.0,64843.87357578709,33315.88800418101,98159.7615799681,101.0,201.0,15.0,0.0,51.0,0.0,7.0,3.0,146966.97636556334,73.48348818278167,True,,one complete CE 519 pavement project,TRACI 2.1 / climate change,Global warming / climate change,kg CO2-eq,False,1592.5925925925926,1217.6244034814815,3225.0,2123.456790123457,2866.666666666667,73.48348818278167,0.0,0.0,0.0,0.6725721784776904,19.783402429809907,19.783402429809907,236.01821611787162,19.339370575837112,255.35758669370873,0.0,2169.0452755905512,56712.420298788405,63801.47283613695,17343.44179501883,1421.124409171962,18764.566204190793,0.0,141447.50461470668,565370.3703703703,14333.333333333336,56930.30370077554,0.0,24046.075784500135,4777.777777777777,4837.5,0.0,670295.360966757,,,,,,,,,,,
SRC,8,8,#3,6,19.0,9.5,100.0,#57 stone,130.0,33.66103204458069,5.499039842323396,5.201089693986001,305.92845488004406,39.15884222464564,0.22,4.8125,0.2875816993464052,61.62696078431372,55.46426470588235,83.2,0.7060193159018402,0.4706591613539139,0.038417578125,2.0,45000.0,41000.0,86000.0,2123.456790123457,2123.456790123457,20.124611797498112,40.0,2.0,1.0,187007.26934401813,87556.71360571406,274563.9829497322,301.0,601.0,41.0,0.0,51.0,0.0,7.0,3.0,102770.82417354561,51.3854120867728,True,,one complete CE 519 pavement project,TRACI 2.1 / climate change,Global warming / climate change,kg CO2-eq,False,2123.456790123457,1623.4992046419754,4300.0,2123.456790123457,2866.666666666667,51.3854120867728,0.0,0.0,0.0,0.6725721784776904,19.783402429809907,19.783402429809907,236.01821611787162,19.339370575837112,255.35758669370873,0.0,2892.0603674540685,56712.420298788405,85068.63044818261,12127.893295201835,993.7615265381986,13121.654821740034,0.0,157794.76593616512,753827.1604938272,14333.333333333336,39810.12861845802,0.0,26825.11020914807,6370.37037037037,6450.0,0.0,847616.103025137,,,,,,,,,,,
SRC,8,8,#3,8,19.0,9.5,100.0,#57 stone,130.0,33.66103204458069,5.499039842323396,5.201089693986001,305.92845488004406,39.15884222464564,0.165,4.8125,0.21568627450980393,46.57610294117647,41.918492647058834,83.2,0.9341662772645805,0.4706591613539139,0.052223437500000004,2.0,45000.0,41000.0,86000.0,2123.456790123457,2123.456790123457,20.124611797498112,40.0,2.0,1.0,140372.1446354714,66201.41760432038,206573.5622397918,226.0,451.0,31.0,0.0,51.0,0.0,7.0,3.0,77321.63197725541,38.660815988627704,True,,one complete CE 519 pavement project,TRACI 2.1 / climate change,Global warming / climate change,kg CO2-eq,False,2123.456790123457,1623.4992046419754,4300.0,2123.456790123457,2866.666666666667,38.660815988627704,0.0,0.0,0.0,0.6725721784776904,19.783402429809907,19.783402429809907,236.01821611787162,19.339370575837112,255.35758669370873,0.0,2892.0603674540685,56712.420298788405,85068.63044818261,9124.6568232972,747.6758471683196,9872.33267046552,0.0,154545.4437848906,753827.1604938272,14333.333333333336,29951.925935765474,0.0,26272.725443431405,6370.37037037037,6450.0,0.0,837205.5155767278,,,,,,,,,,,
SRC,8,8,#4,6,19.0,9.5,100.0,#57 stone,130.0,33.66103204458069,5.499039842323396,5.201089693986001,305.92845488004406,39.15884222464564,0.4000000000000001,4.75,0.5228758169934641,107.72549019607845,96.9529411764706,83.2,0.4038953511824874,0.4706591613539139,0.019483828124999998,2.0,45000.0,41000.0,86000.0,2123.456790123457,2123.456790123457,26.83281572999748,40.0,2.0,1.0,189193.02579202416,88725.61814095205,277918.6439329762,301.0,601.0,41.0,0.0,51.0,0.0,7.0,3.0,189139.07712105327,94.56953856052664,True,,one complete CE 519 pavement project,TRACI 2.1 / climate change,Global warming / climate change,kg CO2-eq,False,2123.456790123457,1623.4992046419754,4300.0,2123.456790123457,2866.666666666667,94.56953856052664,0.0,0.0,0.0,0.6725721784776904,19.783402429809907,19.783402429809907,236.01821611787162,19.339370575837112,255.35758669370873,0.0,2892.0603674540685,56712.420298788405,85068.63044818261,22320.13379014577,1828.915351407942,24149.04914155371,0.0,168822.16025597882,753827.1604938272,14333.333333333336,73266.42602622816,0.0,28699.767243516402,6370.37037037037,6450.0,0.0,882947.0574672754,,,,,,,,,,,
SRC,8,8,#4,8,19.0,9.5,100.0,#57 stone,130.0,33.66103204458069,5.499039842323396,5.201089693986001,305.92845488004406,39.15884222464564,0.30000000000000004,4.75,0.39215686274509814,81.97058823529413,73.77352941176471,83.2,0.5307980048789824,0.4706591613539139,0.02697843749999999,2.0,45000.0,41000.0,86000.0,2123.456790123457,2123.456790123457,26.83281572999748,40.0,2.0,1.0,142012.85951396188,67085.22347242717,209098.08298638905,226.0,451.0,31.0,0.0,51.0,0.0,7.0,3.0,142302.86203240367,71.15143101620184,True,,one complete CE 519 pavement project,TRACI 2.1 / climate change,Global warming / climate change,kg CO2-eq,False,2123.456790123457,1623.4992046419754,4300.0,2123.456790123457,2866.666666666667,71.15143101620184,0.0,0.0,0.0,0.6725721784776904,19.783402429809907,19.783402429809907,236.01821611787162,19.339370575837112,255.35758669370873,0.0,2892.0603674540685,56712.420298788405,85068.63044818261,16793.03382267776,1376.023891423438,18169.0577141012,0.0,162842.16882852628,753827.1604938272,14333.333333333336,55123.57505976815,0.0,27683.16870084947,6370.37037037037,6450.0,0.0,863787.6079581486,,,,,,,,,,,
SRC,8,8,#4,10,19.0,9.5,100.0,#57 stone,130.0,33.66103204458069,5.499039842323396,5.201089693986001,305.92845488004406,39.15884222464564,0.24000000000000005,4.75,0.31372549019607854,66.14117647058825,59.52705882352943,83.2,0.65783263945114,0.4706591613539139,0.03447304687499999,2.0,45000.0,41000.0,86000.0,2123.456790123457,2123.456790123457,26.83281572999748,40.0,2.0,1.0,113704.75974712451,54100.986671312225,167805.74641843673,181.0,361.0,25.0,0.0,51.0,0.0,7.0,3.0,114201.13297921389,57.10056648960694,True,,one complete CE 519 pavement project,TRACI 2.1 / climate change,Global warming / climate change,kg CO2-eq,False,2123.456790123457,1623.4992046419754,4300.0,2123.456790123457,2866.666666666667,57.10056648960694,0.0,0.0,0.0,0.6725721784776904,19.783402429809907,19.783402429809907,236.01821611787162,19.339370575837112,255.35758669370873,0.0,2892.0603674540685,56712.420298788405,85068.63044818261,13476.773842196948,1104.2890154327351,14581.062857629684,0.0,159254.17397205476,753827.1604938272,14333.333333333336,44237.86447989212,0.0,27073.20957524931,6370.37037037037,6450.0,0.0,852291.9382526723,,,,,,,,,,,
SRC,8,8,#4,12,19.0,9.5,100.0,#57 stone,130.0,33.66103204458069,5.499039842323396,5.201089693986001,305.92845488004406,39.15884222464564,0.20000000000000004,4.75,0.26143790849673204,55.431372549019606,49.88823529411765,83.2,0.7849313970274446,0.4706591613539139,0.04196765625,2.0,45000.0,41000.0,86000.0,2123.456790123457,2123.456790123457,26.83281572999748,40.0,2.0,1.0,94832.69323589958,45444.828803902274,140277.52203980187,151.0,301.0,21.0,0.0,51.0,0.0,7.0,3.0,95466.64694375407,47.733323471877036,True,,one complete CE 519 pavement project,TRACI 2.1 / climate change,Global warming / climate change,kg CO2-eq,False,2123.456790123457,1623.4992046419754,4300.0,2123.456790123457,2866.666666666667,47.733323471877036,0.0,0.0,0.0,0.6725721784776904,19.783402429809907,19.783402429809907,236.01821611787162,19.339370575837112,255.35758669370873,0.0,2892.0603674540685,56712.420298788405,85068.63044818261,11265.933855209749,923.1324314389337,12189.066286648682,0.0,156862.17740107377,753827.1604938272,14333.333333333336,36980.72409330813,0.0,26666.57015818254,6370.37037037037,6450.0,0.0,844628.1584490215,,,,,,,,,,,
SRC,8,8,#4,15,19.0,9.5,100.0,#57 stone,130.0,33.66103204458069,5.499039842323396,5.201089693986001,305.92845488004406,39.15884222464564,0.16000000000000003,4.75,0.20915032679738566,44.59607843137256,40.136470588235305,83.2,0.9756423933330046,0.4706591613539139,0.05320957031249999,2.0,45000.0,41000.0,86000.0,2123.456790123457,2123.456790123457,26.83281572999748,40.0,2.0,1.0,75960.62672467467,36788.670936492315,112749.29766116699,121.0,241.0,17.0,0.0,51.0,0.0,7.0,3.0,76732.16090829422,38.36608045414711,True,,one complete CE 519 pavement project,TRACI 2.1 / climate change,Global warming / climate change,kg CO2-eq,False,2123.456790123457,1623.4992046419754,4300.0,2123.456790123457,2866.666666666667,38.36608045414711,0.0,0.0,0.0,0.6725721784776904,19.783402429809907,19.783402429809907,236.01821611787162,19.339370575837112,255.35758669370873,0.0,2892.0603674540685,56712.420298788405,85068.63044818261,9055.093868222542,741.975847445132,9797.069715667674,0.0,154470.18083009275,753827.1604938272,14333.333333333336,29723.583706724115,0.0,26259.930741115768,6370.37037037037,6450.0,0.0,836964.3786453708,,,,,,,,,,,
SRC,8,8,#5,6,19.0,9.5,100.0,#57 stone,130.0,33.66103204458069,5.499039842323396,5.201089693986001,305.92845488004406,39.15884222464564,0.62,4.6875,0.8104575163398693,159.3004901960784,143.37044117647056,83.2,0.27313051353762763,0.4706591613539139,0.011314831149193547,2.0,45000.0,41000.0,86000.0,2123.456790123457,2123.456790123457,33.54101966249685,40.0,2.0,1.0,191378.78224003024,89894.52267619007,281273.3049162203,301.0,601.0,41.0,0.0,51.0,0.0,7.0,3.0,296704.27094981854,148.35213547490926,True,,one complete CE 519 pavement project,TRACI 2.1 / climate change,Global warming / climate change,kg CO2-eq,False,2123.456790123457,1623.4992046419754,4300.0,2123.456790123457,2866.666666666667,148.35213547490926,0.0,0.0,0.0,0.6725721784776904,19.783402429809907,19.783402429809907,236.01821611787162,19.339370575837112,255.35758669370873,0.0,2892.0603674540685,56712.420298788405,85068.63044818261,35013.8063720649,2869.0369236660613,37882.84329573096,0.0,182555.95441015606,753827.1604938272,14333.333333333336,114933.7400292893,0.0,31034.512249726533,6370.37037037037,6450.0,0.0,926949.1164765467,,,,,,,,,,,
SRC,8,8,#5,8,19.0,9.5,100.0,#57 stone,130.0,33.66103204458069,5.499039842323396,5.201089693986001,305.92845488004406,39.15884222464564,0.46499999999999997,4.6875,0.6078431372549019,122.30183823529411,110.0716544117647,83.2,0.3557577328506135,0.4706591613539139,0.016086441532258064,2.0,45000.0,41000.0,86000.0,2123.456790123457,2123.456790123457,33.54101966249685,40.0,2.0,1.0,143653.57439245237,67969.02934053396,211622.60373298632,226.0,451.0,31.0,0.0,51.0,0.0,7.0,3.0,223232.4549100043,111.61622745500216,True,,one complete CE 519 pavement project,TRACI 2.1 / climate change,Global warming / climate change,kg CO2-eq,False,2123.456790123457,1623.4992046419754,4300.0,2123.456790123457,2866.666666666667,111.61622745500216,0.0,0.0,0.0,0.6725721784776904,19.783402429809907,19.783402429809907,236.01821611787162,19.339370575837112,255.35758669370873,0.0,2892.0603674540685,56712.420298788405,85068.63044818261,26343.462893736214,2158.5875850292114,28502.050478765424,0.0,173175.1615931905,753827.1604938272,14333.333333333336,86473.10959357856,0.0,29439.77747084239,6370.37037037037,6450.0,0.0,896893.7512619518,,,,,,,,,,,
SRC,8,8,#5,10,19.0,9.5,100.0,#57 stone,130.0,33.66103204458069,5.499039842323396,5.201089693986001,305.92845488004406,39.15884222464564,0.372,4.6875,0.48627450980392156,99.19817647058824,89.27835882352942,83.2,0.4386151665494693,0.4706591613539139,0.02085805191532258,2.0,45000.0,41000.0,86000.0,2123.456790123457,2123.456790123457,33.54101966249685,40.0,2.0,1.0,115018.44968390564,54813.733339140286,169832.18302304592,181.0,361.0,25.0,0.0,51.0,0.0,7.0,3.0,179149.36528611582,89.57468264305791,True,,one complete CE 519 pavement project,TRACI 2.1 / climate change,Global warming / climate change,kg CO2-eq,False,2123.456790123457,1623.4992046419754,4300.0,2123.456790123457,2866.666666666667,89.57468264305791,0.0,0.0,0.0,0.6725721784776904,19.783402429809907,19.783402429809907,236.01821611787162,19.339370575837112,255.35758669370873,0.0,2892.0603674540685,56712.420298788405,85068.63044818261,21141.256806739006,1732.3179818471015,22873.574788586106,0.0,167546.68590301118,753827.1604938272,14333.333333333336,69396.7313321521,0.0,28482.936603511902,6370.37037037037,6450.0,0.0,878860.532133195,,,,,,,,,,,
SRC,8,8,#5,12,19.0,9.5,100.0,#57 stone,130.0,33.66103204458069,5.499039842323396,5.201089693986001,305.92845488004406,39.15884222464564,0.31,4.6875,0.40522875816993464,83.41887254901961,75.07698529411765,83.2,0.5215825072256034,0.4706591613539139,0.02562966229838709,2.0,45000.0,41000.0,86000.0,2123.456790123457,2123.456790123457,33.54101966249685,40.0,2.0,1.0,95928.36654487449,46043.53600487784,141971.90254975233,151.0,301.0,21.0,0.0,51.0,0.0,7.0,3.0,149760.63887019013,74.88031943509506,True,,one complete CE 519 pavement project,TRACI 2.1 / climate change,Global warming / climate change,kg CO2-eq,False,2123.456790123457,1623.4992046419754,4300.0,2123.456790123457,2866.666666666667,74.88031943509506,0.0,0.0,0.0,0.6725721784776904,19.783402429809907,19.783402429809907,236.01821611787162,19.339370575837112,255.35758669370873,0.0,2892.0603674540685,56712.420298788405,85068.63044818261,17673.119415407527,1448.1382463923612,19121.25766179989,0.0,163794.368776225,753827.1604938272,14333.333333333336,58012.479157867805,0.0,27845.04269195825,6370.37037037037,6450.0,0.0,866838.386047357,,,,,,,,,,,
SRC,8,8,#5,15,19.0,9.5,100.0,#57 stone,130.0,33.66103204458069,5.499039842323396,5.201089693986001,305.92845488004406,39.15884222464564,0.24799999999999997,4.6875,0.32418300653594767,67.33807843137254,60.60427058823528,83.2,0.6461399806410226,0.4706591613539139,0.03278707787298387,2.0,45000.0,41000.0,86000.0,2123.456790123457,2123.456790123457,33.54101966249685,40.0,2.0,1.0,76838.28340584334,37273.3386706154,114111.62207645873,121.0,241.0,17.0,0.0,51.0,0.0,7.0,3.0,120371.91245426444,60.18595622713222,True,,one complete CE 519 pavement project,TRACI 2.1 / climate change,Global warming / climate change,kg CO2-eq,False,2123.456790123457,1623.4992046419754,4300.0,2123.456790123457,2866.666666666667,60.18595622713222,0.0,0.0,0.0,0.6725721784776904,19.783402429809907,19.783402429809907,236.01821611787162,19.339370575837112,255.35758669370873,0.0,2892.0603674540685,56712.420298788405,85068.63044818261,14204.982024076055,1163.9585109376212,15368.940535013677,0.0,160042.05164943877,753827.1604938272,14333.333333333336,46628.22698358351,0.0,27207.148780404594,6370.37037037037,6450.0,0.0,854816.239961519,,,,,,,,,,,
SRC,8,8,#5,18,19.0,9.5,100.0,#57 stone,130.0,33.66103204458069,5.499039842323396,5.201089693986001,305.92845488004406,39.15884222464564,0.20666666666666667,4.6875,0.2701525054466231,56.45005446623094,50.80504901960784,83.2,0.7707667442567089,0.4706591613539139,0.03994449344758064,2.0,45000.0,41000.0,86000.0,2123.456790123457,2123.456790123457,33.54101966249685,40.0,2.0,1.0,64111.56131315591,32888.24000348417,96999.80131664008,101.0,201.0,15.0,0.0,51.0,0.0,7.0,3.0,102321.31819442795,51.16065909721397,True,,one complete CE 519 pavement project,TRACI 2.1 / climate change,Global warming / climate change,kg CO2-eq,False,2123.456790123457,1623.4992046419754,4300.0,2123.456790123457,2866.666666666667,51.16065909721397,0.0,0.0,0.0,0.6725721784776904,19.783402429809907,19.783402429809907,236.01821611787162,19.339370575837112,255.35758669370873,0.0,2892.0603674540685,56712.420298788405,85068.63044818261,12074.847495539003,989.4149451850932,13064.262440724096,0.0,157737.37355514918,753827.1604938272,14333.333333333336,39636.00438633916,0.0,26815.35350437536,6370.37037037037,6450.0,0.0,847432.2220882454,,,,,,,,,,,
SRC,8,8,#6,6,19.0,9.5,100.0,#57 stone,130.0,33.66103204458069,5.499039842323396,5.201089693986001,305.92845488004406,39.15884222464564,0.88,4.625,1.1503267973856208,213.83137254901962,192.44823529411764,83.2,0.20347727358891798,0.4706591613539139,0.006950976562500001,2.0,45000.0,41000.0,86000.0,2123.456790123457,2123.456790123457,40.249223594996224,40.0,2.0,1.0,193564.53868803626,91063.42721142809,284627.9658994643,301.0,601.0,41.0,0.0,51.0,0.0,7.0,3.0,426151.31561058684,213.07565780529342,True,,one complete CE 519 pavement project,TRACI 2.1 / climate change,Global warming / climate change,kg CO2-eq,False,2123.456790123457,1623.4992046419754,4300.0,2123.456790123457,2866.666666666667,213.07565780529342,0.0,0.0,0.0,0.6725721784776904,19.783402429809907,19.783402429809907,236.01821611787162,19.339370575837112,255.35758669370873,0.0,2892.0603674540685,56712.420298788405,85068.63044818261,50289.7366533474,4120.749106986828,54410.485760334224,0.0,199083.5968747593,753827.1604938272,14333.333333333336,165077.3828254418,0.0,33844.21146870908,6370.37037037037,6450.0,0.0,979902.4584916817,,,,,,,,,,,
SRC,8,8,#6,8,19.0,9.5,100.0,#57 stone,130.0,33.66103204458069,5.499039842323396,5.201089693986001,305.92845488004406,39.15884222464564,0.66,4.625,0.8627450980392157,166.06764705882352,149.46088235294118,83.2,0.2620006091772885,0.4706591613539139,0.010267968749999998,2.0,45000.0,41000.0,86000.0,2123.456790123457,2123.456790123457,40.249223594996224,40.0,2.0,1.0,145294.28927094283,68852.83520864075,214147.12447958358,226.0,451.0,31.0,0.0,51.0,0.0,7.0,3.0,320625.833595821,160.3129167979105,True,,one complete CE 519 pavement project,TRACI 2.1 / climate change,Global warming / climate change,kg CO2-eq,False,2123.456790123457,1623.4992046419754,4300.0,2123.456790123457,2866.666666666667,160.3129167979105,0.0,0.0,0.0,0.6725721784776904,19.783402429809907,19.783402429809907,236.01821611787162,19.339370575837112,255.35758669370873,0.0,2892.0603674540685,56712.420298788405,85068.63044818261,37836.76864329561,3100.3509060481333,40937.11954934374,0.0,185610.23066376883,753827.1604938272,14333.333333333336,124200.187908346,0.0,31553.739212840705,6370.37037037037,6450.0,0.0,936734.7913187175,,,,,,,,,,,
SRC,8,8,#6,10,19.0,9.5,100.0,#57 stone,130.0,33.66103204458069,5.499039842323396,5.201089693986001,305.92845488004406,39.15884222464564,0.528,4.625,0.6901960784313725,135.58729411764708,122.02856470588236,83.2,0.3208989822917912,0.4706591613539139,0.013584960937499998,2.0,45000.0,41000.0,86000.0,2123.456790123457,2123.456790123457,40.249223594996224,40.0,2.0,1.0,116332.13962068676,55526.48000696835,171858.6196276551,181.0,361.0,25.0,0.0,51.0,0.0,7.0,3.0,257310.54438696138,128.6552721934807,True,,one complete CE 519 pavement project,TRACI 2.1 / climate change,Global warming / climate change,kg CO2-eq,False,2123.456790123457,1623.4992046419754,4300.0,2123.456790123457,2866.666666666667,128.6552721934807,0.0,0.0,0.0,0.6725721784776904,19.783402429809907,19.783402429809907,236.01821611787162,19.339370575837112,255.35758669370873,0.0,2892.0603674540685,56712.420298788405,85068.63044818261,30364.987837264525,2488.1119854849153,32853.09982274944,0.0,177526.21093717453,753827.1604938272,14333.333333333336,99673.87095808846,0.0,30179.455859319674,6370.37037037037,6450.0,0.0,910834.191014939,,,,,,,,,,,
SRC,8,8,#6,12,19.0,9.5,100.0,#57 stone,130.0,33.66103204458069,5.499039842323396,5.201089693986001,305.92845488004406,39.15884222464564,0.44,4.625,0.5751633986928104,114.50784313725491,103.05705882352943,83.2,0.3799724412056004,0.4706591613539139,0.016901953125,2.0,45000.0,41000.0,86000.0,2123.456790123457,2123.456790123457,40.249223594996224,40.0,2.0,1.0,97024.03985384939,46642.24320585341,143666.2830597028,151.0,301.0,21.0,0.0,51.0,0.0,7.0,3.0,215100.35158105503,107.55017579052752,True,,one complete CE 519 pavement project,TRACI 2.1 / climate change,Global warming / climate change,kg CO2-eq,False,2123.456790123457,1623.4992046419754,4300.0,2123.456790123457,2866.666666666667,107.55017579052752,0.0,0.0,0.0,0.6725721784776904,19.783402429809907,19.783402429809907,236.01821611787162,19.339370575837112,255.35758669370873,0.0,2892.0603674540685,56712.420298788405,85068.63044818261,25383.80063324381,2079.952705109437,27463.753338353246,0.0,172136.86445277833,753827.1604938272,14333.333333333336,83322.99299125012,0.0,29263.26695697232,6370.37037037037,6450.0,0.0,893567.1241457533,,,,,,,,,,,
SRC,8,8,#6,15,19.0,9.5,100.0,#57 stone,130.0,33.66103204458069,5.499039842323396,5.201089693986001,305.92845488004406,39.15884222464564,0.35200000000000004,4.625,0.46013071895424845,92.82101960784314,83.53891764705882,83.2,0.46874969568179836,0.4706591613539139,0.021877441406249993,2.0,45000.0,41000.0,86000.0,2123.456790123457,2123.456790123457,40.249223594996224,40.0,2.0,1.0,77715.94008701202,37758.00640473847,115473.94649175048,121.0,241.0,17.0,0.0,51.0,0.0,7.0,3.0,172890.15877514865,86.44507938757432,True,,one complete CE 519 pavement project,TRACI 2.1 / climate change,Global warming / climate change,kg CO2-eq,False,2123.456790123457,1623.4992046419754,4300.0,2123.456790123457,2866.666666666667,86.44507938757432,0.0,0.0,0.0,0.6725721784776904,19.783402429809907,19.783402429809907,236.01821611787162,19.339370575837112,255.35758669370873,0.0,2892.0603674540685,56712.420298788405,85068.63044818261,20402.613429223085,1671.793424733958,22074.406853957043,0.0,166747.51796838213,753827.1604938272,14333.333333333336,66972.11502441177,0.0,28347.078054624966,6370.37037037037,6450.0,0.0,876300.0572765677,,,,,,,,,,,
SRC,8,8,#6,18,19.0,9.5,100.0,#57 stone,130.0,33.66103204458069,5.499039842323396,5.201089693986001,305.92845488004406,39.15884222464564,0.29333333333333333,4.625,0.38344226579520696,78.02570806100218,70.22313725490196,83.2,0.557634474268837,0.4706591613539139,0.0268529296875,2.0,45000.0,41000.0,86000.0,2123.456790123457,2123.456790123457,40.249223594996224,40.0,2.0,1.0,64843.87357578709,33315.88800418101,98159.7615799681,101.0,201.0,15.0,0.0,51.0,0.0,7.0,3.0,146966.97636556334,73.48348818278167,True,,one complete CE 519 pavement project,TRACI 2.1 / climate change,Global warming / climate change,kg CO2-eq,False,2123.456790123457,1623.4992046419754,4300.0,2123.456790123457,2866.666666666667,73.48348818278167,0.0,0.0,0.0,0.6725721784776904,19.783402429809907,19.783402429809907,236.01821611787162,19.339370575837112,255.35758669370873,0.0,2892.0603674540685,56712.420298788405,85068.63044818261,17343.44179501883,1421.124409171962,18764.566204190793,0.0,163437.6773186159,753827.1604938272,14333.333333333336,56930.30370077554,0.0,27784.405144164706,6370.37037037037,6450.0,0.0,865695.5730424711,,,,,,,,,,,
SRC,8,8,#6,24,19.0,9.5,100.0,#57 stone,130.0,33.66103204458069,5.499039842323396,5.201089693986001,305.92845488004406,39.15884222464564,0.22,4.625,0.2875816993464052,59.15196078431372,53.23676470588235,83.2,0.7355601423374778,0.4706591613539139,0.036803906250000004,2.0,45000.0,41000.0,86000.0,2123.456790123457,2123.456790123457,40.249223594996224,40.0,2.0,1.0,48753.79043675594,24431.651203066074,73185.441639822,76.0,151.0,11.0,0.0,51.0,0.0,7.0,3.0,109574.86956628907,54.78743478314453,True,,one complete CE 519 pavement project,TRACI 2.1 / climate change,Global warming / climate change,kg CO2-eq,False,2123.456790123457,1623.4992046419754,4300.0,2123.456790123457,2866.666666666667,54.78743478314453,0.0,0.0,0.0,0.6725721784776904,19.783402429809907,19.783402429809907,236.01821611787162,19.339370575837112,255.35758669370873,0.0,2892.0603674540685,56712.420298788405,85068.63044818261,12930.832623192004,1059.55450417074,13990.387127362745,0.0,158663.49824178783,753827.1604938272,14333.333333333336,42445.79807415426,0.0,26972.794701103932,6370.37037037037,6450.0,0.0,850399.4569727891,,,,,,,,,,,
SRC,8,10,#3,6,19.0,9.5,100.0,#57 stone,130.0,39.7932982581865,5.499039842323396,5.431260308356283,207.50474957002695,41.50094991400539,0.22,6.8125,0.2875816993464052,88.02696078431372,79.22426470588235,130.0,0.5238414022279209,0.3192380762615799,0.055630078125,2.0,45000.0,41000.0,86000.0,2654.320987654321,2123.456790123457,20.124611797498112,40.0,2.0,1.0,187007.26934401813,87556.71360571406,274563.9829497322,301.0,601.0,41.0,0.0,51.0,0.0,7.0,3.0,102770.82417354561,51.3854120867728,True,,one complete CE 519 pavement project,TRACI 2.1 / climate change,Global warming / climate change,kg CO2-eq,False,2654.320987654321,2029.3740058024691,5375.0,2123.456790123457,2866.666666666667,51.3854120867728,0.0,0.0,0.0,0.6725721784776904,19.783402429809907,19.783402429809907,236.01821611787162,19.339370575837112,255.35758669370873,0.0,3615.0754593175857,56712.420298788405,106335.78806022825,12127.893295201835,993.7615265381986,13121.654821740034,0.0,179784.93864007428,942283.9506172839,14333.333333333336,39810.12861845802,0.0,30563.43956881263,7962.9629629629635,8062.5,0.0,1043016.3151008509,,,,,,,,,,,
SRC,8,10,#3,8,19.0,9.5,100.0,#57 stone,130.0,39.7932982581865,5.499039842323396,5.431260308356283,207.50474957002695,41.50094991400539,0.165,6.8125,0.21568627450980393,66.37610294117647,59.738492647058834,130.0,0.6947103630350581,0.3192380762615799,0.0751734375,2.0,45000.0,41000.0,86000.0,2654.320987654321,2123.456790123457,20.124611797498112,40.0,2.0,1.0,140372.1446354714,66201.41760432038,206573.5622397918,226.0,451.0,31.0,0.0,51.0,0.0,7.0,3.0,77321.63197725541,38.660815988627704,True,,one complete CE 519 pavement project,TRACI 2.1 / climate change,Global warming / climate change,kg CO2-eq,False,2654.320987654321,2029.3740058024691,5375.0,2123.456790123457,2866.666666666667,38.660815988627704,0.0,0.0,0.0,0.6725721784776904,19.783402429809907,19.783402429809907,236.01821611787162,19.339370575837112,255.35758669370873,0.0,3615.0754593175857,56712.420298788405,106335.78806022825,9124.6568232972,747.6758471683196,9872.33267046552,0.0,176535.61648879977,942283.9506172839,14333.333333333336,29951.925935765474,0.0,30011.054803095965,7962.9629629629635,8062.5,0.0,1032605.7276524417,,,,,,,,,,,
SRC,8,10,#3,10,19.0,9.5,100.0,#57 stone,130.0,39.7932982581865,5.499039842323396,5.431260308356283,207.50474957002695,41.50094991400539,0.132,6.8125,0.17254901960784313,53.27170588235295,47.94453529411766,130.0,0.8656033405979673,0.3192380762615799,0.094716796875,2.0,45000.0,41000.0,86000.0,2654.320987654321,2123.456790123457,20.124611797498112,40.0,2.0,1.0,112391.06981034338,53388.24000348418,165779.30981382757,181.0,361.0,25.0,0.0,51.0,0.0,7.0,3.0,62052.1166594813,31.02605832974065,True,,one complete CE 519 pavement project,TRACI 2.1 / climate change,Global warming / climate change,kg CO2-eq,False,2654.320987654321,2029.3740058024691,5375.0,2123.456790123457,2866.666666666667,31.02605832974065,0.0,0.0,0.0,0.6725721784776904,19.783402429809907,19.783402429809907,236.01821611787162,19.339370575837112,255.35758669370873,0.0,3615.0754593175857,56712.420298788405,106335.78806022825,7322.714940154419,600.0244395463923,7922.739379700812,0.0,174586.02319803508,942283.9506172839,14333.333333333336,24037.004326149952,0.0,29679.623943665967,7962.9629629629635,8062.5,0.0,1026359.3751833962,,,,,,,,,,,
SRC,8,10,#4,6,19.0,9.5,100.0,#57 stone,130.0,39.7932982581865,5.499039842323396,5.431260308356283,207.50474957002695,41.50094991400539,0.4000000000000001,6.75,0.5228758169934641,155.72549019607845,140.15294117647062,130.0,0.2961118729699032,0.3192380762615799,0.028950703124999994,2.0,45000.0,41000.0,86000.0,2654.320987654321,2123.456790123457,26.83281572999748,40.0,2.0,1.0,189193.02579202416,88725.61814095205,277918.6439329762,301.0,601.0,41.0,0.0,51.0,0.0,7.0,3.0,189139.07712105327,94.56953856052664,True,,one complete CE 519 pavement project,TRACI 2.1 / climate change,Global warming / climate change,kg CO2-eq,False,2654.320987654321,2029.3740058024691,5375.0,2123.456790123457,2866.666666666667,94.56953856052664,0.0,0.0,0.0,0.6725721784776904,19.783402429809907,19.783402429809907,236.01821611787162,19.339370575837112,255.35758669370873,0.0,3615.0754593175857,56712.420298788405,106335.78806022825,22320.13379014577,1828.915351407942,24149.04914155371,0.0,190812.33295988798,942283.9506172839,14333.333333333336,73266.42602622816,0.0,32438.09660318096,7962.9629629629635,8062.5,0.0,1078347.2695429893,,,,,,,,,,,
SRC,8,10,#4,8,19.0,9.5,100.0,#57 stone,130.0,39.7932982581865,5.499039842323396,5.431260308356283,207.50474957002695,41.50094991400539,0.30000000000000004,6.75,0.39215686274509814,117.97058823529414,106.17352941176473,130.0,0.3908784999795515,0.3192380762615799,0.03960093749999999,2.0,45000.0,41000.0,86000.0,2654.320987654321,2123.456790123457,26.83281572999748,40.0,2.0,1.0,142012.85951396188,67085.22347242717,209098.08298638905,226.0,451.0,31.0,0.0,51.0,0.0,7.0,3.0,142302.86203240367,71.15143101620184,True,,one complete CE 519 pavement project,TRACI 2.1 / climate change,Global warming / climate change,kg CO2-eq,False,2654.320987654321,2029.3740058024691,5375.0,2123.456790123457,2866.666666666667,71.15143101620184,0.0,0.0,0.0,0.6725721784776904,19.783402429809907,19.783402429809907,236.01821611787162,19.339370575837112,255.35758669370873,0.0,3615.0754593175857,56712.420298788405,106335.78806022825,16793.03382267776,1376.023891423438,18169.0577141012,0.0,184832.34153243544,942283.9506172839,14333.333333333336,55123.57505976815,0.0,31421.498060514026,7962.9629629629635,8062.5,0.0,1059187.8200338625,,,,,,,,,,,
SRC,8,10,#4,10,19.0,9.5,100.0,#57 stone,130.0,39.7932982581865,5.499039842323396,5.431260308356283,207.50474957002695,41.50094991400539,0.24000000000000005,6.75,0.31372549019607854,94.94117647058825,85.44705882352943,130.0,0.48569196512329027,0.3192380762615799,0.05025117187499998,2.0,45000.0,41000.0,86000.0,2654.320987654321,2123.456790123457,26.83281572999748,40.0,2.0,1.0,113704.75974712451,54100.986671312225,167805.74641843673,181.0,361.0,25.0,0.0,51.0,0.0,7.0,3.0,114201.13297921389,57.10056648960694,True,,one complete CE 519 pavement project,TRACI 2.1 / climate change,Global warming / climate change,kg CO2-eq,False,2654.320987654321,2029.3740058024691,5375.0,2123.456790123457,2866.666666666667,57.10056648960694,0.0,0.0,0.0,0.6725721784776904,19.783402429809907,19.783402429809907,236.01821611787162,19.339370575837112,255.35758669370873,0.0,3615.0754593175857,56712.420298788405,106335.78806022825,13476.773842196948,1104.2890154327351,14581.062857629684,0.0,181244.34667596393,942283.9506172839,14333.333333333336,44237.86447989212,0.0,30811.53893491387,7962.9629629629635,8062.5,0.0,1047692.1503283861,,,,,,,,,,,
SRC,8,10,#4,12,19.0,9.5,100.0,#57 stone,130.0,39.7932982581865,5.499039842323396,5.431260308356283,207.50474957002695,41.50094991400539,0.20000000000000004,6.75,0.26143790849673204,79.43137254901961,71.48823529411764,130.0,0.580528386849413,0.3192380762615799,0.06090140624999999,2.0,45000.0,41000.0,86000.0,2654.320987654321,2123.456790123457,26.83281572999748,40.0,2.0,1.0,94832.69323589958,45444.828803902274,140277.52203980187,151.0,301.0,21.0,0.0,51.0,0.0,7.0,3.0,95466.64694375407,47.733323471877036,True,,one complete CE 519 pavement project,TRACI 2.1 / climate change,Global warming / climate change,kg CO2-eq,False,2654.320987654321,2029.3740058024691,5375.0,2123.456790123457,2866.666666666667,47.733323471877036,0.0,0.0,0.0,0.6725721784776904,19.783402429809907,19.783402429809907,236.01821611787162,19.339370575837112,255.35758669370873,0.0,3615.0754593175857,56712.420298788405,106335.78806022825,11265.933855209749,923.1324314389337,12189.066286648682,0.0,178852.35010498294,942283.9506172839,14333.333333333336,36980.72409330813,0.0,30404.8995178471,7962.9629629629635,8062.5,0.0,1040028.3705247354,,,,,,,,,,,
SRC,8,10,#4,15,19.0,9.5,100.0,#57 stone,130.0,39.7932982581865,5.499039842323396,5.431260308356283,207.50474957002695,41.50094991400539,0.16000000000000003,6.75,0.20915032679738566,63.796078431372564,57.416470588235306,130.0,0.7228056599234607,0.3192380762615799,0.07687675781249999,2.0,45000.0,41000.0,86000.0,2654.320987654321,2123.456790123457,26.83281572999748,40.0,2.0,1.0,75960.62672467467,36788.670936492315,112749.29766116699,121.0,241.0,17.0,0.0,51.0,0.0,7.0,3.0,76732.16090829422,38.36608045414711,True,,one complete CE 519 pavement project,TRACI 2.1 / climate change,Global warming / climate change,kg CO2-eq,False,2654.320987654321,2029.3740058024691,5375.0,2123.456790123457,2866.666666666667,38.36608045414711,0.0,0.0,0.0,0.6725721784776904,19.783402429809907,19.783402429809907,236.01821611787162,19.339370575837112,255.35758669370873,0.0,3615.0754593175857,56712.420298788405,106335.78806022825,9055.093868222542,741.975847445132,9797.069715667674,0.0,176460.35353400192,942283.9506172839,14333.333333333336,29723.583706724115,0.0,29998.260100780328,7962.9629629629635,8062.5,0.0,1032364.5907210846,,,,,,,,,,,
SRC,8,10,#4,18,19.0,9.5,100.0,#57 stone,130.0,39.7932982581865,5.499039842323396,5.431260308356283,207.50474957002695,41.50094991400539,0.13333333333333336,6.75,0.1742919389978214,53.30283224400872,47.972549019607854,130.0,0.8650978687216032,0.3192380762615799,0.09285210937499999,2.0,45000.0,41000.0,86000.0,2654.320987654321,2123.456790123457,26.83281572999748,40.0,2.0,1.0,63379.249050524726,32460.592002787336,95839.84105331206,101.0,201.0,15.0,0.0,51.0,0.0,7.0,3.0,65224.33627239294,32.612168136196466,True,,one complete CE 519 pavement project,TRACI 2.1 / climate change,Global warming / climate change,kg CO2-eq,False,2654.320987654321,2029.3740058024691,5375.0,2123.456790123457,2866.666666666667,32.612168136196466,0.0,0.0,0.0,0.6725721784776904,19.783402429809907,19.783402429809907,236.01821611787162,19.339370575837112,255.35758669370873,0.0,3615.0754593175857,56712.420298788405,106335.78806022825,7697.065747241184,630.6988048674106,8327.764552108594,0.0,174991.04837044285,942283.9506172839,14333.333333333336,25265.820693164304,0.0,29748.478222975285,7962.9629629629635,8062.5,0.0,1027657.0458297197,,,,,,,,,,,
SRC,8,10,#5,6,19.0,9.5,100.0,#57 stone,130.0,39.7932982581865,5.499039842323396,5.431260308356283,207.50474957002695,41.50094991400539,0.62,6.6875,0.8104575163398693,233.7004901960784,210.33044117647057,130.0,0.19731309306381112,0.3192380762615799,0.017422492439516126,2.0,45000.0,41000.0,86000.0,2654.320987654321,2123.456790123457,33.54101966249685,40.0,2.0,1.0,191378.78224003024,89894.52267619007,281273.3049162203,301.0,601.0,41.0,0.0,51.0,0.0,7.0,3.0,296704.27094981854,148.35213547490926,True,,one complete CE 519 pavement project,TRACI 2.1 / climate change,Global warming / climate change,kg CO2-eq,False,2654.320987654321,2029.3740058024691,5375.0,2123.456790123457,2866.666666666667,148.35213547490926,0.0,0.0,0.0,0.6725721784776904,19.783402429809907,19.783402429809907,236.01821611787162,19.339370575837112,255.35758669370873,0.0,3615.0754593175857,56712.420298788405,106335.78806022825,35013.8063720649,2869.0369236660613,37882.84329573096,0.0,204546.12711406522,942283.9506172839,14333.333333333336,114933.7400292893,0.0,34772.84160939109,7962.9629629629635,8062.5,0.0,1122349.3285522608,,,,,,,,,,,
SRC,8,10,#5,8,19.0,9.5,100.0,#57 stone,130.0,39.7932982581865,5.499039842323396,5.431260308356283,207.50474957002695,41.50094991400539,0.46499999999999997,6.6875,0.6078431372549019,178.1018382352941,160.2916544117647,130.0,0.25890898728511347,0.3192380762615799,0.024229989919354843,2.0,45000.0,41000.0,86000.0,2654.320987654321,2123.456790123457,33.54101966249685,40.0,2.0,1.0,143653.57439245237,67969.02934053396,211622.60373298632,226.0,451.0,31.0,0.0,51.0,0.0,7.0,3.0,223232.4549100043,111.61622745500216,True,,one complete CE 519 pavement project,TRACI 2.1 / climate change,Global warming / climate change,kg CO2-eq,False,2654.320987654321,2029.3740058024691,5375.0,2123.456790123457,2866.666666666667,111.61622745500216,0.0,0.0,0.0,0.6725721784776904,19.783402429809907,19.783402429809907,236.01821611787162,19.339370575837112,255.35758669370873,0.0,3615.0754593175857,56712.420298788405,106335.78806022825,26343.462893736214,2158.5875850292114,28502.050478765424,0.0,195165.33429709967,942283.9506172839,14333.333333333336,86473.10959357856,0.0,33178.10683050695,7962.9629629629635,8062.5,0.0,1092293.963337666,,,,,,,,,,,
SRC,8,10,#5,10,19.0,9.5,100.0,#57 stone,130.0,39.7932982581865,5.499039842323396,5.431260308356283,207.50474957002695,41.50094991400539,0.372,6.6875,0.48627450980392156,143.83817647058822,129.4543588235294,130.0,0.3205836426920084,0.3192380762615799,0.03103748739919355,2.0,45000.0,41000.0,86000.0,2654.320987654321,2123.456790123457,33.54101966249685,40.0,2.0,1.0,115018.44968390564,54813.733339140286,169832.18302304592,181.0,361.0,25.0,0.0,51.0,0.0,7.0,3.0,179149.36528611582,89.57468264305791,True,,one complete CE 519 pavement project,TRACI 2.1 / climate change,Global warming / climate change,kg CO2-eq,False,2654.320987654321,2029.3740058024691,5375.0,2123.456790123457,2866.666666666667,89.57468264305791,0.0,0.0,0.0,0.6725721784776904,19.783402429809907,19.783402429809907,236.01821611787162,19.339370575837112,255.35758669370873,0.0,3615.0754593175857,56712.420298788405,106335.78806022825,21141.256806739006,1732.3179818471015,22873.574788586106,0.0,189536.85860692034,942283.9506172839,14333.333333333336,69396.7313321521,0.0,32221.26596317646,7962.9629629629635,8062.5,0.0,1074260.7442089089,,,,,,,,,,,
SRC,8,10,#5,12,19.0,9.5,100.0,#57 stone,130.0,39.7932982581865,5.499039842323396,5.431260308356283,207.50474957002695,41.50094991400539,0.31,6.6875,0.40522875816993464,120.61887254901961,108.55698529411765,130.0,0.3822964482807371,0.3192380762615799,0.037844984879032255,2.0,45000.0,41000.0,86000.0,2654.320987654321,2123.456790123457,33.54101966249685,40.0,2.0,1.0,95928.36654487449,46043.53600487784,141971.90254975233,151.0,301.0,21.0,0.0,51.0,0.0,7.0,3.0,149760.63887019013,74.88031943509506,True,,one complete CE 519 pavement project,TRACI 2.1 / climate change,Global warming / climate change,kg CO2-eq,False,2654.320987654321,2029.3740058024691,5375.0,2123.456790123457,2866.666666666667,74.88031943509506,0.0,0.0,0.0,0.6725721784776904,19.783402429809907,19.783402429809907,236.01821611787162,19.339370575837112,255.35758669370873,0.0,3615.0754593175857,56712.420298788405,106335.78806022825,17673.119415407527,1448.1382463923612,19121.25766179989,0.0,185784.54148013415,942283.9506172839,14333.333333333336,58012.479157867805,0.0,31583.37205162281,7962.9629629629635,8062.5,0.0,1062238.598123071,,,,,,,,,,,
SRC,8,10,#5,15,19.0,9.5,100.0,#57 stone,130.0,39.7932982581865,5.499039842323396,5.431260308356283,207.50474957002695,41.50094991400539,0.24799999999999997,6.6875,0.32418300653594767,97.09807843137253,87.38827058823527,130.0,0.47490297764964,0.3192380762615799,0.04805623109879032,2.0,45000.0,41000.0,86000.0,2654.320987654321,2123.456790123457,33.54101966249685,40.0,2.0,1.0,76838.28340584334,37273.3386706154,114111.62207645873,121.0,241.0,17.0,0.0,51.0,0.0,7.0,3.0,120371.91245426444,60.18595622713222,True,,one complete CE 519 pavement project,TRACI 2.1 / climate change,Global warming / climate change,kg CO2-eq,False,2654.320987654321,2029.3740058024691,5375.0,2123.456790123457,2866.666666666667,60.18595622713222,0.0,0.0,0.0,0.6725721784776904,19.783402429809907,19.783402429809907,236.01821611787162,19.339370575837112,255.35758669370873,0.0,3615.0754593175857,56712.420298788405,106335.78806022825,14204.982024076055,1163.9585109376212,15368.940535013677,0.0,182032.22435334793,942283.9506172839,14333.333333333336,46628.22698358351,0.0,30945.47814006915,7962.9629629629635,8062.5,0.0,1050216.452037233,,,,,,,,,,,
SRC,8,10,#5,18,19.0,9.5,100.0,#57 stone,130.0,39.7932982581865,5.499039842323396,5.431260308356283,207.50474957002695,41.50094991400539,0.20666666666666667,6.6875,0.2701525054466231,81.25005446623094,73.12504901960784,130.0,0.567533977349913,0.3192380762615799,0.05826747731854837,2.0,45000.0,41000.0,86000.0,2654.320987654321,2123.456790123457,33.54101966249685,40.0,2.0,1.0,64111.56131315591,32888.24000348417,96999.80131664008,101.0,201.0,15.0,0.0,51.0,0.0,7.0,3.0,102321.31819442795,51.16065909721397,True,,one complete CE 519 pavement project,TRACI 2.1 / climate change,Global warming / climate change,kg CO2-eq,False,2654.320987654321,2029.3740058024691,5375.0,2123.456790123457,2866.666666666667,51.16065909721397,0.0,0.0,0.0,0.6725721784776904,19.783402429809907,19.783402429809907,236.01821611787162,19.339370575837112,255.35758669370873,0.0,3615.0754593175857,56712.420298788405,106335.78806022825,12074.847495539003,989.4149451850932,13064.262440724096,0.0,179727.54625905835,942283.9506172839,14333.333333333336,39636.00438633916,0.0,30553.68286403992,7962.9629629629635,8062.5,0.0,1042832.4341639592,,,,,,,,,,,
SRC,8,10,#5,24,19.0,9.5,100.0,#57 stone,130.0,39.7932982581865,5.499039842323396,5.431260308356283,207.50474957002695,41.50094991400539,0.155,6.6875,0.20261437908496732,61.2515931372549,55.12643382352941,130.0,0.7528321176526331,0.3192380762615799,0.07868996975806451,2.0,45000.0,41000.0,86000.0,2654.320987654321,2123.456790123457,33.54101966249685,40.0,2.0,1.0,48203.15869729662,24118.042669221726,72321.20136651835,76.0,151.0,11.0,0.0,51.0,0.0,7.0,3.0,76288.82283037595,38.144411415187975,True,,one complete CE 519 pavement project,TRACI 2.1 / climate change,Global warming / climate change,kg CO2-eq,False,2654.320987654321,2029.3740058024691,5375.0,2123.456790123457,2866.666666666667,38.144411415187975,0.0,0.0,0.0,0.6725721784776904,19.783402429809907,19.783402429809907,236.01821611787162,19.339370575837112,255.35758669370873,0.0,3615.0754593175857,56712.420298788405,106335.78806022825,9002.775937078844,737.6889077555115,9740.464844834356,0.0,176403.7486631686,942283.9506172839,14333.333333333336,29551.84872215707,0.0,29988.637272738666,7962.9629629629635,8062.5,0.0,1032183.2329084759,,,,,,,,,,,
SRC,8,10,#6,6,19.0,9.5,100.0,#57 stone,130.0,39.7932982581865,5.499039842323396,5.431260308356283,207.50474957002695,41.50094991400539,0.88,6.625,1.1503267973856208,319.4313725490196,287.4882352941177,130.0,0.14435703732901428,0.3192380762615799,0.0112541015625,2.0,45000.0,41000.0,86000.0,2654.320987654321,2123.456790123457,40.249223594996224,40.0,2.0,1.0,193564.53868803626,91063.42721142809,284627.9658994643,301.0,601.0,41.0,0.0,51.0,0.0,7.0,3.0,426151.31561058684,213.07565780529342,True,,one complete CE 519 pavement project,TRACI 2.1 / climate change,Global warming / climate change,kg CO2-eq,False,2654.320987654321,2029.3740058024691,5375.0,2123.456790123457,2866.666666666667,213.07565780529342,0.0,0.0,0.0,0.6725721784776904,19.783402429809907,19.783402429809907,236.01821611787162,19.339370575837112,255.35758669370873,0.0,3615.0754593175857,56712.420298788405,106335.78806022825,50289.7366533474,4120.749106986828,54410.485760334224,0.0,221073.76957866846,942283.9506172839,14333.333333333336,165077.3828254418,0.0,37582.54082837364,7962.9629629629635,8062.5,0.0,1175302.6705673959,,,,,,,,,,,
SRC,8,10,#6,8,19.0,9.5,100.0,#57 stone,130.0,39.7932982581865,5.499039842323396,5.431260308356283,207.50474957002695,41.50094991400539,0.66,6.625,0.8627450980392157,245.2676470588235,220.74088235294118,130.0,0.18800753839358939,0.3192380762615799,0.01600546875,2.0,45000.0,41000.0,86000.0,2654.320987654321,2123.456790123457,40.249223594996224,40.0,2.0,1.0,145294.28927094283,68852.83520864075,214147.12447958358,226.0,451.0,31.0,0.0,51.0,0.0,7.0,3.0,320625.833595821,160.3129167979105,True,,one complete CE 519 pavement project,TRACI 2.1 / climate change,Global warming / climate change,kg CO2-eq,False,2654.320987654321,2029.3740058024691,5375.0,2123.456790123457,2866.666666666667,160.3129167979105,0.0,0.0,0.0,0.6725721784776904,19.783402429809907,19.783402429809907,236.01821611787162,19.339370575837112,255.35758669370873,0.0,3615.0754593175857,56712.420298788405,106335.78806022825,37836.76864329561,3100.3509060481333,40937.11954934374,0.0,207600.403367678,942283.9506172839,14333.333333333336,124200.187908346,0.0,35292.06857250526,7962.9629629629635,8062.5,0.0,1132135.0033944317,,,,,,,,,,,
SRC,8,10,#6,10,19.0,9.5,100.0,#57 stone,130.0,39.7932982581865,5.499039842323396,5.431260308356283,207.50474957002695,41.50094991400539,0.528,6.625,0.6901960784313725,198.9472941176471,179.05256470588236,130.0,0.2317808180082548,0.3192380762615799,0.020756835937500002,2.0,45000.0,41000.0,86000.0,2654.320987654321,2123.456790123457,40.249223594996224,40.0,2.0,1.0,116332.13962068676,55526.48000696835,171858.6196276551,181.0,361.0,25.0,0.0,51.0,0.0,7.0,3.0,257310.54438696138,128.6552721934807,True,,one complete CE 519 pavement project,TRACI 2.1 / climate change,Global warming / climate change,kg CO2-eq,False,2654.320987654321,2029.3740058024691,5375.0,2123.456790123457,2866.666666666667,128.6552721934807,0.0,0.0,0.0,0.6725721784776904,19.783402429809907,19.783402429809907,236.01821611787162,19.339370575837112,255.35758669370873,0.0,3615.0754593175857,56712.420298788405,106335.78806022825,30364.987837264525,2488.1119854849153,32853.09982274944,0.0,199516.3836410837,942283.9506172839,14333.333333333336,99673.87095808846,0.0,33917.78521898423,7962.9629629629635,8062.5,0.0,1106234.4030906528,,,,,,,,,,,
SRC,8,10,#6,12,19.0,9.5,100.0,#57 stone,130.0,39.7932982581865,5.499039842323396,5.431260308356283,207.50474957002695,41.50094991400539,0.44,6.625,0.5751633986928104,167.3078431372549,150.57705882352943,130.0,0.2756127011528557,0.3192380762615799,0.025508203125000004,2.0,45000.0,41000.0,86000.0,2654.320987654321,2123.456790123457,40.249223594996224,40.0,2.0,1.0,97024.03985384939,46642.24320585341,143666.2830597028,151.0,301.0,21.0,0.0,51.0,0.0,7.0,3.0,215100.35158105503,107.55017579052752,True,,one complete CE 519 pavement project,TRACI 2.1 / climate change,Global warming / climate change,kg CO2-eq,False,2654.320987654321,2029.3740058024691,5375.0,2123.456790123457,2866.666666666667,107.55017579052752,0.0,0.0,0.0,0.6725721784776904,19.783402429809907,19.783402429809907,236.01821611787162,19.339370575837112,255.35758669370873,0.0,3615.0754593175857,56712.420298788405,106335.78806022825,25383.80063324381,2079.952705109437,27463.753338353246,0.0,194127.0371566875,942283.9506172839,14333.333333333336,83322.99299125012,0.0,33001.596316636875,7962.9629629629635,8062.5,0.0,1088967.3362214672,,,,,,,,,,,
SRC,8,10,#6,15,19.0,9.5,100.0,#57 stone,130.0,39.7932982581865,5.499039842323396,5.431260308356283,207.50474957002695,41.50094991400539,0.35200000000000004,6.625,0.46013071895424845,135.06101960784315,121.55491764705884,130.0,0.3414172846096248,0.3192380762615799,0.032635253906249995,2.0,45000.0,41000.0,86000.0,2654.320987654321,2123.456790123457,40.249223594996224,40.0,2.0,1.0,77715.94008701202,37758.00640473847,115473.94649175048,121.0,241.0,17.0,0.0,51.0,0.0,7.0,3.0,172890.15877514865,86.44507938757432,True,,one complete CE 519 pavement project,TRACI 2.1 / climate change,Global warming / climate change,kg CO2-eq,False,2654.320987654321,2029.3740058024691,5375.0,2123.456790123457,2866.666666666667,86.44507938757432,0.0,0.0,0.0,0.6725721784776904,19.783402429809907,19.783402429809907,236.01821611787162,19.339370575837112,255.35758669370873,0.0,3615.0754593175857,56712.420298788405,106335.78806022825,20402.613429223085,1671.793424733958,22074.406853957043,0.0,188737.6906722913,942283.9506172839,14333.333333333336,66972.11502441177,0.0,32085.407414289522,7962.9629629629635,8062.5,0.0,1071700.2693522815,,,,,,,,,,,
SRC,8,10,#6,18,19.0,9.5,100.0,#57 stone,130.0,39.7932982581865,5.499039842323396,5.431260308356283,207.50474957002695,41.50094991400539,0.29333333333333333,6.625,0.38344226579520696,113.22570806100218,101.90313725490196,130.0,0.4072588050963958,0.3192380762615799,0.0397623046875,2.0,45000.0,41000.0,86000.0,2654.320987654321,2123.456790123457,40.249223594996224,40.0,2.0,1.0,64843.87357578709,33315.88800418101,98159.7615799681,101.0,201.0,15.0,0.0,51.0,0.0,7.0,3.0,146966.97636556334,73.48348818278167,True,,one complete CE 519 pavement project,TRACI 2.1 / climate change,Global warming / climate change,kg CO2-eq,False,2654.320987654321,2029.3740058024691,5375.0,2123.456790123457,2866.666666666667,73.48348818278167,0.0,0.0,0.0,0.6725721784776904,19.783402429809907,19.783402429809907,236.01821611787162,19.339370575837112,255.35758669370873,0.0,3615.0754593175857,56712.420298788405,106335.78806022825,17343.44179501883,1421.124409171962,18764.566204190793,0.0,185427.85002252506,942283.9506172839,14333.333333333336,56930.30370077554,0.0,31522.734503829262,7962.9629629629635,8062.5,0.0,1061095.785118185,,,,,,,,,,,
SRC,8,10,#6,24,19.0,9.5,100.0,#57 stone,130.0,39.7932982581865,5.499039842323396,5.431260308356283,207.50474957002695,41.50094991400539,0.22,6.625,0.2875816993464052,85.55196078431372,76.99676470588236,130.0,0.5389960223982608,0.3192380762615799,0.05401640625,2.0,45000.0,41000.0,86000.0,2654.320987654321,2123.456790123457,40.249223594996224,40.0,2.0,1.0,48753.79043675594,24431.651203066074,73185.441639822,76.0,151.0,11.0,0.0,51.0,0.0,7.0,3.0,109574.86956628907,54.78743478314453,True,,one complete CE 519 pavement project,TRACI 2.1 / climate change,Global warming / climate change,kg CO2-eq,False,2654.320987654321,2029.3740058024691,5375.0,2123.456790123457,2866.666666666667,54.78743478314453,0.0,0.0,0.0,0.6725721784776904,19.783402429809907,19.783402429809907,236.01821611787162,19.339370575837112,255.35758669370873,0.0,3615.0754593175857,56712.420298788405,106335.78806022825,12930.832623192004,1059.55450417074,13990.387127362745,0.0,180653.670945697,942283.9506172839,14333.333333333336,42445.79807415426,0.0,30711.124060768492,7962.9629629629635,8062.5,0.0,1045799.669048503,,,,,,,,,,,
SRC,8,12,#3,6,19.0,9.5,100.0,#57 stone,130.0,45.62426399858746,5.499039842323396,5.77022359949313,149.09586238854,42.939608367899524,0.22,8.8125,0.2875816993464052,114.42696078431374,102.98426470588237,187.2,0.41695309949080844,0.22937824982852312,0.07284257812500002,2.0,45000.0,41000.0,86000.0,3185.185185185185,2123.456790123457,20.124611797498112,40.0,2.0,1.0,187007.26934401813,87556.71360571406,274563.9829497322,301.0,601.0,41.0,0.0,51.0,0.0,7.0,3.0,102770.82417354561,51.3854120867728,True,,one complete CE 519 pavement project,TRACI 2.1 / climate change,Global warming / climate change,kg CO2-eq,False,3185.185185185185,2435.248806962963,6450.0,2123.456790123457,2866.666666666667,51.3854120867728,0.0,0.0,0.0,0.6725721784776904,19.783402429809907,19.783402429809907,236.01821611787162,19.339370575837112,255.35758669370873,0.0,4338.0905511811025,56712.420298788405,127602.9456722739,12127.893295201835,993.7615265381986,13121.654821740034,0.0,201775.11134398342,1130740.7407407407,14333.333333333336,39810.12861845802,0.0,34301.768928477184,9555.555555555555,9675.0,0.0,1238416.5271765646,,,,,,,,,,,
SRC,8,12,#3,8,19.0,9.5,100.0,#57 stone,130.0,45.62426399858746,5.499039842323396,5.77022359949313,149.09586238854,42.939608367899524,0.165,8.8125,0.21568627450980393,86.17610294117648,77.55849264705883,187.2,0.553641605224362,0.22937824982852312,0.09812343749999998,2.0,45000.0,41000.0,86000.0,3185.185185185185,2123.456790123457,20.124611797498112,40.0,2.0,1.0,140372.1446354714,66201.41760432038,206573.5622397918,226.0,451.0,31.0,0.0,51.0,0.0,7.0,3.0,77321.63197725541,38.660815988627704,True,,one complete CE 519 pavement project,TRACI 2.1 / climate change,Global warming / climate change,kg CO2-eq,False,3185.185185185185,2435.248806962963,6450.0,2123.456790123457,2866.666666666667,38.660815988627704,0.0,0.0,0.0,0.6725721784776904,19.783402429809907,19.783402429809907,236.01821611787162,19.339370575837112,255.35758669370873,0.0,4338.0905511811025,56712.420298788405,127602.9456722739,9124.6568232972,747.6758471683196,9872.33267046552,0.0,198525.7891927089,1130740.7407407407,14333.333333333336,29951.925935765474,0.0,33749.384162760514,9555.555555555555,9675.0,0.0,1228005.9397281555,,,,,,,,,,,
SRC,8,12,#3,10,19.0,9.5,100.0,#57 stone,130.0,45.62426399858746,5.499039842323396,5.77022359949313,149.09586238854,42.939608367899524,0.132,8.8125,0.17254901960784313,69.11170588235294,62.20053529411764,187.2,0.6903414603243834,0.22937824982852312,0.123404296875,2.0,45000.0,41000.0,86000.0,3185.185185185185,2123.456790123457,20.124611797498112,40.0,2.0,1.0,112391.06981034338,53388.24000348418,165779.30981382757,181.0,361.0,25.0,0.0,51.0,0.0,7.0,3.0,62052.1166594813,31.02605832974065,True,,one complete CE 519 pavement project,TRACI 2.1 / climate change,Global warming / climate change,kg CO2-eq,False,3185.185185185185,2435.248806962963,6450.0,2123.456790123457,2866.666666666667,31.02605832974065,0.0,0.0,0.0,0.6725721784776904,19.783402429809907,19.783402429809907,236.01821611787162,19.339370575837112,255.35758669370873,0.0,4338.0905511811025,56712.420298788405,127602.9456722739,7322.714940154419,600.0244395463923,7922.739379700812,0.0,196576.1959019442,1130740.7407407407,14333.333333333336,24037.004326149952,0.0,33417.95330333051,9555.555555555555,9675.0,0.0,1221759.58725911,,,,,,,,,,,
SRC,8,12,#3,12,19.0,9.5,100.0,#57 stone,130.0,45.62426399858746,5.499039842323396,5.77022359949313,149.09586238854,42.939608367899524,0.11,8.8125,0.1437908496732026,57.68799019607843,51.9191911764706,187.2,0.827046943430803,0.22937824982852312,0.14868515625,2.0,45000.0,41000.0,86000.0,3185.185185185185,2123.456790123457,20.124611797498112,40.0,2.0,1.0,93737.0199269247,44846.12160292671,138583.14152985142,151.0,301.0,21.0,0.0,51.0,0.0,7.0,3.0,51872.43978096522,25.93621989048261,True,,one complete CE 519 pavement project,TRACI 2.1 / climate change,Global warming / climate change,kg CO2-eq,False,3185.185185185185,2435.248806962963,6450.0,2123.456790123457,2866.666666666667,25.93621989048261,0.0,0.0,0.0,0.6725721784776904,19.783402429809907,19.783402429809907,236.01821611787162,19.339370575837112,255.35758669370873,0.0,4338.0905511811025,56712.420298788405,127602.9456722739,6121.420351392566,501.59016779844063,6623.010519191006,0.0,195276.4670414344,1130740.7407407407,14333.333333333336,20093.723253072938,0.0,33196.99939704385,9555.555555555555,9675.0,0.0,1217595.3522797462,,,,,,,,,,,
SRC,8,12,#4,6,19.0,9.5,100.0,#57 stone,130.0,45.62426399858746,5.499039842323396,5.77022359949313,149.09586238854,42.939608367899524,0.4000000000000001,8.75,0.5228758169934641,203.72549019607843,183.3529411764706,187.2,0.2341909984774757,0.22937824982852312,0.038417578125,2.0,45000.0,41000.0,86000.0,3185.185185185185,2123.456790123457,26.83281572999748,40.0,2.0,1.0,189193.02579202416,88725.61814095205,277918.6439329762,301.0,601.0,41.0,0.0,51.0,0.0,7.0,3.0,189139.07712105327,94.56953856052664,True,,one complete CE 519 pavement project,TRACI 2.1 / climate change,Global warming / climate change,kg CO2-eq,False,3185.185185185185,2435.248806962963,6450.0,2123.456790123457,2866.666666666667,94.56953856052664,0.0,0.0,0.0,0.6725721784776904,19.783402429809907,19.783402429809907,236.01821611787162,19.339370575837112,255.35758669370873,0.0,4338.0905511811025,56712.420298788405,127602.9456722739,22320.13379014577,1828.915351407942,24149.04914155371,0.0,212802.50566379708,1130740.7407407407,14333.333333333336,73266.42602622816,0.0,36176.425962845504,9555.555555555555,9675.0,0.0,1273747.481618703,,,,,,,,,,,
SRC,8,12,#4,8,19.0,9.5,100.0,#57 stone,130.0,45.62426399858746,5.499039842323396,5.77022359949313,149.09586238854,42.939608367899524,0.30000000000000004,8.75,0.39215686274509814,153.97058823529414,138.57352941176475,187.2,0.3098687646203085,0.22937824982852312,0.05222343749999999,2.0,45000.0,41000.0,86000.0,3185.185185185185,2123.456790123457,26.83281572999748,40.0,2.0,1.0,142012.85951396188,67085.22347242717,209098.08298638905,226.0,451.0,31.0,0.0,51.0,0.0,7.0,3.0,142302.86203240367,71.15143101620184,True,,one complete CE 519 pavement project,TRACI 2.1 / climate change,Global warming / climate change,kg CO2-eq,False,3185.185185185185,2435.248806962963,6450.0,2123.456790123457,2866.666666666667,71.15143101620184,0.0,0.0,0.0,0.6725721784776904,19.783402429809907,19.783402429809907,236.01821611787162,19.339370575837112,255.35758669370873,0.0,4338.0905511811025,56712.420298788405,127602.9456722739,16793.03382267776,1376.023891423438,18169.0577141012,0.0,206822.51423634458,1130740.7407407407,14333.333333333336,55123.57505976815,0.0,35159.82742017858,9555.555555555555,9675.0,0.0,1254588.032109576,,,,,,,,,,,
SRC,8,12,#4,10,19.0,9.5,100.0,#57 stone,130.0,45.62426399858746,5.499039842323396,5.77022359949313,149.09586238854,42.939608367899524,0.24000000000000005,8.75,0.31372549019607854,123.74117647058829,111.36705882352946,187.2,0.38556830737481335,0.22937824982852312,0.06602929687499998,2.0,45000.0,41000.0,86000.0,3185.185185185185,2123.456790123457,26.83281572999748,40.0,2.0,1.0,113704.75974712451,54100.986671312225,167805.74641843673,181.0,361.0,25.0,0.0,51.0,0.0,7.0,3.0,114201.13297921389,57.10056648960694,True,,one complete CE 519 pavement project,TRACI 2.1 / climate change,Global warming / climate change,kg CO2-eq,False,3185.185185185185,2435.248806962963,6450.0,2123.456790123457,2866.666666666667,57.10056648960694,0.0,0.0,0.0,0.6725721784776904,19.783402429809907,19.783402429809907,236.01821611787162,19.339370575837112,255.35758669370873,0.0,4338.0905511811025,56712.420298788405,127602.9456722739,13476.773842196948,1104.2890154327351,14581.062857629684,0.0,203234.51937987306,1130740.7407407407,14333.333333333336,44237.86447989212,0.0,34549.868294578424,9555.555555555555,9675.0,0.0,1243092.3624041001,,,,,,,,,,,
SRC,8,12,#4,12,19.0,9.5,100.0,#57 stone,130.0,45.62426399858746,5.499039842323396,5.77022359949313,149.09586238854,42.939608367899524,0.20000000000000004,8.75,0.26143790849673204,103.43137254901963,93.08823529411767,187.2,0.46127857330444977,0.22937824982852312,0.07983515624999998,2.0,45000.0,41000.0,86000.0,3185.185185185185,2123.456790123457,26.83281572999748,40.0,2.0,1.0,94832.69323589958,45444.828803902274,140277.52203980187,151.0,301.0,21.0,0.0,51.0,0.0,7.0,3.0,95466.64694375407,47.733323471877036,True,,one complete CE 519 pavement project,TRACI 2.1 / climate change,Global warming / climate change,kg CO2-eq,False,3185.185185185185,2435.248806962963,6450.0,2123.456790123457,2866.666666666667,47.733323471877036,0.0,0.0,0.0,0.6725721784776904,19.783402429809907,19.783402429809907,236.01821611787162,19.339370575837112,255.35758669370873,0.0,4338.0905511811025,56712.420298788405,127602.9456722739,11265.933855209749,923.1324314389337,12189.066286648682,0.0,200842.52280889207,1130740.7407407407,14333.333333333336,36980.72409330813,0.0,34143.228877511654,9555.555555555555,9675.0,0.0,1235428.5826004492,,,,,,,,,,,
SRC,8,12,#4,15,19.0,9.5,100.0,#57 stone,130.0,45.62426399858746,5.499039842323396,5.77022359949313,149.09586238854,42.939608367899524,0.16000000000000003,8.75,0.20915032679738566,82.99607843137258,74.69647058823531,187.2,0.5748545818798366,0.22937824982852312,0.1005439453125,2.0,45000.0,41000.0,86000.0,3185.185185185185,2123.456790123457,26.83281572999748,40.0,2.0,1.0,75960.62672467467,36788.670936492315,112749.29766116699,121.0,241.0,17.0,0.0,51.0,0.0,7.0,3.0,76732.16090829422,38.36608045414711,True,,one complete CE 519 pavement project,TRACI 2.1 / climate change,Global warming / climate change,kg CO2-eq,False,3185.185185185185,2435.248806962963,6450.0,2123.456790123457,2866.666666666667,38.36608045414711,0.0,0.0,0.0,0.6725721784776904,19.783402429809907,19.783402429809907,236.01821611787162,19.339370575837112,255.35758669370873,0.0,4338.0905511811025,56712.420298788405,127602.9456722739,9055.093868222542,741.975847445132,9797.069715667674,0.0,198450.52623791105,1130740.7407407407,14333.333333333336,29723.583706724115,0.0,33736.589460444884,9555.555555555555,9675.0,0.0,1227764.8027967985,,,,,,,,,,,
SRC,8,12,#4,18,19.0,9.5,100.0,#57 stone,130.0,45.62426399858746,5.499039842323396,5.77022359949313,149.09586238854,42.939608367899524,0.13333333333333336,8.75,0.1742919389978214,69.30283224400873,62.37254901960785,187.2,0.6884376066529001,0.22937824982852312,0.12125273437499998,2.0,45000.0,41000.0,86000.0,3185.185185185185,2123.456790123457,26.83281572999748,40.0,2.0,1.0,63379.249050524726,32460.592002787336,95839.84105331206,101.0,201.0,15.0,0.0,51.0,0.0,7.0,3.0,65224.33627239294,32.612168136196466,True,,one complete CE 519 pavement project,TRACI 2.1 / climate change,Global warming / climate change,kg CO2-eq,False,3185.185185185185,2435.248806962963,6450.0,2123.456790123457,2866.666666666667,32.612168136196466,0.0,0.0,0.0,0.6725721784776904,19.783402429809907,19.783402429809907,236.01821611787162,19.339370575837112,255.35758669370873,0.0,4338.0905511811025,56712.420298788405,127602.9456722739,7697.065747241184,630.6988048674106,8327.764552108594,0.0,196981.22107435198,1130740.7407407407,14333.333333333336,25265.820693164304,0.0,33486.80758263984,9555.555555555555,9675.0,0.0,1223057.2579054337,,,,,,,,,,,
SRC,8,12,#4,24,19.0,9.5,100.0,#57 stone,130.0,45.62426399858746,5.499039842323396,5.77022359949313,149.09586238854,42.939608367899524,0.10000000000000002,8.75,0.13071895424836602,52.10784313725491,46.89705882352942,187.2,0.9156141012910527,0.22937824982852312,0.1626703125,2.0,45000.0,41000.0,86000.0,3185.185185185185,2123.456790123457,26.83281572999748,40.0,2.0,1.0,47652.5269578373,23804.43413537738,71456.96109321468,76.0,151.0,11.0,0.0,51.0,0.0,7.0,3.0,48630.431855104434,24.315215927552217,True,,one complete CE 519 pavement project,TRACI 2.1 / climate change,Global warming / climate change,kg CO2-eq,False,3185.185185185185,2435.248806962963,6450.0,2123.456790123457,2866.666666666667,24.315215927552217,0.0,0.0,0.0,0.6725721784776904,19.783402429809907,19.783402429809907,236.01821611787162,19.339370575837112,255.35758669370873,0.0,4338.0905511811025,56712.420298788405,127602.9456722739,5738.833887741734,470.2409714544292,6209.074859196163,0.0,194862.53138143956,1130740.7407407407,14333.333333333336,18837.873126848095,0.0,33126.630334844725,9555.555555555555,9675.0,0.0,1216269.1330913224,,,,,,,,,,,
SRC,8,12,#5,6,19.0,9.5,100.0,#57 stone,130.0,45.62426399858746,5.499039842323396,5.77022359949313,149.09586238854,42.939608367899524,0.62,8.6875,0.8104575163398693,308.10049019607845,277.2904411764706,187.2,0.154854268274514,0.22937824982852312,0.02353015372983871,2.0,45000.0,41000.0,86000.0,3185.185185185185,2123.456790123457,33.54101966249685,40.0,2.0,1.0,191378.78224003024,89894.52267619007,281273.3049162203,301.0,601.0,41.0,0.0,51.0,0.0,7.0,3.0,296704.27094981854,148.35213547490926,True,,one complete CE 519 pavement project,TRACI 2.1 / climate change,Global warming / climate change,kg CO2-eq,False,3185.185185185185,2435.248806962963,6450.0,2123.456790123457,2866.666666666667,148.35213547490926,0.0,0.0,0.0,0.6725721784776904,19.783402429809907,19.783402429809907,236.01821611787162,19.339370575837112,255.35758669370873,0.0,4338.0905511811025,56712.420298788405,127602.9456722739,35013.8063720649,2869.0369236660613,37882.84329573096,0.0,226536.29981797436,1130740.7407407407,14333.333333333336,114933.7400292893,0.0,38511.170969055645,9555.555555555555,9675.0,0.0,1317749.5406279746,,,,,,,,,,,
SRC,8,12,#5,8,19.0,9.5,100.0,#57 stone,130.0,45.62426399858746,5.499039842323396,5.77022359949313,149.09586238854,42.939608367899524,0.46499999999999997,8.6875,0.6078431372549019,233.90183823529406,210.51165441176468,187.2,0.2039773450447967,0.22937824982852312,0.032373538306451614,2.0,45000.0,41000.0,86000.0,3185.185185185185,2123.456790123457,33.54101966249685,40.0,2.0,1.0,143653.57439245237,67969.02934053396,211622.60373298632,226.0,451.0,31.0,0.0,51.0,0.0,7.0,3.0,223232.4549100043,111.61622745500216,True,,one complete CE 519 pavement project,TRACI 2.1 / climate change,Global warming / climate change,kg CO2-eq,False,3185.185185185185,2435.248806962963,6450.0,2123.456790123457,2866.666666666667,111.61622745500216,0.0,0.0,0.0,0.6725721784776904,19.783402429809907,19.783402429809907,236.01821611787162,19.339370575837112,255.35758669370873,0.0,4338.0905511811025,56712.420298788405,127602.9456722739,26343.462893736214,2158.5875850292114,28502.050478765424,0.0,217155.5070010088,1130740.7407407407,14333.333333333336,86473.10959357856,0.0,36916.4361901715,9555.555555555555,9675.0,0.0,1287694.1754133794,,,,,,,,,,,
SRC,8,12,#5,10,19.0,9.5,100.0,#57 stone,130.0,45.62426399858746,5.499039842323396,5.77022359949313,149.09586238854,42.939608367899524,0.372,8.6875,0.48627450980392156,188.47817647058827,169.63035882352943,187.2,0.2531363410754241,0.22937824982852312,0.04121692288306452,2.0,45000.0,41000.0,86000.0,3185.185185185185,2123.456790123457,33.54101966249685,40.0,2.0,1.0,115018.44968390564,54813.733339140286,169832.18302304592,181.0,361.0,25.0,0.0,51.0,0.0,7.0,3.0,179149.36528611582,89.57468264305791,True,,one complete CE 519 pavement project,TRACI 2.1 / climate change,Global warming / climate change,kg CO2-eq,False,3185.185185185185,2435.248806962963,6450.0,2123.456790123457,2866.666666666667,89.57468264305791,0.0,0.0,0.0,0.6725721784776904,19.783402429809907,19.783402429809907,236.01821611787162,19.339370575837112,255.35758669370873,0.0,4338.0905511811025,56712.420298788405,127602.9456722739,21141.256806739006,1732.3179818471015,22873.574788586106,0.0,211527.0313108295,1130740.7407407407,14333.333333333336,69396.7313321521,0.0,35959.59532284102,9555.555555555555,9675.0,0.0,1269660.9562846227,,,,,,,,,,,
SRC,8,12,#5,12,19.0,9.5,100.0,#57 stone,130.0,45.62426399858746,5.499039842323396,5.77022359949313,149.09586238854,42.939608367899524,0.31,8.6875,0.40522875816993464,157.8188725490196,142.03698529411764,187.2,0.3023128678701817,0.22937824982852312,0.05006030745967741,2.0,45000.0,41000.0,86000.0,3185.185185185185,2123.456790123457,33.54101966249685,40.0,2.0,1.0,95928.36654487449,46043.53600487784,141971.90254975233,151.0,301.0,21.0,0.0,51.0,0.0,7.0,3.0,149760.63887019013,74.88031943509506,True,,one complete CE 519 pavement project,TRACI 2.1 / climate change,Global warming / climate change,kg CO2-eq,False,3185.185185185185,2435.248806962963,6450.0,2123.456790123457,2866.666666666667,74.88031943509506,0.0,0.0,0.0,0.6725721784776904,19.783402429809907,19.783402429809907,236.01821611787162,19.339370575837112,255.35758669370873,0.0,4338.0905511811025,56712.420298788405,127602.9456722739,17673.119415407527,1448.1382463923612,19121.25766179989,0.0,207774.7141840433,1130740.7407407407,14333.333333333336,58012.479157867805,0.0,35321.70141128736,9555.555555555555,9675.0,0.0,1257638.8101987846,,,,,,,,,,,
SRC,8,12,#5,15,19.0,9.5,100.0,#57 stone,130.0,45.62426399858746,5.499039842323396,5.77022359949313,149.09586238854,42.939608367899524,0.24799999999999997,8.6875,0.32418300653594767,126.85807843137255,114.17227058823529,187.2,0.37609489718183964,0.22937824982852312,0.06332538432459678,2.0,45000.0,41000.0,86000.0,3185.185185185185,2123.456790123457,33.54101966249685,40.0,2.0,1.0,76838.28340584334,37273.3386706154,114111.62207645873,121.0,241.0,17.0,0.0,51.0,0.0,7.0,3.0,120371.91245426444,60.18595622713222,True,,one complete CE 519 pavement project,TRACI 2.1 / climate change,Global warming / climate change,kg CO2-eq,False,3185.185185185185,2435.248806962963,6450.0,2123.456790123457,2866.666666666667,60.18595622713222,0.0,0.0,0.0,0.6725721784776904,19.783402429809907,19.783402429809907,236.01821611787162,19.339370575837112,255.35758669370873,0.0,4338.0905511811025,56712.420298788405,127602.9456722739,14204.982024076055,1163.9585109376212,15368.940535013677,0.0,204022.39705725707,1130740.7407407407,14333.333333333336,46628.22698358351,0.0,34683.8074997337,9555.555555555555,9675.0,0.0,1245616.6641129467,,,,,,,,,,,
SRC,8,12,#5,18,19.0,9.5,100.0,#57 stone,130.0,45.62426399858746,5.499039842323396,5.77022359949313,149.09586238854,42.939608367899524,0.20666666666666667,8.6875,0.2701525054466231,106.05005446623093,95.44504901960784,187.2,0.4498882740274793,0.22937824982852312,0.07659046118951612,2.0,45000.0,41000.0,86000.0,3185.185185185185,2123.456790123457,33.54101966249685,40.0,2.0,1.0,64111.56131315591,32888.24000348417,96999.80131664008,101.0,201.0,15.0,0.0,51.0,0.0,7.0,3.0,102321.31819442795,51.16065909721397,True,,one complete CE 519 pavement project,TRACI 2.1 / climate change,Global warming / climate change,kg CO2-eq,False,3185.185185185185,2435.248806962963,6450.0,2123.456790123457,2866.666666666667,51.16065909721397,0.0,0.0,0.0,0.6725721784776904,19.783402429809907,19.783402429809907,236.01821611787162,19.339370575837112,255.35758669370873,0.0,4338.0905511811025,56712.420298788405,127602.9456722739,12074.847495539003,989.4149451850932,13064.262440724096,0.0,201717.71896296748,1130740.7407407407,14333.333333333336,39636.00438633916,0.0,34292.01222370448,9555.555555555555,9675.0,0.0,1238232.646239673,,,,,,,,,,,
SRC,8,12,#5,24,19.0,9.5,100.0,#57 stone,130.0,45.62426399858746,5.499039842323396,5.77022359949313,149.09586238854,42.939608367899524,0.155,8.6875,0.20261437908496732,79.85159313725491,71.86643382352943,187.2,0.5974918481879767,0.22937824982852312,0.10312061491935483,2.0,45000.0,41000.0,86000.0,3185.185185185185,2123.456790123457,33.54101966249685,40.0,2.0,1.0,48203.15869729662,24118.042669221726,72321.20136651835,76.0,151.0,11.0,0.0,51.0,0.0,7.0,3.0,76288.82283037595,38.144411415187975,True,,one complete CE 519 pavement project,TRACI 2.1 / climate change,Global warming / climate change,kg CO2-eq,False,3185.185185185185,2435.248806962963,6450.0,2123.456790123457,2866.666666666667,38.144411415187975,0.0,0.0,0.0,0.6725721784776904,19.783402429809907,19.783402429809907,236.01821611787162,19.339370575837112,255.35758669370873,0.0,4338.0905511811025,56712.420298788405,127602.9456722739,9002.775937078844,737.6889077555115,9740.464844834356,0.0,198393.92136707774,1130740.7407407407,14333.333333333336,29551.84872215707,0.0,33726.966632403215,9555.555555555555,9675.0,0.0,1227583.4449841897,,,,,,,,,,,
SRC,8,12,#6,6,19.0,9.5,100.0,#57 stone,130.0,45.62426399858746,5.499039842323396,5.77022359949313,149.09586238854,42.939608367899524,0.88,8.625,1.1503267973856208,425.03137254901964,382.52823529411774,187.2,0.11225212783282307,0.22937824982852312,0.015557226562500004,2.0,45000.0,41000.0,86000.0,3185.185185185185,2123.456790123457,40.249223594996224,40.0,2.0,1.0,193564.53868803626,91063.42721142809,284627.9658994643,301.0,601.0,41.0,0.0,51.0,0.0,7.0,3.0,426151.31561058684,213.07565780529342,True,,one complete CE 519 pavement project,TRACI 2.1 / climate change,Global warming / climate change,kg CO2-eq,False,3185.185185185185,2435.248806962963,6450.0,2123.456790123457,2866.666666666667,213.07565780529342,0.0,0.0,0.0,0.6725721784776904,19.783402429809907,19.783402429809907,236.01821611787162,19.339370575837112,255.35758669370873,0.0,4338.0905511811025,56712.420298788405,127602.9456722739,50289.7366533474,4120.749106986828,54410.485760334224,0.0,243063.94228257763,1130740.7407407407,14333.333333333336,165077.3828254418,0.0,41320.8701880382,9555.555555555555,9675.0,0.0,1370702.8826431094,,,,,,,,,,,
SRC,8,12,#6,8,19.0,9.5,100.0,#57 stone,130.0,45.62426399858746,5.499039842323396,5.77022359949313,149.09586238854,42.939608367899524,0.66,8.625,0.8627450980392157,324.4676470588235,292.02088235294116,187.2,0.1470429375526714,0.22937824982852312,0.021742968749999998,2.0,45000.0,41000.0,86000.0,3185.185185185185,2123.456790123457,40.249223594996224,40.0,2.0,1.0,145294.28927094283,68852.83520864075,214147.12447958358,226.0,451.0,31.0,0.0,51.0,0.0,7.0,3.0,320625.833595821,160.3129167979105,True,,one complete CE 519 pavement project,TRACI 2.1 / climate change,Global warming / climate change,kg CO2-eq,False,3185.185185185185,2435.248806962963,6450.0,2123.456790123457,2866.666666666667,160.3129167979105,0.0,0.0,0.0,0.6725721784776904,19.783402429809907,19.783402429809907,236.01821611787162,19.339370575837112,255.35758669370873,0.0,4338.0905511811025,56712.420298788405,127602.9456722739,37836.76864329561,3100.3509060481333,40937.11954934374,0.0,229590.57607158713,1130740.7407407407,14333.333333333336,124200.187908346,0.0,39030.39793216981,9555.555555555555,9675.0,0.0,1327535.2154701452,,,,,,,,,,,
SRC,8,12,#6,10,19.0,9.5,100.0,#57 stone,130.0,45.62426399858746,5.499039842323396,5.77022359949313,149.09586238854,42.939608367899524,0.528,8.625,0.6901960784313725,262.3072941176471,236.07656470588233,187.2,0.18188848360020884,0.22937824982852312,0.0279287109375,2.0,45000.0,41000.0,86000.0,3185.185185185185,2123.456790123457,40.249223594996224,40.0,2.0,1.0,116332.13962068676,55526.48000696835,171858.6196276551,181.0,361.0,25.0,0.0,51.0,0.0,7.0,3.0,257310.54438696138,128.6552721934807,True,,one complete CE 519 pavement project,TRACI 2.1 / climate change,Global warming / climate change,kg CO2-eq,False,3185.185185185185,2435.248806962963,6450.0,2123.456790123457,2866.666666666667,128.6552721934807,0.0,0.0,0.0,0.6725721784776904,19.783402429809907,19.783402429809907,236.01821611787162,19.339370575837112,255.35758669370873,0.0,4338.0905511811025,56712.420298788405,127602.9456722739,30364.987837264525,2488.1119854849153,32853.09982274944,0.0,221506.55634499283,1130740.7407407407,14333.333333333336,99673.87095808846,0.0,37656.11457864878,9555.555555555555,9675.0,0.0,1301634.6151663666,,,,,,,,,,,
SRC,8,12,#6,12,19.0,9.5,100.0,#57 stone,130.0,45.62426399858746,5.499039842323396,5.77022359949313,149.09586238854,42.939608367899524,0.44,8.625,0.5751633986928104,220.1078431372549,198.0970588235294,187.2,0.21676045380437156,0.22937824982852312,0.034114453125000006,2.0,45000.0,41000.0,86000.0,3185.185185185185,2123.456790123457,40.249223594996224,40.0,2.0,1.0,97024.03985384939,46642.24320585341,143666.2830597028,151.0,301.0,21.0,0.0,51.0,0.0,7.0,3.0,215100.35158105503,107.55017579052752,True,,one complete CE 519 pavement project,TRACI 2.1 / climate change,Global warming / climate change,kg CO2-eq,False,3185.185185185185,2435.248806962963,6450.0,2123.456790123457,2866.666666666667,107.55017579052752,0.0,0.0,0.0,0.6725721784776904,19.783402429809907,19.783402429809907,236.01821611787162,19.339370575837112,255.35758669370873,0.0,4338.0905511811025,56712.420298788405,127602.9456722739,25383.80063324381,2079.952705109437,27463.753338353246,0.0,216117.20986059663,1130740.7407407407,14333.333333333336,83322.99299125012,0.0,36739.92567630143,9555.555555555555,9675.0,0.0,1284367.548297181,,,,,,,,,,,
SRC,8,12,#6,15,19.0,9.5,100.0,#57 stone,130.0,45.62426399858746,5.499039842323396,5.77022359949313,149.09586238854,42.939608367899524,0.35200000000000004,8.625,0.46013071895424845,177.3010196078432,159.57091764705888,187.2,0.2690941996264879,0.22937824982852312,0.043393066406249986,2.0,45000.0,41000.0,86000.0,3185.185185185185,2123.456790123457,40.249223594996224,40.0,2.0,1.0,77715.94008701202,37758.00640473847,115473.94649175048,121.0,241.0,17.0,0.0,51.0,0.0,7.0,3.0,172890.15877514865,86.44507938757432,True,,one complete CE 519 pavement project,TRACI 2.1 / climate change,Global warming / climate change,kg CO2-eq,False,3185.185185185185,2435.248806962963,6450.0,2123.456790123457,2866.666666666667,86.44507938757432,0.0,0.0,0.0,0.6725721784776904,19.783402429809907,19.783402429809907,236.01821611787162,19.339370575837112,255.35758669370873,0.0,4338.0905511811025,56712.420298788405,127602.9456722739,20402.613429223085,1671.793424733958,22074.406853957043,0.0,210727.86337620043,1130740.7407407407,14333.333333333336,66972.11502441177,0.0,35823.73677395408,9555.555555555555,9675.0,0.0,1267100.4814279953,,,,,,,,,,,
SRC,8,12,#6,18,19.0,9.5,100.0,#57 stone,130.0,45.62426399858746,5.499039842323396,5.77022359949313,149.09586238854,42.939608367899524,0.29333333333333333,8.625,0.38344226579520696,148.42570806100215,133.58313725490197,187.2,0.3214448264226839,0.22937824982852312,0.0526716796875,2.0,45000.0,41000.0,86000.0,3185.185185185185,2123.456790123457,40.249223594996224,40.0,2.0,1.0,64843.87357578709,33315.88800418101,98159.7615799681,101.0,201.0,15.0,0.0,51.0,0.0,7.0,3.0,146966.97636556334,73.48348818278167,True,,one complete CE 519 pavement project,TRACI 2.1 / climate change,Global warming / climate change,kg CO2-eq,False,3185.185185185185,2435.248806962963,6450.0,2123.456790123457,2866.666666666667,73.48348818278167,0.0,0.0,0.0,0.6725721784776904,19.783402429809907,19.783402429809907,236.01821611787162,19.339370575837112,255.35758669370873,0.0,4338.0905511811025,56712.420298788405,127602.9456722739,17343.44179501883,1421.124409171962,18764.566204190793,0.0,207418.02272643417,1130740.7407407407,14333.333333333336,56930.30370077554,0.0,35261.06386349381,9555.555555555555,9675.0,0.0,1256495.9971938988,,,,,,,,,,,
SRC,8,12,#6,24,19.0,9.5,100.0,#57 stone,130.0,45.62426399858746,5.499039842323396,5.77022359949313,149.09586238854,42.939608367899524,0.22,8.625,0.2875816993464052,111.95196078431374,100.75676470588236,187.2,0.42617097217486016,0.22937824982852312,0.07122890625000002,2.0,45000.0,41000.0,86000.0,3185.185185185185,2123.456790123457,40.249223594996224,40.0,2.0,1.0,48753.79043675594,24431.651203066074,73185.441639822,76.0,151.0,11.0,0.0,51.0,0.0,7.0,3.0,109574.86956628907,54.78743478314453,True,,one complete CE 519 pavement project,TRACI 2.1 / climate change,Global warming / climate change,kg CO2-eq,False,3185.185185185185,2435.248806962963,6450.0,2123.456790123457,2866.666666666667,54.78743478314453,0.0,0.0,0.0,0.6725721784776904,19.783402429809907,19.783402429809907,236.01821611787162,19.339370575837112,255.35758669370873,0.0,4338.0905511811025,56712.420298788405,127602.9456722739,12930.832623192004,1059.55450417074,13990.387127362745,0.0,202643.84364960613,1130740.7407407407,14333.333333333336,42445.79807415426,0.0,34449.45342043305,9555.555555555555,9675.0,0.0,1241199.8811242166,,,,,,,,,,,
SRC,10,6,#4,6,19.0,9.5,100.0,#57 stone,140.0,26.630370211515178,5.499039842323396,5.136027579968186,485.7391357571253,34.973217774513024,0.4000000000000001,2.75,0.5228758169934641,59.72549019607844,53.75294117647059,46.8,0.6506289146057358,0.7472909780878851,0.010016953124999999,2.0,45000.0,41000.0,86000.0,1592.5925925925926,2654.320987654321,26.83281572999748,40.0,2.0,1.0,189193.02579202416,88725.61814095205,277918.6439329762,301.0,601.0,41.0,0.0,51.0,0.0,7.0,3.0,189139.07712105327,94.56953856052664,True,,one complete CE 519 pavement project,TRACI 2.1 / climate change,Global warming / climate change,kg CO2-eq,False,1592.5925925925926,1217.6244034814815,3225.0,2654.320987654321,3583.3333333333335,94.56953856052664,0.0,0.0,0.0,0.6725721784776904,19.783402429809907,19.783402429809907,236.01821611787162,19.339370575837112,255.35758669370873,0.0,2169.0452755905512,70890.5253734855,63801.47283613695,22320.13379014577,1828.915351407942,24149.04914155371,0.0,161010.0926267667,565370.3703703703,17916.666666666668,73266.42602622816,0.0,27371.715746550344,4777.777777777777,4837.5,0.0,693540.4565875932,,,,,,,,,,,
SRC,10,6,#4,8,19.0,9.5,100.0,#57 stone,140.0,26.630370211515178,5.499039842323396,5.136027579968186,485.7391357571253,34.973217774513024,0.30000000000000004,2.75,0.39215686274509814,45.97058823529412,41.373529411764714,46.8,0.8453041901851444,0.7472909780878851,0.014355937499999997,2.0,45000.0,41000.0,86000.0,1592.5925925925926,2654.320987654321,26.83281572999748,40.0,2.0,1.0,142012.85951396188,67085.22347242717,209098.08298638905,226.0,451.0,31.0,0.0,51.0,0.0,7.0,3.0,142302.86203240367,71.15143101620184,True,,one complete CE 519 pavement project,TRACI 2.1 / climate change,Global warming / climate change,kg CO2-eq,False,1592.5925925925926,1217.6244034814815,3225.0,2654.320987654321,3583.3333333333335,71.15143101620184,0.0,0.0,0.0,0.6725721784776904,19.783402429809907,19.783402429809907,236.01821611787162,19.339370575837112,255.35758669370873,0.0,2169.0452755905512,70890.5253734855,63801.47283613695,16793.03382267776,1376.023891423438,18169.0577141012,0.0,155030.1011993142,565370.3703703703,17916.666666666668,55123.57505976815,0.0,26355.117203883416,4777.777777777777,4837.5,0.0,674381.0070784662,,,,,,,,,,,
SRC,10,6,#5,6,19.0,9.5,100.0,#57 stone,140.0,26.630370211515178,5.499039842323396,5.136027579968186,485.7391357571253,34.973217774513024,0.62,2.6875,0.8104575163398693,84.90049019607844,76.41044117647058,46.8,0.45770207887875,0.7472909780878851,0.005207169858870968,2.0,45000.0,41000.0,86000.0,1592.5925925925926,2654.320987654321,33.54101966249685,40.0,2.0,1.0,191378.78224003024,89894.52267619007,281273.3049162203,301.0,601.0,41.0,0.0,51.0,0.0,7.0,3.0,296704.27094981854,148.35213547490926,True,,one complete CE 519 pavement project,TRACI 2.1 / climate change,Global warming / climate change,kg CO2-eq,False,1592.5925925925926,1217.6244034814815,3225.0,2654.320987654321,3583.3333333333335,148.35213547490926,0.0,0.0,0.0,0.6725721784776904,19.783402429809907,19.783402429809907,236.01821611787162,19.339370575837112,255.35758669370873,0.0,2169.0452755905512,70890.5253734855,63801.47283613695,35013.8063720649,2869.0369236660613,37882.84329573096,0.0,174743.88678094398,565370.3703703703,17916.666666666668,114933.7400292893,0.0,29706.46075276048,4777.777777777777,4837.5,0.0,737542.5155968645,,,,,,,,,,,
SRC,10,6,#5,8,19.0,9.5,100.0,#57 stone,140.0,26.630370211515178,5.499039842323396,5.136027579968186,485.7391357571253,34.973217774513024,0.46499999999999997,2.6875,0.6078431372549019,66.50183823529412,59.8516544117647,46.8,0.5843316800218398,0.7472909780878851,0.007942893145161292,2.0,45000.0,41000.0,86000.0,1592.5925925925926,2654.320987654321,33.54101966249685,40.0,2.0,1.0,143653.57439245237,67969.02934053396,211622.60373298632,226.0,451.0,31.0,0.0,51.0,0.0,7.0,3.0,223232.4549100043,111.61622745500216,True,,one complete CE 519 pavement project,TRACI 2.1 / climate change,Global warming / climate change,kg CO2-eq,False,1592.5925925925926,1217.6244034814815,3225.0,2654.320987654321,3583.3333333333335,111.61622745500216,0.0,0.0,0.0,0.6725721784776904,19.783402429809907,19.783402429809907,236.01821611787162,19.339370575837112,255.35758669370873,0.0,2169.0452755905512,70890.5253734855,63801.47283613695,26343.462893736214,2158.5875850292114,28502.050478765424,0.0,165363.09396397843,565370.3703703703,17916.666666666668,86473.10959357856,0.0,28111.725973876335,4777.777777777777,4837.5,0.0,707487.1503822695,,,,,,,,,,,
SRC,10,6,#5,10,19.0,9.5,100.0,#57 stone,140.0,26.630370211515178,5.499039842323396,5.136027579968186,485.7391357571253,34.973217774513024,0.372,2.6875,0.48627450980392156,54.558176470588236,49.102358823529414,46.8,0.7122512769743796,0.7472909780878851,0.010678616431451614,2.0,45000.0,41000.0,86000.0,1592.5925925925926,2654.320987654321,33.54101966249685,40.0,2.0,1.0,115018.44968390564,54813.733339140286,169832.18302304592,181.0,361.0,25.0,0.0,51.0,0.0,7.0,3.0,179149.36528611582,89.57468264305791,True,,one complete CE 519 pavement project,TRACI 2.1 / climate change,Global warming / climate change,kg CO2-eq,False,1592.5925925925926,1217.6244034814815,3225.0,2654.320987654321,3583.3333333333335,89.57468264305791,0.0,0.0,0.0,0.6725721784776904,19.783402429809907,19.783402429809907,236.01821611787162,19.339370575837112,255.35758669370873,0.0,2169.0452755905512,70890.5253734855,63801.47283613695,21141.256806739006,1732.3179818471015,22873.574788586106,0.0,159734.61827379913,565370.3703703703,17916.666666666668,69396.7313321521,0.0,27154.885106545855,4777.777777777777,4837.5,0.0,689453.9312535127,,,,,,,,,,,
SRC,10,6,#5,12,19.0,9.5,100.0,#57 stone,140.0,26.630370211515178,5.499039842323396,5.136027579968186,485.7391357571253,34.973217774513024,0.31,2.6875,0.40522875816993464,46.2188725490196,41.596985294117644,46.8,0.8407632795316706,0.7472909780878851,0.013414339717741934,2.0,45000.0,41000.0,86000.0,1592.5925925925926,2654.320987654321,33.54101966249685,40.0,2.0,1.0,95928.36654487449,46043.53600487784,141971.90254975233,151.0,301.0,21.0,0.0,51.0,0.0,7.0,3.0,149760.63887019013,74.88031943509506,True,,one complete CE 519 pavement project,TRACI 2.1 / climate change,Global warming / climate change,kg CO2-eq,False,1592.5925925925926,1217.6244034814815,3225.0,2654.320987654321,3583.3333333333335,74.88031943509506,0.0,0.0,0.0,0.6725721784776904,19.783402429809907,19.783402429809907,236.01821611787162,19.339370575837112,255.35758669370873,0.0,2169.0452755905512,70890.5253734855,63801.47283613695,17673.119415407527,1448.1382463923612,19121.25766179989,0.0,155982.3011470129,565370.3703703703,17916.666666666668,58012.479157867805,0.0,26516.9911949922,4777.777777777777,4837.5,0.0,677431.7851676748,,,,,,,,,,,
SRC,10,6,#6,6,19.0,9.5,100.0,#57 stone,140.0,26.630370211515178,5.499039842323396,5.136027579968186,485.7391357571253,34.973217774513024,0.88,2.625,1.1503267973856208,108.23137254901962,97.40823529411766,46.8,0.3590375872113249,0.7472909780878851,0.0026478515625000007,2.0,45000.0,41000.0,86000.0,1592.5925925925926,2654.320987654321,40.249223594996224,40.0,2.0,1.0,193564.53868803626,91063.42721142809,284627.9658994643,301.0,601.0,41.0,0.0,51.0,0.0,7.0,3.0,426151.31561058684,213.07565780529342,True,Section may not be tension-controlled; phi = 0.90 should be reviewed.,one complete CE 519 pavement project,TRACI 2.1 / climate change,Global warming / climate change,kg CO2-eq,False,1592.5925925925926,1217.6244034814815,3225.0,2654.320987654321,3583.3333333333335,213.07565780529342,0.0,0.0,0.0,0.6725721784776904,19.783402429809907,19.783402429809907,236.01821611787162,19.339370575837112,255.35758669370873,0.0,2169.0452755905512,70890.5253734855,63801.47283613695,50289.7366533474,4120.749106986828,54410.485760334224,0.0,191271.52924554725,565370.3703703703,17916.666666666668,165077.3828254418,0.0,32516.159971743036,4777.777777777777,4837.5,0.0,790495.8576119995,,,,,,,,,,,
SRC,10,6,#6,8,19.0,9.5,100.0,#57 stone,140.0,26.630370211515178,5.499039842323396,5.136027579968186,485.7391357571253,34.973217774513024,0.66,2.625,0.8627450980392157,86.86764705882352,78.18088235294117,46.8,0.4473372098389643,0.7472909780878851,0.00453046875,2.0,45000.0,41000.0,86000.0,1592.5925925925926,2654.320987654321,40.249223594996224,40.0,2.0,1.0,145294.28927094283,68852.83520864075,214147.12447958358,226.0,451.0,31.0,0.0,51.0,0.0,7.0,3.0,320625.833595821,160.3129167979105,True,Section may not be tension-controlled; phi = 0.90 should be reviewed.,one complete CE 519 pavement project,TRACI 2.1 / climate change,Global warming / climate change,kg CO2-eq,False,1592.5925925925926,1217.6244034814815,3225.0,2654.320987654321,3583.3333333333335,160.3129167979105,0.0,0.0,0.0,0.6725721784776904,19.783402429809907,19.783402429809907,236.01821611787162,19.339370575837112,255.35758669370873,0.0,2169.0452755905512,70890.5253734855,63801.47283613695,37836.76864329561,3100.3509060481333,40937.11954934374,0.0,177798.16303455675,565370.3703703703,17916.666666666668,124200.187908346,0.0,30225.68771587465,4777.777777777777,4837.5,0.0,747328.1904390353,,,,,,,,,,,
SRC,10,6,#6,10,19.0,9.5,100.0,#57 stone,140.0,26.630370211515178,5.499039842323396,5.136027579968186,485.7391357571253,34.973217774513024,0.528,2.625,0.6901960784313725,72.22729411764705,65.00456470588234,46.8,0.5380117216806507,0.7472909780878851,0.0064130859375,2.0,45000.0,41000.0,86000.0,1592.5925925925926,2654.320987654321,40.249223594996224,40.0,2.0,1.0,116332.13962068676,55526.48000696835,171858.6196276551,181.0,361.0,25.0,0.0,51.0,0.0,7.0,3.0,257310.54438696138,128.6552721934807,True,,one complete CE 519 pavement project,TRACI 2.1 / climate change,Global warming / climate change,kg CO2-eq,False,1592.5925925925926,1217.6244034814815,3225.0,2654.320987654321,3583.3333333333335,128.6552721934807,0.0,0.0,0.0,0.6725721784776904,19.783402429809907,19.783402429809907,236.01821611787162,19.339370575837112,255.35758669370873,0.0,2169.0452755905512,70890.5253734855,63801.47283613695,30364.987837264525,2488.1119854849153,32853.09982274944,0.0,169714.14330796245,565370.3703703703,17916.666666666668,99673.87095808846,0.0,28851.40436235362,4777.777777777777,4837.5,0.0,721427.5901352568,,,,,,,,,,,
SRC,10,6,#6,12,19.0,9.5,100.0,#57 stone,140.0,26.630370211515178,5.499039842323396,5.136027579968186,485.7391357571253,34.973217774513024,0.44,2.625,0.5751633986928104,61.707843137254905,55.537058823529414,46.8,0.6297275821833025,0.7472909780878851,0.008295703125000001,2.0,45000.0,41000.0,86000.0,1592.5925925925926,2654.320987654321,40.249223594996224,40.0,2.0,1.0,97024.03985384939,46642.24320585341,143666.2830597028,151.0,301.0,21.0,0.0,51.0,0.0,7.0,3.0,215100.35158105503,107.55017579052752,True,,one complete CE 519 pavement project,TRACI 2.1 / climate change,Global warming / climate change,kg CO2-eq,False,1592.5925925925926,1217.6244034814815,3225.0,2654.320987654321,3583.3333333333335,107.55017579052752,0.0,0.0,0.0,0.6725721784776904,19.783402429809907,19.783402429809907,236.01821611787162,19.339370575837112,255.35758669370873,0.0,2169.0452755905512,70890.5253734855,63801.47283613695,25383.80063324381,2079.952705109437,27463.753338353246,0.0,164324.79682356626,565370.3703703703,17916.666666666668,83322.99299125012,0.0,27935.215460006264,4777.777777777777,4837.5,0.0,704160.5232660711,,,,,,,,,,,
SRC,10,6,#6,15,19.0,9.5,100.0,#57 stone,140.0,26.630370211515178,5.499039842323396,5.136027579968186,485.7391357571253,34.973217774513024,0.35200000000000004,2.625,0.46013071895424845,50.581019607843146,45.52291764705883,46.8,0.7682551906198524,0.7472909780878851,0.011119628906249995,2.0,45000.0,41000.0,86000.0,1592.5925925925926,2654.320987654321,40.249223594996224,40.0,2.0,1.0,77715.94008701202,37758.00640473847,115473.94649175048,121.0,241.0,17.0,0.0,51.0,0.0,7.0,3.0,172890.15877514865,86.44507938757432,True,,one complete CE 519 pavement project,TRACI 2.1 / climate change,Global warming / climate change,kg CO2-eq,False,1592.5925925925926,1217.6244034814815,3225.0,2654.320987654321,3583.3333333333335,86.44507938757432,0.0,0.0,0.0,0.6725721784776904,19.783402429809907,19.783402429809907,236.01821611787162,19.339370575837112,255.35758669370873,0.0,2169.0452755905512,70890.5253734855,63801.47283613695,20402.613429223085,1671.793424733958,22074.406853957043,0.0,158935.45033917006,565370.3703703703,17916.666666666668,66972.11502441177,0.0,27019.02655765891,4777.777777777777,4837.5,0.0,686893.4563968854,,,,,,,,,,,
SRC,10,6,#6,18,19.0,9.5,100.0,#57 stone,140.0,26.630370211515178,5.499039842323396,5.136027579968186,485.7391357571253,34.973217774513024,0.29333333333333333,2.625,0.38344226579520696,42.82570806100218,38.543137254901964,46.8,0.9073785961744743,0.7472909780878851,0.013943554687499998,2.0,45000.0,41000.0,86000.0,1592.5925925925926,2654.320987654321,40.249223594996224,40.0,2.0,1.0,64843.87357578709,33315.88800418101,98159.7615799681,101.0,201.0,15.0,0.0,51.0,0.0,7.0,3.0,146966.97636556334,73.48348818278167,True,,one complete CE 519 pavement project,TRACI 2.1 / climate change,Global warming / climate change,kg CO2-eq,False,1592.5925925925926,1217.6244034814815,3225.0,2654.320987654321,3583.3333333333335,73.48348818278167,0.0,0.0,0.0,0.6725721784776904,19.783402429809907,19.783402429809907,236.01821611787162,19.339370575837112,255.35758669370873,0.0,2169.0452755905512,70890.5253734855,63801.47283613695,17343.44179501883,1421.124409171962,18764.566204190793,0.0,155625.6096894038,565370.3703703703,17916.666666666668,56930.30370077554,0.0,26456.353647198648,4777.777777777777,4837.5,0.0,676288.9721627889,,,,,,,,,,,
SRC,10,8,#3,6,19.0,9.5,100.0,#57 stone,140.0,33.04313589136511,5.499039842323396,5.201089693986001,303.195774107541,38.80905908576525,0.22,4.8125,0.2875816993464052,61.62696078431372,55.46426470588235,83.2,0.6997128564051673,0.4664550370885246,0.038417578125,2.0,45000.0,41000.0,86000.0,2123.456790123457,2654.320987654321,20.124611797498112,40.0,2.0,1.0,187007.26934401813,87556.71360571406,274563.9829497322,301.0,601.0,41.0,0.0,51.0,0.0,7.0,3.0,102770.82417354561,51.3854120867728,True,,one complete CE 519 pavement project,TRACI 2.1 / climate change,Global warming / climate change,kg CO2-eq,False,2123.456790123457,1623.4992046419754,4300.0,2654.320987654321,3583.3333333333335,51.3854120867728,0.0,0.0,0.0,0.6725721784776904,19.783402429809907,19.783402429809907,236.01821611787162,19.339370575837112,255.35758669370873,0.0,2892.0603674540685,70890.5253734855,85068.63044818261,12127.893295201835,993.7615265381986,13121.654821740034,0.0,171972.8710108622,753827.1604938272,17916.666666666668,39810.12861845802,0.0,29235.388071846577,6370.37037037037,6450.0,0.0,853609.7142211688,,,,,,,,,,,
SRC,10,8,#3,8,19.0,9.5,100.0,#57 stone,140.0,33.04313589136511,5.499039842323396,5.201089693986001,303.195774107541,38.80905908576525,0.165,4.8125,0.21568627450980393,46.57610294117647,41.918492647058834,83.2,0.9258219137917462,0.4664550370885246,0.052223437500000004,2.0,45000.0,41000.0,86000.0,2123.456790123457,2654.320987654321,20.124611797498112,40.0,2.0,1.0,140372.1446354714,66201.41760432038,206573.5622397918,226.0,451.0,31.0,0.0,51.0,0.0,7.0,3.0,77321.63197725541,38.660815988627704,True,,one complete CE 519 pavement project,TRACI 2.1 / climate change,Global warming / climate change,kg CO2-eq,False,2123.456790123457,1623.4992046419754,4300.0,2654.320987654321,3583.3333333333335,38.660815988627704,0.0,0.0,0.0,0.6725721784776904,19.783402429809907,19.783402429809907,236.01821611787162,19.339370575837112,255.35758669370873,0.0,2892.0603674540685,70890.5253734855,85068.63044818261,9124.6568232972,747.6758471683196,9872.33267046552,0.0,168723.5488595877,753827.1604938272,17916.666666666668,29951.925935765474,0.0,28683.00330612991,6370.37037037037,6450.0,0.0,843199.1267727596,,,,,,,,,,,
SRC,10,8,#4,6,19.0,9.5,100.0,#57 stone,140.0,33.04313589136511,5.499039842323396,5.201089693986001,303.195774107541,38.80905908576525,0.4000000000000001,4.75,0.5228758169934641,107.72549019607845,96.9529411764706,83.2,0.4002875891627285,0.4664550370885246,0.019483828124999998,2.0,45000.0,41000.0,86000.0,2123.456790123457,2654.320987654321,26.83281572999748,40.0,2.0,1.0,189193.02579202416,88725.61814095205,277918.6439329762,301.0,601.0,41.0,0.0,51.0,0.0,7.0,3.0,189139.07712105327,94.56953856052664,True,,one complete CE 519 pavement project,TRACI 2.1 / climate change,Global warming / climate change,kg CO2-eq,False,2123.456790123457,1623.4992046419754,4300.0,2654.320987654321,3583.3333333333335,94.56953856052664,0.0,0.0,0.0,0.6725721784776904,19.783402429809907,19.783402429809907,236.01821611787162,19.339370575837112,255.35758669370873,0.0,2892.0603674540685,70890.5253734855,85068.63044818261,22320.13379014577,1828.915351407942,24149.04914155371,0.0,183000.26533067587,753827.1604938272,17916.666666666668,73266.42602622816,0.0,31110.0451062149,6370.37037037037,6450.0,0.0,888940.6686633072,,,,,,,,,,,
SRC,10,8,#4,8,19.0,9.5,100.0,#57 stone,140.0,33.04313589136511,5.499039842323396,5.201089693986001,303.195774107541,38.80905908576525,0.30000000000000004,4.75,0.39215686274509814,81.97058823529413,73.77352941176471,83.2,0.5260566953378856,0.4664550370885246,0.02697843749999999,2.0,45000.0,41000.0,86000.0,2123.456790123457,2654.320987654321,26.83281572999748,40.0,2.0,1.0,142012.85951396188,67085.22347242717,209098.08298638905,226.0,451.0,31.0,0.0,51.0,0.0,7.0,3.0,142302.86203240367,71.15143101620184,True,,one complete CE 519 pavement project,TRACI 2.1 / climate change,Global warming / climate change,kg CO2-eq,False,2123.456790123457,1623.4992046419754,4300.0,2654.320987654321,3583.3333333333335,71.15143101620184,0.0,0.0,0.0,0.6725721784776904,19.783402429809907,19.783402429809907,236.01821611787162,19.339370575837112,255.35758669370873,0.0,2892.0603674540685,70890.5253734855,85068.63044818261,16793.03382267776,1376.023891423438,18169.0577141012,0.0,177020.27390322337,753827.1604938272,17916.666666666668,55123.57505976815,0.0,30093.446563547976,6370.37037037037,6450.0,0.0,869781.2191541803,,,,,,,,,,,
SRC,10,8,#4,10,19.0,9.5,100.0,#57 stone,140.0,33.04313589136511,5.499039842323396,5.201089693986001,303.195774107541,38.80905908576525,0.24000000000000005,4.75,0.31372549019607854,66.14117647058825,59.52705882352943,83.2,0.6519566034803836,0.4664550370885246,0.03447304687499999,2.0,45000.0,41000.0,86000.0,2123.456790123457,2654.320987654321,26.83281572999748,40.0,2.0,1.0,113704.75974712451,54100.986671312225,167805.74641843673,181.0,361.0,25.0,0.0,51.0,0.0,7.0,3.0,114201.13297921389,57.10056648960694,True,,one complete CE 519 pavement project,TRACI 2.1 / climate change,Global warming / climate change,kg CO2-eq,False,2123.456790123457,1623.4992046419754,4300.0,2654.320987654321,3583.3333333333335,57.10056648960694,0.0,0.0,0.0,0.6725721784776904,19.783402429809907,19.783402429809907,236.01821611787162,19.339370575837112,255.35758669370873,0.0,2892.0603674540685,70890.5253734855,85068.63044818261,13476.773842196948,1104.2890154327351,14581.062857629684,0.0,173432.27904675185,753827.1604938272,17916.666666666668,44237.86447989212,0.0,29483.487437947817,6370.37037037037,6450.0,0.0,858285.549448704,,,,,,,,,,,
SRC,10,8,#4,12,19.0,9.5,100.0,#57 stone,140.0,33.04313589136511,5.499039842323396,5.201089693986001,303.195774107541,38.80905908576525,0.20000000000000004,4.75,0.26143790849673204,55.431372549019606,49.88823529411765,83.2,0.7779200618535659,0.4664550370885246,0.04196765625,2.0,45000.0,41000.0,86000.0,2123.456790123457,2654.320987654321,26.83281572999748,40.0,2.0,1.0,94832.69323589958,45444.828803902274,140277.52203980187,151.0,301.0,21.0,0.0,51.0,0.0,7.0,3.0,95466.64694375407,47.733323471877036,True,,one complete CE 519 pavement project,TRACI 2.1 / climate change,Global warming / climate change,kg CO2-eq,False,2123.456790123457,1623.4992046419754,4300.0,2654.320987654321,3583.3333333333335,47.733323471877036,0.0,0.0,0.0,0.6725721784776904,19.783402429809907,19.783402429809907,236.01821611787162,19.339370575837112,255.35758669370873,0.0,2892.0603674540685,70890.5253734855,85068.63044818261,11265.933855209749,923.1324314389337,12189.066286648682,0.0,171040.28247577086,753827.1604938272,17916.666666666668,36980.72409330813,0.0,29076.848020881047,6370.37037037037,6450.0,0.0,850621.7696450533,,,,,,,,,,,
SRC,10,8,#4,15,19.0,9.5,100.0,#57 stone,140.0,33.04313589136511,5.499039842323396,5.201089693986001,303.195774107541,38.80905908576525,0.16000000000000003,4.75,0.20915032679738566,44.59607843137256,40.136470588235305,83.2,0.966927547863186,0.4664550370885246,0.05320957031249999,2.0,45000.0,41000.0,86000.0,2123.456790123457,2654.320987654321,26.83281572999748,40.0,2.0,1.0,75960.62672467467,36788.670936492315,112749.29766116699,121.0,241.0,17.0,0.0,51.0,0.0,7.0,3.0,76732.16090829422,38.36608045414711,True,,one complete CE 519 pavement project,TRACI 2.1 / climate change,Global warming / climate change,kg CO2-eq,False,2123.456790123457,1623.4992046419754,4300.0,2654.320987654321,3583.3333333333335,38.36608045414711,0.0,0.0,0.0,0.6725721784776904,19.783402429809907,19.783402429809907,236.01821611787162,19.339370575837112,255.35758669370873,0.0,2892.0603674540685,70890.5253734855,85068.63044818261,9055.093868222542,741.975847445132,9797.069715667674,0.0,168648.28590478984,753827.1604938272,17916.666666666668,29723.583706724115,0.0,28670.208603814273,6370.37037037037,6450.0,0.0,842957.9898414025,,,,,,,,,,,
SRC,10,8,#5,6,19.0,9.5,100.0,#57 stone,140.0,33.04313589136511,5.499039842323396,5.201089693986001,303.195774107541,38.80905908576525,0.62,4.6875,0.8104575163398693,159.3004901960784,143.37044117647056,83.2,0.2706907976798111,0.4664550370885246,0.011314831149193547,2.0,45000.0,41000.0,86000.0,2123.456790123457,2654.320987654321,33.54101966249685,40.0,2.0,1.0,191378.78224003024,89894.52267619007,281273.3049162203,301.0,601.0,41.0,0.0,51.0,0.0,7.0,3.0,296704.27094981854,148.35213547490926,True,,one complete CE 519 pavement project,TRACI 2.1 / climate change,Global warming / climate change,kg CO2-eq,False,2123.456790123457,1623.4992046419754,4300.0,2654.320987654321,3583.3333333333335,148.35213547490926,0.0,0.0,0.0,0.6725721784776904,19.783402429809907,19.783402429809907,236.01821611787162,19.339370575837112,255.35758669370873,0.0,2892.0603674540685,70890.5253734855,85068.63044818261,35013.8063720649,2869.0369236660613,37882.84329573096,0.0,196734.05948485315,753827.1604938272,17916.666666666668,114933.7400292893,0.0,33444.790112425035,6370.37037037037,6450.0,0.0,932942.7276725784,,,,,,,,,,,
SRC,10,8,#5,8,19.0,9.5,100.0,#57 stone,140.0,33.04313589136511,5.499039842323396,5.201089693986001,303.195774107541,38.80905908576525,0.46499999999999997,4.6875,0.6078431372549019,122.30183823529411,110.0716544117647,83.2,0.3525799561491578,0.4664550370885246,0.016086441532258064,2.0,45000.0,41000.0,86000.0,2123.456790123457,2654.320987654321,33.54101966249685,40.0,2.0,1.0,143653.57439245237,67969.02934053396,211622.60373298632,226.0,451.0,31.0,0.0,51.0,0.0,7.0,3.0,223232.4549100043,111.61622745500216,True,,one complete CE 519 pavement project,TRACI 2.1 / climate change,Global warming / climate change,kg CO2-eq,False,2123.456790123457,1623.4992046419754,4300.0,2654.320987654321,3583.3333333333335,111.61622745500216,0.0,0.0,0.0,0.6725721784776904,19.783402429809907,19.783402429809907,236.01821611787162,19.339370575837112,255.35758669370873,0.0,2892.0603674540685,70890.5253734855,85068.63044818261,26343.462893736214,2158.5875850292114,28502.050478765424,0.0,187353.2666678876,753827.1604938272,17916.666666666668,86473.10959357856,0.0,31850.055333540895,6370.37037037037,6450.0,0.0,902887.3624579835,,,,,,,,,,,
SRC,10,8,#5,10,19.0,9.5,100.0,#57 stone,140.0,33.04313589136511,5.499039842323396,5.201089693986001,303.195774107541,38.80905908576525,0.372,4.6875,0.48627450980392156,99.19817647058824,89.27835882352942,83.2,0.4346972726332988,0.4664550370885246,0.02085805191532258,2.0,45000.0,41000.0,86000.0,2123.456790123457,2654.320987654321,33.54101966249685,40.0,2.0,1.0,115018.44968390564,54813.733339140286,169832.18302304592,181.0,361.0,25.0,0.0,51.0,0.0,7.0,3.0,179149.36528611582,89.57468264305791,True,,one complete CE 519 pavement project,TRACI 2.1 / climate change,Global warming / climate change,kg CO2-eq,False,2123.456790123457,1623.4992046419754,4300.0,2654.320987654321,3583.3333333333335,89.57468264305791,0.0,0.0,0.0,0.6725721784776904,19.783402429809907,19.783402429809907,236.01821611787162,19.339370575837112,255.35758669370873,0.0,2892.0603674540685,70890.5253734855,85068.63044818261,21141.256806739006,1732.3179818471015,22873.574788586106,0.0,181724.7909777083,753827.1604938272,17916.666666666668,69396.7313321521,0.0,30893.21446621041,6370.37037037037,6450.0,0.0,884854.1433292268,,,,,,,,,,,
SRC,10,8,#5,12,19.0,9.5,100.0,#57 stone,140.0,33.04313589136511,5.499039842323396,5.201089693986001,303.195774107541,38.80905908576525,0.31,4.6875,0.40522875816993464,83.41887254901961,75.07698529411765,83.2,0.5169235143596792,0.4664550370885246,0.02562966229838709,2.0,45000.0,41000.0,86000.0,2123.456790123457,2654.320987654321,33.54101966249685,40.0,2.0,1.0,95928.36654487449,46043.53600487784,141971.90254975233,151.0,301.0,21.0,0.0,51.0,0.0,7.0,3.0,149760.63887019013,74.88031943509506,True,,one complete CE 519 pavement project,TRACI 2.1 / climate change,Global warming / climate change,kg CO2-eq,False,2123.456790123457,1623.4992046419754,4300.0,2654.320987654321,3583.3333333333335,74.88031943509506,0.0,0.0,0.0,0.6725721784776904,19.783402429809907,19.783402429809907,236.01821611787162,19.339370575837112,255.35758669370873,0.0,2892.0603674540685,70890.5253734855,85068.63044818261,17673.119415407527,1448.1382463923612,19121.25766179989,0.0,177972.47385092208,753827.1604938272,17916.666666666668,58012.479157867805,0.0,30255.320554656755,6370.37037037037,6450.0,0.0,872831.9972433888,,,,,,,,,,,
SRC,10,8,#5,15,19.0,9.5,100.0,#57 stone,140.0,33.04313589136511,5.499039842323396,5.201089693986001,303.195774107541,38.80905908576525,0.24799999999999997,4.6875,0.32418300653594767,67.33807843137254,60.60427058823528,83.2,0.6403683883838213,0.4664550370885246,0.03278707787298387,2.0,45000.0,41000.0,86000.0,2123.456790123457,2654.320987654321,33.54101966249685,40.0,2.0,1.0,76838.28340584334,37273.3386706154,114111.62207645873,121.0,241.0,17.0,0.0,51.0,0.0,7.0,3.0,120371.91245426444,60.18595622713222,True,,one complete CE 519 pavement project,TRACI 2.1 / climate change,Global warming / climate change,kg CO2-eq,False,2123.456790123457,1623.4992046419754,4300.0,2654.320987654321,3583.3333333333335,60.18595622713222,0.0,0.0,0.0,0.6725721784776904,19.783402429809907,19.783402429809907,236.01821611787162,19.339370575837112,255.35758669370873,0.0,2892.0603674540685,70890.5253734855,85068.63044818261,14204.982024076055,1163.9585109376212,15368.940535013677,0.0,174220.15672413586,753827.1604938272,17916.666666666668,46628.22698358351,0.0,29617.4266431031,6370.37037037037,6450.0,0.0,860809.8511575508,,,,,,,,,,,
SRC,10,8,#5,18,19.0,9.5,100.0,#57 stone,140.0,33.04313589136511,5.499039842323396,5.201089693986001,303.195774107541,38.80905908576525,0.20666666666666667,4.6875,0.2701525054466231,56.45005446623094,50.80504901960784,83.2,0.7638819336792131,0.4664550370885246,0.03994449344758064,2.0,45000.0,41000.0,86000.0,2123.456790123457,2654.320987654321,33.54101966249685,40.0,2.0,1.0,64111.56131315591,32888.24000348417,96999.80131664008,101.0,201.0,15.0,0.0,51.0,0.0,7.0,3.0,102321.31819442795,51.16065909721397,True,,one complete CE 519 pavement project,TRACI 2.1 / climate change,Global warming / climate change,kg CO2-eq,False,2123.456790123457,1623.4992046419754,4300.0,2654.320987654321,3583.3333333333335,51.16065909721397,0.0,0.0,0.0,0.6725721784776904,19.783402429809907,19.783402429809907,236.01821611787162,19.339370575837112,255.35758669370873,0.0,2892.0603674540685,70890.5253734855,85068.63044818261,12074.847495539003,989.4149451850932,13064.262440724096,0.0,171915.47862984627,753827.1604938272,17916.666666666668,39636.00438633916,0.0,29225.631367073867,6370.37037037037,6450.0,0.0,853425.8332842772,,,,,,,,,,,
SRC,10,8,#6,6,19.0,9.5,100.0,#57 stone,140.0,33.04313589136511,5.499039842323396,5.201089693986001,303.195774107541,38.80905908576525,0.88,4.625,1.1503267973856208,213.83137254901962,192.44823529411764,83.2,0.20165972957067424,0.4664550370885246,0.006950976562500001,2.0,45000.0,41000.0,86000.0,2123.456790123457,2654.320987654321,40.249223594996224,40.0,2.0,1.0,193564.53868803626,91063.42721142809,284627.9658994643,301.0,601.0,41.0,0.0,51.0,0.0,7.0,3.0,426151.31561058684,213.07565780529342,True,,one complete CE 519 pavement project,TRACI 2.1 / climate change,Global warming / climate change,kg CO2-eq,False,2123.456790123457,1623.4992046419754,4300.0,2654.320987654321,3583.3333333333335,213.07565780529342,0.0,0.0,0.0,0.6725721784776904,19.783402429809907,19.783402429809907,236.01821611787162,19.339370575837112,255.35758669370873,0.0,2892.0603674540685,70890.5253734855,85068.63044818261,50289.7366533474,4120.749106986828,54410.485760334224,0.0,213261.70194945642,753827.1604938272,17916.666666666668,165077.3828254418,0.0,36254.489331407596,6370.37037037037,6450.0,0.0,985896.0696877135,,,,,,,,,,,
SRC,10,8,#6,8,19.0,9.5,100.0,#57 stone,140.0,33.04313589136511,5.499039842323396,5.201089693986001,303.195774107541,38.80905908576525,0.66,4.625,0.8627450980392157,166.06764705882352,149.46088235294118,83.2,0.25966031027516906,0.4664550370885246,0.010267968749999998,2.0,45000.0,41000.0,86000.0,2123.456790123457,2654.320987654321,40.249223594996224,40.0,2.0,1.0,145294.28927094283,68852.83520864075,214147.12447958358,226.0,451.0,31.0,0.0,51.0,0.0,7.0,3.0,320625.833595821,160.3129167979105,True,,one complete CE 519 pavement project,TRACI 2.1 / climate change,Global warming / climate change,kg CO2-eq,False,2123.456790123457,1623.4992046419754,4300.0,2654.320987654321,3583.3333333333335,160.3129167979105,0.0,0.0,0.0,0.6725721784776904,19.783402429809907,19.783402429809907,236.01821611787162,19.339370575837112,255.35758669370873,0.0,2892.0603674540685,70890.5253734855,85068.63044818261,37836.76864329561,3100.3509060481333,40937.11954934374,0.0,199788.33573846592,753827.1604938272,17916.666666666668,124200.187908346,0.0,33964.01707553921,6370.37037037037,6450.0,0.0,942728.4025147493,,,,,,,,,,,
SRC,10,8,#6,10,19.0,9.5,100.0,#57 stone,140.0,33.04313589136511,5.499039842323396,5.201089693986001,303.195774107541,38.80905908576525,0.528,4.625,0.6901960784313725,135.58729411764708,122.02856470588236,83.2,0.31803257851392613,0.4664550370885246,0.013584960937499998,2.0,45000.0,41000.0,86000.0,2123.456790123457,2654.320987654321,40.249223594996224,40.0,2.0,1.0,116332.13962068676,55526.48000696835,171858.6196276551,181.0,361.0,25.0,0.0,51.0,0.0,7.0,3.0,257310.54438696138,128.6552721934807,True,,one complete CE 519 pavement project,TRACI 2.1 / climate change,Global warming / climate change,kg CO2-eq,False,2123.456790123457,1623.4992046419754,4300.0,2654.320987654321,3583.3333333333335,128.6552721934807,0.0,0.0,0.0,0.6725721784776904,19.783402429809907,19.783402429809907,236.01821611787162,19.339370575837112,255.35758669370873,0.0,2892.0603674540685,70890.5253734855,85068.63044818261,30364.987837264525,2488.1119854849153,32853.09982274944,0.0,191704.31601187162,753827.1604938272,17916.666666666668,99673.87095808846,0.0,32589.733722018176,6370.37037037037,6450.0,0.0,916827.8022109708,,,,,,,,,,,
SRC,10,8,#6,12,19.0,9.5,100.0,#57 stone,140.0,33.04313589136511,5.499039842323396,5.201089693986001,303.195774107541,38.80905908576525,0.44,4.625,0.5751633986928104,114.50784313725491,103.05705882352943,83.2,0.37657836861248145,0.4664550370885246,0.016901953125,2.0,45000.0,41000.0,86000.0,2123.456790123457,2654.320987654321,40.249223594996224,40.0,2.0,1.0,97024.03985384939,46642.24320585341,143666.2830597028,151.0,301.0,21.0,0.0,51.0,0.0,7.0,3.0,215100.35158105503,107.55017579052752,True,,one complete CE 519 pavement project,TRACI 2.1 / climate change,Global warming / climate change,kg CO2-eq,False,2123.456790123457,1623.4992046419754,4300.0,2654.320987654321,3583.3333333333335,107.55017579052752,0.0,0.0,0.0,0.6725721784776904,19.783402429809907,19.783402429809907,236.01821611787162,19.339370575837112,255.35758669370873,0.0,2892.0603674540685,70890.5253734855,85068.63044818261,25383.80063324381,2079.952705109437,27463.753338353246,0.0,186314.96952747542,753827.1604938272,17916.666666666668,83322.99299125012,0.0,31673.544819670824,6370.37037037037,6450.0,0.0,899560.7353417851,,,,,,,,,,,
SRC,10,8,#6,15,19.0,9.5,100.0,#57 stone,140.0,33.04313589136511,5.499039842323396,5.201089693986001,303.195774107541,38.80905908576525,0.35200000000000004,4.625,0.46013071895424845,92.82101960784314,83.53891764705882,83.2,0.464562627561546,0.4664550370885246,0.021877441406249993,2.0,45000.0,41000.0,86000.0,2123.456790123457,2654.320987654321,40.249223594996224,40.0,2.0,1.0,77715.94008701202,37758.00640473847,115473.94649175048,121.0,241.0,17.0,0.0,51.0,0.0,7.0,3.0,172890.15877514865,86.44507938757432,True,,one complete CE 519 pavement project,TRACI 2.1 / climate change,Global warming / climate change,kg CO2-eq,False,2123.456790123457,1623.4992046419754,4300.0,2654.320987654321,3583.3333333333335,86.44507938757432,0.0,0.0,0.0,0.6725721784776904,19.783402429809907,19.783402429809907,236.01821611787162,19.339370575837112,255.35758669370873,0.0,2892.0603674540685,70890.5253734855,85068.63044818261,20402.613429223085,1671.793424733958,22074.406853957043,0.0,180925.62304307922,753827.1604938272,17916.666666666668,66972.11502441177,0.0,30757.355917323468,6370.37037037037,6450.0,0.0,882293.6684725995,,,,,,,,,,,
SRC,10,8,#6,18,19.0,9.5,100.0,#57 stone,140.0,33.04313589136511,5.499039842323396,5.201089693986001,303.195774107541,38.80905908576525,0.29333333333333333,4.625,0.38344226579520696,78.02570806100218,70.22313725490196,83.2,0.5526534501711708,0.4664550370885246,0.0268529296875,2.0,45000.0,41000.0,86000.0,2123.456790123457,2654.320987654321,40.249223594996224,40.0,2.0,1.0,64843.87357578709,33315.88800418101,98159.7615799681,101.0,201.0,15.0,0.0,51.0,0.0,7.0,3.0,146966.97636556334,73.48348818278167,True,,one complete CE 519 pavement project,TRACI 2.1 / climate change,Global warming / climate change,kg CO2-eq,False,2123.456790123457,1623.4992046419754,4300.0,2654.320987654321,3583.3333333333335,73.48348818278167,0.0,0.0,0.0,0.6725721784776904,19.783402429809907,19.783402429809907,236.01821611787162,19.339370575837112,255.35758669370873,0.0,2892.0603674540685,70890.5253734855,85068.63044818261,17343.44179501883,1421.124409171962,18764.566204190793,0.0,177615.78239331295,753827.1604938272,17916.666666666668,56930.30370077554,0.0,30194.683006863204,6370.37037037037,6450.0,0.0,871689.1842385029,,,,,,,,,,,
SRC,10,8,#6,24,19.0,9.5,100.0,#57 stone,140.0,33.04313589136511,5.499039842323396,5.201089693986001,303.195774107541,38.80905908576525,0.22,4.625,0.2875816993464052,59.15196078431372,53.23676470588235,83.2,0.7289898118372523,0.4664550370885246,0.036803906250000004,2.0,45000.0,41000.0,86000.0,2123.456790123457,2654.320987654321,40.249223594996224,40.0,2.0,1.0,48753.79043675594,24431.651203066074,73185.441639822,76.0,151.0,11.0,0.0,51.0,0.0,7.0,3.0,109574.86956628907,54.78743478314453,True,,one complete CE 519 pavement project,TRACI 2.1 / climate change,Global warming / climate change,kg CO2-eq,False,2123.456790123457,1623.4992046419754,4300.0,2654.320987654321,3583.3333333333335,54.78743478314453,0.0,0.0,0.0,0.6725721784776904,19.783402429809907,19.783402429809907,236.01821611787162,19.339370575837112,255.35758669370873,0.0,2892.0603674540685,70890.5253734855,85068.63044818261,12930.832623192004,1059.55450417074,13990.387127362745,0.0,172841.60331648492,753827.1604938272,17916.666666666668,42445.79807415426,0.0,29383.072563802438,6370.37037037037,6450.0,0.0,856393.0681688209,,,,,,,,,,,
SRC,10,10,#3,6,19.0,9.5,100.0,#57 stone,140.0,39.06283563051279,5.499039842323396,5.431260308356283,205.755833875625,41.151166775125,0.22,6.8125,0.2875816993464052,88.02696078431372,79.22426470588235,130.0,0.5194263011199591,0.31654743673173075,0.055630078125,2.0,45000.0,41000.0,86000.0,2654.320987654321,2654.320987654321,20.124611797498112,40.0,2.0,1.0,187007.26934401813,87556.71360571406,274563.9829497322,301.0,601.0,41.0,0.0,51.0,0.0,7.0,3.0,102770.82417354561,51.3854120867728,True,,one complete CE 519 pavement project,TRACI 2.1 / climate change,Global warming / climate change,kg CO2-eq,False,2654.320987654321,2029.3740058024691,5375.0,2654.320987654321,3583.3333333333335,51.3854120867728,0.0,0.0,0.0,0.6725721784776904,19.783402429809907,19.783402429809907,236.01821611787162,19.339370575837112,255.35758669370873,0.0,3615.0754593175857,70890.5253734855,106335.78806022825,12127.893295201835,993.7615265381986,13121.654821740034,0.0,193963.04371477137,942283.9506172839,17916.666666666668,39810.12861845802,0.0,32973.71743151113,7962.9629629629635,8062.5,0.0,1049009.9262968828,,,,,,,,,,,
SRC,10,10,#3,8,19.0,9.5,100.0,#57 stone,140.0,39.06283563051279,5.499039842323396,5.431260308356283,205.755833875625,41.151166775125,0.165,6.8125,0.21568627450980393,66.37610294117647,59.738492647058834,130.0,0.6888551242538095,0.31654743673173075,0.0751734375,2.0,45000.0,41000.0,86000.0,2654.320987654321,2654.320987654321,20.124611797498112,40.0,2.0,1.0,140372.1446354714,66201.41760432038,206573.5622397918,226.0,451.0,31.0,0.0,51.0,0.0,7.0,3.0,77321.63197725541,38.660815988627704,True,,one complete CE 519 pavement project,TRACI 2.1 / climate change,Global warming / climate change,kg CO2-eq,False,2654.320987654321,2029.3740058024691,5375.0,2654.320987654321,3583.3333333333335,38.660815988627704,0.0,0.0,0.0,0.6725721784776904,19.783402429809907,19.783402429809907,236.01821611787162,19.339370575837112,255.35758669370873,0.0,3615.0754593175857,70890.5253734855,106335.78806022825,9124.6568232972,747.6758471683196,9872.33267046552,0.0,190713.72156349686,942283.9506172839,17916.666666666668,29951.925935765474,0.0,32421.332665794467,7962.9629629629635,8062.5,0.0,1038599.3388484734,,,,,,,,,,,
SRC,10,10,#3,10,19.0,9.5,100.0,#57 stone,140.0,39.06283563051279,5.499039842323396,5.431260308356283,205.755833875625,41.151166775125,0.132,6.8125,0.17254901960784313,53.27170588235295,47.94453529411766,130.0,0.8583077617226141,0.31654743673173075,0.094716796875,2.0,45000.0,41000.0,86000.0,2654.320987654321,2654.320987654321,20.124611797498112,40.0,2.0,1.0,112391.06981034338,53388.24000348418,165779.30981382757,181.0,361.0,25.0,0.0,51.0,0.0,7.0,3.0,62052.1166594813,31.02605832974065,True,,one complete CE 519 pavement project,TRACI 2.1 / climate change,Global warming / climate change,kg CO2-eq,False,2654.320987654321,2029.3740058024691,5375.0,2654.320987654321,3583.3333333333335,31.02605832974065,0.0,0.0,0.0,0.6725721784776904,19.783402429809907,19.783402429809907,236.01821611787162,19.339370575837112,255.35758669370873,0.0,3615.0754593175857,70890.5253734855,106335.78806022825,7322.714940154419,600.0244395463923,7922.739379700812,0.0,188764.12827273214,942283.9506172839,17916.666666666668,24037.004326149952,0.0,32089.901806364465,7962.9629629629635,8062.5,0.0,1032352.9863794278,,,,,,,,,,,
SRC,10,10,#4,6,19.0,9.5,100.0,#57 stone,140.0,39.06283563051279,5.499039842323396,5.431260308356283,205.755833875625,41.151166775125,0.4000000000000001,6.75,0.5228758169934641,155.72549019607845,140.15294117647062,130.0,0.29361614839969985,0.31654743673173075,0.028950703124999994,2.0,45000.0,41000.0,86000.0,2654.320987654321,2654.320987654321,26.83281572999748,40.0,2.0,1.0,189193.02579202416,88725.61814095205,277918.6439329762,301.0,601.0,41.0,0.0,51.0,0.0,7.0,3.0,189139.07712105327,94.56953856052664,True,,one complete CE 519 pavement project,TRACI 2.1 / climate change,Global warming / climate change,kg CO2-eq,False,2654.320987654321,2029.3740058024691,5375.0,2654.320987654321,3583.3333333333335,94.56953856052664,0.0,0.0,0.0,0.6725721784776904,19.783402429809907,19.783402429809907,236.01821611787162,19.339370575837112,255.35758669370873,0.0,3615.0754593175857,70890.5253734855,106335.78806022825,22320.13379014577,1828.915351407942,24149.04914155371,0.0,204990.43803458504,942283.9506172839,17916.666666666668,73266.42602622816,0.0,34848.37446587946,7962.9629629629635,8062.5,0.0,1084340.880739021,,,,,,,,,,,
SRC,10,10,#4,8,19.0,9.5,100.0,#57 stone,140.0,39.06283563051279,5.499039842323396,5.431260308356283,205.755833875625,41.151166775125,0.30000000000000004,6.75,0.39215686274509814,117.97058823529414,106.17352941176473,130.0,0.3875840522879442,0.31654743673173075,0.03960093749999999,2.0,45000.0,41000.0,86000.0,2654.320987654321,2654.320987654321,26.83281572999748,40.0,2.0,1.0,142012.85951396188,67085.22347242717,209098.08298638905,226.0,451.0,31.0,0.0,51.0,0.0,7.0,3.0,142302.86203240367,71.15143101620184,True,,one complete CE 519 pavement project,TRACI 2.1 / climate change,Global warming / climate change,kg CO2-eq,False,2654.320987654321,2029.3740058024691,5375.0,2654.320987654321,3583.3333333333335,71.15143101620184,0.0,0.0,0.0,0.6725721784776904,19.783402429809907,19.783402429809907,236.01821611787162,19.339370575837112,255.35758669370873,0.0,3615.0754593175857,70890.5253734855,106335.78806022825,16793.03382267776,1376.023891423438,18169.0577141012,0.0,199010.44660713253,942283.9506172839,17916.666666666668,55123.57505976815,0.0,33831.77592321253,7962.9629629629635,8062.5,0.0,1065181.4312298943,,,,,,,,,,,
SRC,10,10,#4,10,19.0,9.5,100.0,#57 stone,140.0,39.06283563051279,5.499039842323396,5.431260308356283,205.755833875625,41.151166775125,0.24000000000000005,6.75,0.31372549019607854,94.94117647058825,85.44705882352943,130.0,0.48159839954366296,0.31654743673173075,0.05025117187499998,2.0,45000.0,41000.0,86000.0,2654.320987654321,2654.320987654321,26.83281572999748,40.0,2.0,1.0,113704.75974712451,54100.986671312225,167805.74641843673,181.0,361.0,25.0,0.0,51.0,0.0,7.0,3.0,114201.13297921389,57.10056648960694,True,,one complete CE 519 pavement project,TRACI 2.1 / climate change,Global warming / climate change,kg CO2-eq,False,2654.320987654321,2029.3740058024691,5375.0,2654.320987654321,3583.3333333333335,57.10056648960694,0.0,0.0,0.0,0.6725721784776904,19.783402429809907,19.783402429809907,236.01821611787162,19.339370575837112,255.35758669370873,0.0,3615.0754593175857,70890.5253734855,106335.78806022825,13476.773842196948,1104.2890154327351,14581.062857629684,0.0,195422.451750661,942283.9506172839,17916.666666666668,44237.86447989212,0.0,33221.81679761237,7962.9629629629635,8062.5,0.0,1053685.761524418,,,,,,,,,,,
SRC,10,10,#4,12,19.0,9.5,100.0,#57 stone,140.0,39.06283563051279,5.499039842323396,5.431260308356283,205.755833875625,41.151166775125,0.20000000000000004,6.75,0.26143790849673204,79.43137254901961,71.48823529411764,130.0,0.5756355098964248,0.31654743673173075,0.06090140624999999,2.0,45000.0,41000.0,86000.0,2654.320987654321,2654.320987654321,26.83281572999748,40.0,2.0,1.0,94832.69323589958,45444.828803902274,140277.52203980187,151.0,301.0,21.0,0.0,51.0,0.0,7.0,3.0,95466.64694375407,47.733323471877036,True,,one complete CE 519 pavement project,TRACI 2.1 / climate change,Global warming / climate change,kg CO2-eq,False,2654.320987654321,2029.3740058024691,5375.0,2654.320987654321,3583.3333333333335,47.733323471877036,0.0,0.0,0.0,0.6725721784776904,19.783402429809907,19.783402429809907,236.01821611787162,19.339370575837112,255.35758669370873,0.0,3615.0754593175857,70890.5253734855,106335.78806022825,11265.933855209749,923.1324314389337,12189.066286648682,0.0,193030.45517968002,942283.9506172839,17916.666666666668,36980.72409330813,0.0,32815.1773805456,7962.9629629629635,8062.5,0.0,1046021.9817207672,,,,,,,,,,,
SRC,10,10,#4,15,19.0,9.5,100.0,#57 stone,140.0,39.06283563051279,5.499039842323396,5.431260308356283,205.755833875625,41.151166775125,0.16000000000000003,6.75,0.20915032679738566,63.796078431372564,57.416470588235306,130.0,0.71671362508926,0.31654743673173075,0.07687675781249999,2.0,45000.0,41000.0,86000.0,2654.320987654321,2654.320987654321,26.83281572999748,40.0,2.0,1.0,75960.62672467467,36788.670936492315,112749.29766116699,121.0,241.0,17.0,0.0,51.0,0.0,7.0,3.0,76732.16090829422,38.36608045414711,True,,one complete CE 519 pavement project,TRACI 2.1 / climate change,Global warming / climate change,kg CO2-eq,False,2654.320987654321,2029.3740058024691,5375.0,2654.320987654321,3583.3333333333335,38.36608045414711,0.0,0.0,0.0,0.6725721784776904,19.783402429809907,19.783402429809907,236.01821611787162,19.339370575837112,255.35758669370873,0.0,3615.0754593175857,70890.5253734855,106335.78806022825,9055.093868222542,741.975847445132,9797.069715667674,0.0,190638.458608699,942283.9506172839,17916.666666666668,29723.583706724115,0.0,32408.537963478833,7962.9629629629635,8062.5,0.0,1038358.2019171164,,,,,,,,,,,
SRC,10,10,#4,18,19.0,9.5,100.0,#57 stone,140.0,39.06283563051279,5.499039842323396,5.431260308356283,205.755833875625,41.151166775125,0.13333333333333336,6.75,0.1742919389978214,53.30283224400872,47.972549019607854,130.0,0.857806550123181,0.31654743673173075,0.09285210937499999,2.0,45000.0,41000.0,86000.0,2654.320987654321,2654.320987654321,26.83281572999748,40.0,2.0,1.0,63379.249050524726,32460.592002787336,95839.84105331206,101.0,201.0,15.0,0.0,51.0,0.0,7.0,3.0,65224.33627239294,32.612168136196466,True,,one complete CE 519 pavement project,TRACI 2.1 / climate change,Global warming / climate change,kg CO2-eq,False,2654.320987654321,2029.3740058024691,5375.0,2654.320987654321,3583.3333333333335,32.612168136196466,0.0,0.0,0.0,0.6725721784776904,19.783402429809907,19.783402429809907,236.01821611787162,19.339370575837112,255.35758669370873,0.0,3615.0754593175857,70890.5253734855,106335.78806022825,7697.065747241184,630.6988048674106,8327.764552108594,0.0,189169.15344513993,942283.9506172839,17916.666666666668,25265.820693164304,0.0,32158.75608567379,7962.9629629629635,8062.5,0.0,1033650.6570257515,,,,,,,,,,,
SRC,10,10,#5,6,19.0,9.5,100.0,#57 stone,140.0,39.06283563051279,5.499039842323396,5.431260308356283,205.755833875625,41.151166775125,0.62,6.6875,0.8104575163398693,233.7004901960784,210.33044117647057,130.0,0.19565007587560052,0.31654743673173075,0.017422492439516126,2.0,45000.0,41000.0,86000.0,2654.320987654321,2654.320987654321,33.54101966249685,40.0,2.0,1.0,191378.78224003024,89894.52267619007,281273.3049162203,301.0,601.0,41.0,0.0,51.0,0.0,7.0,3.0,296704.27094981854,148.35213547490926,True,,one complete CE 519 pavement project,TRACI 2.1 / climate change,Global warming / climate change,kg CO2-eq,False,2654.320987654321,2029.3740058024691,5375.0,2654.320987654321,3583.3333333333335,148.35213547490926,0.0,0.0,0.0,0.6725721784776904,19.783402429809907,19.783402429809907,236.01821611787162,19.339370575837112,255.35758669370873,0.0,3615.0754593175857,70890.5253734855,106335.78806022825,35013.8063720649,2869.0369236660613,37882.84329573096,0.0,218724.2321887623,942283.9506172839,17916.666666666668,114933.7400292893,0.0,37183.119472089595,7962.9629629629635,8062.5,0.0,1128342.9397482926,,,,,,,,,,,
SRC,10,10,#5,8,19.0,9.5,100.0,#57 stone,140.0,39.06283563051279,5.499039842323396,5.431260308356283,205.755833875625,41.151166775125,0.46499999999999997,6.6875,0.6078431372549019,178.1018382352941,160.2916544117647,130.0,0.2567268204083411,0.31654743673173075,0.024229989919354843,2.0,45000.0,41000.0,86000.0,2654.320987654321,2654.320987654321,33.54101966249685,40.0,2.0,1.0,143653.57439245237,67969.02934053396,211622.60373298632,226.0,451.0,31.0,0.0,51.0,0.0,7.0,3.0,223232.4549100043,111.61622745500216,True,,one complete CE 519 pavement project,TRACI 2.1 / climate change,Global warming / climate change,kg CO2-eq,False,2654.320987654321,2029.3740058024691,5375.0,2654.320987654321,3583.3333333333335,111.61622745500216,0.0,0.0,0.0,0.6725721784776904,19.783402429809907,19.783402429809907,236.01821611787162,19.339370575837112,255.35758669370873,0.0,3615.0754593175857,70890.5253734855,106335.78806022825,26343.462893736214,2158.5875850292114,28502.050478765424,0.0,209343.43937179676,942283.9506172839,17916.666666666668,86473.10959357856,0.0,35588.38469320545,7962.9629629629635,8062.5,0.0,1098287.5745336975,,,,,,,,,,,
SRC,10,10,#5,10,19.0,9.5,100.0,#57 stone,140.0,39.06283563051279,5.499039842323396,5.431260308356283,205.755833875625,41.151166775125,0.372,6.6875,0.48627450980392156,143.83817647058822,129.4543588235294,130.0,0.3178816623024781,0.31654743673173075,0.03103748739919355,2.0,45000.0,41000.0,86000.0,2654.320987654321,2654.320987654321,33.54101966249685,40.0,2.0,1.0,115018.44968390564,54813.733339140286,169832.18302304592,181.0,361.0,25.0,0.0,51.0,0.0,7.0,3.0,179149.36528611582,89.57468264305791,True,,one complete CE 519 pavement project,TRACI 2.1 / climate change,Global warming / climate change,kg CO2-eq,False,2654.320987654321,2029.3740058024691,5375.0,2654.320987654321,3583.3333333333335,89.57468264305791,0.0,0.0,0.0,0.6725721784776904,19.783402429809907,19.783402429809907,236.01821611787162,19.339370575837112,255.35758669370873,0.0,3615.0754593175857,70890.5253734855,106335.78806022825,21141.256806739006,1732.3179818471015,22873.574788586106,0.0,203714.96368161746,942283.9506172839,17916.666666666668,69396.7313321521,0.0,34631.54382587497,7962.9629629629635,8062.5,0.0,1080254.3554049407,,,,,,,,,,,
SRC,10,10,#5,12,19.0,9.5,100.0,#57 stone,140.0,39.06283563051279,5.499039842323396,5.431260308356283,205.755833875625,41.151166775125,0.31,6.6875,0.40522875816993464,120.61887254901961,108.55698529411765,130.0,0.37907433283664377,0.31654743673173075,0.037844984879032255,2.0,45000.0,41000.0,86000.0,2654.320987654321,2654.320987654321,33.54101966249685,40.0,2.0,1.0,95928.36654487449,46043.53600487784,141971.90254975233,151.0,301.0,21.0,0.0,51.0,0.0,7.0,3.0,149760.63887019013,74.88031943509506,True,,one complete CE 519 pavement project,TRACI 2.1 / climate change,Global warming / climate change,kg CO2-eq,False,2654.320987654321,2029.3740058024691,5375.0,2654.320987654321,3583.3333333333335,74.88031943509506,0.0,0.0,0.0,0.6725721784776904,19.783402429809907,19.783402429809907,236.01821611787162,19.339370575837112,255.35758669370873,0.0,3615.0754593175857,70890.5253734855,106335.78806022825,17673.119415407527,1448.1382463923612,19121.25766179989,0.0,199962.64655483124,942283.9506172839,17916.666666666668,58012.479157867805,0.0,33993.649914321315,7962.9629629629635,8062.5,0.0,1068232.2093191026,,,,,,,,,,,
SRC,10,10,#5,15,19.0,9.5,100.0,#57 stone,140.0,39.06283563051279,5.499039842323396,5.431260308356283,205.755833875625,41.151166775125,0.24799999999999997,6.6875,0.32418300653594767,97.09807843137253,87.38827058823527,130.0,0.4709003450706234,0.31654743673173075,0.04805623109879032,2.0,45000.0,41000.0,86000.0,2654.320987654321,2654.320987654321,33.54101966249685,40.0,2.0,1.0,76838.28340584334,37273.3386706154,114111.62207645873,121.0,241.0,17.0,0.0,51.0,0.0,7.0,3.0,120371.91245426444,60.18595622713222,True,,one complete CE 519 pavement project,TRACI 2.1 / climate change,Global warming / climate change,kg CO2-eq,False,2654.320987654321,2029.3740058024691,5375.0,2654.320987654321,3583.3333333333335,60.18595622713222,0.0,0.0,0.0,0.6725721784776904,19.783402429809907,19.783402429809907,236.01821611787162,19.339370575837112,255.35758669370873,0.0,3615.0754593175857,70890.5253734855,106335.78806022825,14204.982024076055,1163.9585109376212,15368.940535013677,0.0,196210.32942804502,942283.9506172839,17916.666666666668,46628.22698358351,0.0,33355.75600276766,7962.9629629629635,8062.5,0.0,1056210.0632332647,,,,,,,,,,,
SRC,10,10,#5,18,19.0,9.5,100.0,#57 stone,140.0,39.06283563051279,5.499039842323396,5.431260308356283,205.755833875625,41.151166775125,0.20666666666666667,6.6875,0.2701525054466231,81.25005446623094,73.12504901960784,130.0,0.5627506213922766,0.31654743673173075,0.05826747731854837,2.0,45000.0,41000.0,86000.0,2654.320987654321,2654.320987654321,33.54101966249685,40.0,2.0,1.0,64111.56131315591,32888.24000348417,96999.80131664008,101.0,201.0,15.0,0.0,51.0,0.0,7.0,3.0,102321.31819442795,51.16065909721397,True,,one complete CE 519 pavement project,TRACI 2.1 / climate change,Global warming / climate change,kg CO2-eq,False,2654.320987654321,2029.3740058024691,5375.0,2654.320987654321,3583.3333333333335,51.16065909721397,0.0,0.0,0.0,0.6725721784776904,19.783402429809907,19.783402429809907,236.01821611787162,19.339370575837112,255.35758669370873,0.0,3615.0754593175857,70890.5253734855,106335.78806022825,12074.847495539003,989.4149451850932,13064.262440724096,0.0,193905.65133375544,942283.9506172839,17916.666666666668,39636.00438633916,0.0,32963.96072673843,7962.9629629629635,8062.5,0.0,1048826.045359991,,,,,,,,,,,
SRC,10,10,#5,24,19.0,9.5,100.0,#57 stone,140.0,39.06283563051279,5.499039842323396,5.431260308356283,205.755833875625,41.151166775125,0.155,6.6875,0.20261437908496732,61.2515931372549,55.12643382352941,130.0,0.746487010330797,0.31654743673173075,0.07868996975806451,2.0,45000.0,41000.0,86000.0,2654.320987654321,2654.320987654321,33.54101966249685,40.0,2.0,1.0,48203.15869729662,24118.042669221726,72321.20136651835,76.0,151.0,11.0,0.0,51.0,0.0,7.0,3.0,76288.82283037595,38.144411415187975,True,,one complete CE 519 pavement project,TRACI 2.1 / climate change,Global warming / climate change,kg CO2-eq,False,2654.320987654321,2029.3740058024691,5375.0,2654.320987654321,3583.3333333333335,38.144411415187975,0.0,0.0,0.0,0.6725721784776904,19.783402429809907,19.783402429809907,236.01821611787162,19.339370575837112,255.35758669370873,0.0,3615.0754593175857,70890.5253734855,106335.78806022825,9002.775937078844,737.6889077555115,9740.464844834356,0.0,190581.8537378657,942283.9506172839,17916.666666666668,29551.84872215707,0.0,32398.91513543717,7962.9629629629635,8062.5,0.0,1038176.8441045077,,,,,,,,,,,
SRC,10,10,#6,6,19.0,9.5,100.0,#57 stone,140.0,39.06283563051279,5.499039842323396,5.431260308356283,205.755833875625,41.151166775125,0.88,6.625,1.1503267973856208,319.4313725490196,287.4882352941177,130.0,0.14314035053651808,0.31654743673173075,0.0112541015625,2.0,45000.0,41000.0,86000.0,2654.320987654321,2654.320987654321,40.249223594996224,40.0,2.0,1.0,193564.53868803626,91063.42721142809,284627.9658994643,301.0,601.0,41.0,0.0,51.0,0.0,7.0,3.0,426151.31561058684,213.07565780529342,True,,one complete CE 519 pavement project,TRACI 2.1 / climate change,Global warming / climate change,kg CO2-eq,False,2654.320987654321,2029.3740058024691,5375.0,2654.320987654321,3583.3333333333335,213.07565780529342,0.0,0.0,0.0,0.6725721784776904,19.783402429809907,19.783402429809907,236.01821611787162,19.339370575837112,255.35758669370873,0.0,3615.0754593175857,70890.5253734855,106335.78806022825,50289.7366533474,4120.749106986828,54410.485760334224,0.0,235251.87465336558,942283.9506172839,17916.666666666668,165077.3828254418,0.0,39992.81869107215,7962.9629629629635,8062.5,0.0,1181296.2817634274,,,,,,,,,,,
SRC,10,10,#6,8,19.0,9.5,100.0,#57 stone,140.0,39.06283563051279,5.499039842323396,5.431260308356283,205.755833875625,41.151166775125,0.66,6.625,0.8627450980392157,245.2676470588235,220.74088235294118,130.0,0.18642295136488882,0.31654743673173075,0.01600546875,2.0,45000.0,41000.0,86000.0,2654.320987654321,2654.320987654321,40.249223594996224,40.0,2.0,1.0,145294.28927094283,68852.83520864075,214147.12447958358,226.0,451.0,31.0,0.0,51.0,0.0,7.0,3.0,320625.833595821,160.3129167979105,True,,one complete CE 519 pavement project,TRACI 2.1 / climate change,Global warming / climate change,kg CO2-eq,False,2654.320987654321,2029.3740058024691,5375.0,2654.320987654321,3583.3333333333335,160.3129167979105,0.0,0.0,0.0,0.6725721784776904,19.783402429809907,19.783402429809907,236.01821611787162,19.339370575837112,255.35758669370873,0.0,3615.0754593175857,70890.5253734855,106335.78806022825,37836.76864329561,3100.3509060481333,40937.11954934374,0.0,221778.50844237508,942283.9506172839,17916.666666666668,124200.187908346,0.0,37702.34643520377,7962.9629629629635,8062.5,0.0,1138128.6145904632,,,,,,,,,,,
SRC,10,10,#6,10,19.0,9.5,100.0,#57 stone,140.0,39.06283563051279,5.499039842323396,5.431260308356283,205.755833875625,41.151166775125,0.528,6.625,0.6901960784313725,198.9472941176471,179.05256470588236,130.0,0.22982729592687634,0.31654743673173075,0.020756835937500002,2.0,45000.0,41000.0,86000.0,2654.320987654321,2654.320987654321,40.249223594996224,40.0,2.0,1.0,116332.13962068676,55526.48000696835,171858.6196276551,181.0,361.0,25.0,0.0,51.0,0.0,7.0,3.0,257310.54438696138,128.6552721934807,True,,one complete CE 519 pavement project,TRACI 2.1 / climate change,Global warming / climate change,kg CO2-eq,False,2654.320987654321,2029.3740058024691,5375.0,2654.320987654321,3583.3333333333335,128.6552721934807,0.0,0.0,0.0,0.6725721784776904,19.783402429809907,19.783402429809907,236.01821611787162,19.339370575837112,255.35758669370873,0.0,3615.0754593175857,70890.5253734855,106335.78806022825,30364.987837264525,2488.1119854849153,32853.09982274944,0.0,213694.48871578078,942283.9506172839,17916.666666666668,99673.87095808846,0.0,36328.06308168273,7962.9629629629635,8062.5,0.0,1112228.0142866846,,,,,,,,,,,
SRC,10,10,#6,12,19.0,9.5,100.0,#57 stone,140.0,39.06283563051279,5.499039842323396,5.431260308356283,205.755833875625,41.151166775125,0.44,6.625,0.5751633986928104,167.3078431372549,150.57705882352943,130.0,0.2732897500897039,0.31654743673173075,0.025508203125000004,2.0,45000.0,41000.0,86000.0,2654.320987654321,2654.320987654321,40.249223594996224,40.0,2.0,1.0,97024.03985384939,46642.24320585341,143666.2830597028,151.0,301.0,21.0,0.0,51.0,0.0,7.0,3.0,215100.35158105503,107.55017579052752,True,,one complete CE 519 pavement project,TRACI 2.1 / climate change,Global warming / climate change,kg CO2-eq,False,2654.320987654321,2029.3740058024691,5375.0,2654.320987654321,3583.3333333333335,107.55017579052752,0.0,0.0,0.0,0.6725721784776904,19.783402429809907,19.783402429809907,236.01821611787162,19.339370575837112,255.35758669370873,0.0,3615.0754593175857,70890.5253734855,106335.78806022825,25383.80063324381,2079.952705109437,27463.753338353246,0.0,208305.14223138458,942283.9506172839,17916.666666666668,83322.99299125012,0.0,35411.874179335384,7962.9629629629635,8062.5,0.0,1094960.947417499,,,,,,,,,,,
SRC,10,10,#6,15,19.0,9.5,100.0,#57 stone,140.0,39.06283563051279,5.499039842323396,5.431260308356283,205.755833875625,41.151166775125,0.35200000000000004,6.625,0.46013071895424845,135.06101960784315,121.55491764705884,130.0,0.338539711693192,0.31654743673173075,0.032635253906249995,2.0,45000.0,41000.0,86000.0,2654.320987654321,2654.320987654321,40.249223594996224,40.0,2.0,1.0,77715.94008701202,37758.00640473847,115473.94649175048,121.0,241.0,17.0,0.0,51.0,0.0,7.0,3.0,172890.15877514865,86.44507938757432,True,,one complete CE 519 pavement project,TRACI 2.1 / climate change,Global warming / climate change,kg CO2-eq,False,2654.320987654321,2029.3740058024691,5375.0,2654.320987654321,3583.3333333333335,86.44507938757432,0.0,0.0,0.0,0.6725721784776904,19.783402429809907,19.783402429809907,236.01821611787162,19.339370575837112,255.35758669370873,0.0,3615.0754593175857,70890.5253734855,106335.78806022825,20402.613429223085,1671.793424733958,22074.406853957043,0.0,202915.79574698838,942283.9506172839,17916.666666666668,66972.11502441177,0.0,34495.68527698803,7962.9629629629635,8062.5,0.0,1077693.8805483133,,,,,,,,,,,
SRC,10,10,#6,18,19.0,9.5,100.0,#57 stone,140.0,39.06283563051279,5.499039842323396,5.431260308356283,205.755833875625,41.151166775125,0.29333333333333333,6.625,0.38344226579520696,113.22570806100218,101.90313725490196,130.0,0.4038262990097045,0.31654743673173075,0.0397623046875,2.0,45000.0,41000.0,86000.0,2654.320987654321,2654.320987654321,40.249223594996224,40.0,2.0,1.0,64843.87357578709,33315.88800418101,98159.7615799681,101.0,201.0,15.0,0.0,51.0,0.0,7.0,3.0,146966.97636556334,73.48348818278167,True,,one complete CE 519 pavement project,TRACI 2.1 / climate change,Global warming / climate change,kg CO2-eq,False,2654.320987654321,2029.3740058024691,5375.0,2654.320987654321,3583.3333333333335,73.48348818278167,0.0,0.0,0.0,0.6725721784776904,19.783402429809907,19.783402429809907,236.01821611787162,19.339370575837112,255.35758669370873,0.0,3615.0754593175857,70890.5253734855,106335.78806022825,17343.44179501883,1421.124409171962,18764.566204190793,0.0,199605.95509722212,942283.9506172839,17916.666666666668,56930.30370077554,0.0,33933.012366527764,7962.9629629629635,8062.5,0.0,1067089.3963142168,,,,,,,,,,,
SRC,10,10,#6,24,19.0,9.5,100.0,#57 stone,140.0,39.06283563051279,5.499039842323396,5.431260308356283,205.755833875625,41.151166775125,0.22,6.625,0.2875816993464052,85.55196078431372,76.99676470588236,130.0,0.5344531933558132,0.31654743673173075,0.05401640625,2.0,45000.0,41000.0,86000.0,2654.320987654321,2654.320987654321,40.249223594996224,40.0,2.0,1.0,48753.79043675594,24431.651203066074,73185.441639822,76.0,151.0,11.0,0.0,51.0,0.0,7.0,3.0,109574.86956628907,54.78743478314453,True,,one complete CE 519 pavement project,TRACI 2.1 / climate change,Global warming / climate change,kg CO2-eq,False,2654.320987654321,2029.3740058024691,5375.0,2654.320987654321,3583.3333333333335,54.78743478314453,0.0,0.0,0.0,0.6725721784776904,19.783402429809907,19.783402429809907,236.01821611787162,19.339370575837112,255.35758669370873,0.0,3615.0754593175857,70890.5253734855,106335.78806022825,12930.832623192004,1059.55450417074,13990.387127362745,0.0,194831.77602039409,942283.9506172839,17916.666666666668,42445.79807415426,0.0,33121.401923467,7962.9629629629635,8062.5,0.0,1051793.2802445348,,,,,,,,,,,
SRC,10,12,#3,6,19.0,9.5,100.0,#57 stone,140.0,44.78676569548484,5.499039842323396,5.77022359949313,147.88133760076087,42.58982522901914,0.22,8.8125,0.2875816993464052,114.42696078431374,102.98426470588237,187.2,0.41355662780768926,0.2275097501550168,0.07284257812500002,2.0,45000.0,41000.0,86000.0,3185.185185185185,2654.320987654321,20.124611797498112,40.0,2.0,1.0,187007.26934401813,87556.71360571406,274563.9829497322,301.0,601.0,41.0,0.0,51.0,0.0,7.0,3.0,102770.82417354561,51.3854120867728,True,,one complete CE 519 pavement project,TRACI 2.1 / climate change,Global warming / climate change,kg CO2-eq,False,3185.185185185185,2435.248806962963,6450.0,2654.320987654321,3583.3333333333335,51.3854120867728,0.0,0.0,0.0,0.6725721784776904,19.783402429809907,19.783402429809907,236.01821611787162,19.339370575837112,255.35758669370873,0.0,4338.0905511811025,70890.5253734855,127602.9456722739,12127.893295201835,993.7615265381986,13121.654821740034,0.0,215953.21641868053,1130740.7407407407,17916.666666666668,39810.12861845802,0.0,36712.04679117569,9555.555555555555,9675.0,0.0,1244410.1383725966,,,,,,,,,,,
SRC,10,12,#3,8,19.0,9.5,100.0,#57 stone,140.0,44.78676569548484,5.499039842323396,5.77022359949313,147.88133760076087,42.58982522901914,0.165,8.8125,0.21568627450980393,86.17610294117648,77.55849264705883,187.2,0.549131678239678,0.2275097501550168,0.09812343749999998,2.0,45000.0,41000.0,86000.0,3185.185185185185,2654.320987654321,20.124611797498112,40.0,2.0,1.0,140372.1446354714,66201.41760432038,206573.5622397918,226.0,451.0,31.0,0.0,51.0,0.0,7.0,3.0,77321.63197725541,38.660815988627704,True,,one complete CE 519 pavement project,TRACI 2.1 / climate change,Global warming / climate change,kg CO2-eq,False,3185.185185185185,2435.248806962963,6450.0,2654.320987654321,3583.3333333333335,38.660815988627704,0.0,0.0,0.0,0.6725721784776904,19.783402429809907,19.783402429809907,236.01821611787162,19.339370575837112,255.35758669370873,0.0,4338.0905511811025,70890.5253734855,127602.9456722739,9124.6568232972,747.6758471683196,9872.33267046552,0.0,212703.89426740602,1130740.7407407407,17916.666666666668,29951.925935765474,0.0,36159.66202545902,9555.555555555555,9675.0,0.0,1233999.5509241875,,,,,,,,,,,
SRC,10,12,#3,10,19.0,9.5,100.0,#57 stone,140.0,44.78676569548484,5.499039842323396,5.77022359949313,147.88133760076087,42.58982522901914,0.132,8.8125,0.17254901960784313,69.11170588235294,62.20053529411764,187.2,0.6847179855869648,0.2275097501550168,0.123404296875,2.0,45000.0,41000.0,86000.0,3185.185185185185,2654.320987654321,20.124611797498112,40.0,2.0,1.0,112391.06981034338,53388.24000348418,165779.30981382757,181.0,361.0,25.0,0.0,51.0,0.0,7.0,3.0,62052.1166594813,31.02605832974065,True,,one complete CE 519 pavement project,TRACI 2.1 / climate change,Global warming / climate change,kg CO2-eq,False,3185.185185185185,2435.248806962963,6450.0,2654.320987654321,3583.3333333333335,31.02605832974065,0.0,0.0,0.0,0.6725721784776904,19.783402429809907,19.783402429809907,236.01821611787162,19.339370575837112,255.35758669370873,0.0,4338.0905511811025,70890.5253734855,127602.9456722739,7322.714940154419,600.0244395463923,7922.739379700812,0.0,210754.3009766413,1130740.7407407407,17916.666666666668,24037.004326149952,0.0,35828.23116602902,9555.555555555555,9675.0,0.0,1227753.198455142,,,,,,,,,,,
SRC,10,12,#3,12,19.0,9.5,100.0,#57 stone,140.0,44.78676569548484,5.499039842323396,5.77022359949313,147.88133760076087,42.58982522901914,0.11,8.8125,0.1437908496732026,57.68799019607843,51.9191911764706,187.2,0.8203098750952912,0.2275097501550168,0.14868515625,2.0,45000.0,41000.0,86000.0,3185.185185185185,2654.320987654321,20.124611797498112,40.0,2.0,1.0,93737.0199269247,44846.12160292671,138583.14152985142,151.0,301.0,21.0,0.0,51.0,0.0,7.0,3.0,51872.43978096522,25.93621989048261,True,,one complete CE 519 pavement project,TRACI 2.1 / climate change,Global warming / climate change,kg CO2-eq,False,3185.185185185185,2435.248806962963,6450.0,2654.320987654321,3583.3333333333335,25.93621989048261,0.0,0.0,0.0,0.6725721784776904,19.783402429809907,19.783402429809907,236.01821611787162,19.339370575837112,255.35758669370873,0.0,4338.0905511811025,70890.5253734855,127602.9456722739,6121.420351392566,501.59016779844063,6623.010519191006,0.0,209454.57211613152,1130740.7407407407,17916.666666666668,20093.723253072938,0.0,35607.27725974236,9555.555555555555,9675.0,0.0,1223588.9634757782,,,,,,,,,,,
SRC,10,12,#4,6,19.0,9.5,100.0,#57 stone,140.0,44.78676569548484,5.499039842323396,5.77022359949313,147.88133760076087,42.58982522901914,0.4000000000000001,8.75,0.5228758169934641,203.72549019607843,183.3529411764706,187.2,0.23228329447973223,0.2275097501550168,0.038417578125,2.0,45000.0,41000.0,86000.0,3185.185185185185,2654.320987654321,26.83281572999748,40.0,2.0,1.0,189193.02579202416,88725.61814095205,277918.6439329762,301.0,601.0,41.0,0.0,51.0,0.0,7.0,3.0,189139.07712105327,94.56953856052664,True,,one complete CE 519 pavement project,TRACI 2.1 / climate change,Global warming / climate change,kg CO2-eq,False,3185.185185185185,2435.248806962963,6450.0,2654.320987654321,3583.3333333333335,94.56953856052664,0.0,0.0,0.0,0.6725721784776904,19.783402429809907,19.783402429809907,236.01821611787162,19.339370575837112,255.35758669370873,0.0,4338.0905511811025,70890.5253734855,127602.9456722739,22320.13379014577,1828.915351407942,24149.04914155371,0.0,226980.6107384942,1130740.7407407407,17916.666666666668,73266.42602622816,0.0,38586.70382554402,9555.555555555555,9675.0,0.0,1279741.0928147351,,,,,,,,,,,
SRC,10,12,#4,8,19.0,9.5,100.0,#57 stone,140.0,44.78676569548484,5.499039842323396,5.77022359949313,147.88133760076087,42.58982522901914,0.30000000000000004,8.75,0.39215686274509814,153.97058823529414,138.57352941176475,187.2,0.30734459466977615,0.2275097501550168,0.05222343749999999,2.0,45000.0,41000.0,86000.0,3185.185185185185,2654.320987654321,26.83281572999748,40.0,2.0,1.0,142012.85951396188,67085.22347242717,209098.08298638905,226.0,451.0,31.0,0.0,51.0,0.0,7.0,3.0,142302.86203240367,71.15143101620184,True,,one complete CE 519 pavement project,TRACI 2.1 / climate change,Global warming / climate change,kg CO2-eq,False,3185.185185185185,2435.248806962963,6450.0,2654.320987654321,3583.3333333333335,71.15143101620184,0.0,0.0,0.0,0.6725721784776904,19.783402429809907,19.783402429809907,236.01821611787162,19.339370575837112,255.35758669370873,0.0,4338.0905511811025,70890.5253734855,127602.9456722739,16793.03382267776,1376.023891423438,18169.0577141012,0.0,221000.6193110417,1130740.7407407407,17916.666666666668,55123.57505976815,0.0,37570.10528287709,9555.555555555555,9675.0,0.0,1260581.643305608,,,,,,,,,,,
SRC,10,12,#4,10,19.0,9.5,100.0,#57 stone,140.0,44.78676569548484,5.499039842323396,5.77022359949313,147.88133760076087,42.58982522901914,0.24000000000000005,8.75,0.31372549019607854,123.74117647058829,111.36705882352946,187.2,0.38242749408068977,0.2275097501550168,0.06602929687499998,2.0,45000.0,41000.0,86000.0,3185.185185185185,2654.320987654321,26.83281572999748,40.0,2.0,1.0,113704.75974712451,54100.986671312225,167805.74641843673,181.0,361.0,25.0,0.0,51.0,0.0,7.0,3.0,114201.13297921389,57.10056648960694,True,,one complete CE 519 pavement project,TRACI 2.1 / climate change,Global warming / climate change,kg CO2-eq,False,3185.185185185185,2435.248806962963,6450.0,2654.320987654321,3583.3333333333335,57.10056648960694,0.0,0.0,0.0,0.6725721784776904,19.783402429809907,19.783402429809907,236.01821611787162,19.339370575837112,255.35758669370873,0.0,4338.0905511811025,70890.5253734855,127602.9456722739,13476.773842196948,1104.2890154327351,14581.062857629684,0.0,217412.62445457018,1130740.7407407407,17916.666666666668,44237.86447989212,0.0,36960.14615727693,9555.555555555555,9675.0,0.0,1249085.973600132,,,,,,,,,,,
SRC,10,12,#4,12,19.0,9.5,100.0,#57 stone,140.0,44.78676569548484,5.499039842323396,5.77022359949313,147.88133760076087,42.58982522901914,0.20000000000000004,8.75,0.26143790849673204,103.43137254901963,93.08823529411767,187.2,0.45752102931647726,0.2275097501550168,0.07983515624999998,2.0,45000.0,41000.0,86000.0,3185.185185185185,2654.320987654321,26.83281572999748,40.0,2.0,1.0,94832.69323589958,45444.828803902274,140277.52203980187,151.0,301.0,21.0,0.0,51.0,0.0,7.0,3.0,95466.64694375407,47.733323471877036,True,,one complete CE 519 pavement project,TRACI 2.1 / climate change,Global warming / climate change,kg CO2-eq,False,3185.185185185185,2435.248806962963,6450.0,2654.320987654321,3583.3333333333335,47.733323471877036,0.0,0.0,0.0,0.6725721784776904,19.783402429809907,19.783402429809907,236.01821611787162,19.339370575837112,255.35758669370873,0.0,4338.0905511811025,70890.5253734855,127602.9456722739,11265.933855209749,923.1324314389337,12189.066286648682,0.0,215020.6278835892,1130740.7407407407,17916.666666666668,36980.72409330813,0.0,36553.50674021016,9555.555555555555,9675.0,0.0,1241422.1937964812,,,,,,,,,,,
SRC,10,12,#4,15,19.0,9.5,100.0,#57 stone,140.0,44.78676569548484,5.499039842323396,5.77022359949313,147.88133760076087,42.58982522901914,0.16000000000000003,8.75,0.20915032679738566,82.99607843137258,74.69647058823531,187.2,0.570171855425349,0.2275097501550168,0.1005439453125,2.0,45000.0,41000.0,86000.0,3185.185185185185,2654.320987654321,26.83281572999748,40.0,2.0,1.0,75960.62672467467,36788.670936492315,112749.29766116699,121.0,241.0,17.0,0.0,51.0,0.0,7.0,3.0,76732.16090829422,38.36608045414711,True,,one complete CE 519 pavement project,TRACI 2.1 / climate change,Global warming / climate change,kg CO2-eq,False,3185.185185185185,2435.248806962963,6450.0,2654.320987654321,3583.3333333333335,38.36608045414711,0.0,0.0,0.0,0.6725721784776904,19.783402429809907,19.783402429809907,236.01821611787162,19.339370575837112,255.35758669370873,0.0,4338.0905511811025,70890.5253734855,127602.9456722739,9055.093868222542,741.975847445132,9797.069715667674,0.0,212628.63131260817,1130740.7407407407,17916.666666666668,29723.583706724115,0.0,36146.86732314339,9555.555555555555,9675.0,0.0,1233758.4139928306,,,,,,,,,,,
SRC,10,12,#4,18,19.0,9.5,100.0,#57 stone,140.0,44.78676569548484,5.499039842323396,5.77022359949313,147.88133760076087,42.58982522901914,0.13333333333333336,8.75,0.1742919389978214,69.30283224400873,62.37254901960785,187.2,0.6828296405784269,0.2275097501550168,0.12125273437499998,2.0,45000.0,41000.0,86000.0,3185.185185185185,2654.320987654321,26.83281572999748,40.0,2.0,1.0,63379.249050524726,32460.592002787336,95839.84105331206,101.0,201.0,15.0,0.0,51.0,0.0,7.0,3.0,65224.33627239294,32.612168136196466,True,,one complete CE 519 pavement project,TRACI 2.1 / climate change,Global warming / climate change,kg CO2-eq,False,3185.185185185185,2435.248806962963,6450.0,2654.320987654321,3583.3333333333335,32.612168136196466,0.0,0.0,0.0,0.6725721784776904,19.783402429809907,19.783402429809907,236.01821611787162,19.339370575837112,255.35758669370873,0.0,4338.0905511811025,70890.5253734855,127602.9456722739,7697.065747241184,630.6988048674106,8327.764552108594,0.0,211159.3261490491,1130740.7407407407,17916.666666666668,25265.820693164304,0.0,35897.08544533835,9555.555555555555,9675.0,0.0,1229050.8691014657,,,,,,,,,,,
SRC,10,12,#4,24,19.0,9.5,100.0,#57 stone,140.0,44.78676569548484,5.499039842323396,5.77022359949313,147.88133760076087,42.58982522901914,0.10000000000000002,8.75,0.13071895424836602,52.10784313725491,46.89705882352942,187.2,0.9081555708915965,0.2275097501550168,0.1626703125,2.0,45000.0,41000.0,86000.0,3185.185185185185,2654.320987654321,26.83281572999748,40.0,2.0,1.0,47652.5269578373,23804.43413537738,71456.96109321468,76.0,151.0,11.0,0.0,51.0,0.0,7.0,3.0,48630.431855104434,24.315215927552217,True,,one complete CE 519 pavement project,TRACI 2.1 / climate change,Global warming / climate change,kg CO2-eq,False,3185.185185185185,2435.248806962963,6450.0,2654.320987654321,3583.3333333333335,24.315215927552217,0.0,0.0,0.0,0.6725721784776904,19.783402429809907,19.783402429809907,236.01821611787162,19.339370575837112,255.35758669370873,0.0,4338.0905511811025,70890.5253734855,127602.9456722739,5738.833887741734,470.2409714544292,6209.074859196163,0.0,209040.63645613668,1130740.7407407407,17916.666666666668,18837.873126848095,0.0,35536.908197543235,9555.555555555555,9675.0,0.0,1222262.7442873544,,,,,,,,,,,
SRC,10,12,#5,6,19.0,9.5,100.0,#57 stone,140.0,44.78676569548484,5.499039842323396,5.77022359949313,147.88133760076087,42.58982522901914,0.62,8.6875,0.8104575163398693,308.10049019607845,277.2904411764706,187.2,0.15359283590275122,0.2275097501550168,0.02353015372983871,2.0,45000.0,41000.0,86000.0,3185.185185185185,2654.320987654321,33.54101966249685,40.0,2.0,1.0,191378.78224003024,89894.52267619007,281273.3049162203,301.0,601.0,41.0,0.0,51.0,0.0,7.0,3.0,296704.27094981854,148.35213547490926,True,,one complete CE 519 pavement project,TRACI 2.1 / climate change,Global warming / climate change,kg CO2-eq,False,3185.185185185185,2435.248806962963,6450.0,2654.320987654321,3583.3333333333335,148.35213547490926,0.0,0.0,0.0,0.6725721784776904,19.783402429809907,19.783402429809907,236.01821611787162,19.339370575837112,255.35758669370873,0.0,4338.0905511811025,70890.5253734855,127602.9456722739,35013.8063720649,2869.0369236660613,37882.84329573096,0.0,240714.40489267147,1130740.7407407407,17916.666666666668,114933.7400292893,0.0,40921.448831754155,9555.555555555555,9675.0,0.0,1323743.1518240063,,,,,,,,,,,
SRC,10,12,#5,8,19.0,9.5,100.0,#57 stone,140.0,44.78676569548484,5.499039842323396,5.77022359949313,147.88133760076087,42.58982522901914,0.46499999999999997,8.6875,0.6078431372549019,233.90183823529406,210.51165441176468,187.2,0.20231575941972627,0.2275097501550168,0.032373538306451614,2.0,45000.0,41000.0,86000.0,3185.185185185185,2654.320987654321,33.54101966249685,40.0,2.0,1.0,143653.57439245237,67969.02934053396,211622.60373298632,226.0,451.0,31.0,0.0,51.0,0.0,7.0,3.0,223232.4549100043,111.61622745500216,True,,one complete CE 519 pavement project,TRACI 2.1 / climate change,Global warming / climate change,kg CO2-eq,False,3185.185185185185,2435.248806962963,6450.0,2654.320987654321,3583.3333333333335,111.61622745500216,0.0,0.0,0.0,0.6725721784776904,19.783402429809907,19.783402429809907,236.01821611787162,19.339370575837112,255.35758669370873,0.0,4338.0905511811025,70890.5253734855,127602.9456722739,26343.462893736214,2158.5875850292114,28502.050478765424,0.0,231333.61207570593,1130740.7407407407,17916.666666666668,86473.10959357856,0.0,39326.71405287001,9555.555555555555,9675.0,0.0,1293687.7866094115,,,,,,,,,,,
SRC,10,12,#5,10,19.0,9.5,100.0,#57 stone,140.0,44.78676569548484,5.499039842323396,5.77022359949313,147.88133760076087,42.58982522901914,0.372,8.6875,0.48627450980392156,188.47817647058827,169.63035882352943,187.2,0.2510743096011862,0.2275097501550168,0.04121692288306452,2.0,45000.0,41000.0,86000.0,3185.185185185185,2654.320987654321,33.54101966249685,40.0,2.0,1.0,115018.44968390564,54813.733339140286,169832.18302304592,181.0,361.0,25.0,0.0,51.0,0.0,7.0,3.0,179149.36528611582,89.57468264305791,True,,one complete CE 519 pavement project,TRACI 2.1 / climate change,Global warming / climate change,kg CO2-eq,False,3185.185185185185,2435.248806962963,6450.0,2654.320987654321,3583.3333333333335,89.57468264305791,0.0,0.0,0.0,0.6725721784776904,19.783402429809907,19.783402429809907,236.01821611787162,19.339370575837112,255.35758669370873,0.0,4338.0905511811025,70890.5253734855,127602.9456722739,21141.256806739006,1732.3179818471015,22873.574788586106,0.0,225705.13638552662,1130740.7407407407,17916.666666666668,69396.7313321521,0.0,38369.87318553953,9555.555555555555,9675.0,0.0,1275654.5674806547,,,,,,,,,,,
SRC,10,12,#5,12,19.0,9.5,100.0,#57 stone,140.0,44.78676569548484,5.499039842323396,5.77022359949313,147.88133760076087,42.58982522901914,0.31,8.6875,0.40522875816993464,157.8188725490196,142.03698529411764,187.2,0.29985024774236013,0.2275097501550168,0.05006030745967741,2.0,45000.0,41000.0,86000.0,3185.185185185185,2654.320987654321,33.54101966249685,40.0,2.0,1.0,95928.36654487449,46043.53600487784,141971.90254975233,151.0,301.0,21.0,0.0,51.0,0.0,7.0,3.0,149760.63887019013,74.88031943509506,True,,one complete CE 519 pavement project,TRACI 2.1 / climate change,Global warming / climate change,kg CO2-eq,False,3185.185185185185,2435.248806962963,6450.0,2654.320987654321,3583.3333333333335,74.88031943509506,0.0,0.0,0.0,0.6725721784776904,19.783402429809907,19.783402429809907,236.01821611787162,19.339370575837112,255.35758669370873,0.0,4338.0905511811025,70890.5253734855,127602.9456722739,17673.119415407527,1448.1382463923612,19121.25766179989,0.0,221952.8192587404,1130740.7407407407,17916.666666666668,58012.479157867805,0.0,37731.979273985875,9555.555555555555,9675.0,0.0,1263632.4213948166,,,,,,,,,,,
SRC,10,12,#5,15,19.0,9.5,100.0,#57 stone,140.0,44.78676569548484,5.499039842323396,5.77022359949313,147.88133760076087,42.58982522901914,0.24799999999999997,8.6875,0.32418300653594767,126.85807843137255,114.17227058823529,187.2,0.37303125364494366,0.2275097501550168,0.06332538432459678,2.0,45000.0,41000.0,86000.0,3185.185185185185,2654.320987654321,33.54101966249685,40.0,2.0,1.0,76838.28340584334,37273.3386706154,114111.62207645873,121.0,241.0,17.0,0.0,51.0,0.0,7.0,3.0,120371.91245426444,60.18595622713222,True,,one complete CE 519 pavement project,TRACI 2.1 / climate change,Global warming / climate change,kg CO2-eq,False,3185.185185185185,2435.248806962963,6450.0,2654.320987654321,3583.3333333333335,60.18595622713222,0.0,0.0,0.0,0.6725721784776904,19.783402429809907,19.783402429809907,236.01821611787162,19.339370575837112,255.35758669370873,0.0,4338.0905511811025,70890.5253734855,127602.9456722739,14204.982024076055,1163.9585109376212,15368.940535013677,0.0,218200.50213195418,1130740.7407407407,17916.666666666668,46628.22698358351,0.0,37094.08536243221,9555.555555555555,9675.0,0.0,1251610.2753089787,,,,,,,,,,,
SRC,10,12,#5,18,19.0,9.5,100.0,#57 stone,140.0,44.78676569548484,5.499039842323396,5.77022359949313,147.88133760076087,42.58982522901914,0.20666666666666667,8.6875,0.2701525054466231,106.05005446623093,95.44504901960784,187.2,0.44622351464526633,0.2275097501550168,0.07659046118951612,2.0,45000.0,41000.0,86000.0,3185.185185185185,2654.320987654321,33.54101966249685,40.0,2.0,1.0,64111.56131315591,32888.24000348417,96999.80131664008,101.0,201.0,15.0,0.0,51.0,0.0,7.0,3.0,102321.31819442795,51.16065909721397,True,,one complete CE 519 pavement project,TRACI 2.1 / climate change,Global warming / climate change,kg CO2-eq,False,3185.185185185185,2435.248806962963,6450.0,2654.320987654321,3583.3333333333335,51.16065909721397,0.0,0.0,0.0,0.6725721784776904,19.783402429809907,19.783402429809907,236.01821611787162,19.339370575837112,255.35758669370873,0.0,4338.0905511811025,70890.5253734855,127602.9456722739,12074.847495539003,989.4149451850932,13064.262440724096,0.0,215895.8240376646,1130740.7407407407,17916.666666666668,39636.00438633916,0.0,36702.29008640299,9555.555555555555,9675.0,0.0,1244226.257435705,,,,,,,,,,,
SRC,10,12,#5,24,19.0,9.5,100.0,#57 stone,140.0,44.78676569548484,5.499039842323396,5.77022359949313,147.88133760076087,42.58982522901914,0.155,8.6875,0.20261437908496732,79.85159313725491,71.86643382352943,187.2,0.5926247200967277,0.2275097501550168,0.10312061491935483,2.0,45000.0,41000.0,86000.0,3185.185185185185,2654.320987654321,33.54101966249685,40.0,2.0,1.0,48203.15869729662,24118.042669221726,72321.20136651835,76.0,151.0,11.0,0.0,51.0,0.0,7.0,3.0,76288.82283037595,38.144411415187975,True,,one complete CE 519 pavement project,TRACI 2.1 / climate change,Global warming / climate change,kg CO2-eq,False,3185.185185185185,2435.248806962963,6450.0,2654.320987654321,3583.3333333333335,38.144411415187975,0.0,0.0,0.0,0.6725721784776904,19.783402429809907,19.783402429809907,236.01821611787162,19.339370575837112,255.35758669370873,0.0,4338.0905511811025,70890.5253734855,127602.9456722739,9002.775937078844,737.6889077555115,9740.464844834356,0.0,212572.02644177485,1130740.7407407407,17916.666666666668,29551.84872215707,0.0,36137.24449510173,9555.555555555555,9675.0,0.0,1233577.0561802217,,,,,,,,,,,
SRC,10,12,#6,6,19.0,9.5,100.0,#57 stone,140.0,44.78676569548484,5.499039842323396,5.77022359949313,147.88133760076087,42.58982522901914,0.88,8.625,1.1503267973856208,425.03137254901964,382.52823529411774,187.2,0.11133772960909079,0.2275097501550168,0.015557226562500004,2.0,45000.0,41000.0,86000.0,3185.185185185185,2654.320987654321,40.249223594996224,40.0,2.0,1.0,193564.53868803626,91063.42721142809,284627.9658994643,301.0,601.0,41.0,0.0,51.0,0.0,7.0,3.0,426151.31561058684,213.07565780529342,True,,one complete CE 519 pavement project,TRACI 2.1 / climate change,Global warming / climate change,kg CO2-eq,False,3185.185185185185,2435.248806962963,6450.0,2654.320987654321,3583.3333333333335,213.07565780529342,0.0,0.0,0.0,0.6725721784776904,19.783402429809907,19.783402429809907,236.01821611787162,19.339370575837112,255.35758669370873,0.0,4338.0905511811025,70890.5253734855,127602.9456722739,50289.7366533474,4120.749106986828,54410.485760334224,0.0,257242.04735727474,1130740.7407407407,17916.666666666668,165077.3828254418,0.0,43731.14805073671,9555.555555555555,9675.0,0.0,1376696.4938391414,,,,,,,,,,,
SRC,10,12,#6,8,19.0,9.5,100.0,#57 stone,140.0,44.78676569548484,5.499039842323396,5.77022359949313,147.88133760076087,42.58982522901914,0.66,8.625,0.8627450980392157,324.4676470588235,292.02088235294116,187.2,0.1458451357514371,0.2275097501550168,0.021742968749999998,2.0,45000.0,41000.0,86000.0,3185.185185185185,2654.320987654321,40.249223594996224,40.0,2.0,1.0,145294.28927094283,68852.83520864075,214147.12447958358,226.0,451.0,31.0,0.0,51.0,0.0,7.0,3.0,320625.833595821,160.3129167979105,True,,one complete CE 519 pavement project,TRACI 2.1 / climate change,Global warming / climate change,kg CO2-eq,False,3185.185185185185,2435.248806962963,6450.0,2654.320987654321,3583.3333333333335,160.3129167979105,0.0,0.0,0.0,0.6725721784776904,19.783402429809907,19.783402429809907,236.01821611787162,19.339370575837112,255.35758669370873,0.0,4338.0905511811025,70890.5253734855,127602.9456722739,37836.76864329561,3100.3509060481333,40937.11954934374,0.0,243768.68114628425,1130740.7407407407,17916.666666666668,124200.187908346,0.0,41440.67579486832,9555.555555555555,9675.0,0.0,1333528.8266661773,,,,,,,,,,,
SRC,10,12,#6,10,19.0,9.5,100.0,#57 stone,140.0,44.78676569548484,5.499039842323396,5.77022359949313,147.88133760076087,42.58982522901914,0.528,8.625,0.6901960784313725,262.3072941176471,236.07656470588233,187.2,0.18040683234305777,0.2275097501550168,0.0279287109375,2.0,45000.0,41000.0,86000.0,3185.185185185185,2654.320987654321,40.249223594996224,40.0,2.0,1.0,116332.13962068676,55526.48000696835,171858.6196276551,181.0,361.0,25.0,0.0,51.0,0.0,7.0,3.0,257310.54438696138,128.6552721934807,True,,one complete CE 519 pavement project,TRACI 2.1 / climate change,Global warming / climate change,kg CO2-eq,False,3185.185185185185,2435.248806962963,6450.0,2654.320987654321,3583.3333333333335,128.6552721934807,0.0,0.0,0.0,0.6725721784776904,19.783402429809907,19.783402429809907,236.01821611787162,19.339370575837112,255.35758669370873,0.0,4338.0905511811025,70890.5253734855,127602.9456722739,30364.987837264525,2488.1119854849153,32853.09982274944,0.0,235684.66141968995,1130740.7407407407,17916.666666666668,99673.87095808846,0.0,40066.39244134729,9555.555555555555,9675.0,0.0,1307628.2263623986,,,,,,,,,,,
SRC,10,12,#6,12,19.0,9.5,100.0,#57 stone,140.0,44.78676569548484,5.499039842323396,5.77022359949313,147.88133760076087,42.58982522901914,0.44,8.625,0.5751633986928104,220.1078431372549,198.0970588235294,187.2,0.2149947378419151,0.2275097501550168,0.034114453125000006,2.0,45000.0,41000.0,86000.0,3185.185185185185,2654.320987654321,40.249223594996224,40.0,2.0,1.0,97024.03985384939,46642.24320585341,143666.2830597028,151.0,301.0,21.0,0.0,51.0,0.0,7.0,3.0,215100.35158105503,107.55017579052752,True,,one complete CE 519 pavement project,TRACI 2.1 / climate change,Global warming / climate change,kg CO2-eq,False,3185.185185185185,2435.248806962963,6450.0,2654.320987654321,3583.3333333333335,107.55017579052752,0.0,0.0,0.0,0.6725721784776904,19.783402429809907,19.783402429809907,236.01821611787162,19.339370575837112,255.35758669370873,0.0,4338.0905511811025,70890.5253734855,127602.9456722739,25383.80063324381,2079.952705109437,27463.753338353246,0.0,230295.31493529375,1130740.7407407407,17916.666666666668,83322.99299125012,0.0,39150.20353899994,9555.555555555555,9675.0,0.0,1290361.159493213,,,,,,,,,,,
SRC,10,12,#6,15,19.0,9.5,100.0,#57 stone,140.0,44.78676569548484,5.499039842323396,5.77022359949313,147.88133760076087,42.58982522901914,0.35200000000000004,8.625,0.46013071895424845,177.3010196078432,159.57091764705888,187.2,0.26690217651827947,0.2275097501550168,0.043393066406249986,2.0,45000.0,41000.0,86000.0,3185.185185185185,2654.320987654321,40.249223594996224,40.0,2.0,1.0,77715.94008701202,37758.00640473847,115473.94649175048,121.0,241.0,17.0,0.0,51.0,0.0,7.0,3.0,172890.15877514865,86.44507938757432,True,,one complete CE 519 pavement project,TRACI 2.1 / climate change,Global warming / climate change,kg CO2-eq,False,3185.185185185185,2435.248806962963,6450.0,2654.320987654321,3583.3333333333335,86.44507938757432,0.0,0.0,0.0,0.6725721784776904,19.783402429809907,19.783402429809907,236.01821611787162,19.339370575837112,255.35758669370873,0.0,4338.0905511811025,70890.5253734855,127602.9456722739,20402.613429223085,1671.793424733958,22074.406853957043,0.0,224905.96845089755,1130740.7407407407,17916.666666666668,66972.11502441177,0.0,38234.01463665259,9555.555555555555,9675.0,0.0,1273094.0926240273,,,,,,,,,,,
SRC,10,12,#6,18,19.0,9.5,100.0,#57 stone,140.0,44.78676569548484,5.499039842323396,5.77022359949313,147.88133760076087,42.58982522901914,0.29333333333333333,8.625,0.38344226579520696,148.42570806100215,133.58313725490197,187.2,0.31882635865745296,0.2275097501550168,0.0526716796875,2.0,45000.0,41000.0,86000.0,3185.185185185185,2654.320987654321,40.249223594996224,40.0,2.0,1.0,64843.87357578709,33315.88800418101,98159.7615799681,101.0,201.0,15.0,0.0,51.0,0.0,7.0,3.0,146966.97636556334,73.48348818278167,True,,one complete CE 519 pavement project,TRACI 2.1 / climate change,Global warming / climate change,kg CO2-eq,False,3185.185185185185,2435.248806962963,6450.0,2654.320987654321,3583.3333333333335,73.48348818278167,0.0,0.0,0.0,0.6725721784776904,19.783402429809907,19.783402429809907,236.01821611787162,19.339370575837112,255.35758669370873,0.0,4338.0905511811025,70890.5253734855,127602.9456722739,17343.44179501883,1421.124409171962,18764.566204190793,0.0,221596.12780113128,1130740.7407407407,17916.666666666668,56930.30370077554,0.0,37671.341726192324,9555.555555555555,9675.0,0.0,1262489.6083899308,,,,,,,,,,,
SRC,10,12,#6,24,19.0,9.5,100.0,#57 stone,140.0,44.78676569548484,5.499039842323396,5.77022359949313,147.88133760076087,42.58982522901914,0.22,8.625,0.2875816993464052,111.95196078431374,100.75676470588236,187.2,0.42269941232573804,0.2275097501550168,0.07122890625000002,2.0,45000.0,41000.0,86000.0,3185.185185185185,2654.320987654321,40.249223594996224,40.0,2.0,1.0,48753.79043675594,24431.651203066074,73185.441639822,76.0,151.0,11.0,0.0,51.0,0.0,7.0,3.0,109574.86956628907,54.78743478314453,True,,one complete CE 519 pavement project,TRACI 2.1 / climate change,Global warming / climate change,kg CO2-eq,False,3185.185185185185,2435.248806962963,6450.0,2654.320987654321,3583.3333333333335,54.78743478314453,0.0,0.0,0.0,0.6725721784776904,19.783402429809907,19.783402429809907,236.01821611787162,19.339370575837112,255.35758669370873,0.0,4338.0905511811025,70890.5253734855,127602.9456722739,12930.832623192004,1059.55450417074,13990.387127362745,0.0,216821.94872430325,1130740.7407407407,17916.666666666668,42445.79807415426,0.0,36859.73128313156,9555.555555555555,9675.0,0.0,1247193.4923202486,,,,,,,,,,,
SRC,12,6,#4,6,19.0,9.5,100.0,#57 stone,150.0,26.174982388104926,5.499039842323396,5.136027579968186,481.21635365065237,34.647577462846975,0.4000000000000001,2.75,0.5228758169934641,59.72549019607844,53.75294117647059,46.8,0.6445708216988384,0.7403328517702346,0.010016953124999999,2.0,45000.0,41000.0,86000.0,1592.5925925925926,3185.185185185185,26.83281572999748,40.0,2.0,1.0,189193.02579202416,88725.61814095205,277918.6439329762,301.0,601.0,41.0,0.0,51.0,0.0,7.0,3.0,189139.07712105327,94.56953856052664,True,,one complete CE 519 pavement project,TRACI 2.1 / climate change,Global warming / climate change,kg CO2-eq,False,1592.5925925925926,1217.6244034814815,3225.0,3185.185185185185,4300.0,94.56953856052664,0.0,0.0,0.0,0.6725721784776904,19.783402429809907,19.783402429809907,236.01821611787162,19.339370575837112,255.35758669370873,0.0,2169.0452755905512,85068.63044818261,63801.47283613695,22320.13379014577,1828.915351407942,24149.04914155371,0.0,175188.19770146383,565370.3703703703,21500.0,73266.42602622816,0.0,29781.993609248853,4777.777777777777,4837.5,0.0,699534.0677836251,,,,,,,,,,,
SRC,12,6,#4,8,19.0,9.5,100.0,#57 stone,150.0,26.174982388104926,5.499039842323396,5.136027579968186,481.21635365065237,34.647577462846975,0.30000000000000004,2.75,0.39215686274509814,45.97058823529412,41.373529411764714,46.8,0.8374334497311416,0.7403328517702346,0.014355937499999997,2.0,45000.0,41000.0,86000.0,1592.5925925925926,3185.185185185185,26.83281572999748,40.0,2.0,1.0,142012.85951396188,67085.22347242717,209098.08298638905,226.0,451.0,31.0,0.0,51.0,0.0,7.0,3.0,142302.86203240367,71.15143101620184,True,,one complete CE 519 pavement project,TRACI 2.1 / climate change,Global warming / climate change,kg CO2-eq,False,1592.5925925925926,1217.6244034814815,3225.0,3185.185185185185,4300.0,71.15143101620184,0.0,0.0,0.0,0.6725721784776904,19.783402429809907,19.783402429809907,236.01821611787162,19.339370575837112,255.35758669370873,0.0,2169.0452755905512,85068.63044818261,63801.47283613695,16793.03382267776,1376.023891423438,18169.0577141012,0.0,169208.20627401132,565370.3703703703,21500.0,55123.57505976815,0.0,28765.395066581925,4777.777777777777,4837.5,0.0,680374.6182744981,,,,,,,,,,,
SRC,12,6,#5,6,19.0,9.5,100.0,#57 stone,150.0,26.174982388104926,5.499039842323396,5.136027579968186,481.21635365065237,34.647577462846975,0.62,2.6875,0.8104575163398693,84.90049019607844,76.41044117647058,46.8,0.4534403535614732,0.7403328517702346,0.005207169858870968,2.0,45000.0,41000.0,86000.0,1592.5925925925926,3185.185185185185,33.54101966249685,40.0,2.0,1.0,191378.78224003024,89894.52267619007,281273.3049162203,301.0,601.0,41.0,0.0,51.0,0.0,7.0,3.0,296704.27094981854,148.35213547490926,True,,one complete CE 519 pavement project,TRACI 2.1 / climate change,Global warming / climate change,kg CO2-eq,False,1592.5925925925926,1217.6244034814815,3225.0,3185.185185185185,4300.0,148.35213547490926,0.0,0.0,0.0,0.6725721784776904,19.783402429809907,19.783402429809907,236.01821611787162,19.339370575837112,255.35758669370873,0.0,2169.0452755905512,85068.63044818261,63801.47283613695,35013.8063720649,2869.0369236660613,37882.84329573096,0.0,188921.9918556411,565370.3703703703,21500.0,114933.7400292893,0.0,32116.738615458988,4777.777777777777,4837.5,0.0,743536.1267928963,,,,,,,,,,,
SRC,12,6,#5,8,19.0,9.5,100.0,#57 stone,150.0,26.174982388104926,5.499039842323396,5.136027579968186,481.21635365065237,34.647577462846975,0.46499999999999997,2.6875,0.6078431372549019,66.50183823529412,59.8516544117647,46.8,0.5788908895396632,0.7403328517702346,0.007942893145161292,2.0,45000.0,41000.0,86000.0,1592.5925925925926,3185.185185185185,33.54101966249685,40.0,2.0,1.0,143653.57439245237,67969.02934053396,211622.60373298632,226.0,451.0,31.0,0.0,51.0,0.0,7.0,3.0,223232.4549100043,111.61622745500216,True,,one complete CE 519 pavement project,TRACI 2.1 / climate change,Global warming / climate change,kg CO2-eq,False,1592.5925925925926,1217.6244034814815,3225.0,3185.185185185185,4300.0,111.61622745500216,0.0,0.0,0.0,0.6725721784776904,19.783402429809907,19.783402429809907,236.01821611787162,19.339370575837112,255.35758669370873,0.0,2169.0452755905512,85068.63044818261,63801.47283613695,26343.462893736214,2158.5875850292114,28502.050478765424,0.0,179541.19903867555,565370.3703703703,21500.0,86473.10959357856,0.0,30522.003836574844,4777.777777777777,4837.5,0.0,713480.7615783015,,,,,,,,,,,
SRC,12,6,#5,10,19.0,9.5,100.0,#57 stone,150.0,26.174982388104926,5.499039842323396,5.136027579968186,481.21635365065237,34.647577462846975,0.372,2.6875,0.48627450980392156,54.558176470588236,49.102358823529414,46.8,0.7056194100036629,0.7403328517702346,0.010678616431451614,2.0,45000.0,41000.0,86000.0,1592.5925925925926,3185.185185185185,33.54101966249685,40.0,2.0,1.0,115018.44968390564,54813.733339140286,169832.18302304592,181.0,361.0,25.0,0.0,51.0,0.0,7.0,3.0,179149.36528611582,89.57468264305791,True,,one complete CE 519 pavement project,TRACI 2.1 / climate change,Global warming / climate change,kg CO2-eq,False,1592.5925925925926,1217.6244034814815,3225.0,3185.185185185185,4300.0,89.57468264305791,0.0,0.0,0.0,0.6725721784776904,19.783402429809907,19.783402429809907,236.01821611787162,19.339370575837112,255.35758669370873,0.0,2169.0452755905512,85068.63044818261,63801.47283613695,21141.256806739006,1732.3179818471015,22873.574788586106,0.0,173912.72334849625,565370.3703703703,21500.0,69396.7313321521,0.0,29565.162969244364,4777.777777777777,4837.5,0.0,695447.5424495446,,,,,,,,,,,
SRC,12,6,#5,12,19.0,9.5,100.0,#57 stone,150.0,26.174982388104926,5.499039842323396,5.136027579968186,481.21635365065237,34.647577462846975,0.31,2.6875,0.40522875816993464,46.2188725490196,41.596985294117644,46.8,0.8329348201045376,0.7403328517702346,0.013414339717741934,2.0,45000.0,41000.0,86000.0,1592.5925925925926,3185.185185185185,33.54101966249685,40.0,2.0,1.0,95928.36654487449,46043.53600487784,141971.90254975233,151.0,301.0,21.0,0.0,51.0,0.0,7.0,3.0,149760.63887019013,74.88031943509506,True,,one complete CE 519 pavement project,TRACI 2.1 / climate change,Global warming / climate change,kg CO2-eq,False,1592.5925925925926,1217.6244034814815,3225.0,3185.185185185185,4300.0,74.88031943509506,0.0,0.0,0.0,0.6725721784776904,19.783402429809907,19.783402429809907,236.01821611787162,19.339370575837112,255.35758669370873,0.0,2169.0452755905512,85068.63044818261,63801.47283613695,17673.119415407527,1448.1382463923612,19121.25766179989,0.0,170160.40622171003,565370.3703703703,21500.0,58012.479157867805,0.0,28927.269057690708,4777.777777777777,4837.5,0.0,683425.3963637067,,,,,,,,,,,
SRC,12,6,#6,6,19.0,9.5,100.0,#57 stone,150.0,26.174982388104926,5.499039842323396,5.136027579968186,481.21635365065237,34.647577462846975,0.88,2.625,1.1503267973856208,108.23137254901962,97.40823529411766,46.8,0.3556945401816482,0.7403328517702346,0.0026478515625000007,2.0,45000.0,41000.0,86000.0,1592.5925925925926,3185.185185185185,40.249223594996224,40.0,2.0,1.0,193564.53868803626,91063.42721142809,284627.9658994643,301.0,601.0,41.0,0.0,51.0,0.0,7.0,3.0,426151.31561058684,213.07565780529342,True,Section may not be tension-controlled; phi = 0.90 should be reviewed.,one complete CE 519 pavement project,TRACI 2.1 / climate change,Global warming / climate change,kg CO2-eq,False,1592.5925925925926,1217.6244034814815,3225.0,3185.185185185185,4300.0,213.07565780529342,0.0,0.0,0.0,0.6725721784776904,19.783402429809907,19.783402429809907,236.01821611787162,19.339370575837112,255.35758669370873,0.0,2169.0452755905512,85068.63044818261,63801.47283613695,50289.7366533474,4120.749106986828,54410.485760334224,0.0,205449.63432024437,565370.3703703703,21500.0,165077.3828254418,0.0,34926.437834441545,4777.777777777777,4837.5,0.0,796489.4688080314,,,,,,,,,,,
SRC,12,6,#6,8,19.0,9.5,100.0,#57 stone,150.0,26.174982388104926,5.499039842323396,5.136027579968186,481.21635365065237,34.647577462846975,0.66,2.625,0.8627450980392157,86.86764705882352,78.18088235294117,46.8,0.44317199320459616,0.7403328517702346,0.00453046875,2.0,45000.0,41000.0,86000.0,1592.5925925925926,3185.185185185185,40.249223594996224,40.0,2.0,1.0,145294.28927094283,68852.83520864075,214147.12447958358,226.0,451.0,31.0,0.0,51.0,0.0,7.0,3.0,320625.833595821,160.3129167979105,True,Section may not be tension-controlled; phi = 0.90 should be reviewed.,one complete CE 519 pavement project,TRACI 2.1 / climate change,Global warming / climate change,kg CO2-eq,False,1592.5925925925926,1217.6244034814815,3225.0,3185.185185185185,4300.0,160.3129167979105,0.0,0.0,0.0,0.6725721784776904,19.783402429809907,19.783402429809907,236.01821611787162,19.339370575837112,255.35758669370873,0.0,2169.0452755905512,85068.63044818261,63801.47283613695,37836.76864329561,3100.3509060481333,40937.11954934374,0.0,191976.26810925387,565370.3703703703,21500.0,124200.187908346,0.0,32635.96557857316,4777.777777777777,4837.5,0.0,753321.8016350672,,,,,,,,,,,
SRC,12,6,#6,10,19.0,9.5,100.0,#57 stone,150.0,26.174982388104926,5.499039842323396,5.136027579968186,481.21635365065237,34.647577462846975,0.528,2.625,0.6901960784313725,72.22729411764705,65.00456470588234,46.8,0.5330022225302536,0.7403328517702346,0.0064130859375,2.0,45000.0,41000.0,86000.0,1592.5925925925926,3185.185185185185,40.249223594996224,40.0,2.0,1.0,116332.13962068676,55526.48000696835,171858.6196276551,181.0,361.0,25.0,0.0,51.0,0.0,7.0,3.0,257310.54438696138,128.6552721934807,True,,one complete CE 519 pavement project,TRACI 2.1 / climate change,Global warming / climate change,kg CO2-eq,False,1592.5925925925926,1217.6244034814815,3225.0,3185.185185185185,4300.0,128.6552721934807,0.0,0.0,0.0,0.6725721784776904,19.783402429809907,19.783402429809907,236.01821611787162,19.339370575837112,255.35758669370873,0.0,2169.0452755905512,85068.63044818261,63801.47283613695,30364.987837264525,2488.1119854849153,32853.09982274944,0.0,183892.24838265957,565370.3703703703,21500.0,99673.87095808846,0.0,31261.68222505213,4777.777777777777,4837.5,0.0,727421.2013312887,,,,,,,,,,,
SRC,12,6,#6,12,19.0,9.5,100.0,#57 stone,150.0,26.174982388104926,5.499039842323396,5.136027579968186,481.21635365065237,34.647577462846975,0.44,2.625,0.5751633986928104,61.707843137254905,55.537058823529414,46.8,0.6238641043801156,0.7403328517702346,0.008295703125000001,2.0,45000.0,41000.0,86000.0,1592.5925925925926,3185.185185185185,40.249223594996224,40.0,2.0,1.0,97024.03985384939,46642.24320585341,143666.2830597028,151.0,301.0,21.0,0.0,51.0,0.0,7.0,3.0,215100.35158105503,107.55017579052752,True,,one complete CE 519 pavement project,TRACI 2.1 / climate change,Global warming / climate change,kg CO2-eq,False,1592.5925925925926,1217.6244034814815,3225.0,3185.185185185185,4300.0,107.55017579052752,0.0,0.0,0.0,0.6725721784776904,19.783402429809907,19.783402429809907,236.01821611787162,19.339370575837112,255.35758669370873,0.0,2169.0452755905512,85068.63044818261,63801.47283613695,25383.80063324381,2079.952705109437,27463.753338353246,0.0,178502.90189826337,565370.3703703703,21500.0,83322.99299125012,0.0,30345.493322704777,4777.777777777777,4837.5,0.0,710154.134462103,,,,,,,,,,,
SRC,12,6,#6,15,19.0,9.5,100.0,#57 stone,150.0,26.174982388104926,5.499039842323396,5.136027579968186,481.21635365065237,34.647577462846975,0.35200000000000004,2.625,0.46013071895424845,50.581019607843146,45.52291764705883,46.8,0.7611018637133752,0.7403328517702346,0.011119628906249995,2.0,45000.0,41000.0,86000.0,1592.5925925925926,3185.185185185185,40.249223594996224,40.0,2.0,1.0,77715.94008701202,37758.00640473847,115473.94649175048,121.0,241.0,17.0,0.0,51.0,0.0,7.0,3.0,172890.15877514865,86.44507938757432,True,,one complete CE 519 pavement project,TRACI 2.1 / climate change,Global warming / climate change,kg CO2-eq,False,1592.5925925925926,1217.6244034814815,3225.0,3185.185185185185,4300.0,86.44507938757432,0.0,0.0,0.0,0.6725721784776904,19.783402429809907,19.783402429809907,236.01821611787162,19.339370575837112,255.35758669370873,0.0,2169.0452755905512,85068.63044818261,63801.47283613695,20402.613429223085,1671.793424733958,22074.406853957043,0.0,173113.55541386717,565370.3703703703,21500.0,66972.11502441177,0.0,29429.30442035742,4777.777777777777,4837.5,0.0,692887.0675929174,,,,,,,,,,,
SRC,12,6,#6,18,19.0,9.5,100.0,#57 stone,150.0,26.174982388104926,5.499039842323396,5.136027579968186,481.21635365065237,34.647577462846975,0.29333333333333333,2.625,0.38344226579520696,42.82570806100218,38.543137254901964,46.8,0.8989298726179964,0.7403328517702346,0.013943554687499998,2.0,45000.0,41000.0,86000.0,1592.5925925925926,3185.185185185185,40.249223594996224,40.0,2.0,1.0,64843.87357578709,33315.88800418101,98159.7615799681,101.0,201.0,15.0,0.0,51.0,0.0,7.0,3.0,146966.97636556334,73.48348818278167,True,,one complete CE 519 pavement project,TRACI 2.1 / climate change,Global warming / climate change,kg CO2-eq,False,1592.5925925925926,1217.6244034814815,3225.0,3185.185185185185,4300.0,73.48348818278167,0.0,0.0,0.0,0.6725721784776904,19.783402429809907,19.783402429809907,236.01821611787162,19.339370575837112,255.35758669370873,0.0,2169.0452755905512,85068.63044818261,63801.47283613695,17343.44179501883,1421.124409171962,18764.566204190793,0.0,169803.7147641009,565370.3703703703,21500.0,56930.30370077554,0.0,28866.631509897157,4777.777777777777,4837.5,0.0,682282.5833588208,,,,,,,,,,,
SRC,12,8,#3,6,19.0,9.5,100.0,#57 stone,150.0,32.47808772970976,5.499039842323396,5.201089693986001,300.65170917264993,38.48341877409919,0.22,4.8125,0.2875816993464052,61.62696078431372,55.46426470588235,83.2,0.6938416830759458,0.46254109103484603,0.038417578125,2.0,45000.0,41000.0,86000.0,2123.456790123457,3185.185185185185,20.124611797498112,40.0,2.0,1.0,187007.26934401813,87556.71360571406,274563.9829497322,301.0,601.0,41.0,0.0,51.0,0.0,7.0,3.0,102770.82417354561,51.3854120867728,True,,one complete CE 519 pavement project,TRACI 2.1 / climate change,Global warming / climate change,kg CO2-eq,False,2123.456790123457,1623.4992046419754,4300.0,3185.185185185185,4300.0,51.3854120867728,0.0,0.0,0.0,0.6725721784776904,19.783402429809907,19.783402429809907,236.01821611787162,19.339370575837112,255.35758669370873,0.0,2892.0603674540685,85068.63044818261,85068.63044818261,12127.893295201835,993.7615265381986,13121.654821740034,0.0,186150.97608555932,753827.1604938272,21500.0,39810.12861845802,0.0,31645.665934545086,6370.37037037037,6450.0,0.0,859603.3254172007,,,,,,,,,,,
SRC,12,8,#3,8,19.0,9.5,100.0,#57 stone,150.0,32.47808772970976,5.499039842323396,5.201089693986001,300.65170917264993,38.48341877409919,0.165,4.8125,0.21568627450980393,46.57610294117647,41.918492647058834,83.2,0.9180534972504394,0.46254109103484603,0.052223437500000004,2.0,45000.0,41000.0,86000.0,2123.456790123457,3185.185185185185,20.124611797498112,40.0,2.0,1.0,140372.1446354714,66201.41760432038,206573.5622397918,226.0,451.0,31.0,0.0,51.0,0.0,7.0,3.0,77321.63197725541,38.660815988627704,True,,one complete CE 519 pavement project,TRACI 2.1 / climate change,Global warming / climate change,kg CO2-eq,False,2123.456790123457,1623.4992046419754,4300.0,3185.185185185185,4300.0,38.660815988627704,0.0,0.0,0.0,0.6725721784776904,19.783402429809907,19.783402429809907,236.01821611787162,19.339370575837112,255.35758669370873,0.0,2892.0603674540685,85068.63044818261,85068.63044818261,9124.6568232972,747.6758471683196,9872.33267046552,0.0,182901.6539342848,753827.1604938272,21500.0,29951.925935765474,0.0,31093.28116882842,6370.37037037037,6450.0,0.0,849192.7379687914,,,,,,,,,,,
SRC,12,8,#4,6,19.0,9.5,100.0,#57 stone,150.0,32.47808772970976,5.499039842323396,5.201089693986001,300.65170917264993,38.48341877409919,0.4000000000000001,4.75,0.5228758169934641,107.72549019607845,96.9529411764706,83.2,0.396928843077106,0.46254109103484603,0.019483828124999998,2.0,45000.0,41000.0,86000.0,2123.456790123457,3185.185185185185,26.83281572999748,40.0,2.0,1.0,189193.02579202416,88725.61814095205,277918.6439329762,301.0,601.0,41.0,0.0,51.0,0.0,7.0,3.0,189139.07712105327,94.56953856052664,True,,one complete CE 519 pavement project,TRACI 2.1 / climate change,Global warming / climate change,kg CO2-eq,False,2123.456790123457,1623.4992046419754,4300.0,3185.185185185185,4300.0,94.56953856052664,0.0,0.0,0.0,0.6725721784776904,19.783402429809907,19.783402429809907,236.01821611787162,19.339370575837112,255.35758669370873,0.0,2892.0603674540685,85068.63044818261,85068.63044818261,22320.13379014577,1828.915351407942,24149.04914155371,0.0,197178.370405373,753827.1604938272,21500.0,73266.42602622816,0.0,33520.32296891341,6370.37037037037,6450.0,0.0,894934.279859339,,,,,,,,,,,
SRC,12,8,#4,8,19.0,9.5,100.0,#57 stone,150.0,32.47808772970976,5.499039842323396,5.201089693986001,300.65170917264993,38.48341877409919,0.30000000000000004,4.75,0.39215686274509814,81.97058823529413,73.77352941176471,83.2,0.5216426417571154,0.46254109103484603,0.02697843749999999,2.0,45000.0,41000.0,86000.0,2123.456790123457,3185.185185185185,26.83281572999748,40.0,2.0,1.0,142012.85951396188,67085.22347242717,209098.08298638905,226.0,451.0,31.0,0.0,51.0,0.0,7.0,3.0,142302.86203240367,71.15143101620184,True,,one complete CE 519 pavement project,TRACI 2.1 / climate change,Global warming / climate change,kg CO2-eq,False,2123.456790123457,1623.4992046419754,4300.0,3185.185185185185,4300.0,71.15143101620184,0.0,0.0,0.0,0.6725721784776904,19.783402429809907,19.783402429809907,236.01821611787162,19.339370575837112,255.35758669370873,0.0,2892.0603674540685,85068.63044818261,85068.63044818261,16793.03382267776,1376.023891423438,18169.0577141012,0.0,191198.37897792048,753827.1604938272,21500.0,55123.57505976815,0.0,32503.724426246485,6370.37037037037,6450.0,0.0,875774.8303502122,,,,,,,,,,,
SRC,12,8,#4,10,19.0,9.5,100.0,#57 stone,150.0,32.47808772970976,5.499039842323396,5.201089693986001,300.65170917264993,38.48341877409919,0.24000000000000005,4.75,0.31372549019607854,66.14117647058825,59.52705882352943,83.2,0.6464861448670759,0.46254109103484603,0.03447304687499999,2.0,45000.0,41000.0,86000.0,2123.456790123457,3185.185185185185,26.83281572999748,40.0,2.0,1.0,113704.75974712451,54100.986671312225,167805.74641843673,181.0,361.0,25.0,0.0,51.0,0.0,7.0,3.0,114201.13297921389,57.10056648960694,True,,one complete CE 519 pavement project,TRACI 2.1 / climate change,Global warming / climate change,kg CO2-eq,False,2123.456790123457,1623.4992046419754,4300.0,3185.185185185185,4300.0,57.10056648960694,0.0,0.0,0.0,0.6725721784776904,19.783402429809907,19.783402429809907,236.01821611787162,19.339370575837112,255.35758669370873,0.0,2892.0603674540685,85068.63044818261,85068.63044818261,13476.773842196948,1104.2890154327351,14581.062857629684,0.0,187610.38412144897,753827.1604938272,21500.0,44237.86447989212,0.0,31893.765300646326,6370.37037037037,6450.0,0.0,864279.1606447359,,,,,,,,,,,
SRC,12,8,#4,12,19.0,9.5,100.0,#57 stone,150.0,32.47808772970976,5.499039842323396,5.201089693986001,300.65170917264993,38.48341877409919,0.20000000000000004,4.75,0.26143790849673204,55.431372549019606,49.88823529411765,83.2,0.7713926649683838,0.46254109103484603,0.04196765625,2.0,45000.0,41000.0,86000.0,2123.456790123457,3185.185185185185,26.83281572999748,40.0,2.0,1.0,94832.69323589958,45444.828803902274,140277.52203980187,151.0,301.0,21.0,0.0,51.0,0.0,7.0,3.0,95466.64694375407,47.733323471877036,True,,one complete CE 519 pavement project,TRACI 2.1 / climate change,Global warming / climate change,kg CO2-eq,False,2123.456790123457,1623.4992046419754,4300.0,3185.185185185185,4300.0,47.733323471877036,0.0,0.0,0.0,0.6725721784776904,19.783402429809907,19.783402429809907,236.01821611787162,19.339370575837112,255.35758669370873,0.0,2892.0603674540685,85068.63044818261,85068.63044818261,11265.933855209749,923.1324314389337,12189.066286648682,0.0,185218.38755046797,753827.1604938272,21500.0,36980.72409330813,0.0,31487.12588357956,6370.37037037037,6450.0,0.0,856615.3808410852,,,,,,,,,,,
SRC,12,8,#4,15,19.0,9.5,100.0,#57 stone,150.0,32.47808772970976,5.499039842323396,5.201089693986001,300.65170917264993,38.48341877409919,0.16000000000000003,4.75,0.20915032679738566,44.59607843137256,40.136470588235305,83.2,0.9588142208343389,0.46254109103484603,0.05320957031249999,2.0,45000.0,41000.0,86000.0,2123.456790123457,3185.185185185185,26.83281572999748,40.0,2.0,1.0,75960.62672467467,36788.670936492315,112749.29766116699,121.0,241.0,17.0,0.0,51.0,0.0,7.0,3.0,76732.16090829422,38.36608045414711,True,,one complete CE 519 pavement project,TRACI 2.1 / climate change,Global warming / climate change,kg CO2-eq,False,2123.456790123457,1623.4992046419754,4300.0,3185.185185185185,4300.0,38.36608045414711,0.0,0.0,0.0,0.6725721784776904,19.783402429809907,19.783402429809907,236.01821611787162,19.339370575837112,255.35758669370873,0.0,2892.0603674540685,85068.63044818261,85068.63044818261,9055.093868222542,741.975847445132,9797.069715667674,0.0,182826.39097948695,753827.1604938272,21500.0,29723.583706724115,0.0,31080.486466512786,6370.37037037037,6450.0,0.0,848951.6010374344,,,,,,,,,,,
SRC,12,8,#5,6,19.0,9.5,100.0,#57 stone,150.0,32.47808772970976,5.499039842323396,5.201089693986001,300.65170917264993,38.48341877409919,0.62,4.6875,0.8104575163398693,159.3004901960784,143.37044117647056,83.2,0.2684194765553595,0.46254109103484603,0.011314831149193547,2.0,45000.0,41000.0,86000.0,2123.456790123457,3185.185185185185,33.54101966249685,40.0,2.0,1.0,191378.78224003024,89894.52267619007,281273.3049162203,301.0,601.0,41.0,0.0,51.0,0.0,7.0,3.0,296704.27094981854,148.35213547490926,True,,one complete CE 519 pavement project,TRACI 2.1 / climate change,Global warming / climate change,kg CO2-eq,False,2123.456790123457,1623.4992046419754,4300.0,3185.185185185185,4300.0,148.35213547490926,0.0,0.0,0.0,0.6725721784776904,19.783402429809907,19.783402429809907,236.01821611787162,19.339370575837112,255.35758669370873,0.0,2892.0603674540685,85068.63044818261,85068.63044818261,35013.8063720649,2869.0369236660613,37882.84329573096,0.0,210912.16455955026,753827.1604938272,21500.0,114933.7400292893,0.0,35855.067975123544,6370.37037037037,6450.0,0.0,938936.3388686103,,,,,,,,,,,
SRC,12,8,#5,8,19.0,9.5,100.0,#57 stone,150.0,32.47808772970976,5.499039842323396,5.201089693986001,300.65170917264993,38.48341877409919,0.46499999999999997,4.6875,0.6078431372549019,122.30183823529411,110.0716544117647,83.2,0.34962151681792114,0.46254109103484603,0.016086441532258064,2.0,45000.0,41000.0,86000.0,2123.456790123457,3185.185185185185,33.54101966249685,40.0,2.0,1.0,143653.57439245237,67969.02934053396,211622.60373298632,226.0,451.0,31.0,0.0,51.0,0.0,7.0,3.0,223232.4549100043,111.61622745500216,True,,one complete CE 519 pavement project,TRACI 2.1 / climate change,Global warming / climate change,kg CO2-eq,False,2123.456790123457,1623.4992046419754,4300.0,3185.185185185185,4300.0,111.61622745500216,0.0,0.0,0.0,0.6725721784776904,19.783402429809907,19.783402429809907,236.01821611787162,19.339370575837112,255.35758669370873,0.0,2892.0603674540685,85068.63044818261,85068.63044818261,26343.462893736214,2158.5875850292114,28502.050478765424,0.0,201531.3717425847,753827.1604938272,21500.0,86473.10959357856,0.0,34260.3331962394,6370.37037037037,6450.0,0.0,908880.9736540156,,,,,,,,,,,
SRC,12,8,#5,10,19.0,9.5,100.0,#57 stone,150.0,32.47808772970976,5.499039842323396,5.201089693986001,300.65170917264993,38.48341877409919,0.372,4.6875,0.48627450980392156,99.19817647058824,89.27835882352942,83.2,0.4310498006596067,0.46254109103484603,0.02085805191532258,2.0,45000.0,41000.0,86000.0,2123.456790123457,3185.185185185185,33.54101966249685,40.0,2.0,1.0,115018.44968390564,54813.733339140286,169832.18302304592,181.0,361.0,25.0,0.0,51.0,0.0,7.0,3.0,179149.36528611582,89.57468264305791,True,,one complete CE 519 pavement project,TRACI 2.1 / climate change,Global warming / climate change,kg CO2-eq,False,2123.456790123457,1623.4992046419754,4300.0,3185.185185185185,4300.0,89.57468264305791,0.0,0.0,0.0,0.6725721784776904,19.783402429809907,19.783402429809907,236.01821611787162,19.339370575837112,255.35758669370873,0.0,2892.0603674540685,85068.63044818261,85068.63044818261,21141.256806739006,1732.3179818471015,22873.574788586106,0.0,195902.8960524054,753827.1604938272,21500.0,69396.7313321521,0.0,33303.49232890892,6370.37037037037,6450.0,0.0,890847.7545252586,,,,,,,,,,,
SRC,12,8,#5,12,19.0,9.5,100.0,#57 stone,150.0,32.47808772970976,5.499039842323396,5.201089693986001,300.65170917264993,38.48341877409919,0.31,4.6875,0.40522875816993464,83.41887254901961,75.07698529411765,83.2,0.5125860957700762,0.46254109103484603,0.02562966229838709,2.0,45000.0,41000.0,86000.0,2123.456790123457,3185.185185185185,33.54101966249685,40.0,2.0,1.0,95928.36654487449,46043.53600487784,141971.90254975233,151.0,301.0,21.0,0.0,51.0,0.0,7.0,3.0,149760.63887019013,74.88031943509506,True,,one complete CE 519 pavement project,TRACI 2.1 / climate change,Global warming / climate change,kg CO2-eq,False,2123.456790123457,1623.4992046419754,4300.0,3185.185185185185,4300.0,74.88031943509506,0.0,0.0,0.0,0.6725721784776904,19.783402429809907,19.783402429809907,236.01821611787162,19.339370575837112,255.35758669370873,0.0,2892.0603674540685,85068.63044818261,85068.63044818261,17673.119415407527,1448.1382463923612,19121.25766179989,0.0,192150.5789256192,753827.1604938272,21500.0,58012.479157867805,0.0,32665.598417355264,6370.37037037037,6450.0,0.0,878825.6084394206,,,,,,,,,,,
SRC,12,8,#5,15,19.0,9.5,100.0,#57 stone,150.0,32.47808772970976,5.499039842323396,5.201089693986001,300.65170917264993,38.48341877409919,0.24799999999999997,4.6875,0.32418300653594767,67.33807843137254,60.60427058823528,83.2,0.6349951645415848,0.46254109103484603,0.03278707787298387,2.0,45000.0,41000.0,86000.0,2123.456790123457,3185.185185185185,33.54101966249685,40.0,2.0,1.0,76838.28340584334,37273.3386706154,114111.62207645873,121.0,241.0,17.0,0.0,51.0,0.0,7.0,3.0,120371.91245426444,60.18595622713222,True,,one complete CE 519 pavement project,TRACI 2.1 / climate change,Global warming / climate change,kg CO2-eq,False,2123.456790123457,1623.4992046419754,4300.0,3185.185185185185,4300.0,60.18595622713222,0.0,0.0,0.0,0.6725721784776904,19.783402429809907,19.783402429809907,236.01821611787162,19.339370575837112,255.35758669370873,0.0,2892.0603674540685,85068.63044818261,85068.63044818261,14204.982024076055,1163.9585109376212,15368.940535013677,0.0,188398.26179883297,753827.1604938272,21500.0,46628.22698358351,0.0,32027.70450580161,6370.37037037037,6450.0,0.0,866803.4623535827,,,,,,,,,,,
SRC,12,8,#5,18,19.0,9.5,100.0,#57 stone,150.0,32.47808772970976,5.499039842323396,5.201089693986001,300.65170917264993,38.48341877409919,0.20666666666666667,4.6875,0.2701525054466231,56.45005446623094,50.80504901960784,83.2,0.7574723283752132,0.46254109103484603,0.03994449344758064,2.0,45000.0,41000.0,86000.0,2123.456790123457,3185.185185185185,33.54101966249685,40.0,2.0,1.0,64111.56131315591,32888.24000348417,96999.80131664008,101.0,201.0,15.0,0.0,51.0,0.0,7.0,3.0,102321.31819442795,51.16065909721397,True,,one complete CE 519 pavement project,TRACI 2.1 / climate change,Global warming / climate change,kg CO2-eq,False,2123.456790123457,1623.4992046419754,4300.0,3185.185185185185,4300.0,51.16065909721397,0.0,0.0,0.0,0.6725721784776904,19.783402429809907,19.783402429809907,236.01821611787162,19.339370575837112,255.35758669370873,0.0,2892.0603674540685,85068.63044818261,85068.63044818261,12074.847495539003,989.4149451850932,13064.262440724096,0.0,186093.5837045434,753827.1604938272,21500.0,39636.00438633916,0.0,31635.909229772376,6370.37037037037,6450.0,0.0,859419.444480309,,,,,,,,,,,
SRC,12,8,#6,6,19.0,9.5,100.0,#57 stone,150.0,32.47808772970976,5.499039842323396,5.201089693986001,300.65170917264993,38.48341877409919,0.88,4.625,1.1503267973856208,213.83137254901962,192.44823529411764,83.2,0.19996763657138858,0.46254109103484603,0.006950976562500001,2.0,45000.0,41000.0,86000.0,2123.456790123457,3185.185185185185,40.249223594996224,40.0,2.0,1.0,193564.53868803626,91063.42721142809,284627.9658994643,301.0,601.0,41.0,0.0,51.0,0.0,7.0,3.0,426151.31561058684,213.07565780529342,True,,one complete CE 519 pavement project,TRACI 2.1 / climate change,Global warming / climate change,kg CO2-eq,False,2123.456790123457,1623.4992046419754,4300.0,3185.185185185185,4300.0,213.07565780529342,0.0,0.0,0.0,0.6725721784776904,19.783402429809907,19.783402429809907,236.01821611787162,19.339370575837112,255.35758669370873,0.0,2892.0603674540685,85068.63044818261,85068.63044818261,50289.7366533474,4120.749106986828,54410.485760334224,0.0,227439.80702415353,753827.1604938272,21500.0,165077.3828254418,0.0,38664.767194106105,6370.37037037037,6450.0,0.0,991889.6808837454,,,,,,,,,,,
SRC,12,8,#6,8,19.0,9.5,100.0,#57 stone,150.0,32.47808772970976,5.499039842323396,5.201089693986001,300.65170917264993,38.48341877409919,0.66,4.625,0.8627450980392157,166.06764705882352,149.46088235294118,83.2,0.25748154412218277,0.46254109103484603,0.010267968749999998,2.0,45000.0,41000.0,86000.0,2123.456790123457,3185.185185185185,40.249223594996224,40.0,2.0,1.0,145294.28927094283,68852.83520864075,214147.12447958358,226.0,451.0,31.0,0.0,51.0,0.0,7.0,3.0,320625.833595821,160.3129167979105,True,,one complete CE 519 pavement project,TRACI 2.1 / climate change,Global warming / climate change,kg CO2-eq,False,2123.456790123457,1623.4992046419754,4300.0,3185.185185185185,4300.0,160.3129167979105,0.0,0.0,0.0,0.6725721784776904,19.783402429809907,19.783402429809907,236.01821611787162,19.339370575837112,255.35758669370873,0.0,2892.0603674540685,85068.63044818261,85068.63044818261,37836.76864329561,3100.3509060481333,40937.11954934374,0.0,213966.44081316303,753827.1604938272,21500.0,124200.187908346,0.0,36374.29493823772,6370.37037037037,6450.0,0.0,948722.0137107812,,,,,,,,,,,
SRC,12,8,#6,10,19.0,9.5,100.0,#57 stone,150.0,32.47808772970976,5.499039842323396,5.201089693986001,300.65170917264993,38.48341877409919,0.528,4.625,0.6901960784313725,135.58729411764708,122.02856470588236,83.2,0.3153640204394218,0.46254109103484603,0.013584960937499998,2.0,45000.0,41000.0,86000.0,2123.456790123457,3185.185185185185,40.249223594996224,40.0,2.0,1.0,116332.13962068676,55526.48000696835,171858.6196276551,181.0,361.0,25.0,0.0,51.0,0.0,7.0,3.0,257310.54438696138,128.6552721934807,True,,one complete CE 519 pavement project,TRACI 2.1 / climate change,Global warming / climate change,kg CO2-eq,False,2123.456790123457,1623.4992046419754,4300.0,3185.185185185185,4300.0,128.6552721934807,0.0,0.0,0.0,0.6725721784776904,19.783402429809907,19.783402429809907,236.01821611787162,19.339370575837112,255.35758669370873,0.0,2892.0603674540685,85068.63044818261,85068.63044818261,30364.987837264525,2488.1119854849153,32853.09982274944,0.0,205882.42108656873,753827.1604938272,21500.0,99673.87095808846,0.0,35000.01158471669,6370.37037037037,6450.0,0.0,922821.4134070027,,,,,,,,,,,
SRC,12,8,#6,12,19.0,9.5,100.0,#57 stone,150.0,32.47808772970976,5.499039842323396,5.201089693986001,300.65170917264993,38.48341877409919,0.44,4.625,0.5751633986928104,114.50784313725491,103.05705882352943,83.2,0.37341856262361006,0.46254109103484603,0.016901953125,2.0,45000.0,41000.0,86000.0,2123.456790123457,3185.185185185185,40.249223594996224,40.0,2.0,1.0,97024.03985384939,46642.24320585341,143666.2830597028,151.0,301.0,21.0,0.0,51.0,0.0,7.0,3.0,215100.35158105503,107.55017579052752,True,,one complete CE 519 pavement project,TRACI 2.1 / climate change,Global warming / climate change,kg CO2-eq,False,2123.456790123457,1623.4992046419754,4300.0,3185.185185185185,4300.0,107.55017579052752,0.0,0.0,0.0,0.6725721784776904,19.783402429809907,19.783402429809907,236.01821611787162,19.339370575837112,255.35758669370873,0.0,2892.0603674540685,85068.63044818261,85068.63044818261,25383.80063324381,2079.952705109437,27463.753338353246,0.0,200493.07460217254,753827.1604938272,21500.0,83322.99299125012,0.0,34083.82268236933,6370.37037037037,6450.0,0.0,905554.346537817,,,,,,,,,,,
SRC,12,8,#6,15,19.0,9.5,100.0,#57 stone,150.0,32.47808772970976,5.499039842323396,5.201089693986001,300.65170917264993,38.48341877409919,0.35200000000000004,4.625,0.46013071895424845,92.82101960784314,83.53891764705882,83.2,0.46066456039910264,0.46254109103484603,0.021877441406249993,2.0,45000.0,41000.0,86000.0,2123.456790123457,3185.185185185185,40.249223594996224,40.0,2.0,1.0,77715.94008701202,37758.00640473847,115473.94649175048,121.0,241.0,17.0,0.0,51.0,0.0,7.0,3.0,172890.15877514865,86.44507938757432,True,,one complete CE 519 pavement project,TRACI 2.1 / climate change,Global warming / climate change,kg CO2-eq,False,2123.456790123457,1623.4992046419754,4300.0,3185.185185185185,4300.0,86.44507938757432,0.0,0.0,0.0,0.6725721784776904,19.783402429809907,19.783402429809907,236.01821611787162,19.339370575837112,255.35758669370873,0.0,2892.0603674540685,85068.63044818261,85068.63044818261,20402.613429223085,1671.793424733958,22074.406853957043,0.0,195103.72811777634,753827.1604938272,21500.0,66972.11502441177,0.0,33167.63378002198,6370.37037037037,6450.0,0.0,888287.2796686313,,,,,,,,,,,
SRC,12,8,#6,18,19.0,9.5,100.0,#57 stone,150.0,32.47808772970976,5.499039842323396,5.201089693986001,300.65170917264993,38.48341877409919,0.29333333333333333,4.625,0.38344226579520696,78.02570806100218,70.22313725490196,83.2,0.5480162276773364,0.46254109103484603,0.0268529296875,2.0,45000.0,41000.0,86000.0,2123.456790123457,3185.185185185185,40.249223594996224,40.0,2.0,1.0,64843.87357578709,33315.88800418101,98159.7615799681,101.0,201.0,15.0,0.0,51.0,0.0,7.0,3.0,146966.97636556334,73.48348818278167,True,,one complete CE 519 pavement project,TRACI 2.1 / climate change,Global warming / climate change,kg CO2-eq,False,2123.456790123457,1623.4992046419754,4300.0,3185.185185185185,4300.0,73.48348818278167,0.0,0.0,0.0,0.6725721784776904,19.783402429809907,19.783402429809907,236.01821611787162,19.339370575837112,255.35758669370873,0.0,2892.0603674540685,85068.63044818261,85068.63044818261,17343.44179501883,1421.124409171962,18764.566204190793,0.0,191793.88746801007,753827.1604938272,21500.0,56930.30370077554,0.0,32604.960869561713,6370.37037037037,6450.0,0.0,877682.7954345348,,,,,,,,,,,
SRC,12,8,#6,24,19.0,9.5,100.0,#57 stone,150.0,32.47808772970976,5.499039842323396,5.201089693986001,300.65170917264993,38.48341877409919,0.22,4.625,0.2875816993464052,59.15196078431372,53.23676470588235,83.2,0.7228729804808556,0.46254109103484603,0.036803906250000004,2.0,45000.0,41000.0,86000.0,2123.456790123457,3185.185185185185,40.249223594996224,40.0,2.0,1.0,48753.79043675594,24431.651203066074,73185.441639822,76.0,151.0,11.0,0.0,51.0,0.0,7.0,3.0,109574.86956628907,54.78743478314453,True,,one complete CE 519 pavement project,TRACI 2.1 / climate change,Global warming / climate change,kg CO2-eq,False,2123.456790123457,1623.4992046419754,4300.0,3185.185185185185,4300.0,54.78743478314453,0.0,0.0,0.0,0.6725721784776904,19.783402429809907,19.783402429809907,236.01821611787162,19.339370575837112,255.35758669370873,0.0,2892.0603674540685,85068.63044818261,85068.63044818261,12930.832623192004,1059.55450417074,13990.387127362745,0.0,187019.70839118204,753827.1604938272,21500.0,42445.79807415426,0.0,31793.350426500947,6370.37037037037,6450.0,0.0,862386.6793648527,,,,,,,,,,,
SRC,12,10,#3,6,19.0,9.5,100.0,#57 stone,150.0,38.39484868355252,5.499039842323396,5.431260308356283,204.12763231729474,40.82552646345895,0.22,6.8125,0.2875816993464052,88.02696078431372,79.22426470588235,130.0,0.5153159403248798,0.31404251125737653,0.055630078125,2.0,45000.0,41000.0,86000.0,2654.320987654321,3185.185185185185,20.124611797498112,40.0,2.0,1.0,187007.26934401813,87556.71360571406,274563.9829497322,301.0,601.0,41.0,0.0,51.0,0.0,7.0,3.0,102770.82417354561,51.3854120867728,True,,one complete CE 519 pavement project,TRACI 2.1 / climate change,Global warming / climate change,kg CO2-eq,False,2654.320987654321,2029.3740058024691,5375.0,3185.185185185185,4300.0,51.3854120867728,0.0,0.0,0.0,0.6725721784776904,19.783402429809907,19.783402429809907,236.01821611787162,19.339370575837112,255.35758669370873,0.0,3615.0754593175857,85068.63044818261,106335.78806022825,12127.893295201835,993.7615265381986,13121.654821740034,0.0,208141.14878946848,942283.9506172839,21500.0,39810.12861845802,0.0,35383.99529420964,7962.9629629629635,8062.5,0.0,1055003.5374929146,,,,,,,,,,,
SRC,12,10,#3,8,19.0,9.5,100.0,#57 stone,150.0,38.39484868355252,5.499039842323396,5.431260308356283,204.12763231729474,40.82552646345895,0.165,6.8125,0.21568627450980393,66.37610294117647,59.738492647058834,130.0,0.683404027360723,0.31404251125737653,0.0751734375,2.0,45000.0,41000.0,86000.0,2654.320987654321,3185.185185185185,20.124611797498112,40.0,2.0,1.0,140372.1446354714,66201.41760432038,206573.5622397918,226.0,451.0,31.0,0.0,51.0,0.0,7.0,3.0,77321.63197725541,38.660815988627704,True,,one complete CE 519 pavement project,TRACI 2.1 / climate change,Global warming / climate change,kg CO2-eq,False,2654.320987654321,2029.3740058024691,5375.0,3185.185185185185,4300.0,38.660815988627704,0.0,0.0,0.0,0.6725721784776904,19.783402429809907,19.783402429809907,236.01821611787162,19.339370575837112,255.35758669370873,0.0,3615.0754593175857,85068.63044818261,106335.78806022825,9124.6568232972,747.6758471683196,9872.33267046552,0.0,204891.82663819398,942283.9506172839,21500.0,29951.925935765474,0.0,34831.61052849298,7962.9629629629635,8062.5,0.0,1044592.9500445053,,,,,,,,,,,
SRC,12,10,#3,10,19.0,9.5,100.0,#57 stone,150.0,38.39484868355252,5.499039842323396,5.431260308356283,204.12763231729474,40.82552646345895,0.132,6.8125,0.17254901960784313,53.27170588235295,47.94453529411766,130.0,0.8515157402822477,0.31404251125737653,0.094716796875,2.0,45000.0,41000.0,86000.0,2654.320987654321,3185.185185185185,20.124611797498112,40.0,2.0,1.0,112391.06981034338,53388.24000348418,165779.30981382757,181.0,361.0,25.0,0.0,51.0,0.0,7.0,3.0,62052.1166594813,31.02605832974065,True,,one complete CE 519 pavement project,TRACI 2.1 / climate change,Global warming / climate change,kg CO2-eq,False,2654.320987654321,2029.3740058024691,5375.0,3185.185185185185,4300.0,31.02605832974065,0.0,0.0,0.0,0.6725721784776904,19.783402429809907,19.783402429809907,236.01821611787162,19.339370575837112,255.35758669370873,0.0,3615.0754593175857,85068.63044818261,106335.78806022825,7322.714940154419,600.0244395463923,7922.739379700812,0.0,202942.23334742925,942283.9506172839,21500.0,24037.004326149952,0.0,34500.17966906298,7962.9629629629635,8062.5,0.0,1038346.5975754597,,,,,,,,,,,
SRC,12,10,#4,6,19.0,9.5,100.0,#57 stone,150.0,38.39484868355252,5.499039842323396,5.431260308356283,204.12763231729474,40.82552646345895,0.4000000000000001,6.75,0.5228758169934641,155.72549019607845,140.15294117647062,130.0,0.2912926844114841,0.31404251125737653,0.028950703124999994,2.0,45000.0,41000.0,86000.0,2654.320987654321,3185.185185185185,26.83281572999748,40.0,2.0,1.0,189193.02579202416,88725.61814095205,277918.6439329762,301.0,601.0,41.0,0.0,51.0,0.0,7.0,3.0,189139.07712105327,94.56953856052664,True,,one complete CE 519 pavement project,TRACI 2.1 / climate change,Global warming / climate change,kg CO2-eq,False,2654.320987654321,2029.3740058024691,5375.0,3185.185185185185,4300.0,94.56953856052664,0.0,0.0,0.0,0.6725721784776904,19.783402429809907,19.783402429809907,236.01821611787162,19.339370575837112,255.35758669370873,0.0,3615.0754593175857,85068.63044818261,106335.78806022825,22320.13379014577,1828.915351407942,24149.04914155371,0.0,219168.54310928215,942283.9506172839,21500.0,73266.42602622816,0.0,37258.65232857797,7962.9629629629635,8062.5,0.0,1090334.491935053,,,,,,,,,,,
SRC,12,10,#4,8,19.0,9.5,100.0,#57 stone,150.0,38.39484868355252,5.499039842323396,5.431260308356283,204.12763231729474,40.82552646345895,0.30000000000000004,6.75,0.39215686274509814,117.97058823529414,106.17352941176473,130.0,0.3845169948634599,0.31404251125737653,0.03960093749999999,2.0,45000.0,41000.0,86000.0,2654.320987654321,3185.185185185185,26.83281572999748,40.0,2.0,1.0,142012.85951396188,67085.22347242717,209098.08298638905,226.0,451.0,31.0,0.0,51.0,0.0,7.0,3.0,142302.86203240367,71.15143101620184,True,,one complete CE 519 pavement project,TRACI 2.1 / climate change,Global warming / climate change,kg CO2-eq,False,2654.320987654321,2029.3740058024691,5375.0,3185.185185185185,4300.0,71.15143101620184,0.0,0.0,0.0,0.6725721784776904,19.783402429809907,19.783402429809907,236.01821611787162,19.339370575837112,255.35758669370873,0.0,3615.0754593175857,85068.63044818261,106335.78806022825,16793.03382267776,1376.023891423438,18169.0577141012,0.0,213188.55168182965,942283.9506172839,21500.0,55123.57505976815,0.0,36242.05378591104,7962.9629629629635,8062.5,0.0,1071175.042425926,,,,,,,,,,,
SRC,12,10,#4,10,19.0,9.5,100.0,#57 stone,150.0,38.39484868355252,5.499039842323396,5.431260308356283,204.12763231729474,40.82552646345895,0.24000000000000005,6.75,0.31372549019607854,94.94117647058825,85.44705882352943,130.0,0.47778738116398317,0.31404251125737653,0.05025117187499998,2.0,45000.0,41000.0,86000.0,2654.320987654321,3185.185185185185,26.83281572999748,40.0,2.0,1.0,113704.75974712451,54100.986671312225,167805.74641843673,181.0,361.0,25.0,0.0,51.0,0.0,7.0,3.0,114201.13297921389,57.10056648960694,True,,one complete CE 519 pavement project,TRACI 2.1 / climate change,Global warming / climate change,kg CO2-eq,False,2654.320987654321,2029.3740058024691,5375.0,3185.185185185185,4300.0,57.10056648960694,0.0,0.0,0.0,0.6725721784776904,19.783402429809907,19.783402429809907,236.01821611787162,19.339370575837112,255.35758669370873,0.0,3615.0754593175857,85068.63044818261,106335.78806022825,13476.773842196948,1104.2890154327351,14581.062857629684,0.0,209600.55682535813,942283.9506172839,21500.0,44237.86447989212,0.0,35632.09466031088,7962.9629629629635,8062.5,0.0,1059679.37272045,,,,,,,,,,,
SRC,12,10,#4,12,19.0,9.5,100.0,#57 stone,150.0,38.39484868355252,5.499039842323396,5.431260308356283,204.12763231729474,40.82552646345895,0.20000000000000004,6.75,0.26143790849673204,79.43137254901961,71.48823529411764,130.0,0.5710803504310065,0.31404251125737653,0.06090140624999999,2.0,45000.0,41000.0,86000.0,2654.320987654321,3185.185185185185,26.83281572999748,40.0,2.0,1.0,94832.69323589958,45444.828803902274,140277.52203980187,151.0,301.0,21.0,0.0,51.0,0.0,7.0,3.0,95466.64694375407,47.733323471877036,True,,one complete CE 519 pavement project,TRACI 2.1 / climate change,Global warming / climate change,kg CO2-eq,False,2654.320987654321,2029.3740058024691,5375.0,3185.185185185185,4300.0,47.733323471877036,0.0,0.0,0.0,0.6725721784776904,19.783402429809907,19.783402429809907,236.01821611787162,19.339370575837112,255.35758669370873,0.0,3615.0754593175857,85068.63044818261,106335.78806022825,11265.933855209749,923.1324314389337,12189.066286648682,0.0,207208.56025437714,942283.9506172839,21500.0,36980.72409330813,0.0,35225.45524324412,7962.9629629629635,8062.5,0.0,1052015.592916799,,,,,,,,,,,
SRC,12,10,#4,15,19.0,9.5,100.0,#57 stone,150.0,38.39484868355252,5.499039842323396,5.431260308356283,204.12763231729474,40.82552646345895,0.16000000000000003,6.75,0.20915032679738566,63.796078431372564,57.416470588235306,130.0,0.7110420763449737,0.31404251125737653,0.07687675781249999,2.0,45000.0,41000.0,86000.0,2654.320987654321,3185.185185185185,26.83281572999748,40.0,2.0,1.0,75960.62672467467,36788.670936492315,112749.29766116699,121.0,241.0,17.0,0.0,51.0,0.0,7.0,3.0,76732.16090829422,38.36608045414711,True,,one complete CE 519 pavement project,TRACI 2.1 / climate change,Global warming / climate change,kg CO2-eq,False,2654.320987654321,2029.3740058024691,5375.0,3185.185185185185,4300.0,38.36608045414711,0.0,0.0,0.0,0.6725721784776904,19.783402429809907,19.783402429809907,236.01821611787162,19.339370575837112,255.35758669370873,0.0,3615.0754593175857,85068.63044818261,106335.78806022825,9055.093868222542,741.975847445132,9797.069715667674,0.0,204816.56368339612,942283.9506172839,21500.0,29723.583706724115,0.0,34818.81582617734,7962.9629629629635,8062.5,0.0,1044351.8131131483,,,,,,,,,,,
SRC,12,10,#4,18,19.0,9.5,100.0,#57 stone,150.0,38.39484868355252,5.499039842323396,5.431260308356283,204.12763231729474,40.82552646345895,0.13333333333333336,6.75,0.1742919389978214,53.30283224400872,47.972549019607854,130.0,0.8510184949057492,0.31404251125737653,0.09285210937499999,2.0,45000.0,41000.0,86000.0,2654.320987654321,3185.185185185185,26.83281572999748,40.0,2.0,1.0,63379.249050524726,32460.592002787336,95839.84105331206,101.0,201.0,15.0,0.0,51.0,0.0,7.0,3.0,65224.33627239294,32.612168136196466,True,,one complete CE 519 pavement project,TRACI 2.1 / climate change,Global warming / climate change,kg CO2-eq,False,2654.320987654321,2029.3740058024691,5375.0,3185.185185185185,4300.0,32.612168136196466,0.0,0.0,0.0,0.6725721784776904,19.783402429809907,19.783402429809907,236.01821611787162,19.339370575837112,255.35758669370873,0.0,3615.0754593175857,85068.63044818261,106335.78806022825,7697.065747241184,630.6988048674106,8327.764552108594,0.0,203347.25851983705,942283.9506172839,21500.0,25265.820693164304,0.0,34569.0339483723,7962.9629629629635,8062.5,0.0,1039644.2682217835,,,,,,,,,,,
SRC,12,10,#5,6,19.0,9.5,100.0,#57 stone,150.0,38.39484868355252,5.499039842323396,5.431260308356283,204.12763231729474,40.82552646345895,0.62,6.6875,0.8104575163398693,233.7004901960784,210.33044117647057,130.0,0.19410184391333865,0.31404251125737653,0.017422492439516126,2.0,45000.0,41000.0,86000.0,2654.320987654321,3185.185185185185,33.54101966249685,40.0,2.0,1.0,191378.78224003024,89894.52267619007,281273.3049162203,301.0,601.0,41.0,0.0,51.0,0.0,7.0,3.0,296704.27094981854,148.35213547490926,True,,one complete CE 519 pavement project,TRACI 2.1 / climate change,Global warming / climate change,kg CO2-eq,False,2654.320987654321,2029.3740058024691,5375.0,3185.185185185185,4300.0,148.35213547490926,0.0,0.0,0.0,0.6725721784776904,19.783402429809907,19.783402429809907,236.01821611787162,19.339370575837112,255.35758669370873,0.0,3615.0754593175857,85068.63044818261,106335.78806022825,35013.8063720649,2869.0369236660613,37882.84329573096,0.0,232902.33726345943,942283.9506172839,21500.0,114933.7400292893,0.0,39593.397334788104,7962.9629629629635,8062.5,0.0,1134336.5509443241,,,,,,,,,,,
SRC,12,10,#5,8,19.0,9.5,100.0,#57 stone,150.0,38.39484868355252,5.499039842323396,5.431260308356283,204.12763231729474,40.82552646345895,0.46499999999999997,6.6875,0.6078431372549019,178.1018382352941,160.2916544117647,130.0,0.2546952716489183,0.31404251125737653,0.024229989919354843,2.0,45000.0,41000.0,86000.0,2654.320987654321,3185.185185185185,33.54101966249685,40.0,2.0,1.0,143653.57439245237,67969.02934053396,211622.60373298632,226.0,451.0,31.0,0.0,51.0,0.0,7.0,3.0,223232.4549100043,111.61622745500216,True,,one complete CE 519 pavement project,TRACI 2.1 / climate change,Global warming / climate change,kg CO2-eq,False,2654.320987654321,2029.3740058024691,5375.0,3185.185185185185,4300.0,111.61622745500216,0.0,0.0,0.0,0.6725721784776904,19.783402429809907,19.783402429809907,236.01821611787162,19.339370575837112,255.35758669370873,0.0,3615.0754593175857,85068.63044818261,106335.78806022825,26343.462893736214,2158.5875850292114,28502.050478765424,0.0,223521.54444649388,942283.9506172839,21500.0,86473.10959357856,0.0,37998.66255590396,7962.9629629629635,8062.5,0.0,1104281.1857297292,,,,,,,,,,,
SRC,12,10,#5,10,19.0,9.5,100.0,#57 stone,150.0,38.39484868355252,5.499039842323396,5.431260308356283,204.12763231729474,40.82552646345895,0.372,6.6875,0.48627450980392156,143.83817647058822,129.4543588235294,130.0,0.3153661787403529,0.31404251125737653,0.03103748739919355,2.0,45000.0,41000.0,86000.0,2654.320987654321,3185.185185185185,33.54101966249685,40.0,2.0,1.0,115018.44968390564,54813.733339140286,169832.18302304592,181.0,361.0,25.0,0.0,51.0,0.0,7.0,3.0,179149.36528611582,89.57468264305791,True,,one complete CE 519 pavement project,TRACI 2.1 / climate change,Global warming / climate change,kg CO2-eq,False,2654.320987654321,2029.3740058024691,5375.0,3185.185185185185,4300.0,89.57468264305791,0.0,0.0,0.0,0.6725721784776904,19.783402429809907,19.783402429809907,236.01821611787162,19.339370575837112,255.35758669370873,0.0,3615.0754593175857,85068.63044818261,106335.78806022825,21141.256806739006,1732.3179818471015,22873.574788586106,0.0,217893.06875631458,942283.9506172839,21500.0,69396.7313321521,0.0,37041.82168857348,7962.9629629629635,8062.5,0.0,1086247.9666009725,,,,,,,,,,,
SRC,12,10,#5,12,19.0,9.5,100.0,#57 stone,150.0,38.39484868355252,5.499039842323396,5.431260308356283,204.12763231729474,40.82552646345895,0.31,6.6875,0.40522875816993464,120.61887254901961,108.55698529411765,130.0,0.37607461512355717,0.31404251125737653,0.037844984879032255,2.0,45000.0,41000.0,86000.0,2654.320987654321,3185.185185185185,33.54101966249685,40.0,2.0,1.0,95928.36654487449,46043.53600487784,141971.90254975233,151.0,301.0,21.0,0.0,51.0,0.0,7.0,3.0,149760.63887019013,74.88031943509506,True,,one complete CE 519 pavement project,TRACI 2.1 / climate change,Global warming / climate change,kg CO2-eq,False,2654.320987654321,2029.3740058024691,5375.0,3185.185185185185,4300.0,74.88031943509506,0.0,0.0,0.0,0.6725721784776904,19.783402429809907,19.783402429809907,236.01821611787162,19.339370575837112,255.35758669370873,0.0,3615.0754593175857,85068.63044818261,106335.78806022825,17673.119415407527,1448.1382463923612,19121.25766179989,0.0,214140.75162952836,942283.9506172839,21500.0,58012.479157867805,0.0,36403.927777019824,7962.9629629629635,8062.5,0.0,1074225.8205151346,,,,,,,,,,,
SRC,12,10,#5,15,19.0,9.5,100.0,#57 stone,150.0,38.39484868355252,5.499039842323396,5.431260308356283,204.12763231729474,40.82552646345895,0.24799999999999997,6.6875,0.32418300653594767,97.09807843137253,87.38827058823527,130.0,0.4671739832891844,0.31404251125737653,0.04805623109879032,2.0,45000.0,41000.0,86000.0,2654.320987654321,3185.185185185185,33.54101966249685,40.0,2.0,1.0,76838.28340584334,37273.3386706154,114111.62207645873,121.0,241.0,17.0,0.0,51.0,0.0,7.0,3.0,120371.91245426444,60.18595622713222,True,,one complete CE 519 pavement project,TRACI 2.1 / climate change,Global warming / climate change,kg CO2-eq,False,2654.320987654321,2029.3740058024691,5375.0,3185.185185185185,4300.0,60.18595622713222,0.0,0.0,0.0,0.6725721784776904,19.783402429809907,19.783402429809907,236.01821611787162,19.339370575837112,255.35758669370873,0.0,3615.0754593175857,85068.63044818261,106335.78806022825,14204.982024076055,1163.9585109376212,15368.940535013677,0.0,210388.43450274214,942283.9506172839,21500.0,46628.22698358351,0.0,35766.03386546617,7962.9629629629635,8062.5,0.0,1062203.6744292965,,,,,,,,,,,
SRC,12,10,#5,18,19.0,9.5,100.0,#57 stone,150.0,38.39484868355252,5.499039842323396,5.431260308356283,204.12763231729474,40.82552646345895,0.20666666666666667,6.6875,0.2701525054466231,81.25005446623094,73.12504901960784,130.0,0.5582974235341974,0.31404251125737653,0.05826747731854837,2.0,45000.0,41000.0,86000.0,2654.320987654321,3185.185185185185,33.54101966249685,40.0,2.0,1.0,64111.56131315591,32888.24000348417,96999.80131664008,101.0,201.0,15.0,0.0,51.0,0.0,7.0,3.0,102321.31819442795,51.16065909721397,True,,one complete CE 519 pavement project,TRACI 2.1 / climate change,Global warming / climate change,kg CO2-eq,False,2654.320987654321,2029.3740058024691,5375.0,3185.185185185185,4300.0,51.16065909721397,0.0,0.0,0.0,0.6725721784776904,19.783402429809907,19.783402429809907,236.01821611787162,19.339370575837112,255.35758669370873,0.0,3615.0754593175857,85068.63044818261,106335.78806022825,12074.847495539003,989.4149451850932,13064.262440724096,0.0,208083.75640845255,942283.9506172839,21500.0,39636.00438633916,0.0,35374.238589436936,7962.9629629629635,8062.5,0.0,1054819.656556023,,,,,,,,,,,
SRC,12,10,#5,24,19.0,9.5,100.0,#57 stone,150.0,38.39484868355252,5.499039842323396,5.431260308356283,204.12763231729474,40.82552646345895,0.155,6.6875,0.20261437908496732,61.2515931372549,55.12643382352941,130.0,0.740579856737142,0.31404251125737653,0.07868996975806451,2.0,45000.0,41000.0,86000.0,2654.320987654321,3185.185185185185,33.54101966249685,40.0,2.0,1.0,48203.15869729662,24118.042669221726,72321.20136651835,76.0,151.0,11.0,0.0,51.0,0.0,7.0,3.0,76288.82283037595,38.144411415187975,True,,one complete CE 519 pavement project,TRACI 2.1 / climate change,Global warming / climate change,kg CO2-eq,False,2654.320987654321,2029.3740058024691,5375.0,3185.185185185185,4300.0,38.144411415187975,0.0,0.0,0.0,0.6725721784776904,19.783402429809907,19.783402429809907,236.01821611787162,19.339370575837112,255.35758669370873,0.0,3615.0754593175857,85068.63044818261,106335.78806022825,9002.775937078844,737.6889077555115,9740.464844834356,0.0,204759.9588125628,942283.9506172839,21500.0,29551.84872215707,0.0,34809.19299813568,7962.9629629629635,8062.5,0.0,1044170.4553005396,,,,,,,,,,,
SRC,12,10,#6,6,19.0,9.5,100.0,#57 stone,150.0,38.39484868355252,5.499039842323396,5.431260308356283,204.12763231729474,40.82552646345895,0.88,6.625,1.1503267973856208,319.4313725490196,287.4882352941177,130.0,0.14200764223166207,0.31404251125737653,0.0112541015625,2.0,45000.0,41000.0,86000.0,2654.320987654321,3185.185185185185,40.249223594996224,40.0,2.0,1.0,193564.53868803626,91063.42721142809,284627.9658994643,301.0,601.0,41.0,0.0,51.0,0.0,7.0,3.0,426151.31561058684,213.07565780529342,True,,one complete CE 519 pavement project,TRACI 2.1 / climate change,Global warming / climate change,kg CO2-eq,False,2654.320987654321,2029.3740058024691,5375.0,3185.185185185185,4300.0,213.07565780529342,0.0,0.0,0.0,0.6725721784776904,19.783402429809907,19.783402429809907,236.01821611787162,19.339370575837112,255.35758669370873,0.0,3615.0754593175857,85068.63044818261,106335.78806022825,50289.7366533474,4120.749106986828,54410.485760334224,0.0,249429.9797280627,942283.9506172839,21500.0,165077.3828254418,0.0,42403.09655377066,7962.9629629629635,8062.5,0.0,1187289.8929594592,,,,,,,,,,,
SRC,12,10,#6,8,19.0,9.5,100.0,#57 stone,150.0,38.39484868355252,5.499039842323396,5.431260308356283,204.12763231729474,40.82552646345895,0.66,6.625,0.8627450980392157,245.2676470588235,220.74088235294118,130.0,0.18494773613427565,0.31404251125737653,0.01600546875,2.0,45000.0,41000.0,86000.0,2654.320987654321,3185.185185185185,40.249223594996224,40.0,2.0,1.0,145294.28927094283,68852.83520864075,214147.12447958358,226.0,451.0,31.0,0.0,51.0,0.0,7.0,3.0,320625.833595821,160.3129167979105,True,,one complete CE 519 pavement project,TRACI 2.1 / climate change,Global warming / climate change,kg CO2-eq,False,2654.320987654321,2029.3740058024691,5375.0,3185.185185185185,4300.0,160.3129167979105,0.0,0.0,0.0,0.6725721784776904,19.783402429809907,19.783402429809907,236.01821611787162,19.339370575837112,255.35758669370873,0.0,3615.0754593175857,85068.63044818261,106335.78806022825,37836.76864329561,3100.3509060481333,40937.11954934374,0.0,235956.6135170722,942283.9506172839,21500.0,124200.187908346,0.0,40112.62429790228,7962.9629629629635,8062.5,0.0,1144122.225786495,,,,,,,,,,,
SRC,12,10,#6,10,19.0,9.5,100.0,#57 stone,150.0,38.39484868355252,5.499039842323396,5.431260308356283,204.12763231729474,40.82552646345895,0.528,6.625,0.6901960784313725,198.9472941176471,179.05256470588236,130.0,0.22800861037941736,0.31404251125737653,0.020756835937500002,2.0,45000.0,41000.0,86000.0,2654.320987654321,3185.185185185185,40.249223594996224,40.0,2.0,1.0,116332.13962068676,55526.48000696835,171858.6196276551,181.0,361.0,25.0,0.0,51.0,0.0,7.0,3.0,257310.54438696138,128.6552721934807,True,,one complete CE 519 pavement project,TRACI 2.1 / climate change,Global warming / climate change,kg CO2-eq,False,2654.320987654321,2029.3740058024691,5375.0,3185.185185185185,4300.0,128.6552721934807,0.0,0.0,0.0,0.6725721784776904,19.783402429809907,19.783402429809907,236.01821611787162,19.339370575837112,255.35758669370873,0.0,3615.0754593175857,85068.63044818261,106335.78806022825,30364.987837264525,2488.1119854849153,32853.09982274944,0.0,227872.5937904779,942283.9506172839,21500.0,99673.87095808846,0.0,38738.34094438125,7962.9629629629635,8062.5,0.0,1118221.6254827166,,,,,,,,,,,
SRC,12,10,#6,12,19.0,9.5,100.0,#57 stone,150.0,38.39484868355252,5.499039842323396,5.431260308356283,204.12763231729474,40.82552646345895,0.44,6.625,0.5751633986928104,167.3078431372549,150.57705882352943,130.0,0.27112713438841246,0.31404251125737653,0.025508203125000004,2.0,45000.0,41000.0,86000.0,2654.320987654321,3185.185185185185,40.249223594996224,40.0,2.0,1.0,97024.03985384939,46642.24320585341,143666.2830597028,151.0,301.0,21.0,0.0,51.0,0.0,7.0,3.0,215100.35158105503,107.55017579052752,True,,one complete CE 519 pavement project,TRACI 2.1 / climate change,Global warming / climate change,kg CO2-eq,False,2654.320987654321,2029.3740058024691,5375.0,3185.185185185185,4300.0,107.55017579052752,0.0,0.0,0.0,0.6725721784776904,19.783402429809907,19.783402429809907,236.01821611787162,19.339370575837112,255.35758669370873,0.0,3615.0754593175857,85068.63044818261,106335.78806022825,25383.80063324381,2079.952705109437,27463.753338353246,0.0,222483.2473060817,942283.9506172839,21500.0,83322.99299125012,0.0,37822.15204203389,7962.9629629629635,8062.5,0.0,1100954.5586135308,,,,,,,,,,,
SRC,12,10,#6,15,19.0,9.5,100.0,#57 stone,150.0,38.39484868355252,5.499039842323396,5.431260308356283,204.12763231729474,40.82552646345895,0.35200000000000004,6.625,0.46013071895424845,135.06101960784315,121.55491764705884,130.0,0.3358607553994486,0.31404251125737653,0.032635253906249995,2.0,45000.0,41000.0,86000.0,2654.320987654321,3185.185185185185,40.249223594996224,40.0,2.0,1.0,77715.94008701202,37758.00640473847,115473.94649175048,121.0,241.0,17.0,0.0,51.0,0.0,7.0,3.0,172890.15877514865,86.44507938757432,True,,one complete CE 519 pavement project,TRACI 2.1 / climate change,Global warming / climate change,kg CO2-eq,False,2654.320987654321,2029.3740058024691,5375.0,3185.185185185185,4300.0,86.44507938757432,0.0,0.0,0.0,0.6725721784776904,19.783402429809907,19.783402429809907,236.01821611787162,19.339370575837112,255.35758669370873,0.0,3615.0754593175857,85068.63044818261,106335.78806022825,20402.613429223085,1671.793424733958,22074.406853957043,0.0,217093.9008216855,942283.9506172839,21500.0,66972.11502441177,0.0,36905.96313968654,7962.9629629629635,8062.5,0.0,1083687.4917443453,,,,,,,,,,,
SRC,12,10,#6,18,19.0,9.5,100.0,#57 stone,150.0,38.39484868355252,5.499039842323396,5.431260308356283,204.12763231729474,40.82552646345895,0.29333333333333333,6.625,0.38344226579520696,113.22570806100218,101.90313725490196,130.0,0.4006307122943369,0.31404251125737653,0.0397623046875,2.0,45000.0,41000.0,86000.0,2654.320987654321,3185.185185185185,40.249223594996224,40.0,2.0,1.0,64843.87357578709,33315.88800418101,98159.7615799681,101.0,201.0,15.0,0.0,51.0,0.0,7.0,3.0,146966.97636556334,73.48348818278167,True,,one complete CE 519 pavement project,TRACI 2.1 / climate change,Global warming / climate change,kg CO2-eq,False,2654.320987654321,2029.3740058024691,5375.0,3185.185185185185,4300.0,73.48348818278167,0.0,0.0,0.0,0.6725721784776904,19.783402429809907,19.783402429809907,236.01821611787162,19.339370575837112,255.35758669370873,0.0,3615.0754593175857,85068.63044818261,106335.78806022825,17343.44179501883,1421.124409171962,18764.566204190793,0.0,213784.06017191923,942283.9506172839,21500.0,56930.30370077554,0.0,36343.29022922627,7962.9629629629635,8062.5,0.0,1073083.0075102486,,,,,,,,,,,
SRC,12,10,#6,24,19.0,9.5,100.0,#57 stone,150.0,38.39484868355252,5.499039842323396,5.431260308356283,204.12763231729474,40.82552646345895,0.22,6.625,0.2875816993464052,85.55196078431372,76.99676470588236,130.0,0.5302239206985795,0.31404251125737653,0.05401640625,2.0,45000.0,41000.0,86000.0,2654.320987654321,3185.185185185185,40.249223594996224,40.0,2.0,1.0,48753.79043675594,24431.651203066074,73185.441639822,76.0,151.0,11.0,0.0,51.0,0.0,7.0,3.0,109574.86956628907,54.78743478314453,True,,one complete CE 519 pavement project,TRACI 2.1 / climate change,Global warming / climate change,kg CO2-eq,False,2654.320987654321,2029.3740058024691,5375.0,3185.185185185185,4300.0,54.78743478314453,0.0,0.0,0.0,0.6725721784776904,19.783402429809907,19.783402429809907,236.01821611787162,19.339370575837112,255.35758669370873,0.0,3615.0754593175857,85068.63044818261,106335.78806022825,12930.832623192004,1059.55450417074,13990.387127362745,0.0,209009.8810950912,942283.9506172839,21500.0,42445.79807415426,0.0,35531.67978616551,7962.9629629629635,8062.5,0.0,1057786.8914405666,,,,,,,,,,,
SRC,12,12,#3,6,19.0,9.5,100.0,#57 stone,150.0,44.02089771897309,5.499039842323396,5.77022359949313,146.75064207414266,42.264184917353084,0.22,8.8125,0.2875816993464052,114.42696078431374,102.98426470588237,187.2,0.4103945883194619,0.2257702185756041,0.07284257812500002,2.0,45000.0,41000.0,86000.0,3185.185185185185,3185.185185185185,20.124611797498112,40.0,2.0,1.0,187007.26934401813,87556.71360571406,274563.9829497322,301.0,601.0,41.0,0.0,51.0,0.0,7.0,3.0,102770.82417354561,51.3854120867728,True,,one complete CE 519 pavement project,TRACI 2.1 / climate change,Global warming / climate change,kg CO2-eq,False,3185.185185185185,2435.248806962963,6450.0,3185.185185185185,4300.0,51.3854120867728,0.0,0.0,0.0,0.6725721784776904,19.783402429809907,19.783402429809907,236.01821611787162,19.339370575837112,255.35758669370873,0.0,4338.0905511811025,85068.63044818261,127602.9456722739,12127.893295201835,993.7615265381986,13121.654821740034,0.0,230131.32149337765,1130740.7407407407,21500.0,39810.12861845802,0.0,39122.3246538742,9555.555555555555,9675.0,0.0,1250403.7495686284,,,,,,,,,,,
SRC,12,12,#3,8,19.0,9.5,100.0,#57 stone,150.0,44.02089771897309,5.499039842323396,5.77022359949313,146.75064207414266,42.264184917353084,0.165,8.8125,0.21568627450980393,86.17610294117648,77.55849264705883,187.2,0.5449330366654028,0.2257702185756041,0.09812343749999998,2.0,45000.0,41000.0,86000.0,3185.185185185185,3185.185185185185,20.124611797498112,40.0,2.0,1.0,140372.1446354714,66201.41760432038,206573.5622397918,226.0,451.0,31.0,0.0,51.0,0.0,7.0,3.0,77321.63197725541,38.660815988627704,True,,one complete CE 519 pavement project,TRACI 2.1 / climate change,Global warming / climate change,kg CO2-eq,False,3185.185185185185,2435.248806962963,6450.0,3185.185185185185,4300.0,38.660815988627704,0.0,0.0,0.0,0.6725721784776904,19.783402429809907,19.783402429809907,236.01821611787162,19.339370575837112,255.35758669370873,0.0,4338.0905511811025,85068.63044818261,127602.9456722739,9124.6568232972,747.6758471683196,9872.33267046552,0.0,226881.99934210314,1130740.7407407407,21500.0,29951.925935765474,0.0,38569.93988815754,9555.555555555555,9675.0,0.0,1239993.1621202193,,,,,,,,,,,
SRC,12,12,#3,10,19.0,9.5,100.0,#57 stone,150.0,44.02089771897309,5.499039842323396,5.77022359949313,146.75064207414266,42.264184917353084,0.132,8.8125,0.17254901960784313,69.11170588235294,62.20053529411764,187.2,0.6794826558566618,0.2257702185756041,0.123404296875,2.0,45000.0,41000.0,86000.0,3185.185185185185,3185.185185185185,20.124611797498112,40.0,2.0,1.0,112391.06981034338,53388.24000348418,165779.30981382757,181.0,361.0,25.0,0.0,51.0,0.0,7.0,3.0,62052.1166594813,31.02605832974065,True,,one complete CE 519 pavement project,TRACI 2.1 / climate change,Global warming / climate change,kg CO2-eq,False,3185.185185185185,2435.248806962963,6450.0,3185.185185185185,4300.0,31.02605832974065,0.0,0.0,0.0,0.6725721784776904,19.783402429809907,19.783402429809907,236.01821611787162,19.339370575837112,255.35758669370873,0.0,4338.0905511811025,85068.63044818261,127602.9456722739,7322.714940154419,600.0244395463923,7922.739379700812,0.0,224932.40605133842,1130740.7407407407,21500.0,24037.004326149952,0.0,38238.50902872753,9555.555555555555,9675.0,0.0,1233746.8096511737,,,,,,,,,,,
SRC,12,12,#3,12,19.0,9.5,100.0,#57 stone,150.0,44.02089771897309,5.499039842323396,5.77022359949313,146.75064207414266,42.264184917353084,0.11,8.8125,0.1437908496732026,57.68799019607843,51.9191911764706,187.2,0.8140378145279525,0.2257702185756041,0.14868515625,2.0,45000.0,41000.0,86000.0,3185.185185185185,3185.185185185185,20.124611797498112,40.0,2.0,1.0,93737.0199269247,44846.12160292671,138583.14152985142,151.0,301.0,21.0,0.0,51.0,0.0,7.0,3.0,51872.43978096522,25.93621989048261,True,,one complete CE 519 pavement project,TRACI 2.1 / climate change,Global warming / climate change,kg CO2-eq,False,3185.185185185185,2435.248806962963,6450.0,3185.185185185185,4300.0,25.93621989048261,0.0,0.0,0.0,0.6725721784776904,19.783402429809907,19.783402429809907,236.01821611787162,19.339370575837112,255.35758669370873,0.0,4338.0905511811025,85068.63044818261,127602.9456722739,6121.420351392566,501.59016779844063,6623.010519191006,0.0,223632.67719082863,1130740.7407407407,21500.0,20093.723253072938,0.0,38017.55512244087,9555.555555555555,9675.0,0.0,1229582.57467181,,,,,,,,,,,
SRC,12,12,#4,6,19.0,9.5,100.0,#57 stone,150.0,44.02089771897309,5.499039842323396,5.77022359949313,146.75064207414266,42.264184917353084,0.4000000000000001,8.75,0.5228758169934641,203.72549019607843,183.3529411764706,187.2,0.23050726454764273,0.2257702185756041,0.038417578125,2.0,45000.0,41000.0,86000.0,3185.185185185185,3185.185185185185,26.83281572999748,40.0,2.0,1.0,189193.02579202416,88725.61814095205,277918.6439329762,301.0,601.0,41.0,0.0,51.0,0.0,7.0,3.0,189139.07712105327,94.56953856052664,True,,one complete CE 519 pavement project,TRACI 2.1 / climate change,Global warming / climate change,kg CO2-eq,False,3185.185185185185,2435.248806962963,6450.0,3185.185185185185,4300.0,94.56953856052664,0.0,0.0,0.0,0.6725721784776904,19.783402429809907,19.783402429809907,236.01821611787162,19.339370575837112,255.35758669370873,0.0,4338.0905511811025,85068.63044818261,127602.9456722739,22320.13379014577,1828.915351407942,24149.04914155371,0.0,241158.71581319132,1130740.7407407407,21500.0,73266.42602622816,0.0,40996.98168824253,9555.555555555555,9675.0,0.0,1285734.704010767,,,,,,,,,,,
SRC,12,12,#4,8,19.0,9.5,100.0,#57 stone,150.0,44.02089771897309,5.499039842323396,5.77022359949313,146.75064207414266,42.264184917353084,0.30000000000000004,8.75,0.39215686274509814,153.97058823529414,138.57352941176475,187.2,0.3049946486660309,0.2257702185756041,0.05222343749999999,2.0,45000.0,41000.0,86000.0,3185.185185185185,3185.185185185185,26.83281572999748,40.0,2.0,1.0,142012.85951396188,67085.22347242717,209098.08298638905,226.0,451.0,31.0,0.0,51.0,0.0,7.0,3.0,142302.86203240367,71.15143101620184,True,,one complete CE 519 pavement project,TRACI 2.1 / climate change,Global warming / climate change,kg CO2-eq,False,3185.185185185185,2435.248806962963,6450.0,3185.185185185185,4300.0,71.15143101620184,0.0,0.0,0.0,0.6725721784776904,19.783402429809907,19.783402429809907,236.01821611787162,19.339370575837112,255.35758669370873,0.0,4338.0905511811025,85068.63044818261,127602.9456722739,16793.03382267776,1376.023891423438,18169.0577141012,0.0,235178.7243857388,1130740.7407407407,21500.0,55123.57505976815,0.0,39980.3831455756,9555.555555555555,9675.0,0.0,1266575.2545016399,,,,,,,,,,,
SRC,12,12,#4,10,19.0,9.5,100.0,#57 stone,150.0,44.02089771897309,5.499039842323396,5.77022359949313,146.75064207414266,42.264184917353084,0.24000000000000005,8.75,0.31372549019607854,123.74117647058829,111.36705882352946,187.2,0.3795034668584026,0.2257702185756041,0.06602929687499998,2.0,45000.0,41000.0,86000.0,3185.185185185185,3185.185185185185,26.83281572999748,40.0,2.0,1.0,113704.75974712451,54100.986671312225,167805.74641843673,181.0,361.0,25.0,0.0,51.0,0.0,7.0,3.0,114201.13297921389,57.10056648960694,True,,one complete CE 519 pavement project,TRACI 2.1 / climate change,Global warming / climate change,kg CO2-eq,False,3185.185185185185,2435.248806962963,6450.0,3185.185185185185,4300.0,57.10056648960694,0.0,0.0,0.0,0.6725721784776904,19.783402429809907,19.783402429809907,236.01821611787162,19.339370575837112,255.35758669370873,0.0,4338.0905511811025,85068.63044818261,127602.9456722739,13476.773842196948,1104.2890154327351,14581.062857629684,0.0,231590.7295292673,1130740.7407407407,21500.0,44237.86447989212,0.0,39370.42401997544,9555.555555555555,9675.0,0.0,1255079.5847961637,,,,,,,,,,,
SRC,12,12,#4,12,19.0,9.5,100.0,#57 stone,150.0,44.02089771897309,5.499039842323396,5.77022359949313,146.75064207414266,42.264184917353084,0.20000000000000004,8.75,0.26143790849673204,103.43137254901963,93.08823529411767,187.2,0.4540228395545038,0.2257702185756041,0.07983515624999998,2.0,45000.0,41000.0,86000.0,3185.185185185185,3185.185185185185,26.83281572999748,40.0,2.0,1.0,94832.69323589958,45444.828803902274,140277.52203980187,151.0,301.0,21.0,0.0,51.0,0.0,7.0,3.0,95466.64694375407,47.733323471877036,True,,one complete CE 519 pavement project,TRACI 2.1 / climate change,Global warming / climate change,kg CO2-eq,False,3185.185185185185,2435.248806962963,6450.0,3185.185185185185,4300.0,47.733323471877036,0.0,0.0,0.0,0.6725721784776904,19.783402429809907,19.783402429809907,236.01821611787162,19.339370575837112,255.35758669370873,0.0,4338.0905511811025,85068.63044818261,127602.9456722739,11265.933855209749,923.1324314389337,12189.066286648682,0.0,229198.7329582863,1130740.7407407407,21500.0,36980.72409330813,0.0,38963.78460290867,9555.555555555555,9675.0,0.0,1247415.804992513,,,,,,,,,,,
SRC,12,12,#4,15,19.0,9.5,100.0,#57 stone,150.0,44.02089771897309,5.499039842323396,5.77022359949313,146.75064207414266,42.264184917353084,0.16000000000000003,8.75,0.20915032679738566,82.99607843137258,74.69647058823531,187.2,0.5658123413934056,0.2257702185756041,0.1005439453125,2.0,45000.0,41000.0,86000.0,3185.185185185185,3185.185185185185,26.83281572999748,40.0,2.0,1.0,75960.62672467467,36788.670936492315,112749.29766116699,121.0,241.0,17.0,0.0,51.0,0.0,7.0,3.0,76732.16090829422,38.36608045414711,True,,one complete CE 519 pavement project,TRACI 2.1 / climate change,Global warming / climate change,kg CO2-eq,False,3185.185185185185,2435.248806962963,6450.0,3185.185185185185,4300.0,38.36608045414711,0.0,0.0,0.0,0.6725721784776904,19.783402429809907,19.783402429809907,236.01821611787162,19.339370575837112,255.35758669370873,0.0,4338.0905511811025,85068.63044818261,127602.9456722739,9055.093868222542,741.975847445132,9797.069715667674,0.0,226806.73638730528,1130740.7407407407,21500.0,29723.583706724115,0.0,38557.1451858419,9555.555555555555,9675.0,0.0,1239752.0251888623,,,,,,,,,,,
SRC,12,12,#4,18,19.0,9.5,100.0,#57 stone,150.0,44.02089771897309,5.499039842323396,5.77022359949313,146.75064207414266,42.264184917353084,0.13333333333333336,8.75,0.1742919389978214,69.30283224400873,62.37254901960785,187.2,0.6776087490679054,0.2257702185756041,0.12125273437499998,2.0,45000.0,41000.0,86000.0,3185.185185185185,3185.185185185185,26.83281572999748,40.0,2.0,1.0,63379.249050524726,32460.592002787336,95839.84105331206,101.0,201.0,15.0,0.0,51.0,0.0,7.0,3.0,65224.33627239294,32.612168136196466,True,,one complete CE 519 pavement project,TRACI 2.1 / climate change,Global warming / climate change,kg CO2-eq,False,3185.185185185185,2435.248806962963,6450.0,3185.185185185185,4300.0,32.612168136196466,0.0,0.0,0.0,0.6725721784776904,19.783402429809907,19.783402429809907,236.01821611787162,19.339370575837112,255.35758669370873,0.0,4338.0905511811025,85068.63044818261,127602.9456722739,7697.065747241184,630.6988048674106,8327.764552108594,0.0,225337.4312237462,1130740.7407407407,21500.0,25265.820693164304,0.0,38307.36330803686,9555.555555555555,9675.0,0.0,1235044.4802974975,,,,,,,,,,,
SRC,12,12,#4,24,19.0,9.5,100.0,#57 stone,150.0,44.02089771897309,5.499039842323396,5.77022359949313,146.75064207414266,42.264184917353084,0.10000000000000002,8.75,0.13071895424836602,52.10784313725491,46.89705882352942,187.2,0.901211845211668,0.2257702185756041,0.1626703125,2.0,45000.0,41000.0,86000.0,3185.185185185185,3185.185185185185,26.83281572999748,40.0,2.0,1.0,47652.5269578373,23804.43413537738,71456.96109321468,76.0,151.0,11.0,0.0,51.0,0.0,7.0,3.0,48630.431855104434,24.315215927552217,True,,one complete CE 519 pavement project,TRACI 2.1 / climate change,Global warming / climate change,kg CO2-eq,False,3185.185185185185,2435.248806962963,6450.0,3185.185185185185,4300.0,24.315215927552217,0.0,0.0,0.0,0.6725721784776904,19.783402429809907,19.783402429809907,236.01821611787162,19.339370575837112,255.35758669370873,0.0,4338.0905511811025,85068.63044818261,127602.9456722739,5738.833887741734,470.2409714544292,6209.074859196163,0.0,223218.7415308338,1130740.7407407407,21500.0,18837.873126848095,0.0,37947.18606024175,9555.555555555555,9675.0,0.0,1228256.355483386,,,,,,,,,,,
SRC,12,12,#5,6,19.0,9.5,100.0,#57 stone,150.0,44.02089771897309,5.499039842323396,5.77022359949313,146.75064207414266,42.264184917353084,0.62,8.6875,0.8104575163398693,308.10049019607845,277.2904411764706,187.2,0.15241847046020496,0.2257702185756041,0.02353015372983871,2.0,45000.0,41000.0,86000.0,3185.185185185185,3185.185185185185,33.54101966249685,40.0,2.0,1.0,191378.78224003024,89894.52267619007,281273.3049162203,301.0,601.0,41.0,0.0,51.0,0.0,7.0,3.0,296704.27094981854,148.35213547490926,True,,one complete CE 519 pavement project,TRACI 2.1 / climate change,Global warming / climate change,kg CO2-eq,False,3185.185185185185,2435.248806962963,6450.0,3185.185185185185,4300.0,148.35213547490926,0.0,0.0,0.0,0.6725721784776904,19.783402429809907,19.783402429809907,236.01821611787162,19.339370575837112,255.35758669370873,0.0,4338.0905511811025,85068.63044818261,127602.9456722739,35013.8063720649,2869.0369236660613,37882.84329573096,0.0,254892.5099673686,1130740.7407407407,21500.0,114933.7400292893,0.0,43331.726694452664,9555.555555555555,9675.0,0.0,1329736.7630200381,,,,,,,,,,,
SRC,12,12,#5,8,19.0,9.5,100.0,#57 stone,150.0,44.02089771897309,5.499039842323396,5.77022359949313,146.75064207414266,42.264184917353084,0.46499999999999997,8.6875,0.6078431372549019,233.90183823529406,210.51165441176468,187.2,0.200768860210863,0.2257702185756041,0.032373538306451614,2.0,45000.0,41000.0,86000.0,3185.185185185185,3185.185185185185,33.54101966249685,40.0,2.0,1.0,143653.57439245237,67969.02934053396,211622.60373298632,226.0,451.0,31.0,0.0,51.0,0.0,7.0,3.0,223232.4549100043,111.61622745500216,True,,one complete CE 519 pavement project,TRACI 2.1 / climate change,Global warming / climate change,kg CO2-eq,False,3185.185185185185,2435.248806962963,6450.0,3185.185185185185,4300.0,111.61622745500216,0.0,0.0,0.0,0.6725721784776904,19.783402429809907,19.783402429809907,236.01821611787162,19.339370575837112,255.35758669370873,0.0,4338.0905511811025,85068.63044818261,127602.9456722739,26343.462893736214,2158.5875850292114,28502.050478765424,0.0,245511.71715040304,1130740.7407407407,21500.0,86473.10959357856,0.0,41736.99191556852,9555.555555555555,9675.0,0.0,1299681.3978054433,,,,,,,,,,,
SRC,12,12,#5,10,19.0,9.5,100.0,#57 stone,150.0,44.02089771897309,5.499039842323396,5.77022359949313,146.75064207414266,42.264184917353084,0.372,8.6875,0.48627450980392156,188.47817647058827,169.63035882352943,187.2,0.2491546042257774,0.2257702185756041,0.04121692288306452,2.0,45000.0,41000.0,86000.0,3185.185185185185,3185.185185185185,33.54101966249685,40.0,2.0,1.0,115018.44968390564,54813.733339140286,169832.18302304592,181.0,361.0,25.0,0.0,51.0,0.0,7.0,3.0,179149.36528611582,89.57468264305791,True,,one complete CE 519 pavement project,TRACI 2.1 / climate change,Global warming / climate change,kg CO2-eq,False,3185.185185185185,2435.248806962963,6450.0,3185.185185185185,4300.0,89.57468264305791,0.0,0.0,0.0,0.6725721784776904,19.783402429809907,19.783402429809907,236.01821611787162,19.339370575837112,255.35758669370873,0.0,4338.0905511811025,85068.63044818261,127602.9456722739,21141.256806739006,1732.3179818471015,22873.574788586106,0.0,239883.24146022374,1130740.7407407407,21500.0,69396.7313321521,0.0,40780.15104823804,9555.555555555555,9675.0,0.0,1281648.1786766862,,,,,,,,,,,
SRC,12,12,#5,12,19.0,9.5,100.0,#57 stone,150.0,44.02089771897309,5.499039842323396,5.77022359949313,146.75064207414266,42.264184917353084,0.31,8.6875,0.40522875816993464,157.8188725490196,142.03698529411764,187.2,0.29755760325267494,0.2257702185756041,0.05006030745967741,2.0,45000.0,41000.0,86000.0,3185.185185185185,3185.185185185185,33.54101966249685,40.0,2.0,1.0,95928.36654487449,46043.53600487784,141971.90254975233,151.0,301.0,21.0,0.0,51.0,0.0,7.0,3.0,149760.63887019013,74.88031943509506,True,,one complete CE 519 pavement project,TRACI 2.1 / climate change,Global warming / climate change,kg CO2-eq,False,3185.185185185185,2435.248806962963,6450.0,3185.185185185185,4300.0,74.88031943509506,0.0,0.0,0.0,0.6725721784776904,19.783402429809907,19.783402429809907,236.01821611787162,19.339370575837112,255.35758669370873,0.0,4338.0905511811025,85068.63044818261,127602.9456722739,17673.119415407527,1448.1382463923612,19121.25766179989,0.0,236130.92433343752,1130740.7407407407,21500.0,58012.479157867805,0.0,40142.257136684384,9555.555555555555,9675.0,0.0,1269626.0325908484,,,,,,,,,,,
SRC,12,12,#5,15,19.0,9.5,100.0,#57 stone,150.0,44.02089771897309,5.499039842323396,5.77022359949313,146.75064207414266,42.264184917353084,0.24799999999999997,8.6875,0.32418300653594767,126.85807843137255,114.17227058823529,187.2,0.37017906974785286,0.2257702185756041,0.06332538432459678,2.0,45000.0,41000.0,86000.0,3185.185185185185,3185.185185185185,33.54101966249685,40.0,2.0,1.0,76838.28340584334,37273.3386706154,114111.62207645873,121.0,241.0,17.0,0.0,51.0,0.0,7.0,3.0,120371.91245426444,60.18595622713222,True,,one complete CE 519 pavement project,TRACI 2.1 / climate change,Global warming / climate change,kg CO2-eq,False,3185.185185185185,2435.248806962963,6450.0,3185.185185185185,4300.0,60.18595622713222,0.0,0.0,0.0,0.6725721784776904,19.783402429809907,19.783402429809907,236.01821611787162,19.339370575837112,255.35758669370873,0.0,4338.0905511811025,85068.63044818261,127602.9456722739,14204.982024076055,1163.9585109376212,15368.940535013677,0.0,232378.6072066513,1130740.7407407407,21500.0,46628.22698358351,0.0,39504.36322513072,9555.555555555555,9675.0,0.0,1257603.8865050105,,,,,,,,,,,
SRC,12,12,#5,18,19.0,9.5,100.0,#57 stone,150.0,44.02089771897309,5.499039842323396,5.77022359949313,146.75064207414266,42.264184917353084,0.20666666666666667,8.6875,0.2701525054466231,106.05005446623093,95.44504901960784,187.2,0.44281170528468694,0.2257702185756041,0.07659046118951612,2.0,45000.0,41000.0,86000.0,3185.185185185185,3185.185185185185,33.54101966249685,40.0,2.0,1.0,64111.56131315591,32888.24000348417,96999.80131664008,101.0,201.0,15.0,0.0,51.0,0.0,7.0,3.0,102321.31819442795,51.16065909721397,True,,one complete CE 519 pavement project,TRACI 2.1 / climate change,Global warming / climate change,kg CO2-eq,False,3185.185185185185,2435.248806962963,6450.0,3185.185185185185,4300.0,51.16065909721397,0.0,0.0,0.0,0.6725721784776904,19.783402429809907,19.783402429809907,236.01821611787162,19.339370575837112,255.35758669370873,0.0,4338.0905511811025,85068.63044818261,127602.9456722739,12074.847495539003,989.4149451850932,13064.262440724096,0.0,230073.92911236171,1130740.7407407407,21500.0,39636.00438633916,0.0,39112.567949101496,9555.555555555555,9675.0,0.0,1250219.8686317368,,,,,,,,,,,
SRC,12,12,#5,24,19.0,9.5,100.0,#57 stone,150.0,44.02089771897309,5.499039842323396,5.77022359949313,146.75064207414266,42.264184917353084,0.155,8.6875,0.20261437908496732,79.85159313725491,71.86643382352943,187.2,0.5880935322480907,0.2257702185756041,0.10312061491935483,2.0,45000.0,41000.0,86000.0,3185.185185185185,3185.185185185185,33.54101966249685,40.0,2.0,1.0,48203.15869729662,24118.042669221726,72321.20136651835,76.0,151.0,11.0,0.0,51.0,0.0,7.0,3.0,76288.82283037595,38.144411415187975,True,,one complete CE 519 pavement project,TRACI 2.1 / climate change,Global warming / climate change,kg CO2-eq,False,3185.185185185185,2435.248806962963,6450.0,3185.185185185185,4300.0,38.144411415187975,0.0,0.0,0.0,0.6725721784776904,19.783402429809907,19.783402429809907,236.01821611787162,19.339370575837112,255.35758669370873,0.0,4338.0905511811025,85068.63044818261,127602.9456722739,9002.775937078844,737.6889077555115,9740.464844834356,0.0,226750.13151647197,1130740.7407407407,21500.0,29551.84872215707,0.0,38547.52235780024,9555.555555555555,9675.0,0.0,1239570.6673762535,,,,,,,,,,,
SRC,12,12,#6,6,19.0,9.5,100.0,#57 stone,150.0,44.02089771897309,5.499039842323396,5.77022359949313,146.75064207414266,42.264184917353084,0.88,8.625,1.1503267973856208,425.03137254901964,382.52823529411774,187.2,0.11048644522895693,0.2257702185756041,0.015557226562500004,2.0,45000.0,41000.0,86000.0,3185.185185185185,3185.185185185185,40.249223594996224,40.0,2.0,1.0,193564.53868803626,91063.42721142809,284627.9658994643,301.0,601.0,41.0,0.0,51.0,0.0,7.0,3.0,426151.31561058684,213.07565780529342,True,,one complete CE 519 pavement project,TRACI 2.1 / climate change,Global warming / climate change,kg CO2-eq,False,3185.185185185185,2435.248806962963,6450.0,3185.185185185185,4300.0,213.07565780529342,0.0,0.0,0.0,0.6725721784776904,19.783402429809907,19.783402429809907,236.01821611787162,19.339370575837112,255.35758669370873,0.0,4338.0905511811025,85068.63044818261,127602.9456722739,50289.7366533474,4120.749106986828,54410.485760334224,0.0,271420.15243197186,1130740.7407407407,21500.0,165077.3828254418,0.0,46141.42591343522,9555.555555555555,9675.0,0.0,1382690.1050351732,,,,,,,,,,,
SRC,12,12,#6,8,19.0,9.5,100.0,#57 stone,150.0,44.02089771897309,5.499039842323396,5.77022359949313,146.75064207414266,42.264184917353084,0.66,8.625,0.8627450980392157,324.4676470588235,292.02088235294116,187.2,0.14473000895282517,0.2257702185756041,0.021742968749999998,2.0,45000.0,41000.0,86000.0,3185.185185185185,3185.185185185185,40.249223594996224,40.0,2.0,1.0,145294.28927094283,68852.83520864075,214147.12447958358,226.0,451.0,31.0,0.0,51.0,0.0,7.0,3.0,320625.833595821,160.3129167979105,True,,one complete CE 519 pavement project,TRACI 2.1 / climate change,Global warming / climate change,kg CO2-eq,False,3185.185185185185,2435.248806962963,6450.0,3185.185185185185,4300.0,160.3129167979105,0.0,0.0,0.0,0.6725721784776904,19.783402429809907,19.783402429809907,236.01821611787162,19.339370575837112,255.35758669370873,0.0,4338.0905511811025,85068.63044818261,127602.9456722739,37836.76864329561,3100.3509060481333,40937.11954934374,0.0,257946.78622098136,1130740.7407407407,21500.0,124200.187908346,0.0,43850.95365756683,9555.555555555555,9675.0,0.0,1339522.437862209,,,,,,,,,,,
SRC,12,12,#6,10,19.0,9.5,100.0,#57 stone,150.0,44.02089771897309,5.499039842323396,5.77022359949313,146.75064207414266,42.264184917353084,0.528,8.625,0.6901960784313725,262.3072941176471,236.07656470588233,187.2,0.17902744802309462,0.2257702185756041,0.0279287109375,2.0,45000.0,41000.0,86000.0,3185.185185185185,3185.185185185185,40.249223594996224,40.0,2.0,1.0,116332.13962068676,55526.48000696835,171858.6196276551,181.0,361.0,25.0,0.0,51.0,0.0,7.0,3.0,257310.54438696138,128.6552721934807,True,,one complete CE 519 pavement project,TRACI 2.1 / climate change,Global warming / climate change,kg CO2-eq,False,3185.185185185185,2435.248806962963,6450.0,3185.185185185185,4300.0,128.6552721934807,0.0,0.0,0.0,0.6725721784776904,19.783402429809907,19.783402429809907,236.01821611787162,19.339370575837112,255.35758669370873,0.0,4338.0905511811025,85068.63044818261,127602.9456722739,30364.987837264525,2488.1119854849153,32853.09982274944,0.0,249862.76649438706,1130740.7407407407,21500.0,99673.87095808846,0.0,42476.6703040458,9555.555555555555,9675.0,0.0,1313621.8375584304,,,,,,,,,,,
SRC,12,12,#6,12,19.0,9.5,100.0,#57 stone,150.0,44.02089771897309,5.499039842323396,5.77022359949313,146.75064207414266,42.264184917353084,0.44,8.625,0.5751633986928104,220.1078431372549,198.0970588235294,187.2,0.21335089560821416,0.2257702185756041,0.034114453125000006,2.0,45000.0,41000.0,86000.0,3185.185185185185,3185.185185185185,40.249223594996224,40.0,2.0,1.0,97024.03985384939,46642.24320585341,143666.2830597028,151.0,301.0,21.0,0.0,51.0,0.0,7.0,3.0,215100.35158105503,107.55017579052752,True,,one complete CE 519 pavement project,TRACI 2.1 / climate change,Global warming / climate change,kg CO2-eq,False,3185.185185185185,2435.248806962963,6450.0,3185.185185185185,4300.0,107.55017579052752,0.0,0.0,0.0,0.6725721784776904,19.783402429809907,19.783402429809907,236.01821611787162,19.339370575837112,255.35758669370873,0.0,4338.0905511811025,85068.63044818261,127602.9456722739,25383.80063324381,2079.952705109437,27463.753338353246,0.0,244473.42000999086,1130740.7407407407,21500.0,83322.99299125012,0.0,41560.48140169845,9555.555555555555,9675.0,0.0,1296354.7706892446,,,,,,,,,,,
SRC,12,12,#6,15,19.0,9.5,100.0,#57 stone,150.0,44.02089771897309,5.499039842323396,5.77022359949313,146.75064207414266,42.264184917353084,0.35200000000000004,8.625,0.46013071895424845,177.3010196078432,159.57091764705888,187.2,0.26486145182691484,0.2257702185756041,0.043393066406249986,2.0,45000.0,41000.0,86000.0,3185.185185185185,3185.185185185185,40.249223594996224,40.0,2.0,1.0,77715.94008701202,37758.00640473847,115473.94649175048,121.0,241.0,17.0,0.0,51.0,0.0,7.0,3.0,172890.15877514865,86.44507938757432,True,,one complete CE 519 pavement project,TRACI 2.1 / climate change,Global warming / climate change,kg CO2-eq,False,3185.185185185185,2435.248806962963,6450.0,3185.185185185185,4300.0,86.44507938757432,0.0,0.0,0.0,0.6725721784776904,19.783402429809907,19.783402429809907,236.01821611787162,19.339370575837112,255.35758669370873,0.0,4338.0905511811025,85068.63044818261,127602.9456722739,20402.613429223085,1671.793424733958,22074.406853957043,0.0,239084.07352559466,1130740.7407407407,21500.0,66972.11502441177,0.0,40644.2924993511,9555.555555555555,9675.0,0.0,1279087.703820059,,,,,,,,,,,
SRC,12,12,#6,18,19.0,9.5,100.0,#57 stone,150.0,44.02089771897309,5.499039842323396,5.77022359949313,146.75064207414266,42.264184917353084,0.29333333333333333,8.625,0.38344226579520696,148.42570806100215,133.58313725490197,187.2,0.31638862348849467,0.2257702185756041,0.0526716796875,2.0,45000.0,41000.0,86000.0,3185.185185185185,3185.185185185185,40.249223594996224,40.0,2.0,1.0,64843.87357578709,33315.88800418101,98159.7615799681,101.0,201.0,15.0,0.0,51.0,0.0,7.0,3.0,146966.97636556334,73.48348818278167,True,,one complete CE 519 pavement project,TRACI 2.1 / climate change,Global warming / climate change,kg CO2-eq,False,3185.185185185185,2435.248806962963,6450.0,3185.185185185185,4300.0,73.48348818278167,0.0,0.0,0.0,0.6725721784776904,19.783402429809907,19.783402429809907,236.01821611787162,19.339370575837112,255.35758669370873,0.0,4338.0905511811025,85068.63044818261,127602.9456722739,17343.44179501883,1421.124409171962,18764.566204190793,0.0,235774.2328758284,1130740.7407407407,21500.0,56930.30370077554,0.0,40081.61958889083,9555.555555555555,9675.0,0.0,1268483.2195859626,,,,,,,,,,,
SRC,12,12,#6,24,19.0,9.5,100.0,#57 stone,150.0,44.02089771897309,5.499039842323396,5.77022359949313,146.75064207414266,42.264184917353084,0.22,8.625,0.2875816993464052,111.95196078431374,100.75676470588236,187.2,0.41946746742738183,0.2257702185756041,0.07122890625000002,2.0,45000.0,41000.0,86000.0,3185.185185185185,3185.185185185185,40.249223594996224,40.0,2.0,1.0,48753.79043675594,24431.651203066074,73185.441639822,76.0,151.0,11.0,0.0,51.0,0.0,7.0,3.0,109574.86956628907,54.78743478314453,True,,one complete CE 519 pavement project,TRACI 2.1 / climate change,Global warming / climate change,kg CO2-eq,False,3185.185185185185,2435.248806962963,6450.0,3185.185185185185,4300.0,54.78743478314453,0.0,0.0,0.0,0.6725721784776904,19.783402429809907,19.783402429809907,236.01821611787162,19.339370575837112,255.35758669370873,0.0,4338.0905511811025,85068.63044818261,127602.9456722739,12930.832623192004,1059.55450417074,13990.387127362745,0.0,231000.05379900036,1130740.7407407407,21500.0,42445.79807415426,0.0,39270.00914583007,9555.555555555555,9675.0,0.0,1253187.1035162804,,,,,,,,,,,
FRC,4,6,,,19.0,9.5,100.0,#57 stone,110.00000000000001,28.285316431310303,5.499039842323396,5.136027579968186,501.5483550550628,36.111481563964524,,,,,,46.8,0.6687311400734172,0.771612853930866,,,45000.0,41000.0,86000.0,1592.5925925925926,1061.7283950617284,,,,,,,,,,,,,,,,,,True,Wheel-load demand is below plain concrete cracking moment; fiber residual capacity provides additional reserve.,one complete CE 519 pavement project,TRACI 2.1 / climate change,Global warming / climate change,kg CO2-eq,False,1592.5925925925926,1217.6244034814815,3225.0,1061.7283950617284,1433.3333333333335,0.0,3.0,4777.777777777777,2167.1635455555556,0.6725721784776904,19.783402429809907,19.783402429809907,236.01821611787162,19.339370575837112,255.35758669370873,0.0,2169.0452755905512,28356.210149394203,63801.47283613695,0.0,0.0,0.0,0.0,94326.7282611217,565370.3703703703,7166.666666666668,0.0,6674.863720311111,16035.543804390689,4777.777777777777,4837.5,0.0,604862.7223395165,100,650.0,0.15384615384615385,15.384615384615385,3.0,7.2,54.0,1.0,54.0,100,Fiber dosage is calculated in Module 2; total fiber mass is calculated in Module 4 LCA.
FRC,4,6,,,19.0,9.5,100.0,#57 stone,110.00000000000001,28.285316431310303,5.499039842323396,5.136027579968186,501.5483550550628,36.111481563964524,,,,,,46.8,0.6269354438188286,0.771612853930866,,,45000.0,41000.0,86000.0,1592.5925925925926,1061.7283950617284,,,,,,,,,,,,,,,,,,True,Wheel-load demand is below plain concrete cracking moment; fiber residual capacity provides additional reserve.,one complete CE 519 pavement project,TRACI 2.1 / climate change,Global warming / climate change,kg CO2-eq,False,1592.5925925925926,1217.6244034814815,3225.0,1061.7283950617284,1433.3333333333335,0.0,3.4,5414.814814814815,2456.118684962963,0.6725721784776904,19.783402429809907,19.783402429809907,236.01821611787162,19.339370575837112,255.35758669370873,0.0,2169.0452755905512,28356.210149394203,63801.47283613695,0.0,0.0,0.0,0.0,94326.7282611217,565370.3703703703,7166.666666666668,0.0,7564.845549685926,16035.543804390689,4777.777777777777,4837.5,0.0,605752.7041688913,150,650.0,0.23076923076923078,23.076923076923077,3.4,10.8,57.599999999999994,1.0,57.599999999999994,150,Fiber dosage is calculated in Module 2; total fiber mass is calculated in Module 4 LCA.
FRC,4,6,,,19.0,9.5,100.0,#57 stone,110.00000000000001,28.285316431310303,5.499039842323396,5.136027579968186,501.5483550550628,36.111481563964524,,,,,,46.8,0.590056888300074,0.771612853930866,,,45000.0,41000.0,86000.0,1592.5925925925926,1061.7283950617284,,,,,,,,,,,,,,,,,,True,Wheel-load demand is below plain concrete cracking moment; fiber residual capacity provides additional reserve.,one complete CE 519 pavement project,TRACI 2.1 / climate change,Global warming / climate change,kg CO2-eq,False,1592.5925925925926,1217.6244034814815,3225.0,1061.7283950617284,1433.3333333333335,0.0,4.9,7803.703703703704,3539.700457740741,0.6725721784776904,19.783402429809907,19.783402429809907,236.01821611787162,19.339370575837112,255.35758669370873,0.0,2169.0452755905512,28356.210149394203,63801.47283613695,0.0,0.0,0.0,0.0,94326.7282611217,565370.3703703703,7166.666666666668,0.0,10902.277409841483,16035.543804390689,4777.777777777777,4837.5,0.0,609090.136029047,200,650.0,0.3076923076923077,30.76923076923077,4.9,14.4,61.199999999999996,1.0,61.199999999999996,200,Fiber dosage is calculated in Module 2; total fiber mass is calculated in Module 4 LCA.
FRC,4,6,,,19.0,9.5,100.0,#57 stone,110.00000000000001,28.285316431310303,5.499039842323396,5.136027579968186,501.5483550550628,36.111481563964524,,,,,,46.8,0.5572759500611809,0.771612853930866,,,45000.0,41000.0,86000.0,1592.5925925925926,1061.7283950617284,,,,,,,,,,,,,,,,,,True,Wheel-load demand is below plain concrete cracking moment; fiber residual capacity provides additional reserve.,one complete CE 519 pavement project,TRACI 2.1 / climate change,Global warming / climate change,kg CO2-eq,False,1592.5925925925926,1217.6244034814815,3225.0,1061.7283950617284,1433.3333333333335,0.0,6.4,10192.592592592593,4623.282230518519,0.6725721784776904,19.783402429809907,19.783402429809907,236.01821611787162,19.339370575837112,255.35758669370873,0.0,2169.0452755905512,28356.210149394203,63801.47283613695,0.0,0.0,0.0,0.0,94326.7282611217,565370.3703703703,7166.666666666668,0.0,14239.70926999704,16035.543804390689,4777.777777777777,4837.5,0.0,612427.5678892025,250,650.0,0.38461538461538464,38.46153846153847,6.4,18.0,64.8,1.0,64.8,250,Fiber dosage is calculated in Module 2; total fiber mass is calculated in Module 4 LCA.
FRC,4,6,,,19.0,9.5,100.0,#57 stone,110.00000000000001,28.285316431310303,5.499039842323396,5.136027579968186,501.5483550550628,36.111481563964524,,,,,,46.8,0.5279456369000661,0.771612853930866,,,45000.0,41000.0,86000.0,1592.5925925925926,1061.7283950617284,,,,,,,,,,,,,,,,,,True,Wheel-load demand is below plain concrete cracking moment; fiber residual capacity provides additional reserve.,one complete CE 519 pavement project,TRACI 2.1 / climate change,Global warming / climate change,kg CO2-eq,False,1592.5925925925926,1217.6244034814815,3225.0,1061.7283950617284,1433.3333333333335,0.0,7.9,12581.481481481482,5706.864003296297,0.6725721784776904,19.783402429809907,19.783402429809907,236.01821611787162,19.339370575837112,255.35758669370873,0.0,2169.0452755905512,28356.210149394203,63801.47283613695,0.0,0.0,0.0,0.0,94326.7282611217,565370.3703703703,7166.666666666668,0.0,17577.141130152595,16035.543804390689,4777.777777777777,4837.5,0.0,615764.999749358,300,650.0,0.46153846153846156,46.15384615384615,7.9,21.6,68.4,1.0,68.4,300,Fiber dosage is calculated in Module 2; total fiber mass is calculated in Module 4 LCA.
FRC,4,6,,,19.0,9.5,100.0,#57 stone,110.00000000000001,28.285316431310303,5.499039842323396,5.136027579968186,501.5483550550628,36.111481563964524,,,,,,46.8,0.5015483550550628,0.771612853930866,,,45000.0,41000.0,86000.0,1592.5925925925926,1061.7283950617284,,,,,,,,,,,,,,,,,,True,Wheel-load demand is below plain concrete cracking moment; fiber residual capacity provides additional reserve.,one complete CE 519 pavement project,TRACI 2.1 / climate change,Global warming / climate change,kg CO2-eq,False,1592.5925925925926,1217.6244034814815,3225.0,1061.7283950617284,1433.3333333333335,0.0,9.4,14970.37037037037,6790.445776074074,0.6725721784776904,19.783402429809907,19.783402429809907,236.01821611787162,19.339370575837112,255.35758669370873,0.0,2169.0452755905512,28356.210149394203,63801.47283613695,0.0,0.0,0.0,0.0,94326.7282611217,565370.3703703703,7166.666666666668,0.0,20914.57299030815,16035.543804390689,4777.777777777777,4837.5,0.0,619102.4316095136,350,650.0,0.5384615384615384,53.84615384615385,9.4,25.2,72.0,1.0,72.0,350,Fiber dosage is calculated in Module 2; total fiber mass is calculated in Module 4 LCA.
FRC,4,6,,,19.0,9.5,100.0,#57 stone,110.00000000000001,28.285316431310303,5.499039842323396,5.136027579968186,501.5483550550628,36.111481563964524,,,,,,46.8,0.47766510005244084,0.771612853930866,,,45000.0,41000.0,86000.0,1592.5925925925926,1061.7283950617284,,,,,,,,,,,,,,,,,,True,Wheel-load demand is below plain concrete cracking moment; fiber residual capacity provides additional reserve.,one complete CE 519 pavement project,TRACI 2.1 / climate change,Global warming / climate change,kg CO2-eq,False,1592.5925925925926,1217.6244034814815,3225.0,1061.7283950617284,1433.3333333333335,0.0,10.9,17359.25925925926,7874.027548851852,0.6725721784776904,19.783402429809907,19.783402429809907,236.01821611787162,19.339370575837112,255.35758669370873,0.0,2169.0452755905512,28356.210149394203,63801.47283613695,0.0,0.0,0.0,0.0,94326.7282611217,565370.3703703703,7166.666666666668,0.0,24252.004850463705,16035.543804390689,4777.777777777777,4837.5,0.0,622439.8634696691,400,650.0,0.6153846153846154,61.53846153846154,10.9,28.8,75.6,1.0,75.6,400,Fiber dosage is calculated in Module 2; total fiber mass is calculated in Module 4 LCA.
FRC,4,8,,,19.0,9.5,100.0,#57 stone,110.00000000000001,35.096603882957105,5.499039842323396,5.201089693986001,312.08845996263085,39.94732287521675,,,,,,83.2,0.41611794661684115,0.48013609225020126,,,45000.0,41000.0,86000.0,2123.456790123457,1061.7283950617284,,,,,,,,,,,,,,,,,,True,Wheel-load demand is below plain concrete cracking moment; fiber residual capacity provides additional reserve.,one complete CE 519 pavement project,TRACI 2.1 / climate change,Global warming / climate change,kg CO2-eq,False,2123.456790123457,1623.4992046419754,4300.0,1061.7283950617284,1433.3333333333335,0.0,3.0,6370.37037037037,2889.5513940740743,0.6725721784776904,19.783402429809907,19.783402429809907,236.01821611787162,19.339370575837112,255.35758669370873,0.0,2892.0603674540685,28356.210149394203,85068.63044818261,0.0,0.0,0.0,0.0,116316.90096503089,753827.1604938272,7166.666666666668,0.0,8899.818293748149,19773.87316405525,6370.37037037037,6450.0,0.0,802487.8889886676,100,650.0,0.15384615384615385,15.384615384615385,3.0,12.8,96.0,1.0,96.0,100,Fiber dosage is calculated in Module 2; total fiber mass is calculated in Module 4 LCA.
FRC,4,8,,,19.0,9.5,100.0,#57 stone,110.00000000000001,35.096603882957105,5.499039842323396,5.201089693986001,312.08845996263085,39.94732287521675,,,,,,83.2,0.39011057495328855,0.48013609225020126,,,45000.0,41000.0,86000.0,2123.456790123457,1061.7283950617284,,,,,,,,,,,,,,,,,,True,Wheel-load demand is below plain concrete cracking moment; fiber residual capacity provides additional reserve.,one complete CE 519 pavement project,TRACI 2.1 / climate change,Global warming / climate change,kg CO2-eq,False,2123.456790123457,1623.4992046419754,4300.0,1061.7283950617284,1433.3333333333335,0.0,3.4,7219.753086419753,3274.824913283951,0.6725721784776904,19.783402429809907,19.783402429809907,236.01821611787162,19.339370575837112,255.35758669370873,0.0,2892.0603674540685,28356.210149394203,85068.63044818261,0.0,0.0,0.0,0.0,116316.90096503089,753827.1604938272,7166.666666666668,0.0,10086.46073291457,19773.87316405525,6370.37037037037,6450.0,0.0,803674.5314278341,150,650.0,0.23076923076923078,23.076923076923077,3.4,19.2,102.4,1.0,102.4,150,Fiber dosage is calculated in Module 2; total fiber mass is calculated in Module 4 LCA.
FRC,4,8,,,19.0,9.5,100.0,#57 stone,110.00000000000001,35.096603882957105,5.499039842323396,5.201089693986001,312.08845996263085,39.94732287521675,,,,,,83.2,0.3671628940736833,0.48013609225020126,,,45000.0,41000.0,86000.0,2123.456790123457,1061.7283950617284,,,,,,,,,,,,,,,,,,True,Wheel-load demand is below plain concrete cracking moment; fiber residual capacity provides additional reserve.,one complete CE 519 pavement project,TRACI 2.1 / climate change,Global warming / climate change,kg CO2-eq,False,2123.456790123457,1623.4992046419754,4300.0,1061.7283950617284,1433.3333333333335,0.0,4.9,10404.938271604939,4719.600610320988,0.6725721784776904,19.783402429809907,19.783402429809907,236.01821611787162,19.339370575837112,255.35758669370873,0.0,2892.0603674540685,28356.210149394203,85068.63044818261,0.0,0.0,0.0,0.0,116316.90096503089,753827.1604938272,7166.666666666668,0.0,14536.369879788645,19773.87316405525,6370.37037037037,6450.0,0.0,808124.440574708,200,650.0,0.3076923076923077,30.76923076923077,4.9,25.6,108.80000000000001,1.0,108.80000000000001,200,Fiber dosage is calculated in Module 2; total fiber mass is calculated in Module 4 LCA.
FRC,4,8,,,19.0,9.5,100.0,#57 stone,110.00000000000001,35.096603882957105,5.499039842323396,5.201089693986001,312.08845996263085,39.94732287521675,,,,,,83.2,0.34676495551403425,0.48013609225020126,,,45000.0,41000.0,86000.0,2123.456790123457,1061.7283950617284,,,,,,,,,,,,,,,,,,True,Wheel-load demand is below plain concrete cracking moment; fiber residual capacity provides additional reserve.,one complete CE 519 pavement project,TRACI 2.1 / climate change,Global warming / climate change,kg CO2-eq,False,2123.456790123457,1623.4992046419754,4300.0,1061.7283950617284,1433.3333333333335,0.0,6.4,13590.123456790125,6164.376307358026,0.6725721784776904,19.783402429809907,19.783402429809907,236.01821611787162,19.339370575837112,255.35758669370873,0.0,2892.0603674540685,28356.210149394203,85068.63044818261,0.0,0.0,0.0,0.0,116316.90096503089,753827.1604938272,7166.666666666668,0.0,18986.27902666272,19773.87316405525,6370.37037037037,6450.0,0.0,812574.3497215821,250,650.0,0.38461538461538464,38.46153846153847,6.4,32.0,115.2,1.0,115.2,250,Fiber dosage is calculated in Module 2; total fiber mass is calculated in Module 4 LCA.
FRC,4,8,,,19.0,9.5,100.0,#57 stone,110.00000000000001,35.096603882957105,5.499039842323396,5.201089693986001,312.08845996263085,39.94732287521675,,,,,,83.2,0.3285141683817167,0.48013609225020126,,,45000.0,41000.0,86000.0,2123.456790123457,1061.7283950617284,,,,,,,,,,,,,,,,,,True,Wheel-load demand is below plain concrete cracking moment; fiber residual capacity provides additional reserve.,one complete CE 519 pavement project,TRACI 2.1 / climate change,Global warming / climate change,kg CO2-eq,False,2123.456790123457,1623.4992046419754,4300.0,1061.7283950617284,1433.3333333333335,0.0,7.9,16775.30864197531,7609.152004395062,0.6725721784776904,19.783402429809907,19.783402429809907,236.01821611787162,19.339370575837112,255.35758669370873,0.0,2892.0603674540685,28356.210149394203,85068.63044818261,0.0,0.0,0.0,0.0,116316.90096503089,753827.1604938272,7166.666666666668,0.0,23436.188173536793,19773.87316405525,6370.37037037037,6450.0,0.0,817024.2588684562,300,650.0,0.46153846153846156,46.15384615384615,7.9,38.4,121.6,1.0,121.6,300,Fiber dosage is calculated in Module 2; total fiber mass is calculated in Module 4 LCA.
FRC,4,8,,,19.0,9.5,100.0,#57 stone,110.00000000000001,35.096603882957105,5.499039842323396,5.201089693986001,312.08845996263085,39.94732287521675,,,,,,83.2,0.31208845996263085,0.48013609225020126,,,45000.0,41000.0,86000.0,2123.456790123457,1061.7283950617284,,,,,,,,,,,,,,,,,,True,Wheel-load demand is below plain concrete cracking moment; fiber residual capacity provides additional reserve.,one complete CE 519 pavement project,TRACI 2.1 / climate change,Global warming / climate change,kg CO2-eq,False,2123.456790123457,1623.4992046419754,4300.0,1061.7283950617284,1433.3333333333335,0.0,9.4,19960.493827160495,9053.9277014321,0.6725721784776904,19.783402429809907,19.783402429809907,236.01821611787162,19.339370575837112,255.35758669370873,0.0,2892.0603674540685,28356.210149394203,85068.63044818261,0.0,0.0,0.0,0.0,116316.90096503089,753827.1604938272,7166.666666666668,0.0,27886.097320410867,19773.87316405525,6370.37037037037,6450.0,0.0,821474.1680153303,350,650.0,0.5384615384615384,53.84615384615385,9.4,44.8,128.0,1.0,128.0,350,Fiber dosage is calculated in Module 2; total fiber mass is calculated in Module 4 LCA.
FRC,4,8,,,19.0,9.5,100.0,#57 stone,110.00000000000001,35.096603882957105,5.499039842323396,5.201089693986001,312.08845996263085,39.94732287521675,,,,,,83.2,0.2972271047263151,0.48013609225020126,,,45000.0,41000.0,86000.0,2123.456790123457,1061.7283950617284,,,,,,,,,,,,,,,,,,True,Wheel-load demand is below plain concrete cracking moment; fiber residual capacity provides additional reserve.,one complete CE 519 pavement project,TRACI 2.1 / climate change,Global warming / climate change,kg CO2-eq,False,2123.456790123457,1623.4992046419754,4300.0,1061.7283950617284,1433.3333333333335,0.0,10.9,23145.67901234568,10498.703398469137,0.6725721784776904,19.783402429809907,19.783402429809907,236.01821611787162,19.339370575837112,255.35758669370873,0.0,2892.0603674540685,28356.210149394203,85068.63044818261,0.0,0.0,0.0,0.0,116316.90096503089,753827.1604938272,7166.666666666668,0.0,32336.006467284944,19773.87316405525,6370.37037037037,6450.0,0.0,825924.0771622044,400,650.0,0.6153846153846154,61.53846153846154,10.9,51.2,134.4,1.0,134.4,400,Fiber dosage is calculated in Module 2; total fiber mass is calculated in Module 4 LCA.
FRC,4,10,,,19.0,9.5,100.0,#57 stone,110.00000000000001,41.4903982835187,5.499039842323396,5.431260308356283,211.44715282288252,42.2894305645765,,,,,,130.0,0.28192953709717666,0.32530331203520385,,,45000.0,41000.0,86000.0,2654.320987654321,1061.7283950617284,,,,,,,,,,,,,,,,,,True,Wheel-load demand is below plain concrete cracking moment; fiber residual capacity provides additional reserve.,one complete CE 519 pavement project,TRACI 2.1 / climate change,Global warming / climate change,kg CO2-eq,False,2654.320987654321,2029.3740058024691,5375.0,1061.7283950617284,1433.3333333333335,0.0,3.0,7962.9629629629635,3611.939242592593,0.6725721784776904,19.783402429809907,19.783402429809907,236.01821611787162,19.339370575837112,255.35758669370873,0.0,3615.0754593175857,28356.210149394203,106335.78806022825,0.0,0.0,0.0,0.0,138307.07366894005,942283.9506172839,7166.666666666668,0.0,11124.772867185187,23512.20252371981,7962.9629629629635,8062.5,0.0,1000113.0556378185,100,650.0,0.15384615384615385,15.384615384615385,3.0,20.0,150.0,1.0,150.0,100,Fiber dosage is calculated in Module 2; total fiber mass is calculated in Module 4 LCA.
FRC,4,10,,,19.0,9.5,100.0,#57 stone,110.00000000000001,41.4903982835187,5.499039842323396,5.431260308356283,211.44715282288252,42.2894305645765,,,,,,130.0,0.26430894102860314,0.32530331203520385,,,45000.0,41000.0,86000.0,2654.320987654321,1061.7283950617284,,,,,,,,,,,,,,,,,,True,Wheel-load demand is below plain concrete cracking moment; fiber residual capacity provides additional reserve.,one complete CE 519 pavement project,TRACI 2.1 / climate change,Global warming / climate change,kg CO2-eq,False,2654.320987654321,2029.3740058024691,5375.0,1061.7283950617284,1433.3333333333335,0.0,3.4,9024.691358024691,4093.5311416049385,0.6725721784776904,19.783402429809907,19.783402429809907,236.01821611787162,19.339370575837112,255.35758669370873,0.0,3615.0754593175857,28356.210149394203,106335.78806022825,0.0,0.0,0.0,0.0,138307.07366894005,942283.9506172839,7166.666666666668,0.0,12608.07591614321,23512.20252371981,7962.9629629629635,8062.5,0.0,1001596.3586867766,150,650.0,0.23076923076923078,23.076923076923077,3.4,30.0,160.0,1.0,160.0,150,Fiber dosage is calculated in Module 2; total fiber mass is calculated in Module 4 LCA.
FRC,4,10,,,19.0,9.5,100.0,#57 stone,110.00000000000001,41.4903982835187,5.499039842323396,5.431260308356283,211.44715282288252,42.2894305645765,,,,,,130.0,0.2487613562622147,0.32530331203520385,,,45000.0,41000.0,86000.0,2654.320987654321,1061.7283950617284,,,,,,,,,,,,,,,,,,True,Wheel-load demand is below plain concrete cracking moment; fiber residual capacity provides additional reserve.,one complete CE 519 pavement project,TRACI 2.1 / climate change,Global warming / climate change,kg CO2-eq,False,2654.320987654321,2029.3740058024691,5375.0,1061.7283950617284,1433.3333333333335,0.0,4.9,13006.172839506175,5899.500762901235,0.6725721784776904,19.783402429809907,19.783402429809907,236.01821611787162,19.339370575837112,255.35758669370873,0.0,3615.0754593175857,28356.210149394203,106335.78806022825,0.0,0.0,0.0,0.0,138307.07366894005,942283.9506172839,7166.666666666668,0.0,18170.462349735804,23512.20252371981,7962.9629629629635,8062.5,0.0,1007158.7451203691,200,650.0,0.3076923076923077,30.76923076923077,4.9,40.0,170.0,1.0,170.0,200,Fiber dosage is calculated in Module 2; total fiber mass is calculated in Module 4 LCA.
FRC,4,10,,,19.0,9.5,100.0,#57 stone,110.00000000000001,41.4903982835187,5.499039842323396,5.431260308356283,211.44715282288252,42.2894305645765,,,,,,130.0,0.23494128091431388,0.32530331203520385,,,45000.0,41000.0,86000.0,2654.320987654321,1061.7283950617284,,,,,,,,,,,,,,,,,,True,Wheel-load demand is below plain concrete cracking moment; fiber residual capacity provides additional reserve.,one complete CE 519 pavement project,TRACI 2.1 / climate change,Global warming / climate change,kg CO2-eq,False,2654.320987654321,2029.3740058024691,5375.0,1061.7283950617284,1433.3333333333335,0.0,6.4,16987.654320987655,7705.4703841975315,0.6725721784776904,19.783402429809907,19.783402429809907,236.01821611787162,19.339370575837112,255.35758669370873,0.0,3615.0754593175857,28356.210149394203,106335.78806022825,0.0,0.0,0.0,0.0,138307.07366894005,942283.9506172839,7166.666666666668,0.0,23732.848783328398,23512.20252371981,7962.9629629629635,8062.5,0.0,1012721.1315539617,250,650.0,0.38461538461538464,38.46153846153847,6.4,50.0,180.0,1.0,180.0,250,Fiber dosage is calculated in Module 2; total fiber mass is calculated in Module 4 LCA.
FRC,4,10,,,19.0,9.5,100.0,#57 stone,110.00000000000001,41.4903982835187,5.499039842323396,5.431260308356283,211.44715282288252,42.2894305645765,,,,,,130.0,0.22257595033987632,0.32530331203520385,,,45000.0,41000.0,86000.0,2654.320987654321,1061.7283950617284,,,,,,,,,,,,,,,,,,True,Wheel-load demand is below plain concrete cracking moment; fiber residual capacity provides additional reserve.,one complete CE 519 pavement project,TRACI 2.1 / climate change,Global warming / climate change,kg CO2-eq,False,2654.320987654321,2029.3740058024691,5375.0,1061.7283950617284,1433.3333333333335,0.0,7.9,20969.135802469136,9511.440005493829,0.6725721784776904,19.783402429809907,19.783402429809907,236.01821611787162,19.339370575837112,255.35758669370873,0.0,3615.0754593175857,28356.210149394203,106335.78806022825,0.0,0.0,0.0,0.0,138307.07366894005,942283.9506172839,7166.666666666668,0.0,29295.23521692099,23512.20252371981,7962.9629629629635,8062.5,0.0,1018283.5179875542,300,650.0,0.46153846153846156,46.15384615384615,7.9,60.0,190.0,1.0,190.0,300,Fiber dosage is calculated in Module 2; total fiber mass is calculated in Module 4 LCA.
FRC,4,10,,,19.0,9.5,100.0,#57 stone,110.00000000000001,41.4903982835187,5.499039842323396,5.431260308356283,211.44715282288252,42.2894305645765,,,,,,130.0,0.21144715282288248,0.32530331203520385,,,45000.0,41000.0,86000.0,2654.320987654321,1061.7283950617284,,,,,,,,,,,,,,,,,,True,Wheel-load demand is below plain concrete cracking moment; fiber residual capacity provides additional reserve.,one complete CE 519 pavement project,TRACI 2.1 / climate change,Global warming / climate change,kg CO2-eq,False,2654.320987654321,2029.3740058024691,5375.0,1061.7283950617284,1433.3333333333335,0.0,9.4,24950.617283950618,11317.409626790124,0.6725721784776904,19.783402429809907,19.783402429809907,236.01821611787162,19.339370575837112,255.35758669370873,0.0,3615.0754593175857,28356.210149394203,106335.78806022825,0.0,0.0,0.0,0.0,138307.07366894005,942283.9506172839,7166.666666666668,0.0,34857.62165051358,23512.20252371981,7962.9629629629635,8062.5,0.0,1023845.904421147,350,650.0,0.5384615384615384,53.84615384615385,9.4,70.0,200.0,1.0,200.0,350,Fiber dosage is calculated in Module 2; total fiber mass is calculated in Module 4 LCA.
FRC,4,10,,,19.0,9.5,100.0,#57 stone,110.00000000000001,41.4903982835187,5.499039842323396,5.431260308356283,211.44715282288252,42.2894305645765,,,,,,130.0,0.20137824078369762,0.32530331203520385,,,45000.0,41000.0,86000.0,2654.320987654321,1061.7283950617284,,,,,,,,,,,,,,,,,,True,Wheel-load demand is below plain concrete cracking moment; fiber residual capacity provides additional reserve.,one complete CE 519 pavement project,TRACI 2.1 / climate change,Global warming / climate change,kg CO2-eq,False,2654.320987654321,2029.3740058024691,5375.0,1061.7283950617284,1433.3333333333335,0.0,10.9,28932.0987654321,13123.379248086421,0.6725721784776904,19.783402429809907,19.783402429809907,236.01821611787162,19.339370575837112,255.35758669370873,0.0,3615.0754593175857,28356.210149394203,106335.78806022825,0.0,0.0,0.0,0.0,138307.07366894005,942283.9506172839,7166.666666666668,0.0,40420.00808410618,23512.20252371981,7962.9629629629635,8062.5,0.0,1029408.2908547395,400,650.0,0.6153846153846154,61.53846153846154,10.9,80.0,210.0,1.0,210.0,400,Fiber dosage is calculated in Module 2; total fiber mass is calculated in Module 4 LCA.
FRC,4,12,,,19.0,9.5,100.0,#57 stone,110.00000000000001,47.57004238281165,5.499039842323396,5.77022359949313,151.83364242524524,43.728089018470634,,,,,,187.2,0.20244485656699368,0.23359021911576194,,,45000.0,41000.0,86000.0,3185.185185185185,1061.7283950617284,,,,,,,,,,,,,,,,,,True,Wheel-load demand is below plain concrete cracking moment; fiber residual capacity provides additional reserve.,one complete CE 519 pavement project,TRACI 2.1 / climate change,Global warming / climate change,kg CO2-eq,False,3185.185185185185,2435.248806962963,6450.0,1061.7283950617284,1433.3333333333335,0.0,3.0,9555.555555555555,4334.327091111111,0.6725721784776904,19.783402429809907,19.783402429809907,236.01821611787162,19.339370575837112,255.35758669370873,0.0,4338.0905511811025,28356.210149394203,127602.9456722739,0.0,0.0,0.0,0.0,160297.24637284921,1130740.7407407407,7166.666666666668,0.0,13349.727440622222,27250.531883384367,9555.555555555555,9675.0,0.0,1197738.2222869694,100,650.0,0.15384615384615385,15.384615384615385,3.0,28.8,216.0,1.0,216.0,100,Fiber dosage is calculated in Module 2; total fiber mass is calculated in Module 4 LCA.
FRC,4,12,,,19.0,9.5,100.0,#57 stone,110.00000000000001,47.57004238281165,5.499039842323396,5.77022359949313,151.83364242524524,43.728089018470634,,,,,,187.2,0.18979205303155658,0.23359021911576194,,,45000.0,41000.0,86000.0,3185.185185185185,1061.7283950617284,,,,,,,,,,,,,,,,,,True,Wheel-load demand is below plain concrete cracking moment; fiber residual capacity provides additional reserve.,one complete CE 519 pavement project,TRACI 2.1 / climate change,Global warming / climate change,kg CO2-eq,False,3185.185185185185,2435.248806962963,6450.0,1061.7283950617284,1433.3333333333335,0.0,3.4,10829.62962962963,4912.237369925926,0.6725721784776904,19.783402429809907,19.783402429809907,236.01821611787162,19.339370575837112,255.35758669370873,0.0,4338.0905511811025,28356.210149394203,127602.9456722739,0.0,0.0,0.0,0.0,160297.24637284921,1130740.7407407407,7166.666666666668,0.0,15129.691099371852,27250.531883384367,9555.555555555555,9675.0,0.0,1199518.185945719,150,650.0,0.23076923076923078,23.076923076923077,3.4,43.2,230.39999999999998,1.0,230.39999999999998,150,Fiber dosage is calculated in Module 2; total fiber mass is calculated in Module 4 LCA.
FRC,4,12,,,19.0,9.5,100.0,#57 stone,110.00000000000001,47.57004238281165,5.499039842323396,5.77022359949313,151.83364242524524,43.728089018470634,,,,,,187.2,0.17862781461793562,0.23359021911576194,,,45000.0,41000.0,86000.0,3185.185185185185,1061.7283950617284,,,,,,,,,,,,,,,,,,True,Wheel-load demand is below plain concrete cracking moment; fiber residual capacity provides additional reserve.,one complete CE 519 pavement project,TRACI 2.1 / climate change,Global warming / climate change,kg CO2-eq,False,3185.185185185185,2435.248806962963,6450.0,1061.7283950617284,1433.3333333333335,0.0,4.9,15607.407407407409,7079.400915481482,0.6725721784776904,19.783402429809907,19.783402429809907,236.01821611787162,19.339370575837112,255.35758669370873,0.0,4338.0905511811025,28356.210149394203,127602.9456722739,0.0,0.0,0.0,0.0,160297.24637284921,1130740.7407407407,7166.666666666668,0.0,21804.554819682966,27250.531883384367,9555.555555555555,9675.0,0.0,1206193.0496660303,200,650.0,0.3076923076923077,30.76923076923077,4.9,57.6,244.79999999999998,1.0,244.79999999999998,200,Fiber dosage is calculated in Module 2; total fiber mass is calculated in Module 4 LCA.
FRC,4,12,,,19.0,9.5,100.0,#57 stone,110.00000000000001,47.57004238281165,5.499039842323396,5.77022359949313,151.83364242524524,43.728089018470634,,,,,,187.2,0.1687040471391614,0.23359021911576194,,,45000.0,41000.0,86000.0,3185.185185185185,1061.7283950617284,,,,,,,,,,,,,,,,,,True,Wheel-load demand is below plain concrete cracking moment; fiber residual capacity provides additional reserve.,one complete CE 519 pavement project,TRACI 2.1 / climate change,Global warming / climate change,kg CO2-eq,False,3185.185185185185,2435.248806962963,6450.0,1061.7283950617284,1433.3333333333335,0.0,6.4,20385.185185185186,9246.564461037038,0.6725721784776904,19.783402429809907,19.783402429809907,236.01821611787162,19.339370575837112,255.35758669370873,0.0,4338.0905511811025,28356.210149394203,127602.9456722739,0.0,0.0,0.0,0.0,160297.24637284921,1130740.7407407407,7166.666666666668,0.0,28479.41853999408,27250.531883384367,9555.555555555555,9675.0,0.0,1212867.9133863414,250,650.0,0.38461538461538464,38.46153846153847,6.4,72.0,259.2,1.0,259.2,250,Fiber dosage is calculated in Module 2; total fiber mass is calculated in Module 4 LCA.
FRC,4,12,,,19.0,9.5,100.0,#57 stone,110.00000000000001,47.57004238281165,5.499039842323396,5.77022359949313,151.83364242524524,43.728089018470634,,,,,,187.2,0.15982488676341605,0.23359021911576194,,,45000.0,41000.0,86000.0,3185.185185185185,1061.7283950617284,,,,,,,,,,,,,,,,,,True,Wheel-load demand is below plain concrete cracking moment; fiber residual capacity provides additional reserve.,one complete CE 519 pavement project,TRACI 2.1 / climate change,Global warming / climate change,kg CO2-eq,False,3185.185185185185,2435.248806962963,6450.0,1061.7283950617284,1433.3333333333335,0.0,7.9,25162.962962962964,11413.728006592593,0.6725721784776904,19.783402429809907,19.783402429809907,236.01821611787162,19.339370575837112,255.35758669370873,0.0,4338.0905511811025,28356.210149394203,127602.9456722739,0.0,0.0,0.0,0.0,160297.24637284921,1130740.7407407407,7166.666666666668,0.0,35154.28226030519,27250.531883384367,9555.555555555555,9675.0,0.0,1219542.7771066525,300,650.0,0.46153846153846156,46.15384615384615,7.9,86.4,273.6,1.0,273.6,300,Fiber dosage is calculated in Module 2; total fiber mass is calculated in Module 4 LCA.
FRC,4,12,,,19.0,9.5,100.0,#57 stone,110.00000000000001,47.57004238281165,5.499039842323396,5.77022359949313,151.83364242524524,43.728089018470634,,,,,,187.2,0.15183364242524525,0.23359021911576194,,,45000.0,41000.0,86000.0,3185.185185185185,1061.7283950617284,,,,,,,,,,,,,,,,,,True,Wheel-load demand is below plain concrete cracking moment; fiber residual capacity provides additional reserve.,one complete CE 519 pavement project,TRACI 2.1 / climate change,Global warming / climate change,kg CO2-eq,False,3185.185185185185,2435.248806962963,6450.0,1061.7283950617284,1433.3333333333335,0.0,9.4,29940.74074074074,13580.891552148149,0.6725721784776904,19.783402429809907,19.783402429809907,236.01821611787162,19.339370575837112,255.35758669370873,0.0,4338.0905511811025,28356.210149394203,127602.9456722739,0.0,0.0,0.0,0.0,160297.24637284921,1130740.7407407407,7166.666666666668,0.0,41829.1459806163,27250.531883384367,9555.555555555555,9675.0,0.0,1226217.6408269636,350,650.0,0.5384615384615384,53.84615384615385,9.4,100.8,288.0,1.0,288.0,350,Fiber dosage is calculated in Module 2; total fiber mass is calculated in Module 4 LCA.
FRC,4,12,,,19.0,9.5,100.0,#57 stone,110.00000000000001,47.57004238281165,5.499039842323396,5.77022359949313,151.83364242524524,43.728089018470634,,,,,,187.2,0.14460346897642407,0.23359021911576194,,,45000.0,41000.0,86000.0,3185.185185185185,1061.7283950617284,,,,,,,,,,,,,,,,,,True,Wheel-load demand is below plain concrete cracking moment; fiber residual capacity provides additional reserve.,one complete CE 519 pavement project,TRACI 2.1 / climate change,Global warming / climate change,kg CO2-eq,False,3185.185185185185,2435.248806962963,6450.0,1061.7283950617284,1433.3333333333335,0.0,10.9,34718.51851851852,15748.055097703704,0.6725721784776904,19.783402429809907,19.783402429809907,236.01821611787162,19.339370575837112,255.35758669370873,0.0,4338.0905511811025,28356.210149394203,127602.9456722739,0.0,0.0,0.0,0.0,160297.24637284921,1130740.7407407407,7166.666666666668,0.0,48504.00970092741,27250.531883384367,9555.555555555555,9675.0,0.0,1232892.5045472747,400,650.0,0.6153846153846154,61.53846153846154,10.9,115.2,302.4,1.0,302.4,400,Fiber dosage is calculated in Module 2; total fiber mass is calculated in Module 4 LCA.
FRC,6,6,,,19.0,9.5,100.0,#57 stone,120.0,27.67667419824502,5.499039842323396,5.136027579968186,495.84438172525734,35.70079548421853,,,,,,46.8,0.6611258423003432,0.7628375103465499,,,45000.0,41000.0,86000.0,1592.5925925925926,1592.5925925925926,,,,,,,,,,,,,,,,,,True,Wheel-load demand is below plain concrete cracking moment; fiber residual capacity provides additional reserve.,one complete CE 519 pavement project,TRACI 2.1 / climate change,Global warming / climate change,kg CO2-eq,False,1592.5925925925926,1217.6244034814815,3225.0,1592.5925925925926,2150.0,0.0,3.0,4777.777777777777,2167.1635455555556,0.6725721784776904,19.783402429809907,19.783402429809907,236.01821611787162,19.339370575837112,255.35758669370873,0.0,2169.0452755905512,42534.315224091304,63801.47283613695,0.0,0.0,0.0,0.0,108504.83333581881,565370.3703703703,10750.0,0.0,6674.863720311111,18445.8216670892,4777.777777777777,4837.5,0.0,610856.3335355484,100,650.0,0.15384615384615385,15.384615384615385,3.0,7.2,54.0,1.0,54.0,100,Fiber dosage is calculated in Module 2; total fiber mass is calculated in Module 4 LCA.
FRC,6,6,,,19.0,9.5,100.0,#57 stone,120.0,27.67667419824502,5.499039842323396,5.136027579968186,495.84438172525734,35.70079548421853,,,,,,46.8,0.6198054771565717,0.7628375103465499,,,45000.0,41000.0,86000.0,1592.5925925925926,1592.5925925925926,,,,,,,,,,,,,,,,,,True,Wheel-load demand is below plain concrete cracking moment; fiber residual capacity provides additional reserve.,one complete CE 519 pavement project,TRACI 2.1 / climate change,Global warming / climate change,kg CO2-eq,False,1592.5925925925926,1217.6244034814815,3225.0,1592.5925925925926,2150.0,0.0,3.4,5414.814814814815,2456.118684962963,0.6725721784776904,19.783402429809907,19.783402429809907,236.01821611787162,19.339370575837112,255.35758669370873,0.0,2169.0452755905512,42534.315224091304,63801.47283613695,0.0,0.0,0.0,0.0,108504.83333581881,565370.3703703703,10750.0,0.0,7564.845549685926,18445.8216670892,4777.777777777777,4837.5,0.0,611746.3153649232,150,650.0,0.23076923076923078,23.076923076923077,3.4,10.8,57.599999999999994,1.0,57.599999999999994,150,Fiber dosage is calculated in Module 2; total fiber mass is calculated in Module 4 LCA.
FRC,6,6,,,19.0,9.5,100.0,#57 stone,120.0,27.67667419824502,5.499039842323396,5.136027579968186,495.84438172525734,35.70079548421853,,,,,,46.8,0.5833463314414793,0.7628375103465499,,,45000.0,41000.0,86000.0,1592.5925925925926,1592.5925925925926,,,,,,,,,,,,,,,,,,True,Wheel-load demand is below plain concrete cracking moment; fiber residual capacity provides additional reserve.,one complete CE 519 pavement project,TRACI 2.1 / climate change,Global warming / climate change,kg CO2-eq,False,1592.5925925925926,1217.6244034814815,3225.0,1592.5925925925926,2150.0,0.0,4.9,7803.703703703704,3539.700457740741,0.6725721784776904,19.783402429809907,19.783402429809907,236.01821611787162,19.339370575837112,255.35758669370873,0.0,2169.0452755905512,42534.315224091304,63801.47283613695,0.0,0.0,0.0,0.0,108504.83333581881,565370.3703703703,10750.0,0.0,10902.277409841483,18445.8216670892,4777.777777777777,4837.5,0.0,615083.7472250789,200,650.0,0.3076923076923077,30.76923076923077,4.9,14.4,61.199999999999996,1.0,61.199999999999996,200,Fiber dosage is calculated in Module 2; total fiber mass is calculated in Module 4 LCA.
FRC,6,6,,,19.0,9.5,100.0,#57 stone,120.0,27.67667419824502,5.499039842323396,5.136027579968186,495.84438172525734,35.70079548421853,,,,,,46.8,0.5509382019169526,0.7628375103465499,,,45000.0,41000.0,86000.0,1592.5925925925926,1592.5925925925926,,,,,,,,,,,,,,,,,,True,Wheel-load demand is below plain concrete cracking moment; fiber residual capacity provides additional reserve.,one complete CE 519 pavement project,TRACI 2.1 / climate change,Global warming / climate change,kg CO2-eq,False,1592.5925925925926,1217.6244034814815,3225.0,1592.5925925925926,2150.0,0.0,6.4,10192.592592592593,4623.282230518519,0.6725721784776904,19.783402429809907,19.783402429809907,236.01821611787162,19.339370575837112,255.35758669370873,0.0,2169.0452755905512,42534.315224091304,63801.47283613695,0.0,0.0,0.0,0.0,108504.83333581881,565370.3703703703,10750.0,0.0,14239.70926999704,18445.8216670892,4777.777777777777,4837.5,0.0,618421.1790852344,250,650.0,0.38461538461538464,38.46153846153847,6.4,18.0,64.8,1.0,64.8,250,Fiber dosage is calculated in Module 2; total fiber mass is calculated in Module 4 LCA.
FRC,6,6,,,19.0,9.5,100.0,#57 stone,120.0,27.67667419824502,5.499039842323396,5.136027579968186,495.84438172525734,35.70079548421853,,,,,,46.8,0.5219414544476393,0.7628375103465499,,,45000.0,41000.0,86000.0,1592.5925925925926,1592.5925925925926,,,,,,,,,,,,,,,,,,True,Wheel-load demand is below plain concrete cracking moment; fiber residual capacity provides additional reserve.,one complete CE 519 pavement project,TRACI 2.1 / climate change,Global warming / climate change,kg CO2-eq,False,1592.5925925925926,1217.6244034814815,3225.0,1592.5925925925926,2150.0,0.0,7.9,12581.481481481482,5706.864003296297,0.6725721784776904,19.783402429809907,19.783402429809907,236.01821611787162,19.339370575837112,255.35758669370873,0.0,2169.0452755905512,42534.315224091304,63801.47283613695,0.0,0.0,0.0,0.0,108504.83333581881,565370.3703703703,10750.0,0.0,17577.141130152595,18445.8216670892,4777.777777777777,4837.5,0.0,621758.61094539,300,650.0,0.46153846153846156,46.15384615384615,7.9,21.6,68.4,1.0,68.4,300,Fiber dosage is calculated in Module 2; total fiber mass is calculated in Module 4 LCA.
FRC,6,6,,,19.0,9.5,100.0,#57 stone,120.0,27.67667419824502,5.499039842323396,5.136027579968186,495.84438172525734,35.70079548421853,,,,,,46.8,0.49584438172525735,0.7628375103465499,,,45000.0,41000.0,86000.0,1592.5925925925926,1592.5925925925926,,,,,,,,,,,,,,,,,,True,Wheel-load demand is below plain concrete cracking moment; fiber residual capacity provides additional reserve.,one complete CE 519 pavement project,TRACI 2.1 / climate change,Global warming / climate change,kg CO2-eq,False,1592.5925925925926,1217.6244034814815,3225.0,1592.5925925925926,2150.0,0.0,9.4,14970.37037037037,6790.445776074074,0.6725721784776904,19.783402429809907,19.783402429809907,236.01821611787162,19.339370575837112,255.35758669370873,0.0,2169.0452755905512,42534.315224091304,63801.47283613695,0.0,0.0,0.0,0.0,108504.83333581881,565370.3703703703,10750.0,0.0,20914.57299030815,18445.8216670892,4777.777777777777,4837.5,0.0,625096.0428055455,350,650.0,0.5384615384615384,53.84615384615385,9.4,25.2,72.0,1.0,72.0,350,Fiber dosage is calculated in Module 2; total fiber mass is calculated in Module 4 LCA.
FRC,6,6,,,19.0,9.5,100.0,#57 stone,120.0,27.67667419824502,5.499039842323396,5.136027579968186,495.84438172525734,35.70079548421853,,,,,,46.8,0.47223274450024516,0.7628375103465499,,,45000.0,41000.0,86000.0,1592.5925925925926,1592.5925925925926,,,,,,,,,,,,,,,,,,True,Wheel-load demand is below plain concrete cracking moment; fiber residual capacity provides additional reserve.,one complete CE 519 pavement project,TRACI 2.1 / climate change,Global warming / climate change,kg CO2-eq,False,1592.5925925925926,1217.6244034814815,3225.0,1592.5925925925926,2150.0,0.0,10.9,17359.25925925926,7874.027548851852,0.6725721784776904,19.783402429809907,19.783402429809907,236.01821611787162,19.339370575837112,255.35758669370873,0.0,2169.0452755905512,42534.315224091304,63801.47283613695,0.0,0.0,0.0,0.0,108504.83333581881,565370.3703703703,10750.0,0.0,24252.004850463705,18445.8216670892,4777.777777777777,4837.5,0.0,628433.474665701,400,650.0,0.6153846153846154,61.53846153846154,10.9,28.8,75.6,1.0,75.6,400,Fiber dosage is calculated in Module 2; total fiber mass is calculated in Module 4 LCA.
FRC,6,8,,,19.0,9.5,100.0,#57 stone,120.0,34.3413966568967,5.499039842323396,5.201089693986001,308.87997496461526,39.536636795470756,,,,,,83.2,0.411839966619487,0.4751999614840235,,,45000.0,41000.0,86000.0,2123.456790123457,1592.5925925925926,,,,,,,,,,,,,,,,,,True,Wheel-load demand is below plain concrete cracking moment; fiber residual capacity provides additional reserve.,one complete CE 519 pavement project,TRACI 2.1 / climate change,Global warming / climate change,kg CO2-eq,False,2123.456790123457,1623.4992046419754,4300.0,1592.5925925925926,2150.0,0.0,3.0,6370.37037037037,2889.5513940740743,0.6725721784776904,19.783402429809907,19.783402429809907,236.01821611787162,19.339370575837112,255.35758669370873,0.0,2892.0603674540685,42534.315224091304,85068.63044818261,0.0,0.0,0.0,0.0,130495.00603972797,753827.1604938272,10750.0,0.0,8899.818293748149,22184.151026753756,6370.37037037037,6450.0,0.0,808481.5001846994,100,650.0,0.15384615384615385,15.384615384615385,3.0,12.8,96.0,1.0,96.0,100,Fiber dosage is calculated in Module 2; total fiber mass is calculated in Module 4 LCA.
FRC,6,8,,,19.0,9.5,100.0,#57 stone,120.0,34.3413966568967,5.499039842323396,5.201089693986001,308.87997496461526,39.536636795470756,,,,,,83.2,0.38609996870576907,0.4751999614840235,,,45000.0,41000.0,86000.0,2123.456790123457,1592.5925925925926,,,,,,,,,,,,,,,,,,True,Wheel-load demand is below plain concrete cracking moment; fiber residual capacity provides additional reserve.,one complete CE 519 pavement project,TRACI 2.1 / climate change,Global warming / climate change,kg CO2-eq,False,2123.456790123457,1623.4992046419754,4300.0,1592.5925925925926,2150.0,0.0,3.4,7219.753086419753,3274.824913283951,0.6725721784776904,19.783402429809907,19.783402429809907,236.01821611787162,19.339370575837112,255.35758669370873,0.0,2892.0603674540685,42534.315224091304,85068.63044818261,0.0,0.0,0.0,0.0,130495.00603972797,753827.1604938272,10750.0,0.0,10086.46073291457,22184.151026753756,6370.37037037037,6450.0,0.0,809668.1426238659,150,650.0,0.23076923076923078,23.076923076923077,3.4,19.2,102.4,1.0,102.4,150,Fiber dosage is calculated in Module 2; total fiber mass is calculated in Module 4 LCA.
FRC,6,8,,,19.0,9.5,100.0,#57 stone,120.0,34.3413966568967,5.499039842323396,5.201089693986001,308.87997496461526,39.536636795470756,,,,,,83.2,0.36338820584072384,0.4751999614840235,,,45000.0,41000.0,86000.0,2123.456790123457,1592.5925925925926,,,,,,,,,,,,,,,,,,True,Wheel-load demand is below plain concrete cracking moment; fiber residual capacity provides additional reserve.,one complete CE 519 pavement project,TRACI 2.1 / climate change,Global warming / climate change,kg CO2-eq,False,2123.456790123457,1623.4992046419754,4300.0,1592.5925925925926,2150.0,0.0,4.9,10404.938271604939,4719.600610320988,0.6725721784776904,19.783402429809907,19.783402429809907,236.01821611787162,19.339370575837112,255.35758669370873,0.0,2892.0603674540685,42534.315224091304,85068.63044818261,0.0,0.0,0.0,0.0,130495.00603972797,753827.1604938272,10750.0,0.0,14536.369879788645,22184.151026753756,6370.37037037037,6450.0,0.0,814118.0517707398,200,650.0,0.3076923076923077,30.76923076923077,4.9,25.6,108.80000000000001,1.0,108.80000000000001,200,Fiber dosage is calculated in Module 2; total fiber mass is calculated in Module 4 LCA.
FRC,6,8,,,19.0,9.5,100.0,#57 stone,120.0,34.3413966568967,5.499039842323396,5.201089693986001,308.87997496461526,39.536636795470756,,,,,,83.2,0.3431999721829059,0.4751999614840235,,,45000.0,41000.0,86000.0,2123.456790123457,1592.5925925925926,,,,,,,,,,,,,,,,,,True,Wheel-load demand is below plain concrete cracking moment; fiber residual capacity provides additional reserve.,one complete CE 519 pavement project,TRACI 2.1 / climate change,Global warming / climate change,kg CO2-eq,False,2123.456790123457,1623.4992046419754,4300.0,1592.5925925925926,2150.0,0.0,6.4,13590.123456790125,6164.376307358026,0.6725721784776904,19.783402429809907,19.783402429809907,236.01821611787162,19.339370575837112,255.35758669370873,0.0,2892.0603674540685,42534.315224091304,85068.63044818261,0.0,0.0,0.0,0.0,130495.00603972797,753827.1604938272,10750.0,0.0,18986.27902666272,22184.151026753756,6370.37037037037,6450.0,0.0,818567.9609176139,250,650.0,0.38461538461538464,38.46153846153847,6.4,32.0,115.2,1.0,115.2,250,Fiber dosage is calculated in Module 2; total fiber mass is calculated in Module 4 LCA.
FRC,6,8,,,19.0,9.5,100.0,#57 stone,120.0,34.3413966568967,5.499039842323396,5.201089693986001,308.87997496461526,39.536636795470756,,,,,,83.2,0.32513681575222664,0.4751999614840235,,,45000.0,41000.0,86000.0,2123.456790123457,1592.5925925925926,,,,,,,,,,,,,,,,,,True,Wheel-load demand is below plain concrete cracking moment; fiber residual capacity provides additional reserve.,one complete CE 519 pavement project,TRACI 2.1 / climate change,Global warming / climate change,kg CO2-eq,False,2123.456790123457,1623.4992046419754,4300.0,1592.5925925925926,2150.0,0.0,7.9,16775.30864197531,7609.152004395062,0.6725721784776904,19.783402429809907,19.783402429809907,236.01821611787162,19.339370575837112,255.35758669370873,0.0,2892.0603674540685,42534.315224091304,85068.63044818261,0.0,0.0,0.0,0.0,130495.00603972797,753827.1604938272,10750.0,0.0,23436.188173536793,22184.151026753756,6370.37037037037,6450.0,0.0,823017.870064488,300,650.0,0.46153846153846156,46.15384615384615,7.9,38.4,121.6,1.0,121.6,300,Fiber dosage is calculated in Module 2; total fiber mass is calculated in Module 4 LCA.
FRC,6,8,,,19.0,9.5,100.0,#57 stone,120.0,34.3413966568967,5.499039842323396,5.201089693986001,308.87997496461526,39.536636795470756,,,,,,83.2,0.3088799749646153,0.4751999614840235,,,45000.0,41000.0,86000.0,2123.456790123457,1592.5925925925926,,,,,,,,,,,,,,,,,,True,Wheel-load demand is below plain concrete cracking moment; fiber residual capacity provides additional reserve.,one complete CE 519 pavement project,TRACI 2.1 / climate change,Global warming / climate change,kg CO2-eq,False,2123.456790123457,1623.4992046419754,4300.0,1592.5925925925926,2150.0,0.0,9.4,19960.493827160495,9053.9277014321,0.6725721784776904,19.783402429809907,19.783402429809907,236.01821611787162,19.339370575837112,255.35758669370873,0.0,2892.0603674540685,42534.315224091304,85068.63044818261,0.0,0.0,0.0,0.0,130495.00603972797,753827.1604938272,10750.0,0.0,27886.097320410867,22184.151026753756,6370.37037037037,6450.0,0.0,827467.7792113621,350,650.0,0.5384615384615384,53.84615384615385,9.4,44.8,128.0,1.0,128.0,350,Fiber dosage is calculated in Module 2; total fiber mass is calculated in Module 4 LCA.
FRC,6,8,,,19.0,9.5,100.0,#57 stone,120.0,34.3413966568967,5.499039842323396,5.201089693986001,308.87997496461526,39.536636795470756,,,,,,83.2,0.294171404728205,0.4751999614840235,,,45000.0,41000.0,86000.0,2123.456790123457,1592.5925925925926,,,,,,,,,,,,,,,,,,True,Wheel-load demand is below plain concrete cracking moment; fiber residual capacity provides additional reserve.,one complete CE 519 pavement project,TRACI 2.1 / climate change,Global warming / climate change,kg CO2-eq,False,2123.456790123457,1623.4992046419754,4300.0,1592.5925925925926,2150.0,0.0,10.9,23145.67901234568,10498.703398469137,0.6725721784776904,19.783402429809907,19.783402429809907,236.01821611787162,19.339370575837112,255.35758669370873,0.0,2892.0603674540685,42534.315224091304,85068.63044818261,0.0,0.0,0.0,0.0,130495.00603972797,753827.1604938272,10750.0,0.0,32336.006467284944,22184.151026753756,6370.37037037037,6450.0,0.0,831917.6883582362,400,650.0,0.6153846153846154,61.53846153846154,10.9,51.2,134.4,1.0,134.4,400,Fiber dosage is calculated in Module 2; total fiber mass is calculated in Module 4 LCA.
FRC,6,10,,,19.0,9.5,100.0,#57 stone,120.0,40.59760966213721,5.499039842323396,5.431260308356283,209.39372242415251,41.878744484830506,,,,,,130.0,0.27919162989887003,0.32214418834485004,,,45000.0,41000.0,86000.0,2654.320987654321,1592.5925925925926,,,,,,,,,,,,,,,,,,True,Wheel-load demand is below plain concrete cracking moment; fiber residual capacity provides additional reserve.,one complete CE 519 pavement project,TRACI 2.1 / climate change,Global warming / climate change,kg CO2-eq,False,2654.320987654321,2029.3740058024691,5375.0,1592.5925925925926,2150.0,0.0,3.0,7962.9629629629635,3611.939242592593,0.6725721784776904,19.783402429809907,19.783402429809907,236.01821611787162,19.339370575837112,255.35758669370873,0.0,3615.0754593175857,42534.315224091304,106335.78806022825,0.0,0.0,0.0,0.0,152485.17874363714,942283.9506172839,10750.0,0.0,11124.772867185187,25922.480386418316,7962.9629629629635,8062.5,0.0,1006106.6668338503,100,650.0,0.15384615384615385,15.384615384615385,3.0,20.0,150.0,1.0,150.0,100,Fiber dosage is calculated in Module 2; total fiber mass is calculated in Module 4 LCA.
FRC,6,10,,,19.0,9.5,100.0,#57 stone,120.0,40.59760966213721,5.499039842323396,5.431260308356283,209.39372242415251,41.878744484830506,,,,,,130.0,0.26174215303019066,0.32214418834485004,,,45000.0,41000.0,86000.0,2654.320987654321,1592.5925925925926,,,,,,,,,,,,,,,,,,True,Wheel-load demand is below plain concrete cracking moment; fiber residual capacity provides additional reserve.,one complete CE 519 pavement project,TRACI 2.1 / climate change,Global warming / climate change,kg CO2-eq,False,2654.320987654321,2029.3740058024691,5375.0,1592.5925925925926,2150.0,0.0,3.4,9024.691358024691,4093.5311416049385,0.6725721784776904,19.783402429809907,19.783402429809907,236.01821611787162,19.339370575837112,255.35758669370873,0.0,3615.0754593175857,42534.315224091304,106335.78806022825,0.0,0.0,0.0,0.0,152485.17874363714,942283.9506172839,10750.0,0.0,12608.07591614321,25922.480386418316,7962.9629629629635,8062.5,0.0,1007589.9698828084,150,650.0,0.23076923076923078,23.076923076923077,3.4,30.0,160.0,1.0,160.0,150,Fiber dosage is calculated in Module 2; total fiber mass is calculated in Module 4 LCA.
FRC,6,10,,,19.0,9.5,100.0,#57 stone,120.0,40.59760966213721,5.499039842323396,5.431260308356283,209.39372242415251,41.878744484830506,,,,,,130.0,0.24634555579312062,0.32214418834485004,,,45000.0,41000.0,86000.0,2654.320987654321,1592.5925925925926,,,,,,,,,,,,,,,,,,True,Wheel-load demand is below plain concrete cracking moment; fiber residual capacity provides additional reserve.,one complete CE 519 pavement project,TRACI 2.1 / climate change,Global warming / climate change,kg CO2-eq,False,2654.320987654321,2029.3740058024691,5375.0,1592.5925925925926,2150.0,0.0,4.9,13006.172839506175,5899.500762901235,0.6725721784776904,19.783402429809907,19.783402429809907,236.01821611787162,19.339370575837112,255.35758669370873,0.0,3615.0754593175857,42534.315224091304,106335.78806022825,0.0,0.0,0.0,0.0,152485.17874363714,942283.9506172839,10750.0,0.0,18170.462349735804,25922.480386418316,7962.9629629629635,8062.5,0.0,1013152.3563164009,200,650.0,0.3076923076923077,30.76923076923077,4.9,40.0,170.0,1.0,170.0,200,Fiber dosage is calculated in Module 2; total fiber mass is calculated in Module 4 LCA.
FRC,6,10,,,19.0,9.5,100.0,#57 stone,120.0,40.59760966213721,5.499039842323396,5.431260308356283,209.39372242415251,41.878744484830506,,,,,,130.0,0.2326596915823917,0.32214418834485004,,,45000.0,41000.0,86000.0,2654.320987654321,1592.5925925925926,,,,,,,,,,,,,,,,,,True,Wheel-load demand is below plain concrete cracking moment; fiber residual capacity provides additional reserve.,one complete CE 519 pavement project,TRACI 2.1 / climate change,Global warming / climate change,kg CO2-eq,False,2654.320987654321,2029.3740058024691,5375.0,1592.5925925925926,2150.0,0.0,6.4,16987.654320987655,7705.4703841975315,0.6725721784776904,19.783402429809907,19.783402429809907,236.01821611787162,19.339370575837112,255.35758669370873,0.0,3615.0754593175857,42534.315224091304,106335.78806022825,0.0,0.0,0.0,0.0,152485.17874363714,942283.9506172839,10750.0,0.0,23732.848783328398,25922.480386418316,7962.9629629629635,8062.5,0.0,1018714.7427499936,250,650.0,0.38461538461538464,38.46153846153847,6.4,50.0,180.0,1.0,180.0,250,Fiber dosage is calculated in Module 2; total fiber mass is calculated in Module 4 LCA.
FRC,6,10,,,19.0,9.5,100.0,#57 stone,120.0,40.59760966213721,5.499039842323396,5.431260308356283,209.39372242415251,41.878744484830506,,,,,,130.0,0.22041444465700266,0.32214418834485004,,,45000.0,41000.0,86000.0,2654.320987654321,1592.5925925925926,,,,,,,,,,,,,,,,,,True,Wheel-load demand is below plain concrete cracking moment; fiber residual capacity provides additional reserve.,one complete CE 519 pavement project,TRACI 2.1 / climate change,Global warming / climate change,kg CO2-eq,False,2654.320987654321,2029.3740058024691,5375.0,1592.5925925925926,2150.0,0.0,7.9,20969.135802469136,9511.440005493829,0.6725721784776904,19.783402429809907,19.783402429809907,236.01821611787162,19.339370575837112,255.35758669370873,0.0,3615.0754593175857,42534.315224091304,106335.78806022825,0.0,0.0,0.0,0.0,152485.17874363714,942283.9506172839,10750.0,0.0,29295.23521692099,25922.480386418316,7962.9629629629635,8062.5,0.0,1024277.1291835861,300,650.0,0.46153846153846156,46.15384615384615,7.9,60.0,190.0,1.0,190.0,300,Fiber dosage is calculated in Module 2; total fiber mass is calculated in Module 4 LCA.
FRC,6,10,,,19.0,9.5,100.0,#57 stone,120.0,40.59760966213721,5.499039842323396,5.431260308356283,209.39372242415251,41.878744484830506,,,,,,130.0,0.20939372242415252,0.32214418834485004,,,45000.0,41000.0,86000.0,2654.320987654321,1592.5925925925926,,,,,,,,,,,,,,,,,,True,Wheel-load demand is below plain concrete cracking moment; fiber residual capacity provides additional reserve.,one complete CE 519 pavement project,TRACI 2.1 / climate change,Global warming / climate change,kg CO2-eq,False,2654.320987654321,2029.3740058024691,5375.0,1592.5925925925926,2150.0,0.0,9.4,24950.617283950618,11317.409626790124,0.6725721784776904,19.783402429809907,19.783402429809907,236.01821611787162,19.339370575837112,255.35758669370873,0.0,3615.0754593175857,42534.315224091304,106335.78806022825,0.0,0.0,0.0,0.0,152485.17874363714,942283.9506172839,10750.0,0.0,34857.62165051358,25922.480386418316,7962.9629629629635,8062.5,0.0,1029839.5156171788,350,650.0,0.5384615384615384,53.84615384615385,9.4,70.0,200.0,1.0,200.0,350,Fiber dosage is calculated in Module 2; total fiber mass is calculated in Module 4 LCA.
FRC,6,10,,,19.0,9.5,100.0,#57 stone,120.0,40.59760966213721,5.499039842323396,5.431260308356283,209.39372242415251,41.878744484830506,,,,,,130.0,0.19942259278490718,0.32214418834485004,,,45000.0,41000.0,86000.0,2654.320987654321,1592.5925925925926,,,,,,,,,,,,,,,,,,True,Wheel-load demand is below plain concrete cracking moment; fiber residual capacity provides additional reserve.,one complete CE 519 pavement project,TRACI 2.1 / climate change,Global warming / climate change,kg CO2-eq,False,2654.320987654321,2029.3740058024691,5375.0,1592.5925925925926,2150.0,0.0,10.9,28932.0987654321,13123.379248086421,0.6725721784776904,19.783402429809907,19.783402429809907,236.01821611787162,19.339370575837112,255.35758669370873,0.0,3615.0754593175857,42534.315224091304,106335.78806022825,0.0,0.0,0.0,0.0,152485.17874363714,942283.9506172839,10750.0,0.0,40420.00808410618,25922.480386418316,7962.9629629629635,8062.5,0.0,1035401.9020507713,400,650.0,0.6153846153846154,61.53846153846154,10.9,80.0,210.0,1.0,210.0,400,Fiber dosage is calculated in Module 2; total fiber mass is calculated in Module 4 LCA.
FRC,6,12,,,19.0,9.5,100.0,#57 stone,120.0,46.546432238898426,5.499039842323396,5.77022359949313,150.4076490927939,43.31740293872463,,,,,,187.2,0.20054353212372517,0.2313963832196829,,,45000.0,41000.0,86000.0,3185.185185185185,1592.5925925925926,,,,,,,,,,,,,,,,,,True,Wheel-load demand is below plain concrete cracking moment; fiber residual capacity provides additional reserve.,one complete CE 519 pavement project,TRACI 2.1 / climate change,Global warming / climate change,kg CO2-eq,False,3185.185185185185,2435.248806962963,6450.0,1592.5925925925926,2150.0,0.0,3.0,9555.555555555555,4334.327091111111,0.6725721784776904,19.783402429809907,19.783402429809907,236.01821611787162,19.339370575837112,255.35758669370873,0.0,4338.0905511811025,42534.315224091304,127602.9456722739,0.0,0.0,0.0,0.0,174475.3514475463,1130740.7407407407,10750.0,0.0,13349.727440622222,29660.809746082872,9555.555555555555,9675.0,0.0,1203731.8334830012,100,650.0,0.15384615384615385,15.384615384615385,3.0,28.8,216.0,1.0,216.0,100,Fiber dosage is calculated in Module 2; total fiber mass is calculated in Module 4 LCA.
FRC,6,12,,,19.0,9.5,100.0,#57 stone,120.0,46.546432238898426,5.499039842323396,5.77022359949313,150.4076490927939,43.31740293872463,,,,,,187.2,0.18800956136599234,0.2313963832196829,,,45000.0,41000.0,86000.0,3185.185185185185,1592.5925925925926,,,,,,,,,,,,,,,,,,True,Wheel-load demand is below plain concrete cracking moment; fiber residual capacity provides additional reserve.,one complete CE 519 pavement project,TRACI 2.1 / climate change,Global warming / climate change,kg CO2-eq,False,3185.185185185185,2435.248806962963,6450.0,1592.5925925925926,2150.0,0.0,3.4,10829.62962962963,4912.237369925926,0.6725721784776904,19.783402429809907,19.783402429809907,236.01821611787162,19.339370575837112,255.35758669370873,0.0,4338.0905511811025,42534.315224091304,127602.9456722739,0.0,0.0,0.0,0.0,174475.3514475463,1130740.7407407407,10750.0,0.0,15129.691099371852,29660.809746082872,9555.555555555555,9675.0,0.0,1205511.7971417508,150,650.0,0.23076923076923078,23.076923076923077,3.4,43.2,230.39999999999998,1.0,230.39999999999998,150,Fiber dosage is calculated in Module 2; total fiber mass is calculated in Module 4 LCA.
FRC,6,12,,,19.0,9.5,100.0,#57 stone,120.0,46.546432238898426,5.499039842323396,5.77022359949313,150.4076490927939,43.31740293872463,,,,,,187.2,0.17695017540328692,0.2313963832196829,,,45000.0,41000.0,86000.0,3185.185185185185,1592.5925925925926,,,,,,,,,,,,,,,,,,True,Wheel-load demand is below plain concrete cracking moment; fiber residual capacity provides additional reserve.,one complete CE 519 pavement project,TRACI 2.1 / climate change,Global warming / climate change,kg CO2-eq,False,3185.185185185185,2435.248806962963,6450.0,1592.5925925925926,2150.0,0.0,4.9,15607.407407407409,7079.400915481482,0.6725721784776904,19.783402429809907,19.783402429809907,236.01821611787162,19.339370575837112,255.35758669370873,0.0,4338.0905511811025,42534.315224091304,127602.9456722739,0.0,0.0,0.0,0.0,174475.3514475463,1130740.7407407407,10750.0,0.0,21804.554819682966,29660.809746082872,9555.555555555555,9675.0,0.0,1212186.6608620621,200,650.0,0.3076923076923077,30.76923076923077,4.9,57.6,244.79999999999998,1.0,244.79999999999998,200,Fiber dosage is calculated in Module 2; total fiber mass is calculated in Module 4 LCA.
FRC,6,12,,,19.0,9.5,100.0,#57 stone,120.0,46.546432238898426,5.499039842323396,5.77022359949313,150.4076490927939,43.31740293872463,,,,,,187.2,0.1671196101031043,0.2313963832196829,,,45000.0,41000.0,86000.0,3185.185185185185,1592.5925925925926,,,,,,,,,,,,,,,,,,True,Wheel-load demand is below plain concrete cracking moment; fiber residual capacity provides additional reserve.,one complete CE 519 pavement project,TRACI 2.1 / climate change,Global warming / climate change,kg CO2-eq,False,3185.185185185185,2435.248806962963,6450.0,1592.5925925925926,2150.0,0.0,6.4,20385.185185185186,9246.564461037038,0.6725721784776904,19.783402429809907,19.783402429809907,236.01821611787162,19.339370575837112,255.35758669370873,0.0,4338.0905511811025,42534.315224091304,127602.9456722739,0.0,0.0,0.0,0.0,174475.3514475463,1130740.7407407407,10750.0,0.0,28479.41853999408,29660.809746082872,9555.555555555555,9675.0,0.0,1218861.5245823732,250,650.0,0.38461538461538464,38.46153846153847,6.4,72.0,259.2,1.0,259.2,250,Fiber dosage is calculated in Module 2; total fiber mass is calculated in Module 4 LCA.
FRC,6,12,,,19.0,9.5,100.0,#57 stone,120.0,46.546432238898426,5.499039842323396,5.77022359949313,150.4076490927939,43.31740293872463,,,,,,187.2,0.1583238411503093,0.2313963832196829,,,45000.0,41000.0,86000.0,3185.185185185185,1592.5925925925926,,,,,,,,,,,,,,,,,,True,Wheel-load demand is below plain concrete cracking moment; fiber residual capacity provides additional reserve.,one complete CE 519 pavement project,TRACI 2.1 / climate change,Global warming / climate change,kg CO2-eq,False,3185.185185185185,2435.248806962963,6450.0,1592.5925925925926,2150.0,0.0,7.9,25162.962962962964,11413.728006592593,0.6725721784776904,19.783402429809907,19.783402429809907,236.01821611787162,19.339370575837112,255.35758669370873,0.0,4338.0905511811025,42534.315224091304,127602.9456722739,0.0,0.0,0.0,0.0,174475.3514475463,1130740.7407407407,10750.0,0.0,35154.28226030519,29660.809746082872,9555.555555555555,9675.0,0.0,1225536.3883026843,300,650.0,0.46153846153846156,46.15384615384615,7.9,86.4,273.6,1.0,273.6,300,Fiber dosage is calculated in Module 2; total fiber mass is calculated in Module 4 LCA.
FRC,6,12,,,19.0,9.5,100.0,#57 stone,120.0,46.546432238898426,5.499039842323396,5.77022359949313,150.4076490927939,43.31740293872463,,,,,,187.2,0.15040764909279386,0.2313963832196829,,,45000.0,41000.0,86000.0,3185.185185185185,1592.5925925925926,,,,,,,,,,,,,,,,,,True,Wheel-load demand is below plain concrete cracking moment; fiber residual capacity provides additional reserve.,one complete CE 519 pavement project,TRACI 2.1 / climate change,Global warming / climate change,kg CO2-eq,False,3185.185185185185,2435.248806962963,6450.0,1592.5925925925926,2150.0,0.0,9.4,29940.74074074074,13580.891552148149,0.6725721784776904,19.783402429809907,19.783402429809907,236.01821611787162,19.339370575837112,255.35758669370873,0.0,4338.0905511811025,42534.315224091304,127602.9456722739,0.0,0.0,0.0,0.0,174475.3514475463,1130740.7407407407,10750.0,0.0,41829.1459806163,29660.809746082872,9555.555555555555,9675.0,0.0,1232211.2520229954,350,650.0,0.5384615384615384,53.84615384615385,9.4,100.8,288.0,1.0,288.0,350,Fiber dosage is calculated in Module 2; total fiber mass is calculated in Module 4 LCA.
FRC,6,12,,,19.0,9.5,100.0,#57 stone,120.0,46.546432238898426,5.499039842323396,5.77022359949313,150.4076490927939,43.31740293872463,,,,,,187.2,0.14324538008837512,0.2313963832196829,,,45000.0,41000.0,86000.0,3185.185185185185,1592.5925925925926,,,,,,,,,,,,,,,,,,True,Wheel-load demand is below plain concrete cracking moment; fiber residual capacity provides additional reserve.,one complete CE 519 pavement project,TRACI 2.1 / climate change,Global warming / climate change,kg CO2-eq,False,3185.185185185185,2435.248806962963,6450.0,1592.5925925925926,2150.0,0.0,10.9,34718.51851851852,15748.055097703704,0.6725721784776904,19.783402429809907,19.783402429809907,236.01821611787162,19.339370575837112,255.35758669370873,0.0,4338.0905511811025,42534.315224091304,127602.9456722739,0.0,0.0,0.0,0.0,174475.3514475463,1130740.7407407407,10750.0,0.0,48504.00970092741,29660.809746082872,9555.555555555555,9675.0,0.0,1238886.1157433065,400,650.0,0.6153846153846154,61.53846153846154,10.9,115.2,302.4,1.0,302.4,400,Fiber dosage is calculated in Module 2; total fiber mass is calculated in Module 4 LCA.
FRC,8,6,,,19.0,9.5,100.0,#57 stone,130.0,27.12834968194135,5.499039842323396,5.136027579968186,490.59723490824183,35.323000913393415,,,,,,46.8,0.6541296465443225,0.7547649767819106,,,45000.0,41000.0,86000.0,1592.5925925925926,2123.456790123457,,,,,,,,,,,,,,,,,,True,Wheel-load demand is below plain concrete cracking moment; fiber residual capacity provides additional reserve.,one complete CE 519 pavement project,TRACI 2.1 / climate change,Global warming / climate change,kg CO2-eq,False,1592.5925925925926,1217.6244034814815,3225.0,2123.456790123457,2866.666666666667,0.0,3.0,4777.777777777777,2167.1635455555556,0.6725721784776904,19.783402429809907,19.783402429809907,236.01821611787162,19.339370575837112,255.35758669370873,0.0,2169.0452755905512,56712.420298788405,63801.47283613695,0.0,0.0,0.0,0.0,122682.9384105159,565370.3703703703,14333.333333333336,0.0,6674.863720311111,20856.099529787705,4777.777777777777,4837.5,0.0,616849.9447315802,100,650.0,0.15384615384615385,15.384615384615385,3.0,7.2,54.0,1.0,54.0,100,Fiber dosage is calculated in Module 2; total fiber mass is calculated in Module 4 LCA.
FRC,8,6,,,19.0,9.5,100.0,#57 stone,130.0,27.12834968194135,5.499039842323396,5.136027579968186,490.59723490824183,35.323000913393415,,,,,,46.8,0.6132465436353024,0.7547649767819106,,,45000.0,41000.0,86000.0,1592.5925925925926,2123.456790123457,,,,,,,,,,,,,,,,,,True,Wheel-load demand is below plain concrete cracking moment; fiber residual capacity provides additional reserve.,one complete CE 519 pavement project,TRACI 2.1 / climate change,Global warming / climate change,kg CO2-eq,False,1592.5925925925926,1217.6244034814815,3225.0,2123.456790123457,2866.666666666667,0.0,3.4,5414.814814814815,2456.118684962963,0.6725721784776904,19.783402429809907,19.783402429809907,236.01821611787162,19.339370575837112,255.35758669370873,0.0,2169.0452755905512,56712.420298788405,63801.47283613695,0.0,0.0,0.0,0.0,122682.9384105159,565370.3703703703,14333.333333333336,0.0,7564.845549685926,20856.099529787705,4777.777777777777,4837.5,0.0,617739.926560955,150,650.0,0.23076923076923078,23.076923076923077,3.4,10.8,57.599999999999994,1.0,57.599999999999994,150,Fiber dosage is calculated in Module 2; total fiber mass is calculated in Module 4 LCA.
FRC,8,6,,,19.0,9.5,100.0,#57 stone,130.0,27.12834968194135,5.499039842323396,5.136027579968186,490.59723490824183,35.323000913393415,,,,,,46.8,0.5771732175391081,0.7547649767819106,,,45000.0,41000.0,86000.0,1592.5925925925926,2123.456790123457,,,,,,,,,,,,,,,,,,True,Wheel-load demand is below plain concrete cracking moment; fiber residual capacity provides additional reserve.,one complete CE 519 pavement project,TRACI 2.1 / climate change,Global warming / climate change,kg CO2-eq,False,1592.5925925925926,1217.6244034814815,3225.0,2123.456790123457,2866.666666666667,0.0,4.9,7803.703703703704,3539.700457740741,0.6725721784776904,19.783402429809907,19.783402429809907,236.01821611787162,19.339370575837112,255.35758669370873,0.0,2169.0452755905512,56712.420298788405,63801.47283613695,0.0,0.0,0.0,0.0,122682.9384105159,565370.3703703703,14333.333333333336,0.0,10902.277409841483,20856.099529787705,4777.777777777777,4837.5,0.0,621077.3584211107,200,650.0,0.3076923076923077,30.76923076923077,4.9,14.4,61.199999999999996,1.0,61.199999999999996,200,Fiber dosage is calculated in Module 2; total fiber mass is calculated in Module 4 LCA.
FRC,8,6,,,19.0,9.5,100.0,#57 stone,130.0,27.12834968194135,5.499039842323396,5.136027579968186,490.59723490824183,35.323000913393415,,,,,,46.8,0.5451080387869355,0.7547649767819106,,,45000.0,41000.0,86000.0,1592.5925925925926,2123.456790123457,,,,,,,,,,,,,,,,,,True,Wheel-load demand is below plain concrete cracking moment; fiber residual capacity provides additional reserve.,one complete CE 519 pavement project,TRACI 2.1 / climate change,Global warming / climate change,kg CO2-eq,False,1592.5925925925926,1217.6244034814815,3225.0,2123.456790123457,2866.666666666667,0.0,6.4,10192.592592592593,4623.282230518519,0.6725721784776904,19.783402429809907,19.783402429809907,236.01821611787162,19.339370575837112,255.35758669370873,0.0,2169.0452755905512,56712.420298788405,63801.47283613695,0.0,0.0,0.0,0.0,122682.9384105159,565370.3703703703,14333.333333333336,0.0,14239.70926999704,20856.099529787705,4777.777777777777,4837.5,0.0,624414.7902812662,250,650.0,0.38461538461538464,38.46153846153847,6.4,18.0,64.8,1.0,64.8,250,Fiber dosage is calculated in Module 2; total fiber mass is calculated in Module 4 LCA.
FRC,8,6,,,19.0,9.5,100.0,#57 stone,130.0,27.12834968194135,5.499039842323396,5.136027579968186,490.59723490824183,35.323000913393415,,,,,,46.8,0.5164181420086756,0.7547649767819106,,,45000.0,41000.0,86000.0,1592.5925925925926,2123.456790123457,,,,,,,,,,,,,,,,,,True,Wheel-load demand is below plain concrete cracking moment; fiber residual capacity provides additional reserve.,one complete CE 519 pavement project,TRACI 2.1 / climate change,Global warming / climate change,kg CO2-eq,False,1592.5925925925926,1217.6244034814815,3225.0,2123.456790123457,2866.666666666667,0.0,7.9,12581.481481481482,5706.864003296297,0.6725721784776904,19.783402429809907,19.783402429809907,236.01821611787162,19.339370575837112,255.35758669370873,0.0,2169.0452755905512,56712.420298788405,63801.47283613695,0.0,0.0,0.0,0.0,122682.9384105159,565370.3703703703,14333.333333333336,0.0,17577.141130152595,20856.099529787705,4777.777777777777,4837.5,0.0,627752.2221414217,300,650.0,0.46153846153846156,46.15384615384615,7.9,21.6,68.4,1.0,68.4,300,Fiber dosage is calculated in Module 2; total fiber mass is calculated in Module 4 LCA.
FRC,8,6,,,19.0,9.5,100.0,#57 stone,130.0,27.12834968194135,5.499039842323396,5.136027579968186,490.59723490824183,35.323000913393415,,,,,,46.8,0.49059723490824186,0.7547649767819106,,,45000.0,41000.0,86000.0,1592.5925925925926,2123.456790123457,,,,,,,,,,,,,,,,,,True,Wheel-load demand is below plain concrete cracking moment; fiber residual capacity provides additional reserve.,one complete CE 519 pavement project,TRACI 2.1 / climate change,Global warming / climate change,kg CO2-eq,False,1592.5925925925926,1217.6244034814815,3225.0,2123.456790123457,2866.666666666667,0.0,9.4,14970.37037037037,6790.445776074074,0.6725721784776904,19.783402429809907,19.783402429809907,236.01821611787162,19.339370575837112,255.35758669370873,0.0,2169.0452755905512,56712.420298788405,63801.47283613695,0.0,0.0,0.0,0.0,122682.9384105159,565370.3703703703,14333.333333333336,0.0,20914.57299030815,20856.099529787705,4777.777777777777,4837.5,0.0,631089.6540015773,350,650.0,0.5384615384615384,53.84615384615385,9.4,25.2,72.0,1.0,72.0,350,Fiber dosage is calculated in Module 2; total fiber mass is calculated in Module 4 LCA.
FRC,8,6,,,19.0,9.5,100.0,#57 stone,130.0,27.12834968194135,5.499039842323396,5.136027579968186,490.59723490824183,35.323000913393415,,,,,,46.8,0.46723546181737324,0.7547649767819106,,,45000.0,41000.0,86000.0,1592.5925925925926,2123.456790123457,,,,,,,,,,,,,,,,,,True,Wheel-load demand is below plain concrete cracking moment; fiber residual capacity provides additional reserve.,one complete CE 519 pavement project,TRACI 2.1 / climate change,Global warming / climate change,kg CO2-eq,False,1592.5925925925926,1217.6244034814815,3225.0,2123.456790123457,2866.666666666667,0.0,10.9,17359.25925925926,7874.027548851852,0.6725721784776904,19.783402429809907,19.783402429809907,236.01821611787162,19.339370575837112,255.35758669370873,0.0,2169.0452755905512,56712.420298788405,63801.47283613695,0.0,0.0,0.0,0.0,122682.9384105159,565370.3703703703,14333.333333333336,0.0,24252.004850463705,20856.099529787705,4777.777777777777,4837.5,0.0,634427.0858617328,400,650.0,0.6153846153846154,61.53846153846154,10.9,28.8,75.6,1.0,75.6,400,Fiber dosage is calculated in Module 2; total fiber mass is calculated in Module 4 LCA.
FRC,8,8,,,19.0,9.5,100.0,#57 stone,130.0,33.66103204458069,5.499039842323396,5.201089693986001,305.92845488004406,39.15884222464564,,,,,,83.2,0.4079046065067254,0.4706591613539139,,,45000.0,41000.0,86000.0,2123.456790123457,2123.456790123457,,,,,,,,,,,,,,,,,,True,Wheel-load demand is below plain concrete cracking moment; fiber residual capacity provides additional reserve.,one complete CE 519 pavement project,TRACI 2.1 / climate change,Global warming / climate change,kg CO2-eq,False,2123.456790123457,1623.4992046419754,4300.0,2123.456790123457,2866.666666666667,0.0,3.0,6370.37037037037,2889.5513940740743,0.6725721784776904,19.783402429809907,19.783402429809907,236.01821611787162,19.339370575837112,255.35758669370873,0.0,2892.0603674540685,56712.420298788405,85068.63044818261,0.0,0.0,0.0,0.0,144673.1111144251,753827.1604938272,14333.333333333336,0.0,8899.818293748149,24594.42888945227,6370.37037037037,6450.0,0.0,814475.1113807313,100,650.0,0.15384615384615385,15.384615384615385,3.0,12.8,96.0,1.0,96.0,100,Fiber dosage is calculated in Module 2; total fiber mass is calculated in Module 4 LCA.
FRC,8,8,,,19.0,9.5,100.0,#57 stone,130.0,33.66103204458069,5.499039842323396,5.201089693986001,305.92845488004406,39.15884222464564,,,,,,83.2,0.38241056860005507,0.4706591613539139,,,45000.0,41000.0,86000.0,2123.456790123457,2123.456790123457,,,,,,,,,,,,,,,,,,True,Wheel-load demand is below plain concrete cracking moment; fiber residual capacity provides additional reserve.,one complete CE 519 pavement project,TRACI 2.1 / climate change,Global warming / climate change,kg CO2-eq,False,2123.456790123457,1623.4992046419754,4300.0,2123.456790123457,2866.666666666667,0.0,3.4,7219.753086419753,3274.824913283951,0.6725721784776904,19.783402429809907,19.783402429809907,236.01821611787162,19.339370575837112,255.35758669370873,0.0,2892.0603674540685,56712.420298788405,85068.63044818261,0.0,0.0,0.0,0.0,144673.1111144251,753827.1604938272,14333.333333333336,0.0,10086.46073291457,24594.42888945227,6370.37037037037,6450.0,0.0,815661.7538198978,150,650.0,0.23076923076923078,23.076923076923077,3.4,19.2,102.4,1.0,102.4,150,Fiber dosage is calculated in Module 2; total fiber mass is calculated in Module 4 LCA.
FRC,8,8,,,19.0,9.5,100.0,#57 stone,130.0,33.66103204458069,5.499039842323396,5.201089693986001,305.92845488004406,39.15884222464564,,,,,,83.2,0.35991582927064003,0.4706591613539139,,,45000.0,41000.0,86000.0,2123.456790123457,2123.456790123457,,,,,,,,,,,,,,,,,,True,Wheel-load demand is below plain concrete cracking moment; fiber residual capacity provides additional reserve.,one complete CE 519 pavement project,TRACI 2.1 / climate change,Global warming / climate change,kg CO2-eq,False,2123.456790123457,1623.4992046419754,4300.0,2123.456790123457,2866.666666666667,0.0,4.9,10404.938271604939,4719.600610320988,0.6725721784776904,19.783402429809907,19.783402429809907,236.01821611787162,19.339370575837112,255.35758669370873,0.0,2892.0603674540685,56712.420298788405,85068.63044818261,0.0,0.0,0.0,0.0,144673.1111144251,753827.1604938272,14333.333333333336,0.0,14536.369879788645,24594.42888945227,6370.37037037037,6450.0,0.0,820111.6629667717,200,650.0,0.3076923076923077,30.76923076923077,4.9,25.6,108.80000000000001,1.0,108.80000000000001,200,Fiber dosage is calculated in Module 2; total fiber mass is calculated in Module 4 LCA.
FRC,8,8,,,19.0,9.5,100.0,#57 stone,130.0,33.66103204458069,5.499039842323396,5.201089693986001,305.92845488004406,39.15884222464564,,,,,,83.2,0.33992050542227115,0.4706591613539139,,,45000.0,41000.0,86000.0,2123.456790123457,2123.456790123457,,,,,,,,,,,,,,,,,,True,Wheel-load demand is below plain concrete cracking moment; fiber residual capacity provides additional reserve.,one complete CE 519 pavement project,TRACI 2.1 / climate change,Global warming / climate change,kg CO2-eq,False,2123.456790123457,1623.4992046419754,4300.0,2123.456790123457,2866.666666666667,0.0,6.4,13590.123456790125,6164.376307358026,0.6725721784776904,19.783402429809907,19.783402429809907,236.01821611787162,19.339370575837112,255.35758669370873,0.0,2892.0603674540685,56712.420298788405,85068.63044818261,0.0,0.0,0.0,0.0,144673.1111144251,753827.1604938272,14333.333333333336,0.0,18986.27902666272,24594.42888945227,6370.37037037037,6450.0,0.0,824561.5721136458,250,650.0,0.38461538461538464,38.46153846153847,6.4,32.0,115.2,1.0,115.2,250,Fiber dosage is calculated in Module 2; total fiber mass is calculated in Module 4 LCA.
FRC,8,8,,,19.0,9.5,100.0,#57 stone,130.0,33.66103204458069,5.499039842323396,5.201089693986001,305.92845488004406,39.15884222464564,,,,,,83.2,0.3220299525053095,0.4706591613539139,,,45000.0,41000.0,86000.0,2123.456790123457,2123.456790123457,,,,,,,,,,,,,,,,,,True,Wheel-load demand is below plain concrete cracking moment; fiber residual capacity provides additional reserve.,one complete CE 519 pavement project,TRACI 2.1 / climate change,Global warming / climate change,kg CO2-eq,False,2123.456790123457,1623.4992046419754,4300.0,2123.456790123457,2866.666666666667,0.0,7.9,16775.30864197531,7609.152004395062,0.6725721784776904,19.783402429809907,19.783402429809907,236.01821611787162,19.339370575837112,255.35758669370873,0.0,2892.0603674540685,56712.420298788405,85068.63044818261,0.0,0.0,0.0,0.0,144673.1111144251,753827.1604938272,14333.333333333336,0.0,23436.188173536793,24594.42888945227,6370.37037037037,6450.0,0.0,829011.4812605199,300,650.0,0.46153846153846156,46.15384615384615,7.9,38.4,121.6,1.0,121.6,300,Fiber dosage is calculated in Module 2; total fiber mass is calculated in Module 4 LCA.
FRC,8,8,,,19.0,9.5,100.0,#57 stone,130.0,33.66103204458069,5.499039842323396,5.201089693986001,305.92845488004406,39.15884222464564,,,,,,83.2,0.30592845488004405,0.4706591613539139,,,45000.0,41000.0,86000.0,2123.456790123457,2123.456790123457,,,,,,,,,,,,,,,,,,True,Wheel-load demand is below plain concrete cracking moment; fiber residual capacity provides additional reserve.,one complete CE 519 pavement project,TRACI 2.1 / climate change,Global warming / climate change,kg CO2-eq,False,2123.456790123457,1623.4992046419754,4300.0,2123.456790123457,2866.666666666667,0.0,9.4,19960.493827160495,9053.9277014321,0.6725721784776904,19.783402429809907,19.783402429809907,236.01821611787162,19.339370575837112,255.35758669370873,0.0,2892.0603674540685,56712.420298788405,85068.63044818261,0.0,0.0,0.0,0.0,144673.1111144251,753827.1604938272,14333.333333333336,0.0,27886.097320410867,24594.42888945227,6370.37037037037,6450.0,0.0,833461.390407394,350,650.0,0.5384615384615384,53.84615384615385,9.4,44.8,128.0,1.0,128.0,350,Fiber dosage is calculated in Module 2; total fiber mass is calculated in Module 4 LCA.
FRC,8,8,,,19.0,9.5,100.0,#57 stone,130.0,33.66103204458069,5.499039842323396,5.201089693986001,305.92845488004406,39.15884222464564,,,,,,83.2,0.29136043321908955,0.4706591613539139,,,45000.0,41000.0,86000.0,2123.456790123457,2123.456790123457,,,,,,,,,,,,,,,,,,True,Wheel-load demand is below plain concrete cracking moment; fiber residual capacity provides additional reserve.,one complete CE 519 pavement project,TRACI 2.1 / climate change,Global warming / climate change,kg CO2-eq,False,2123.456790123457,1623.4992046419754,4300.0,2123.456790123457,2866.666666666667,0.0,10.9,23145.67901234568,10498.703398469137,0.6725721784776904,19.783402429809907,19.783402429809907,236.01821611787162,19.339370575837112,255.35758669370873,0.0,2892.0603674540685,56712.420298788405,85068.63044818261,0.0,0.0,0.0,0.0,144673.1111144251,753827.1604938272,14333.333333333336,0.0,32336.006467284944,24594.42888945227,6370.37037037037,6450.0,0.0,837911.2995542681,400,650.0,0.6153846153846154,61.53846153846154,10.9,51.2,134.4,1.0,134.4,400,Fiber dosage is calculated in Module 2; total fiber mass is calculated in Module 4 LCA.
FRC,8,10,,,19.0,9.5,100.0,#57 stone,130.0,39.7932982581865,5.499039842323396,5.431260308356283,207.50474957002695,41.50094991400539,,,,,,130.0,0.2766729994267026,0.3192380762615799,,,45000.0,41000.0,86000.0,2654.320987654321,2123.456790123457,,,,,,,,,,,,,,,,,,True,Wheel-load demand is below plain concrete cracking moment; fiber residual capacity provides additional reserve.,one complete CE 519 pavement project,TRACI 2.1 / climate change,Global warming / climate change,kg CO2-eq,False,2654.320987654321,2029.3740058024691,5375.0,2123.456790123457,2866.666666666667,0.0,3.0,7962.9629629629635,3611.939242592593,0.6725721784776904,19.783402429809907,19.783402429809907,236.01821611787162,19.339370575837112,255.35758669370873,0.0,3615.0754593175857,56712.420298788405,106335.78806022825,0.0,0.0,0.0,0.0,166663.28381833425,942283.9506172839,14333.333333333336,0.0,11124.772867185187,28332.758249116825,7962.9629629629635,8062.5,0.0,1012100.2780298822,100,650.0,0.15384615384615385,15.384615384615385,3.0,20.0,150.0,1.0,150.0,100,Fiber dosage is calculated in Module 2; total fiber mass is calculated in Module 4 LCA.
FRC,8,10,,,19.0,9.5,100.0,#57 stone,130.0,39.7932982581865,5.499039842323396,5.431260308356283,207.50474957002695,41.50094991400539,,,,,,130.0,0.25938093696253367,0.3192380762615799,,,45000.0,41000.0,86000.0,2654.320987654321,2123.456790123457,,,,,,,,,,,,,,,,,,True,Wheel-load demand is below plain concrete cracking moment; fiber residual capacity provides additional reserve.,one complete CE 519 pavement project,TRACI 2.1 / climate change,Global warming / climate change,kg CO2-eq,False,2654.320987654321,2029.3740058024691,5375.0,2123.456790123457,2866.666666666667,0.0,3.4,9024.691358024691,4093.5311416049385,0.6725721784776904,19.783402429809907,19.783402429809907,236.01821611787162,19.339370575837112,255.35758669370873,0.0,3615.0754593175857,56712.420298788405,106335.78806022825,0.0,0.0,0.0,0.0,166663.28381833425,942283.9506172839,14333.333333333336,0.0,12608.07591614321,28332.758249116825,7962.9629629629635,8062.5,0.0,1013583.5810788403,150,650.0,0.23076923076923078,23.076923076923077,3.4,30.0,160.0,1.0,160.0,150,Fiber dosage is calculated in Module 2; total fiber mass is calculated in Module 4 LCA.
FRC,8,10,,,19.0,9.5,100.0,#57 stone,130.0,39.7932982581865,5.499039842323396,5.431260308356283,207.50474957002695,41.50094991400539,,,,,,130.0,0.244123234788267,0.3192380762615799,,,45000.0,41000.0,86000.0,2654.320987654321,2123.456790123457,,,,,,,,,,,,,,,,,,True,Wheel-load demand is below plain concrete cracking moment; fiber residual capacity provides additional reserve.,one complete CE 519 pavement project,TRACI 2.1 / climate change,Global warming / climate change,kg CO2-eq,False,2654.320987654321,2029.3740058024691,5375.0,2123.456790123457,2866.666666666667,0.0,4.9,13006.172839506175,5899.500762901235,0.6725721784776904,19.783402429809907,19.783402429809907,236.01821611787162,19.339370575837112,255.35758669370873,0.0,3615.0754593175857,56712.420298788405,106335.78806022825,0.0,0.0,0.0,0.0,166663.28381833425,942283.9506172839,14333.333333333336,0.0,18170.462349735804,28332.758249116825,7962.9629629629635,8062.5,0.0,1019145.9675124328,200,650.0,0.3076923076923077,30.76923076923077,4.9,40.0,170.0,1.0,170.0,200,Fiber dosage is calculated in Module 2; total fiber mass is calculated in Module 4 LCA.
FRC,8,10,,,19.0,9.5,100.0,#57 stone,130.0,39.7932982581865,5.499039842323396,5.431260308356283,207.50474957002695,41.50094991400539,,,,,,130.0,0.23056083285558548,0.3192380762615799,,,45000.0,41000.0,86000.0,2654.320987654321,2123.456790123457,,,,,,,,,,,,,,,,,,True,Wheel-load demand is below plain concrete cracking moment; fiber residual capacity provides additional reserve.,one complete CE 519 pavement project,TRACI 2.1 / climate change,Global warming / climate change,kg CO2-eq,False,2654.320987654321,2029.3740058024691,5375.0,2123.456790123457,2866.666666666667,0.0,6.4,16987.654320987655,7705.4703841975315,0.6725721784776904,19.783402429809907,19.783402429809907,236.01821611787162,19.339370575837112,255.35758669370873,0.0,3615.0754593175857,56712.420298788405,106335.78806022825,0.0,0.0,0.0,0.0,166663.28381833425,942283.9506172839,14333.333333333336,0.0,23732.848783328398,28332.758249116825,7962.9629629629635,8062.5,0.0,1024708.3539460255,250,650.0,0.38461538461538464,38.46153846153847,6.4,50.0,180.0,1.0,180.0,250,Fiber dosage is calculated in Module 2; total fiber mass is calculated in Module 4 LCA.
FRC,8,10,,,19.0,9.5,100.0,#57 stone,130.0,39.7932982581865,5.499039842323396,5.431260308356283,207.50474957002695,41.50094991400539,,,,,,130.0,0.21842605217897573,0.3192380762615799,,,45000.0,41000.0,86000.0,2654.320987654321,2123.456790123457,,,,,,,,,,,,,,,,,,True,Wheel-load demand is below plain concrete cracking moment; fiber residual capacity provides additional reserve.,one complete CE 519 pavement project,TRACI 2.1 / climate change,Global warming / climate change,kg CO2-eq,False,2654.320987654321,2029.3740058024691,5375.0,2123.456790123457,2866.666666666667,0.0,7.9,20969.135802469136,9511.440005493829,0.6725721784776904,19.783402429809907,19.783402429809907,236.01821611787162,19.339370575837112,255.35758669370873,0.0,3615.0754593175857,56712.420298788405,106335.78806022825,0.0,0.0,0.0,0.0,166663.28381833425,942283.9506172839,14333.333333333336,0.0,29295.23521692099,28332.758249116825,7962.9629629629635,8062.5,0.0,1030270.740379618,300,650.0,0.46153846153846156,46.15384615384615,7.9,60.0,190.0,1.0,190.0,300,Fiber dosage is calculated in Module 2; total fiber mass is calculated in Module 4 LCA.
FRC,8,10,,,19.0,9.5,100.0,#57 stone,130.0,39.7932982581865,5.499039842323396,5.431260308356283,207.50474957002695,41.50094991400539,,,,,,130.0,0.20750474957002696,0.3192380762615799,,,45000.0,41000.0,86000.0,2654.320987654321,2123.456790123457,,,,,,,,,,,,,,,,,,True,Wheel-load demand is below plain concrete cracking moment; fiber residual capacity provides additional reserve.,one complete CE 519 pavement project,TRACI 2.1 / climate change,Global warming / climate change,kg CO2-eq,False,2654.320987654321,2029.3740058024691,5375.0,2123.456790123457,2866.666666666667,0.0,9.4,24950.617283950618,11317.409626790124,0.6725721784776904,19.783402429809907,19.783402429809907,236.01821611787162,19.339370575837112,255.35758669370873,0.0,3615.0754593175857,56712.420298788405,106335.78806022825,0.0,0.0,0.0,0.0,166663.28381833425,942283.9506172839,14333.333333333336,0.0,34857.62165051358,28332.758249116825,7962.9629629629635,8062.5,0.0,1035833.1268132107,350,650.0,0.5384615384615384,53.84615384615385,9.4,70.0,200.0,1.0,200.0,350,Fiber dosage is calculated in Module 2; total fiber mass is calculated in Module 4 LCA.
FRC,8,10,,,19.0,9.5,100.0,#57 stone,130.0,39.7932982581865,5.499039842323396,5.431260308356283,207.50474957002695,41.50094991400539,,,,,,130.0,0.19762357101907327,0.3192380762615799,,,45000.0,41000.0,86000.0,2654.320987654321,2123.456790123457,,,,,,,,,,,,,,,,,,True,Wheel-load demand is below plain concrete cracking moment; fiber residual capacity provides additional reserve.,one complete CE 519 pavement project,TRACI 2.1 / climate change,Global warming / climate change,kg CO2-eq,False,2654.320987654321,2029.3740058024691,5375.0,2123.456790123457,2866.666666666667,0.0,10.9,28932.0987654321,13123.379248086421,0.6725721784776904,19.783402429809907,19.783402429809907,236.01821611787162,19.339370575837112,255.35758669370873,0.0,3615.0754593175857,56712.420298788405,106335.78806022825,0.0,0.0,0.0,0.0,166663.28381833425,942283.9506172839,14333.333333333336,0.0,40420.00808410618,28332.758249116825,7962.9629629629635,8062.5,0.0,1041395.5132468032,400,650.0,0.6153846153846154,61.53846153846154,10.9,80.0,210.0,1.0,210.0,400,Fiber dosage is calculated in Module 2; total fiber mass is calculated in Module 4 LCA.
FRC,8,12,,,19.0,9.5,100.0,#57 stone,130.0,45.62426399858746,5.499039842323396,5.77022359949313,149.09586238854,42.939608367899524,,,,,,187.2,0.19879448318472,0.22937824982852312,,,45000.0,41000.0,86000.0,3185.185185185185,2123.456790123457,,,,,,,,,,,,,,,,,,True,Wheel-load demand is below plain concrete cracking moment; fiber residual capacity provides additional reserve.,one complete CE 519 pavement project,TRACI 2.1 / climate change,Global warming / climate change,kg CO2-eq,False,3185.185185185185,2435.248806962963,6450.0,2123.456790123457,2866.666666666667,0.0,3.0,9555.555555555555,4334.327091111111,0.6725721784776904,19.783402429809907,19.783402429809907,236.01821611787162,19.339370575837112,255.35758669370873,0.0,4338.0905511811025,56712.420298788405,127602.9456722739,0.0,0.0,0.0,0.0,188653.4565222434,1130740.7407407407,14333.333333333336,0.0,13349.727440622222,32071.087608781378,9555.555555555555,9675.0,0.0,1209725.444679033,100,650.0,0.15384615384615385,15.384615384615385,3.0,28.8,216.0,1.0,216.0,100,Fiber dosage is calculated in Module 2; total fiber mass is calculated in Module 4 LCA.
FRC,8,12,,,19.0,9.5,100.0,#57 stone,130.0,45.62426399858746,5.499039842323396,5.77022359949313,149.09586238854,42.939608367899524,,,,,,187.2,0.18636982798567503,0.22937824982852312,,,45000.0,41000.0,86000.0,3185.185185185185,2123.456790123457,,,,,,,,,,,,,,,,,,True,Wheel-load demand is below plain concrete cracking moment; fiber residual capacity provides additional reserve.,one complete CE 519 pavement project,TRACI 2.1 / climate change,Global warming / climate change,kg CO2-eq,False,3185.185185185185,2435.248806962963,6450.0,2123.456790123457,2866.666666666667,0.0,3.4,10829.62962962963,4912.237369925926,0.6725721784776904,19.783402429809907,19.783402429809907,236.01821611787162,19.339370575837112,255.35758669370873,0.0,4338.0905511811025,56712.420298788405,127602.9456722739,0.0,0.0,0.0,0.0,188653.4565222434,1130740.7407407407,14333.333333333336,0.0,15129.691099371852,32071.087608781378,9555.555555555555,9675.0,0.0,1211505.4083377826,150,650.0,0.23076923076923078,23.076923076923077,3.4,43.2,230.39999999999998,1.0,230.39999999999998,150,Fiber dosage is calculated in Module 2; total fiber mass is calculated in Module 4 LCA.
FRC,8,12,,,19.0,9.5,100.0,#57 stone,130.0,45.62426399858746,5.499039842323396,5.77022359949313,149.09586238854,42.939608367899524,,,,,,187.2,0.17540689692769415,0.22937824982852312,,,45000.0,41000.0,86000.0,3185.185185185185,2123.456790123457,,,,,,,,,,,,,,,,,,True,Wheel-load demand is below plain concrete cracking moment; fiber residual capacity provides additional reserve.,one complete CE 519 pavement project,TRACI 2.1 / climate change,Global warming / climate change,kg CO2-eq,False,3185.185185185185,2435.248806962963,6450.0,2123.456790123457,2866.666666666667,0.0,4.9,15607.407407407409,7079.400915481482,0.6725721784776904,19.783402429809907,19.783402429809907,236.01821611787162,19.339370575837112,255.35758669370873,0.0,4338.0905511811025,56712.420298788405,127602.9456722739,0.0,0.0,0.0,0.0,188653.4565222434,1130740.7407407407,14333.333333333336,0.0,21804.554819682966,32071.087608781378,9555.555555555555,9675.0,0.0,1218180.272058094,200,650.0,0.3076923076923077,30.76923076923077,4.9,57.6,244.79999999999998,1.0,244.79999999999998,200,Fiber dosage is calculated in Module 2; total fiber mass is calculated in Module 4 LCA.
FRC,8,12,,,19.0,9.5,100.0,#57 stone,130.0,45.62426399858746,5.499039842323396,5.77022359949313,149.09586238854,42.939608367899524,,,,,,187.2,0.16566206932060001,0.22937824982852312,,,45000.0,41000.0,86000.0,3185.185185185185,2123.456790123457,,,,,,,,,,,,,,,,,,True,Wheel-load demand is below plain concrete cracking moment; fiber residual capacity provides additional reserve.,one complete CE 519 pavement project,TRACI 2.1 / climate change,Global warming / climate change,kg CO2-eq,False,3185.185185185185,2435.248806962963,6450.0,2123.456790123457,2866.666666666667,0.0,6.4,20385.185185185186,9246.564461037038,0.6725721784776904,19.783402429809907,19.783402429809907,236.01821611787162,19.339370575837112,255.35758669370873,0.0,4338.0905511811025,56712.420298788405,127602.9456722739,0.0,0.0,0.0,0.0,188653.4565222434,1130740.7407407407,14333.333333333336,0.0,28479.41853999408,32071.087608781378,9555.555555555555,9675.0,0.0,1224855.135778405,250,650.0,0.38461538461538464,38.46153846153847,6.4,72.0,259.2,1.0,259.2,250,Fiber dosage is calculated in Module 2; total fiber mass is calculated in Module 4 LCA.
FRC,8,12,,,19.0,9.5,100.0,#57 stone,130.0,45.62426399858746,5.499039842323396,5.77022359949313,149.09586238854,42.939608367899524,,,,,,187.2,0.15694301304056843,0.22937824982852312,,,45000.0,41000.0,86000.0,3185.185185185185,2123.456790123457,,,,,,,,,,,,,,,,,,True,Wheel-load demand is below plain concrete cracking moment; fiber residual capacity provides additional reserve.,one complete CE 519 pavement project,TRACI 2.1 / climate change,Global warming / climate change,kg CO2-eq,False,3185.185185185185,2435.248806962963,6450.0,2123.456790123457,2866.666666666667,0.0,7.9,25162.962962962964,11413.728006592593,0.6725721784776904,19.783402429809907,19.783402429809907,236.01821611787162,19.339370575837112,255.35758669370873,0.0,4338.0905511811025,56712.420298788405,127602.9456722739,0.0,0.0,0.0,0.0,188653.4565222434,1130740.7407407407,14333.333333333336,0.0,35154.28226030519,32071.087608781378,9555.555555555555,9675.0,0.0,1231529.999498716,300,650.0,0.46153846153846156,46.15384615384615,7.9,86.4,273.6,1.0,273.6,300,Fiber dosage is calculated in Module 2; total fiber mass is calculated in Module 4 LCA.
FRC,8,12,,,19.0,9.5,100.0,#57 stone,130.0,45.62426399858746,5.499039842323396,5.77022359949313,149.09586238854,42.939608367899524,,,,,,187.2,0.14909586238854,0.22937824982852312,,,45000.0,41000.0,86000.0,3185.185185185185,2123.456790123457,,,,,,,,,,,,,,,,,,True,Wheel-load demand is below plain concrete cracking moment; fiber residual capacity provides additional reserve.,one complete CE 519 pavement project,TRACI 2.1 / climate change,Global warming / climate change,kg CO2-eq,False,3185.185185185185,2435.248806962963,6450.0,2123.456790123457,2866.666666666667,0.0,9.4,29940.74074074074,13580.891552148149,0.6725721784776904,19.783402429809907,19.783402429809907,236.01821611787162,19.339370575837112,255.35758669370873,0.0,4338.0905511811025,56712.420298788405,127602.9456722739,0.0,0.0,0.0,0.0,188653.4565222434,1130740.7407407407,14333.333333333336,0.0,41829.1459806163,32071.087608781378,9555.555555555555,9675.0,0.0,1238204.8632190272,350,650.0,0.5384615384615384,53.84615384615385,9.4,100.8,288.0,1.0,288.0,350,Fiber dosage is calculated in Module 2; total fiber mass is calculated in Module 4 LCA.
FRC,8,12,,,19.0,9.5,100.0,#57 stone,130.0,45.62426399858746,5.499039842323396,5.77022359949313,149.09586238854,42.939608367899524,,,,,,187.2,0.14199605941765717,0.22937824982852312,,,45000.0,41000.0,86000.0,3185.185185185185,2123.456790123457,,,,,,,,,,,,,,,,,,True,Wheel-load demand is below plain concrete cracking moment; fiber residual capacity provides additional reserve.,one complete CE 519 pavement project,TRACI 2.1 / climate change,Global warming / climate change,kg CO2-eq,False,3185.185185185185,2435.248806962963,6450.0,2123.456790123457,2866.666666666667,0.0,10.9,34718.51851851852,15748.055097703704,0.6725721784776904,19.783402429809907,19.783402429809907,236.01821611787162,19.339370575837112,255.35758669370873,0.0,4338.0905511811025,56712.420298788405,127602.9456722739,0.0,0.0,0.0,0.0,188653.4565222434,1130740.7407407407,14333.333333333336,0.0,48504.00970092741,32071.087608781378,9555.555555555555,9675.0,0.0,1244879.7269393383,400,650.0,0.6153846153846154,61.53846153846154,10.9,115.2,302.4,1.0,302.4,400,Fiber dosage is calculated in Module 2; total fiber mass is calculated in Module 4 LCA.
FRC,10,6,,,19.0,9.5,100.0,#57 stone,140.0,26.630370211515178,5.499039842323396,5.136027579968186,485.7391357571253,34.973217774513024,,,,,,46.8,0.6476521810095005,0.7472909780878851,,,45000.0,41000.0,86000.0,1592.5925925925926,2654.320987654321,,,,,,,,,,,,,,,,,,True,Wheel-load demand is below plain concrete cracking moment; fiber residual capacity provides additional reserve.,one complete CE 519 pavement project,TRACI 2.1 / climate change,Global warming / climate change,kg CO2-eq,False,1592.5925925925926,1217.6244034814815,3225.0,2654.320987654321,3583.3333333333335,0.0,3.0,4777.777777777777,2167.1635455555556,0.6725721784776904,19.783402429809907,19.783402429809907,236.01821611787162,19.339370575837112,255.35758669370873,0.0,2169.0452755905512,70890.5253734855,63801.47283613695,0.0,0.0,0.0,0.0,136861.043485213,565370.3703703703,17916.666666666668,0.0,6674.863720311111,23266.377392486214,4777.777777777777,4837.5,0.0,622843.555927612,100,650.0,0.15384615384615385,15.384615384615385,3.0,7.2,54.0,1.0,54.0,100,Fiber dosage is calculated in Module 2; total fiber mass is calculated in Module 4 LCA.
FRC,10,6,,,19.0,9.5,100.0,#57 stone,140.0,26.630370211515178,5.499039842323396,5.136027579968186,485.7391357571253,34.973217774513024,,,,,,46.8,0.6071739196964068,0.7472909780878851,,,45000.0,41000.0,86000.0,1592.5925925925926,2654.320987654321,,,,,,,,,,,,,,,,,,True,Wheel-load demand is below plain concrete cracking moment; fiber residual capacity provides additional reserve.,one complete CE 519 pavement project,TRACI 2.1 / climate change,Global warming / climate change,kg CO2-eq,False,1592.5925925925926,1217.6244034814815,3225.0,2654.320987654321,3583.3333333333335,0.0,3.4,5414.814814814815,2456.118684962963,0.6725721784776904,19.783402429809907,19.783402429809907,236.01821611787162,19.339370575837112,255.35758669370873,0.0,2169.0452755905512,70890.5253734855,63801.47283613695,0.0,0.0,0.0,0.0,136861.043485213,565370.3703703703,17916.666666666668,0.0,7564.845549685926,23266.377392486214,4777.777777777777,4837.5,0.0,623733.5377569868,150,650.0,0.23076923076923078,23.076923076923077,3.4,10.8,57.599999999999994,1.0,57.599999999999994,150,Fiber dosage is calculated in Module 2; total fiber mass is calculated in Module 4 LCA.
FRC,10,6,,,19.0,9.5,100.0,#57 stone,140.0,26.630370211515178,5.499039842323396,5.136027579968186,485.7391357571253,34.973217774513024,,,,,,46.8,0.5714578067730887,0.7472909780878851,,,45000.0,41000.0,86000.0,1592.5925925925926,2654.320987654321,,,,,,,,,,,,,,,,,,True,Wheel-load demand is below plain concrete cracking moment; fiber residual capacity provides additional reserve.,one complete CE 519 pavement project,TRACI 2.1 / climate change,Global warming / climate change,kg CO2-eq,False,1592.5925925925926,1217.6244034814815,3225.0,2654.320987654321,3583.3333333333335,0.0,4.9,7803.703703703704,3539.700457740741,0.6725721784776904,19.783402429809907,19.783402429809907,236.01821611787162,19.339370575837112,255.35758669370873,0.0,2169.0452755905512,70890.5253734855,63801.47283613695,0.0,0.0,0.0,0.0,136861.043485213,565370.3703703703,17916.666666666668,0.0,10902.277409841483,23266.377392486214,4777.777777777777,4837.5,0.0,627070.9696171425,200,650.0,0.3076923076923077,30.76923076923077,4.9,14.4,61.199999999999996,1.0,61.199999999999996,200,Fiber dosage is calculated in Module 2; total fiber mass is calculated in Module 4 LCA.
FRC,10,6,,,19.0,9.5,100.0,#57 stone,140.0,26.630370211515178,5.499039842323396,5.136027579968186,485.7391357571253,34.973217774513024,,,,,,46.8,0.5397101508412504,0.7472909780878851,,,45000.0,41000.0,86000.0,1592.5925925925926,2654.320987654321,,,,,,,,,,,,,,,,,,True,Wheel-load demand is below plain concrete cracking moment; fiber residual capacity provides additional reserve.,one complete CE 519 pavement project,TRACI 2.1 / climate change,Global warming / climate change,kg CO2-eq,False,1592.5925925925926,1217.6244034814815,3225.0,2654.320987654321,3583.3333333333335,0.0,6.4,10192.592592592593,4623.282230518519,0.6725721784776904,19.783402429809907,19.783402429809907,236.01821611787162,19.339370575837112,255.35758669370873,0.0,2169.0452755905512,70890.5253734855,63801.47283613695,0.0,0.0,0.0,0.0,136861.043485213,565370.3703703703,17916.666666666668,0.0,14239.70926999704,23266.377392486214,4777.777777777777,4837.5,0.0,630408.401477298,250,650.0,0.38461538461538464,38.46153846153847,6.4,18.0,64.8,1.0,64.8,250,Fiber dosage is calculated in Module 2; total fiber mass is calculated in Module 4 LCA.
FRC,10,6,,,19.0,9.5,100.0,#57 stone,140.0,26.630370211515178,5.499039842323396,5.136027579968186,485.7391357571253,34.973217774513024,,,,,,46.8,0.511304353428553,0.7472909780878851,,,45000.0,41000.0,86000.0,1592.5925925925926,2654.320987654321,,,,,,,,,,,,,,,,,,True,Wheel-load demand is below plain concrete cracking moment; fiber residual capacity provides additional reserve.,one complete CE 519 pavement project,TRACI 2.1 / climate change,Global warming / climate change,kg CO2-eq,False,1592.5925925925926,1217.6244034814815,3225.0,2654.320987654321,3583.3333333333335,0.0,7.9,12581.481481481482,5706.864003296297,0.6725721784776904,19.783402429809907,19.783402429809907,236.01821611787162,19.339370575837112,255.35758669370873,0.0,2169.0452755905512,70890.5253734855,63801.47283613695,0.0,0.0,0.0,0.0,136861.043485213,565370.3703703703,17916.666666666668,0.0,17577.141130152595,23266.377392486214,4777.777777777777,4837.5,0.0,633745.8333374535,300,650.0,0.46153846153846156,46.15384615384615,7.9,21.6,68.4,1.0,68.4,300,Fiber dosage is calculated in Module 2; total fiber mass is calculated in Module 4 LCA.
FRC,10,6,,,19.0,9.5,100.0,#57 stone,140.0,26.630370211515178,5.499039842323396,5.136027579968186,485.7391357571253,34.973217774513024,,,,,,46.8,0.48573913575712535,0.7472909780878851,,,45000.0,41000.0,86000.0,1592.5925925925926,2654.320987654321,,,,,,,,,,,,,,,,,,True,Wheel-load demand is below plain concrete cracking moment; fiber residual capacity provides additional reserve.,one complete CE 519 pavement project,TRACI 2.1 / climate change,Global warming / climate change,kg CO2-eq,False,1592.5925925925926,1217.6244034814815,3225.0,2654.320987654321,3583.3333333333335,0.0,9.4,14970.37037037037,6790.445776074074,0.6725721784776904,19.783402429809907,19.783402429809907,236.01821611787162,19.339370575837112,255.35758669370873,0.0,2169.0452755905512,70890.5253734855,63801.47283613695,0.0,0.0,0.0,0.0,136861.043485213,565370.3703703703,17916.666666666668,0.0,20914.57299030815,23266.377392486214,4777.777777777777,4837.5,0.0,637083.2651976091,350,650.0,0.5384615384615384,53.84615384615385,9.4,25.2,72.0,1.0,72.0,350,Fiber dosage is calculated in Module 2; total fiber mass is calculated in Module 4 LCA.
FRC,10,6,,,19.0,9.5,100.0,#57 stone,140.0,26.630370211515178,5.499039842323396,5.136027579968186,485.7391357571253,34.973217774513024,,,,,,46.8,0.4626087007210718,0.7472909780878851,,,45000.0,41000.0,86000.0,1592.5925925925926,2654.320987654321,,,,,,,,,,,,,,,,,,True,Wheel-load demand is below plain concrete cracking moment; fiber residual capacity provides additional reserve.,one complete CE 519 pavement project,TRACI 2.1 / climate change,Global warming / climate change,kg CO2-eq,False,1592.5925925925926,1217.6244034814815,3225.0,2654.320987654321,3583.3333333333335,0.0,10.9,17359.25925925926,7874.027548851852,0.6725721784776904,19.783402429809907,19.783402429809907,236.01821611787162,19.339370575837112,255.35758669370873,0.0,2169.0452755905512,70890.5253734855,63801.47283613695,0.0,0.0,0.0,0.0,136861.043485213,565370.3703703703,17916.666666666668,0.0,24252.004850463705,23266.377392486214,4777.777777777777,4837.5,0.0,640420.6970577646,400,650.0,0.6153846153846154,61.53846153846154,10.9,28.8,75.6,1.0,75.6,400,Fiber dosage is calculated in Module 2; total fiber mass is calculated in Module 4 LCA.
FRC,10,8,,,19.0,9.5,100.0,#57 stone,140.0,33.04313589136511,5.499039842323396,5.201089693986001,303.195774107541,38.80905908576525,,,,,,83.2,0.404261032143388,0.4664550370885246,,,45000.0,41000.0,86000.0,2123.456790123457,2654.320987654321,,,,,,,,,,,,,,,,,,True,Wheel-load demand is below plain concrete cracking moment; fiber residual capacity provides additional reserve.,one complete CE 519 pavement project,TRACI 2.1 / climate change,Global warming / climate change,kg CO2-eq,False,2123.456790123457,1623.4992046419754,4300.0,2654.320987654321,3583.3333333333335,0.0,3.0,6370.37037037037,2889.5513940740743,0.6725721784776904,19.783402429809907,19.783402429809907,236.01821611787162,19.339370575837112,255.35758669370873,0.0,2892.0603674540685,70890.5253734855,85068.63044818261,0.0,0.0,0.0,0.0,158851.21618912218,753827.1604938272,17916.666666666668,0.0,8899.818293748149,27004.70675215077,6370.37037037037,6450.0,0.0,820468.7225767631,100,650.0,0.15384615384615385,15.384615384615385,3.0,12.8,96.0,1.0,96.0,100,Fiber dosage is calculated in Module 2; total fiber mass is calculated in Module 4 LCA.
FRC,10,8,,,19.0,9.5,100.0,#57 stone,140.0,33.04313589136511,5.499039842323396,5.201089693986001,303.195774107541,38.80905908576525,,,,,,83.2,0.3789947176344262,0.4664550370885246,,,45000.0,41000.0,86000.0,2123.456790123457,2654.320987654321,,,,,,,,,,,,,,,,,,True,Wheel-load demand is below plain concrete cracking moment; fiber residual capacity provides additional reserve.,one complete CE 519 pavement project,TRACI 2.1 / climate change,Global warming / climate change,kg CO2-eq,False,2123.456790123457,1623.4992046419754,4300.0,2654.320987654321,3583.3333333333335,0.0,3.4,7219.753086419753,3274.824913283951,0.6725721784776904,19.783402429809907,19.783402429809907,236.01821611787162,19.339370575837112,255.35758669370873,0.0,2892.0603674540685,70890.5253734855,85068.63044818261,0.0,0.0,0.0,0.0,158851.21618912218,753827.1604938272,17916.666666666668,0.0,10086.46073291457,27004.70675215077,6370.37037037037,6450.0,0.0,821655.3650159296,150,650.0,0.23076923076923078,23.076923076923077,3.4,19.2,102.4,1.0,102.4,150,Fiber dosage is calculated in Module 2; total fiber mass is calculated in Module 4 LCA.
FRC,10,8,,,19.0,9.5,100.0,#57 stone,140.0,33.04313589136511,5.499039842323396,5.201089693986001,303.195774107541,38.80905908576525,,,,,,83.2,0.35670091071475407,0.4664550370885246,,,45000.0,41000.0,86000.0,2123.456790123457,2654.320987654321,,,,,,,,,,,,,,,,,,True,Wheel-load demand is below plain concrete cracking moment; fiber residual capacity provides additional reserve.,one complete CE 519 pavement project,TRACI 2.1 / climate change,Global warming / climate change,kg CO2-eq,False,2123.456790123457,1623.4992046419754,4300.0,2654.320987654321,3583.3333333333335,0.0,4.9,10404.938271604939,4719.600610320988,0.6725721784776904,19.783402429809907,19.783402429809907,236.01821611787162,19.339370575837112,255.35758669370873,0.0,2892.0603674540685,70890.5253734855,85068.63044818261,0.0,0.0,0.0,0.0,158851.21618912218,753827.1604938272,17916.666666666668,0.0,14536.369879788645,27004.70675215077,6370.37037037037,6450.0,0.0,826105.2741628035,200,650.0,0.3076923076923077,30.76923076923077,4.9,25.6,108.80000000000001,1.0,108.80000000000001,200,Fiber dosage is calculated in Module 2; total fiber mass is calculated in Module 4 LCA.
FRC,10,8,,,19.0,9.5,100.0,#57 stone,140.0,33.04313589136511,5.499039842323396,5.201089693986001,303.195774107541,38.80905908576525,,,,,,83.2,0.33688419345282333,0.4664550370885246,,,45000.0,41000.0,86000.0,2123.456790123457,2654.320987654321,,,,,,,,,,,,,,,,,,True,Wheel-load demand is below plain concrete cracking moment; fiber residual capacity provides additional reserve.,one complete CE 519 pavement project,TRACI 2.1 / climate change,Global warming / climate change,kg CO2-eq,False,2123.456790123457,1623.4992046419754,4300.0,2654.320987654321,3583.3333333333335,0.0,6.4,13590.123456790125,6164.376307358026,0.6725721784776904,19.783402429809907,19.783402429809907,236.01821611787162,19.339370575837112,255.35758669370873,0.0,2892.0603674540685,70890.5253734855,85068.63044818261,0.0,0.0,0.0,0.0,158851.21618912218,753827.1604938272,17916.666666666668,0.0,18986.27902666272,27004.70675215077,6370.37037037037,6450.0,0.0,830555.1833096776,250,650.0,0.38461538461538464,38.46153846153847,6.4,32.0,115.2,1.0,115.2,250,Fiber dosage is calculated in Module 2; total fiber mass is calculated in Module 4 LCA.
FRC,10,8,,,19.0,9.5,100.0,#57 stone,140.0,33.04313589136511,5.499039842323396,5.201089693986001,303.195774107541,38.80905908576525,,,,,,83.2,0.3191534464289906,0.4664550370885246,,,45000.0,41000.0,86000.0,2123.456790123457,2654.320987654321,,,,,,,,,,,,,,,,,,True,Wheel-load demand is below plain concrete cracking moment; fiber residual capacity provides additional reserve.,one complete CE 519 pavement project,TRACI 2.1 / climate change,Global warming / climate change,kg CO2-eq,False,2123.456790123457,1623.4992046419754,4300.0,2654.320987654321,3583.3333333333335,0.0,7.9,16775.30864197531,7609.152004395062,0.6725721784776904,19.783402429809907,19.783402429809907,236.01821611787162,19.339370575837112,255.35758669370873,0.0,2892.0603674540685,70890.5253734855,85068.63044818261,0.0,0.0,0.0,0.0,158851.21618912218,753827.1604938272,17916.666666666668,0.0,23436.188173536793,27004.70675215077,6370.37037037037,6450.0,0.0,835005.0924565517,300,650.0,0.46153846153846156,46.15384615384615,7.9,38.4,121.6,1.0,121.6,300,Fiber dosage is calculated in Module 2; total fiber mass is calculated in Module 4 LCA.
FRC,10,8,,,19.0,9.5,100.0,#57 stone,140.0,33.04313589136511,5.499039842323396,5.201089693986001,303.195774107541,38.80905908576525,,,,,,83.2,0.303195774107541,0.4664550370885246,,,45000.0,41000.0,86000.0,2123.456790123457,2654.320987654321,,,,,,,,,,,,,,,,,,True,Wheel-load demand is below plain concrete cracking moment; fiber residual capacity provides additional reserve.,one complete CE 519 pavement project,TRACI 2.1 / climate change,Global warming / climate change,kg CO2-eq,False,2123.456790123457,1623.4992046419754,4300.0,2654.320987654321,3583.3333333333335,0.0,9.4,19960.493827160495,9053.9277014321,0.6725721784776904,19.783402429809907,19.783402429809907,236.01821611787162,19.339370575837112,255.35758669370873,0.0,2892.0603674540685,70890.5253734855,85068.63044818261,0.0,0.0,0.0,0.0,158851.21618912218,753827.1604938272,17916.666666666668,0.0,27886.097320410867,27004.70675215077,6370.37037037037,6450.0,0.0,839455.0016034258,350,650.0,0.5384615384615384,53.84615384615385,9.4,44.8,128.0,1.0,128.0,350,Fiber dosage is calculated in Module 2; total fiber mass is calculated in Module 4 LCA.
FRC,10,8,,,19.0,9.5,100.0,#57 stone,140.0,33.04313589136511,5.499039842323396,5.201089693986001,303.195774107541,38.80905908576525,,,,,,83.2,0.28875788010242,0.4664550370885246,,,45000.0,41000.0,86000.0,2123.456790123457,2654.320987654321,,,,,,,,,,,,,,,,,,True,Wheel-load demand is below plain concrete cracking moment; fiber residual capacity provides additional reserve.,one complete CE 519 pavement project,TRACI 2.1 / climate change,Global warming / climate change,kg CO2-eq,False,2123.456790123457,1623.4992046419754,4300.0,2654.320987654321,3583.3333333333335,0.0,10.9,23145.67901234568,10498.703398469137,0.6725721784776904,19.783402429809907,19.783402429809907,236.01821611787162,19.339370575837112,255.35758669370873,0.0,2892.0603674540685,70890.5253734855,85068.63044818261,0.0,0.0,0.0,0.0,158851.21618912218,753827.1604938272,17916.666666666668,0.0,32336.006467284944,27004.70675215077,6370.37037037037,6450.0,0.0,843904.9107502999,400,650.0,0.6153846153846154,61.53846153846154,10.9,51.2,134.4,1.0,134.4,400,Fiber dosage is calculated in Module 2; total fiber mass is calculated in Module 4 LCA.
FRC,10,10,,,19.0,9.5,100.0,#57 stone,140.0,39.06283563051279,5.499039842323396,5.431260308356283,205.755833875625,41.151166775125,,,,,,130.0,0.27434111183416665,0.31654743673173075,,,45000.0,41000.0,86000.0,2654.320987654321,2654.320987654321,,,,,,,,,,,,,,,,,,True,Wheel-load demand is below plain concrete cracking moment; fiber residual capacity provides additional reserve.,one complete CE 519 pavement project,TRACI 2.1 / climate change,Global warming / climate change,kg CO2-eq,False,2654.320987654321,2029.3740058024691,5375.0,2654.320987654321,3583.3333333333335,0.0,3.0,7962.9629629629635,3611.939242592593,0.6725721784776904,19.783402429809907,19.783402429809907,236.01821611787162,19.339370575837112,255.35758669370873,0.0,3615.0754593175857,70890.5253734855,106335.78806022825,0.0,0.0,0.0,0.0,180841.38889303134,942283.9506172839,17916.666666666668,0.0,11124.772867185187,30743.03611181533,7962.9629629629635,8062.5,0.0,1018093.889225914,100,650.0,0.15384615384615385,15.384615384615385,3.0,20.0,150.0,1.0,150.0,100,Fiber dosage is calculated in Module 2; total fiber mass is calculated in Module 4 LCA.
FRC,10,10,,,19.0,9.5,100.0,#57 stone,140.0,39.06283563051279,5.499039842323396,5.431260308356283,205.755833875625,41.151166775125,,,,,,130.0,0.25719479234453124,0.31654743673173075,,,45000.0,41000.0,86000.0,2654.320987654321,2654.320987654321,,,,,,,,,,,,,,,,,,True,Wheel-load demand is below plain concrete cracking moment; fiber residual capacity provides additional reserve.,one complete CE 519 pavement project,TRACI 2.1 / climate change,Global warming / climate change,kg CO2-eq,False,2654.320987654321,2029.3740058024691,5375.0,2654.320987654321,3583.3333333333335,0.0,3.4,9024.691358024691,4093.5311416049385,0.6725721784776904,19.783402429809907,19.783402429809907,236.01821611787162,19.339370575837112,255.35758669370873,0.0,3615.0754593175857,70890.5253734855,106335.78806022825,0.0,0.0,0.0,0.0,180841.38889303134,942283.9506172839,17916.666666666668,0.0,12608.07591614321,30743.03611181533,7962.9629629629635,8062.5,0.0,1019577.1922748721,150,650.0,0.23076923076923078,23.076923076923077,3.4,30.0,160.0,1.0,160.0,150,Fiber dosage is calculated in Module 2; total fiber mass is calculated in Module 4 LCA.
FRC,10,10,,,19.0,9.5,100.0,#57 stone,140.0,39.06283563051279,5.499039842323396,5.431260308356283,205.755833875625,41.151166775125,,,,,,130.0,0.2420656869125,0.31654743673173075,,,45000.0,41000.0,86000.0,2654.320987654321,2654.320987654321,,,,,,,,,,,,,,,,,,True,Wheel-load demand is below plain concrete cracking moment; fiber residual capacity provides additional reserve.,one complete CE 519 pavement project,TRACI 2.1 / climate change,Global warming / climate change,kg CO2-eq,False,2654.320987654321,2029.3740058024691,5375.0,2654.320987654321,3583.3333333333335,0.0,4.9,13006.172839506175,5899.500762901235,0.6725721784776904,19.783402429809907,19.783402429809907,236.01821611787162,19.339370575837112,255.35758669370873,0.0,3615.0754593175857,70890.5253734855,106335.78806022825,0.0,0.0,0.0,0.0,180841.38889303134,942283.9506172839,17916.666666666668,0.0,18170.462349735804,30743.03611181533,7962.9629629629635,8062.5,0.0,1025139.5787084646,200,650.0,0.3076923076923077,30.76923076923077,4.9,40.0,170.0,1.0,170.0,200,Fiber dosage is calculated in Module 2; total fiber mass is calculated in Module 4 LCA.
FRC,10,10,,,19.0,9.5,100.0,#57 stone,140.0,39.06283563051279,5.499039842323396,5.431260308356283,205.755833875625,41.151166775125,,,,,,130.0,0.22861759319513889,0.31654743673173075,,,45000.0,41000.0,86000.0,2654.320987654321,2654.320987654321,,,,,,,,,,,,,,,,,,True,Wheel-load demand is below plain concrete cracking moment; fiber residual capacity provides additional reserve.,one complete CE 519 pavement project,TRACI 2.1 / climate change,Global warming / climate change,kg CO2-eq,False,2654.320987654321,2029.3740058024691,5375.0,2654.320987654321,3583.3333333333335,0.0,6.4,16987.654320987655,7705.4703841975315,0.6725721784776904,19.783402429809907,19.783402429809907,236.01821611787162,19.339370575837112,255.35758669370873,0.0,3615.0754593175857,70890.5253734855,106335.78806022825,0.0,0.0,0.0,0.0,180841.38889303134,942283.9506172839,17916.666666666668,0.0,23732.848783328398,30743.03611181533,7962.9629629629635,8062.5,0.0,1030701.9651420573,250,650.0,0.38461538461538464,38.46153846153847,6.4,50.0,180.0,1.0,180.0,250,Fiber dosage is calculated in Module 2; total fiber mass is calculated in Module 4 LCA.
FRC,10,10,,,19.0,9.5,100.0,#57 stone,140.0,39.06283563051279,5.499039842323396,5.431260308356283,205.755833875625,41.151166775125,,,,,,130.0,0.21658508829013157,0.31654743673173075,,,45000.0,41000.0,86000.0,2654.320987654321,2654.320987654321,,,,,,,,,,,,,,,,,,True,Wheel-load demand is below plain concrete cracking moment; fiber residual capacity provides additional reserve.,one complete CE 519 pavement project,TRACI 2.1 / climate change,Global warming / climate change,kg CO2-eq,False,2654.320987654321,2029.3740058024691,5375.0,2654.320987654321,3583.3333333333335,0.0,7.9,20969.135802469136,9511.440005493829,0.6725721784776904,19.783402429809907,19.783402429809907,236.01821611787162,19.339370575837112,255.35758669370873,0.0,3615.0754593175857,70890.5253734855,106335.78806022825,0.0,0.0,0.0,0.0,180841.38889303134,942283.9506172839,17916.666666666668,0.0,29295.23521692099,30743.03611181533,7962.9629629629635,8062.5,0.0,1036264.3515756498,300,650.0,0.46153846153846156,46.15384615384615,7.9,60.0,190.0,1.0,190.0,300,Fiber dosage is calculated in Module 2; total fiber mass is calculated in Module 4 LCA.
FRC,10,10,,,19.0,9.5,100.0,#57 stone,140.0,39.06283563051279,5.499039842323396,5.431260308356283,205.755833875625,41.151166775125,,,,,,130.0,0.205755833875625,0.31654743673173075,,,45000.0,41000.0,86000.0,2654.320987654321,2654.320987654321,,,,,,,,,,,,,,,,,,True,Wheel-load demand is below plain concrete cracking moment; fiber residual capacity provides additional reserve.,one complete CE 519 pavement project,TRACI 2.1 / climate change,Global warming / climate change,kg CO2-eq,False,2654.320987654321,2029.3740058024691,5375.0,2654.320987654321,3583.3333333333335,0.0,9.4,24950.617283950618,11317.409626790124,0.6725721784776904,19.783402429809907,19.783402429809907,236.01821611787162,19.339370575837112,255.35758669370873,0.0,3615.0754593175857,70890.5253734855,106335.78806022825,0.0,0.0,0.0,0.0,180841.38889303134,942283.9506172839,17916.666666666668,0.0,34857.62165051358,30743.03611181533,7962.9629629629635,8062.5,0.0,1041826.7380092425,350,650.0,0.5384615384615384,53.84615384615385,9.4,70.0,200.0,1.0,200.0,350,Fiber dosage is calculated in Module 2; total fiber mass is calculated in Module 4 LCA.
FRC,10,10,,,19.0,9.5,100.0,#57 stone,140.0,39.06283563051279,5.499039842323396,5.431260308356283,205.755833875625,41.151166775125,,,,,,130.0,0.19595793702440475,0.31654743673173075,,,45000.0,41000.0,86000.0,2654.320987654321,2654.320987654321,,,,,,,,,,,,,,,,,,True,Wheel-load demand is below plain concrete cracking moment; fiber residual capacity provides additional reserve.,one complete CE 519 pavement project,TRACI 2.1 / climate change,Global warming / climate change,kg CO2-eq,False,2654.320987654321,2029.3740058024691,5375.0,2654.320987654321,3583.3333333333335,0.0,10.9,28932.0987654321,13123.379248086421,0.6725721784776904,19.783402429809907,19.783402429809907,236.01821611787162,19.339370575837112,255.35758669370873,0.0,3615.0754593175857,70890.5253734855,106335.78806022825,0.0,0.0,0.0,0.0,180841.38889303134,942283.9506172839,17916.666666666668,0.0,40420.00808410618,30743.03611181533,7962.9629629629635,8062.5,0.0,1047389.124442835,400,650.0,0.6153846153846154,61.53846153846154,10.9,80.0,210.0,1.0,210.0,400,Fiber dosage is calculated in Module 2; total fiber mass is calculated in Module 4 LCA.
FRC,10,12,,,19.0,9.5,100.0,#57 stone,140.0,44.78676569548484,5.499039842323396,5.77022359949313,147.88133760076087,42.58982522901914,,,,,,187.2,0.19717511680101454,0.2275097501550168,,,45000.0,41000.0,86000.0,3185.185185185185,2654.320987654321,,,,,,,,,,,,,,,,,,True,Wheel-load demand is below plain concrete cracking moment; fiber residual capacity provides additional reserve.,one complete CE 519 pavement project,TRACI 2.1 / climate change,Global warming / climate change,kg CO2-eq,False,3185.185185185185,2435.248806962963,6450.0,2654.320987654321,3583.3333333333335,0.0,3.0,9555.555555555555,4334.327091111111,0.6725721784776904,19.783402429809907,19.783402429809907,236.01821611787162,19.339370575837112,255.35758669370873,0.0,4338.0905511811025,70890.5253734855,127602.9456722739,0.0,0.0,0.0,0.0,202831.5615969405,1130740.7407407407,17916.666666666668,0.0,13349.727440622222,34481.36547147989,9555.555555555555,9675.0,0.0,1215719.055875065,100,650.0,0.15384615384615385,15.384615384615385,3.0,28.8,216.0,1.0,216.0,100,Fiber dosage is calculated in Module 2; total fiber mass is calculated in Module 4 LCA.
FRC,10,12,,,19.0,9.5,100.0,#57 stone,140.0,44.78676569548484,5.499039842323396,5.77022359949313,147.88133760076087,42.58982522901914,,,,,,187.2,0.18485167200095115,0.2275097501550168,,,45000.0,41000.0,86000.0,3185.185185185185,2654.320987654321,,,,,,,,,,,,,,,,,,True,Wheel-load demand is below plain concrete cracking moment; fiber residual capacity provides additional reserve.,one complete CE 519 pavement project,TRACI 2.1 / climate change,Global warming / climate change,kg CO2-eq,False,3185.185185185185,2435.248806962963,6450.0,2654.320987654321,3583.3333333333335,0.0,3.4,10829.62962962963,4912.237369925926,0.6725721784776904,19.783402429809907,19.783402429809907,236.01821611787162,19.339370575837112,255.35758669370873,0.0,4338.0905511811025,70890.5253734855,127602.9456722739,0.0,0.0,0.0,0.0,202831.5615969405,1130740.7407407407,17916.666666666668,0.0,15129.691099371852,34481.36547147989,9555.555555555555,9675.0,0.0,1217499.0195338146,150,650.0,0.23076923076923078,23.076923076923077,3.4,43.2,230.39999999999998,1.0,230.39999999999998,150,Fiber dosage is calculated in Module 2; total fiber mass is calculated in Module 4 LCA.
FRC,10,12,,,19.0,9.5,100.0,#57 stone,140.0,44.78676569548484,5.499039842323396,5.77022359949313,147.88133760076087,42.58982522901914,,,,,,187.2,0.17397804423618932,0.2275097501550168,,,45000.0,41000.0,86000.0,3185.185185185185,2654.320987654321,,,,,,,,,,,,,,,,,,True,Wheel-load demand is below plain concrete cracking moment; fiber residual capacity provides additional reserve.,one complete CE 519 pavement project,TRACI 2.1 / climate change,Global warming / climate change,kg CO2-eq,False,3185.185185185185,2435.248806962963,6450.0,2654.320987654321,3583.3333333333335,0.0,4.9,15607.407407407409,7079.400915481482,0.6725721784776904,19.783402429809907,19.783402429809907,236.01821611787162,19.339370575837112,255.35758669370873,0.0,4338.0905511811025,70890.5253734855,127602.9456722739,0.0,0.0,0.0,0.0,202831.5615969405,1130740.7407407407,17916.666666666668,0.0,21804.554819682966,34481.36547147989,9555.555555555555,9675.0,0.0,1224173.883254126,200,650.0,0.3076923076923077,30.76923076923077,4.9,57.6,244.79999999999998,1.0,244.79999999999998,200,Fiber dosage is calculated in Module 2; total fiber mass is calculated in Module 4 LCA.
FRC,10,12,,,19.0,9.5,100.0,#57 stone,140.0,44.78676569548484,5.499039842323396,5.77022359949313,147.88133760076087,42.58982522901914,,,,,,187.2,0.1643125973341788,0.2275097501550168,,,45000.0,41000.0,86000.0,3185.185185185185,2654.320987654321,,,,,,,,,,,,,,,,,,True,Wheel-load demand is below plain concrete cracking moment; fiber residual capacity provides additional reserve.,one complete CE 519 pavement project,TRACI 2.1 / climate change,Global warming / climate change,kg CO2-eq,False,3185.185185185185,2435.248806962963,6450.0,2654.320987654321,3583.3333333333335,0.0,6.4,20385.185185185186,9246.564461037038,0.6725721784776904,19.783402429809907,19.783402429809907,236.01821611787162,19.339370575837112,255.35758669370873,0.0,4338.0905511811025,70890.5253734855,127602.9456722739,0.0,0.0,0.0,0.0,202831.5615969405,1130740.7407407407,17916.666666666668,0.0,28479.41853999408,34481.36547147989,9555.555555555555,9675.0,0.0,1230848.746974437,250,650.0,0.38461538461538464,38.46153846153847,6.4,72.0,259.2,1.0,259.2,250,Fiber dosage is calculated in Module 2; total fiber mass is calculated in Module 4 LCA.
FRC,10,12,,,19.0,9.5,100.0,#57 stone,140.0,44.78676569548484,5.499039842323396,5.77022359949313,147.88133760076087,42.58982522901914,,,,,,187.2,0.1556645658955378,0.2275097501550168,,,45000.0,41000.0,86000.0,3185.185185185185,2654.320987654321,,,,,,,,,,,,,,,,,,True,Wheel-load demand is below plain concrete cracking moment; fiber residual capacity provides additional reserve.,one complete CE 519 pavement project,TRACI 2.1 / climate change,Global warming / climate change,kg CO2-eq,False,3185.185185185185,2435.248806962963,6450.0,2654.320987654321,3583.3333333333335,0.0,7.9,25162.962962962964,11413.728006592593,0.6725721784776904,19.783402429809907,19.783402429809907,236.01821611787162,19.339370575837112,255.35758669370873,0.0,4338.0905511811025,70890.5253734855,127602.9456722739,0.0,0.0,0.0,0.0,202831.5615969405,1130740.7407407407,17916.666666666668,0.0,35154.28226030519,34481.36547147989,9555.555555555555,9675.0,0.0,1237523.6106947481,300,650.0,0.46153846153846156,46.15384615384615,7.9,86.4,273.6,1.0,273.6,300,Fiber dosage is calculated in Module 2; total fiber mass is calculated in Module 4 LCA.
FRC,10,12,,,19.0,9.5,100.0,#57 stone,140.0,44.78676569548484,5.499039842323396,5.77022359949313,147.88133760076087,42.58982522901914,,,,,,187.2,0.14788133760076091,0.2275097501550168,,,45000.0,41000.0,86000.0,3185.185185185185,2654.320987654321,,,,,,,,,,,,,,,,,,True,Wheel-load demand is below plain concrete cracking moment; fiber residual capacity provides additional reserve.,one complete CE 519 pavement project,TRACI 2.1 / climate change,Global warming / climate change,kg CO2-eq,False,3185.185185185185,2435.248806962963,6450.0,2654.320987654321,3583.3333333333335,0.0,9.4,29940.74074074074,13580.891552148149,0.6725721784776904,19.783402429809907,19.783402429809907,236.01821611787162,19.339370575837112,255.35758669370873,0.0,4338.0905511811025,70890.5253734855,127602.9456722739,0.0,0.0,0.0,0.0,202831.5615969405,1130740.7407407407,17916.666666666668,0.0,41829.1459806163,34481.36547147989,9555.555555555555,9675.0,0.0,1244198.4744150592,350,650.0,0.5384615384615384,53.84615384615385,9.4,100.8,288.0,1.0,288.0,350,Fiber dosage is calculated in Module 2; total fiber mass is calculated in Module 4 LCA.
FRC,10,12,,,19.0,9.5,100.0,#57 stone,140.0,44.78676569548484,5.499039842323396,5.77022359949313,147.88133760076087,42.58982522901914,,,,,,187.2,0.14083936914358183,0.2275097501550168,,,45000.0,41000.0,86000.0,3185.185185185185,2654.320987654321,,,,,,,,,,,,,,,,,,True,Wheel-load demand is below plain concrete cracking moment; fiber residual capacity provides additional reserve.,one complete CE 519 pavement project,TRACI 2.1 / climate change,Global warming / climate change,kg CO2-eq,False,3185.185185185185,2435.248806962963,6450.0,2654.320987654321,3583.3333333333335,0.0,10.9,34718.51851851852,15748.055097703704,0.6725721784776904,19.783402429809907,19.783402429809907,236.01821611787162,19.339370575837112,255.35758669370873,0.0,4338.0905511811025,70890.5253734855,127602.9456722739,0.0,0.0,0.0,0.0,202831.5615969405,1130740.7407407407,17916.666666666668,0.0,48504.00970092741,34481.36547147989,9555.555555555555,9675.0,0.0,1250873.3381353703,400,650.0,0.6153846153846154,61.53846153846154,10.9,115.2,302.4,1.0,302.4,400,Fiber dosage is calculated in Module 2; total fiber mass is calculated in Module 4 LCA.
FRC,12,6,,,19.0,9.5,100.0,#57 stone,150.0,26.174982388104926,5.499039842323396,5.136027579968186,481.21635365065237,34.647577462846975,,,,,,46.8,0.6416218048675366,0.7403328517702346,,,45000.0,41000.0,86000.0,1592.5925925925926,3185.185185185185,,,,,,,,,,,,,,,,,,True,Wheel-load demand is below plain concrete cracking moment; fiber residual capacity provides additional reserve.,one complete CE 519 pavement project,TRACI 2.1 / climate change,Global warming / climate change,kg CO2-eq,False,1592.5925925925926,1217.6244034814815,3225.0,3185.185185185185,4300.0,0.0,3.0,4777.777777777777,2167.1635455555556,0.6725721784776904,19.783402429809907,19.783402429809907,236.01821611787162,19.339370575837112,255.35758669370873,0.0,2169.0452755905512,85068.63044818261,63801.47283613695,0.0,0.0,0.0,0.0,151039.14855991013,565370.3703703703,21500.0,0.0,6674.863720311111,25676.655255184724,4777.777777777777,4837.5,0.0,628837.1671236439,100,650.0,0.15384615384615385,15.384615384615385,3.0,7.2,54.0,1.0,54.0,100,Fiber dosage is calculated in Module 2; total fiber mass is calculated in Module 4 LCA.
FRC,12,6,,,19.0,9.5,100.0,#57 stone,150.0,26.174982388104926,5.499039842323396,5.136027579968186,481.21635365065237,34.647577462846975,,,,,,46.8,0.6015204420633156,0.7403328517702346,,,45000.0,41000.0,86000.0,1592.5925925925926,3185.185185185185,,,,,,,,,,,,,,,,,,True,Wheel-load demand is below plain concrete cracking moment; fiber residual capacity provides additional reserve.,one complete CE 519 pavement project,TRACI 2.1 / climate change,Global warming / climate change,kg CO2-eq,False,1592.5925925925926,1217.6244034814815,3225.0,3185.185185185185,4300.0,0.0,3.4,5414.814814814815,2456.118684962963,0.6725721784776904,19.783402429809907,19.783402429809907,236.01821611787162,19.339370575837112,255.35758669370873,0.0,2169.0452755905512,85068.63044818261,63801.47283613695,0.0,0.0,0.0,0.0,151039.14855991013,565370.3703703703,21500.0,0.0,7564.845549685926,25676.655255184724,4777.777777777777,4837.5,0.0,629727.1489530187,150,650.0,0.23076923076923078,23.076923076923077,3.4,10.8,57.599999999999994,1.0,57.599999999999994,150,Fiber dosage is calculated in Module 2; total fiber mass is calculated in Module 4 LCA.
FRC,12,6,,,19.0,9.5,100.0,#57 stone,150.0,26.174982388104926,5.499039842323396,5.136027579968186,481.21635365065237,34.647577462846975,,,,,,46.8,0.5661368866478265,0.7403328517702346,,,45000.0,41000.0,86000.0,1592.5925925925926,3185.185185185185,,,,,,,,,,,,,,,,,,True,Wheel-load demand is below plain concrete cracking moment; fiber residual capacity provides additional reserve.,one complete CE 519 pavement project,TRACI 2.1 / climate change,Global warming / climate change,kg CO2-eq,False,1592.5925925925926,1217.6244034814815,3225.0,3185.185185185185,4300.0,0.0,4.9,7803.703703703704,3539.700457740741,0.6725721784776904,19.783402429809907,19.783402429809907,236.01821611787162,19.339370575837112,255.35758669370873,0.0,2169.0452755905512,85068.63044818261,63801.47283613695,0.0,0.0,0.0,0.0,151039.14855991013,565370.3703703703,21500.0,0.0,10902.277409841483,25676.655255184724,4777.777777777777,4837.5,0.0,633064.5808131744,200,650.0,0.3076923076923077,30.76923076923077,4.9,14.4,61.199999999999996,1.0,61.199999999999996,200,Fiber dosage is calculated in Module 2; total fiber mass is calculated in Module 4 LCA.
FRC,12,6,,,19.0,9.5,100.0,#57 stone,150.0,26.174982388104926,5.499039842323396,5.136027579968186,481.21635365065237,34.647577462846975,,,,,,46.8,0.5346848373896138,0.7403328517702346,,,45000.0,41000.0,86000.0,1592.5925925925926,3185.185185185185,,,,,,,,,,,,,,,,,,True,Wheel-load demand is below plain concrete cracking moment; fiber residual capacity provides additional reserve.,one complete CE 519 pavement project,TRACI 2.1 / climate change,Global warming / climate change,kg CO2-eq,False,1592.5925925925926,1217.6244034814815,3225.0,3185.185185185185,4300.0,0.0,6.4,10192.592592592593,4623.282230518519,0.6725721784776904,19.783402429809907,19.783402429809907,236.01821611787162,19.339370575837112,255.35758669370873,0.0,2169.0452755905512,85068.63044818261,63801.47283613695,0.0,0.0,0.0,0.0,151039.14855991013,565370.3703703703,21500.0,0.0,14239.70926999704,25676.655255184724,4777.777777777777,4837.5,0.0,636402.0126733299,250,650.0,0.38461538461538464,38.46153846153847,6.4,18.0,64.8,1.0,64.8,250,Fiber dosage is calculated in Module 2; total fiber mass is calculated in Module 4 LCA.
FRC,12,6,,,19.0,9.5,100.0,#57 stone,150.0,26.174982388104926,5.499039842323396,5.136027579968186,481.21635365065237,34.647577462846975,,,,,,46.8,0.5065435301585814,0.7403328517702346,,,45000.0,41000.0,86000.0,1592.5925925925926,3185.185185185185,,,,,,,,,,,,,,,,,,True,Wheel-load demand is below plain concrete cracking moment; fiber residual capacity provides additional reserve.,one complete CE 519 pavement project,TRACI 2.1 / climate change,Global warming / climate change,kg CO2-eq,False,1592.5925925925926,1217.6244034814815,3225.0,3185.185185185185,4300.0,0.0,7.9,12581.481481481482,5706.864003296297,0.6725721784776904,19.783402429809907,19.783402429809907,236.01821611787162,19.339370575837112,255.35758669370873,0.0,2169.0452755905512,85068.63044818261,63801.47283613695,0.0,0.0,0.0,0.0,151039.14855991013,565370.3703703703,21500.0,0.0,17577.141130152595,25676.655255184724,4777.777777777777,4837.5,0.0,639739.4445334855,300,650.0,0.46153846153846156,46.15384615384615,7.9,21.6,68.4,1.0,68.4,300,Fiber dosage is calculated in Module 2; total fiber mass is calculated in Module 4 LCA.
FRC,12,6,,,19.0,9.5,100.0,#57 stone,150.0,26.174982388104926,5.499039842323396,5.136027579968186,481.21635365065237,34.647577462846975,,,,,,46.8,0.4812163536506524,0.7403328517702346,,,45000.0,41000.0,86000.0,1592.5925925925926,3185.185185185185,,,,,,,,,,,,,,,,,,True,Wheel-load demand is below plain concrete cracking moment; fiber residual capacity provides additional reserve.,one complete CE 519 pavement project,TRACI 2.1 / climate change,Global warming / climate change,kg CO2-eq,False,1592.5925925925926,1217.6244034814815,3225.0,3185.185185185185,4300.0,0.0,9.4,14970.37037037037,6790.445776074074,0.6725721784776904,19.783402429809907,19.783402429809907,236.01821611787162,19.339370575837112,255.35758669370873,0.0,2169.0452755905512,85068.63044818261,63801.47283613695,0.0,0.0,0.0,0.0,151039.14855991013,565370.3703703703,21500.0,0.0,20914.57299030815,25676.655255184724,4777.777777777777,4837.5,0.0,643076.876393641,350,650.0,0.5384615384615384,53.84615384615385,9.4,25.2,72.0,1.0,72.0,350,Fiber dosage is calculated in Module 2; total fiber mass is calculated in Module 4 LCA.
FRC,12,6,,,19.0,9.5,100.0,#57 stone,150.0,26.174982388104926,5.499039842323396,5.136027579968186,481.21635365065237,34.647577462846975,,,,,,46.8,0.4583012891910976,0.7403328517702346,,,45000.0,41000.0,86000.0,1592.5925925925926,3185.185185185185,,,,,,,,,,,,,,,,,,True,Wheel-load demand is below plain concrete cracking moment; fiber residual capacity provides additional reserve.,one complete CE 519 pavement project,TRACI 2.1 / climate change,Global warming / climate change,kg CO2-eq,False,1592.5925925925926,1217.6244034814815,3225.0,3185.185185185185,4300.0,0.0,10.9,17359.25925925926,7874.027548851852,0.6725721784776904,19.783402429809907,19.783402429809907,236.01821611787162,19.339370575837112,255.35758669370873,0.0,2169.0452755905512,85068.63044818261,63801.47283613695,0.0,0.0,0.0,0.0,151039.14855991013,565370.3703703703,21500.0,0.0,24252.004850463705,25676.655255184724,4777.777777777777,4837.5,0.0,646414.3082537965,400,650.0,0.6153846153846154,61.53846153846154,10.9,28.8,75.6,1.0,75.6,400,Fiber dosage is calculated in Module 2; total fiber mass is calculated in Module 4 LCA.
FRC,12,8,,,19.0,9.5,100.0,#57 stone,150.0,32.47808772970976,5.499039842323396,5.201089693986001,300.65170917264993,38.48341877409919,,,,,,83.2,0.40086894556353325,0.46254109103484603,,,45000.0,41000.0,86000.0,2123.456790123457,3185.185185185185,,,,,,,,,,,,,,,,,,True,Wheel-load demand is below plain concrete cracking moment; fiber residual capacity provides additional reserve.,one complete CE 519 pavement project,TRACI 2.1 / climate change,Global warming / climate change,kg CO2-eq,False,2123.456790123457,1623.4992046419754,4300.0,3185.185185185185,4300.0,0.0,3.0,6370.37037037037,2889.5513940740743,0.6725721784776904,19.783402429809907,19.783402429809907,236.01821611787162,19.339370575837112,255.35758669370873,0.0,2892.0603674540685,85068.63044818261,85068.63044818261,0.0,0.0,0.0,0.0,173029.3212638193,753827.1604938272,21500.0,0.0,8899.818293748149,29414.984614849283,6370.37037037037,6450.0,0.0,826462.333772795,100,650.0,0.15384615384615385,15.384615384615385,3.0,12.8,96.0,1.0,96.0,100,Fiber dosage is calculated in Module 2; total fiber mass is calculated in Module 4 LCA.
FRC,12,8,,,19.0,9.5,100.0,#57 stone,150.0,32.47808772970976,5.499039842323396,5.201089693986001,300.65170917264993,38.48341877409919,,,,,,83.2,0.3758146364658124,0.46254109103484603,,,45000.0,41000.0,86000.0,2123.456790123457,3185.185185185185,,,,,,,,,,,,,,,,,,True,Wheel-load demand is below plain concrete cracking moment; fiber residual capacity provides additional reserve.,one complete CE 519 pavement project,TRACI 2.1 / climate change,Global warming / climate change,kg CO2-eq,False,2123.456790123457,1623.4992046419754,4300.0,3185.185185185185,4300.0,0.0,3.4,7219.753086419753,3274.824913283951,0.6725721784776904,19.783402429809907,19.783402429809907,236.01821611787162,19.339370575837112,255.35758669370873,0.0,2892.0603674540685,85068.63044818261,85068.63044818261,0.0,0.0,0.0,0.0,173029.3212638193,753827.1604938272,21500.0,0.0,10086.46073291457,29414.984614849283,6370.37037037037,6450.0,0.0,827648.9762119615,150,650.0,0.23076923076923078,23.076923076923077,3.4,19.2,102.4,1.0,102.4,150,Fiber dosage is calculated in Module 2; total fiber mass is calculated in Module 4 LCA.
FRC,12,8,,,19.0,9.5,100.0,#57 stone,150.0,32.47808772970976,5.499039842323396,5.201089693986001,300.65170917264993,38.48341877409919,,,,,,83.2,0.353707893144294,0.46254109103484603,,,45000.0,41000.0,86000.0,2123.456790123457,3185.185185185185,,,,,,,,,,,,,,,,,,True,Wheel-load demand is below plain concrete cracking moment; fiber residual capacity provides additional reserve.,one complete CE 519 pavement project,TRACI 2.1 / climate change,Global warming / climate change,kg CO2-eq,False,2123.456790123457,1623.4992046419754,4300.0,3185.185185185185,4300.0,0.0,4.9,10404.938271604939,4719.600610320988,0.6725721784776904,19.783402429809907,19.783402429809907,236.01821611787162,19.339370575837112,255.35758669370873,0.0,2892.0603674540685,85068.63044818261,85068.63044818261,0.0,0.0,0.0,0.0,173029.3212638193,753827.1604938272,21500.0,0.0,14536.369879788645,29414.984614849283,6370.37037037037,6450.0,0.0,832098.8853588355,200,650.0,0.3076923076923077,30.76923076923077,4.9,25.6,108.80000000000001,1.0,108.80000000000001,200,Fiber dosage is calculated in Module 2; total fiber mass is calculated in Module 4 LCA.
FRC,12,8,,,19.0,9.5,100.0,#57 stone,150.0,32.47808772970976,5.499039842323396,5.201089693986001,300.65170917264993,38.48341877409919,,,,,,83.2,0.33405745463627773,0.46254109103484603,,,45000.0,41000.0,86000.0,2123.456790123457,3185.185185185185,,,,,,,,,,,,,,,,,,True,Wheel-load demand is below plain concrete cracking moment; fiber residual capacity provides additional reserve.,one complete CE 519 pavement project,TRACI 2.1 / climate change,Global warming / climate change,kg CO2-eq,False,2123.456790123457,1623.4992046419754,4300.0,3185.185185185185,4300.0,0.0,6.4,13590.123456790125,6164.376307358026,0.6725721784776904,19.783402429809907,19.783402429809907,236.01821611787162,19.339370575837112,255.35758669370873,0.0,2892.0603674540685,85068.63044818261,85068.63044818261,0.0,0.0,0.0,0.0,173029.3212638193,753827.1604938272,21500.0,0.0,18986.27902666272,29414.984614849283,6370.37037037037,6450.0,0.0,836548.7945057095,250,650.0,0.38461538461538464,38.46153846153847,6.4,32.0,115.2,1.0,115.2,250,Fiber dosage is calculated in Module 2; total fiber mass is calculated in Module 4 LCA.
FRC,12,8,,,19.0,9.5,100.0,#57 stone,150.0,32.47808772970976,5.499039842323396,5.201089693986001,300.65170917264993,38.48341877409919,,,,,,83.2,0.31647548333963155,0.46254109103484603,,,45000.0,41000.0,86000.0,2123.456790123457,3185.185185185185,,,,,,,,,,,,,,,,,,True,Wheel-load demand is below plain concrete cracking moment; fiber residual capacity provides additional reserve.,one complete CE 519 pavement project,TRACI 2.1 / climate change,Global warming / climate change,kg CO2-eq,False,2123.456790123457,1623.4992046419754,4300.0,3185.185185185185,4300.0,0.0,7.9,16775.30864197531,7609.152004395062,0.6725721784776904,19.783402429809907,19.783402429809907,236.01821611787162,19.339370575837112,255.35758669370873,0.0,2892.0603674540685,85068.63044818261,85068.63044818261,0.0,0.0,0.0,0.0,173029.3212638193,753827.1604938272,21500.0,0.0,23436.188173536793,29414.984614849283,6370.37037037037,6450.0,0.0,840998.7036525836,300,650.0,0.46153846153846156,46.15384615384615,7.9,38.4,121.6,1.0,121.6,300,Fiber dosage is calculated in Module 2; total fiber mass is calculated in Module 4 LCA.
FRC,12,8,,,19.0,9.5,100.0,#57 stone,150.0,32.47808772970976,5.499039842323396,5.201089693986001,300.65170917264993,38.48341877409919,,,,,,83.2,0.30065170917264994,0.46254109103484603,,,45000.0,41000.0,86000.0,2123.456790123457,3185.185185185185,,,,,,,,,,,,,,,,,,True,Wheel-load demand is below plain concrete cracking moment; fiber residual capacity provides additional reserve.,one complete CE 519 pavement project,TRACI 2.1 / climate change,Global warming / climate change,kg CO2-eq,False,2123.456790123457,1623.4992046419754,4300.0,3185.185185185185,4300.0,0.0,9.4,19960.493827160495,9053.9277014321,0.6725721784776904,19.783402429809907,19.783402429809907,236.01821611787162,19.339370575837112,255.35758669370873,0.0,2892.0603674540685,85068.63044818261,85068.63044818261,0.0,0.0,0.0,0.0,173029.3212638193,753827.1604938272,21500.0,0.0,27886.097320410867,29414.984614849283,6370.37037037037,6450.0,0.0,845448.6127994577,350,650.0,0.5384615384615384,53.84615384615385,9.4,44.8,128.0,1.0,128.0,350,Fiber dosage is calculated in Module 2; total fiber mass is calculated in Module 4 LCA.
FRC,12,8,,,19.0,9.5,100.0,#57 stone,150.0,32.47808772970976,5.499039842323396,5.201089693986001,300.65170917264993,38.48341877409919,,,,,,83.2,0.28633496111680945,0.46254109103484603,,,45000.0,41000.0,86000.0,2123.456790123457,3185.185185185185,,,,,,,,,,,,,,,,,,True,Wheel-load demand is below plain concrete cracking moment; fiber residual capacity provides additional reserve.,one complete CE 519 pavement project,TRACI 2.1 / climate change,Global warming / climate change,kg CO2-eq,False,2123.456790123457,1623.4992046419754,4300.0,3185.185185185185,4300.0,0.0,10.9,23145.67901234568,10498.703398469137,0.6725721784776904,19.783402429809907,19.783402429809907,236.01821611787162,19.339370575837112,255.35758669370873,0.0,2892.0603674540685,85068.63044818261,85068.63044818261,0.0,0.0,0.0,0.0,173029.3212638193,753827.1604938272,21500.0,0.0,32336.006467284944,29414.984614849283,6370.37037037037,6450.0,0.0,849898.5219463318,400,650.0,0.6153846153846154,61.53846153846154,10.9,51.2,134.4,1.0,134.4,400,Fiber dosage is calculated in Module 2; total fiber mass is calculated in Module 4 LCA.
FRC,12,10,,,19.0,9.5,100.0,#57 stone,150.0,38.39484868355252,5.499039842323396,5.431260308356283,204.12763231729474,40.82552646345895,,,,,,130.0,0.2721701764230597,0.31404251125737653,,,45000.0,41000.0,86000.0,2654.320987654321,3185.185185185185,,,,,,,,,,,,,,,,,,True,Wheel-load demand is below plain concrete cracking moment; fiber residual capacity provides additional reserve.,one complete CE 519 pavement project,TRACI 2.1 / climate change,Global warming / climate change,kg CO2-eq,False,2654.320987654321,2029.3740058024691,5375.0,3185.185185185185,4300.0,0.0,3.0,7962.9629629629635,3611.939242592593,0.6725721784776904,19.783402429809907,19.783402429809907,236.01821611787162,19.339370575837112,255.35758669370873,0.0,3615.0754593175857,85068.63044818261,106335.78806022825,0.0,0.0,0.0,0.0,195019.49396772846,942283.9506172839,21500.0,0.0,11124.772867185187,33153.31397451384,7962.9629629629635,8062.5,0.0,1024087.5004219458,100,650.0,0.15384615384615385,15.384615384615385,3.0,20.0,150.0,1.0,150.0,100,Fiber dosage is calculated in Module 2; total fiber mass is calculated in Module 4 LCA.
FRC,12,10,,,19.0,9.5,100.0,#57 stone,150.0,38.39484868355252,5.499039842323396,5.431260308356283,204.12763231729474,40.82552646345895,,,,,,130.0,0.2551595403966184,0.31404251125737653,,,45000.0,41000.0,86000.0,2654.320987654321,3185.185185185185,,,,,,,,,,,,,,,,,,True,Wheel-load demand is below plain concrete cracking moment; fiber residual capacity provides additional reserve.,one complete CE 519 pavement project,TRACI 2.1 / climate change,Global warming / climate change,kg CO2-eq,False,2654.320987654321,2029.3740058024691,5375.0,3185.185185185185,4300.0,0.0,3.4,9024.691358024691,4093.5311416049385,0.6725721784776904,19.783402429809907,19.783402429809907,236.01821611787162,19.339370575837112,255.35758669370873,0.0,3615.0754593175857,85068.63044818261,106335.78806022825,0.0,0.0,0.0,0.0,195019.49396772846,942283.9506172839,21500.0,0.0,12608.07591614321,33153.31397451384,7962.9629629629635,8062.5,0.0,1025570.8034709039,150,650.0,0.23076923076923078,23.076923076923077,3.4,30.0,160.0,1.0,160.0,150,Fiber dosage is calculated in Module 2; total fiber mass is calculated in Module 4 LCA.
FRC,12,10,,,19.0,9.5,100.0,#57 stone,150.0,38.39484868355252,5.499039842323396,5.431260308356283,204.12763231729474,40.82552646345895,,,,,,130.0,0.24015015566740558,0.31404251125737653,,,45000.0,41000.0,86000.0,2654.320987654321,3185.185185185185,,,,,,,,,,,,,,,,,,True,Wheel-load demand is below plain concrete cracking moment; fiber residual capacity provides additional reserve.,one complete CE 519 pavement project,TRACI 2.1 / climate change,Global warming / climate change,kg CO2-eq,False,2654.320987654321,2029.3740058024691,5375.0,3185.185185185185,4300.0,0.0,4.9,13006.172839506175,5899.500762901235,0.6725721784776904,19.783402429809907,19.783402429809907,236.01821611787162,19.339370575837112,255.35758669370873,0.0,3615.0754593175857,85068.63044818261,106335.78806022825,0.0,0.0,0.0,0.0,195019.49396772846,942283.9506172839,21500.0,0.0,18170.462349735804,33153.31397451384,7962.9629629629635,8062.5,0.0,1031133.1899044964,200,650.0,0.3076923076923077,30.76923076923077,4.9,40.0,170.0,1.0,170.0,200,Fiber dosage is calculated in Module 2; total fiber mass is calculated in Module 4 LCA.
FRC,12,10,,,19.0,9.5,100.0,#57 stone,150.0,38.39484868355252,5.499039842323396,5.431260308356283,204.12763231729474,40.82552646345895,,,,,,130.0,0.22680848035254972,0.31404251125737653,,,45000.0,41000.0,86000.0,2654.320987654321,3185.185185185185,,,,,,,,,,,,,,,,,,True,Wheel-load demand is below plain concrete cracking moment; fiber residual capacity provides additional reserve.,one complete CE 519 pavement project,TRACI 2.1 / climate change,Global warming / climate change,kg CO2-eq,False,2654.320987654321,2029.3740058024691,5375.0,3185.185185185185,4300.0,0.0,6.4,16987.654320987655,7705.4703841975315,0.6725721784776904,19.783402429809907,19.783402429809907,236.01821611787162,19.339370575837112,255.35758669370873,0.0,3615.0754593175857,85068.63044818261,106335.78806022825,0.0,0.0,0.0,0.0,195019.49396772846,942283.9506172839,21500.0,0.0,23732.848783328398,33153.31397451384,7962.9629629629635,8062.5,0.0,1036695.5763380891,250,650.0,0.38461538461538464,38.46153846153847,6.4,50.0,180.0,1.0,180.0,250,Fiber dosage is calculated in Module 2; total fiber mass is calculated in Module 4 LCA.
FRC,12,10,,,19.0,9.5,100.0,#57 stone,150.0,38.39484868355252,5.499039842323396,5.431260308356283,204.12763231729474,40.82552646345895,,,,,,130.0,0.21487119191294185,0.31404251125737653,,,45000.0,41000.0,86000.0,2654.320987654321,3185.185185185185,,,,,,,,,,,,,,,,,,True,Wheel-load demand is below plain concrete cracking moment; fiber residual capacity provides additional reserve.,one complete CE 519 pavement project,TRACI 2.1 / climate change,Global warming / climate change,kg CO2-eq,False,2654.320987654321,2029.3740058024691,5375.0,3185.185185185185,4300.0,0.0,7.9,20969.135802469136,9511.440005493829,0.6725721784776904,19.783402429809907,19.783402429809907,236.01821611787162,19.339370575837112,255.35758669370873,0.0,3615.0754593175857,85068.63044818261,106335.78806022825,0.0,0.0,0.0,0.0,195019.49396772846,942283.9506172839,21500.0,0.0,29295.23521692099,33153.31397451384,7962.9629629629635,8062.5,0.0,1042257.9627716816,300,650.0,0.46153846153846156,46.15384615384615,7.9,60.0,190.0,1.0,190.0,300,Fiber dosage is calculated in Module 2; total fiber mass is calculated in Module 4 LCA.
FRC,12,10,,,19.0,9.5,100.0,#57 stone,150.0,38.39484868355252,5.499039842323396,5.431260308356283,204.12763231729474,40.82552646345895,,,,,,130.0,0.20412763231729475,0.31404251125737653,,,45000.0,41000.0,86000.0,2654.320987654321,3185.185185185185,,,,,,,,,,,,,,,,,,True,Wheel-load demand is below plain concrete cracking moment; fiber residual capacity provides additional reserve.,one complete CE 519 pavement project,TRACI 2.1 / climate change,Global warming / climate change,kg CO2-eq,False,2654.320987654321,2029.3740058024691,5375.0,3185.185185185185,4300.0,0.0,9.4,24950.617283950618,11317.409626790124,0.6725721784776904,19.783402429809907,19.783402429809907,236.01821611787162,19.339370575837112,255.35758669370873,0.0,3615.0754593175857,85068.63044818261,106335.78806022825,0.0,0.0,0.0,0.0,195019.49396772846,942283.9506172839,21500.0,0.0,34857.62165051358,33153.31397451384,7962.9629629629635,8062.5,0.0,1047820.3492052743,350,650.0,0.5384615384615384,53.84615384615385,9.4,70.0,200.0,1.0,200.0,350,Fiber dosage is calculated in Module 2; total fiber mass is calculated in Module 4 LCA.
FRC,12,10,,,19.0,9.5,100.0,#57 stone,150.0,38.39484868355252,5.499039842323396,5.431260308356283,204.12763231729474,40.82552646345895,,,,,,130.0,0.19440726887361404,0.31404251125737653,,,45000.0,41000.0,86000.0,2654.320987654321,3185.185185185185,,,,,,,,,,,,,,,,,,True,Wheel-load demand is below plain concrete cracking moment; fiber residual capacity provides additional reserve.,one complete CE 519 pavement project,TRACI 2.1 / climate change,Global warming / climate change,kg CO2-eq,False,2654.320987654321,2029.3740058024691,5375.0,3185.185185185185,4300.0,0.0,10.9,28932.0987654321,13123.379248086421,0.6725721784776904,19.783402429809907,19.783402429809907,236.01821611787162,19.339370575837112,255.35758669370873,0.0,3615.0754593175857,85068.63044818261,106335.78806022825,0.0,0.0,0.0,0.0,195019.49396772846,942283.9506172839,21500.0,0.0,40420.00808410618,33153.31397451384,7962.9629629629635,8062.5,0.0,1053382.7356388667,400,650.0,0.6153846153846154,61.53846153846154,10.9,80.0,210.0,1.0,210.0,400,Fiber dosage is calculated in Module 2; total fiber mass is calculated in Module 4 LCA.
FRC,12,12,,,19.0,9.5,100.0,#57 stone,150.0,44.02089771897309,5.499039842323396,5.77022359949313,146.75064207414266,42.264184917353084,,,,,,187.2,0.19566752276552354,0.2257702185756041,,,45000.0,41000.0,86000.0,3185.185185185185,3185.185185185185,,,,,,,,,,,,,,,,,,True,Wheel-load demand is below plain concrete cracking moment; fiber residual capacity provides additional reserve.,one complete CE 519 pavement project,TRACI 2.1 / climate change,Global warming / climate change,kg CO2-eq,False,3185.185185185185,2435.248806962963,6450.0,3185.185185185185,4300.0,0.0,3.0,9555.555555555555,4334.327091111111,0.6725721784776904,19.783402429809907,19.783402429809907,236.01821611787162,19.339370575837112,255.35758669370873,0.0,4338.0905511811025,85068.63044818261,127602.9456722739,0.0,0.0,0.0,0.0,217009.66667163762,1130740.7407407407,21500.0,0.0,13349.727440622222,36891.6433341784,9555.555555555555,9675.0,0.0,1221712.6670710968,100,650.0,0.15384615384615385,15.384615384615385,3.0,28.8,216.0,1.0,216.0,100,Fiber dosage is calculated in Module 2; total fiber mass is calculated in Module 4 LCA.
FRC,12,12,,,19.0,9.5,100.0,#57 stone,150.0,44.02089771897309,5.499039842323396,5.77022359949313,146.75064207414266,42.264184917353084,,,,,,187.2,0.18343830259267835,0.2257702185756041,,,45000.0,41000.0,86000.0,3185.185185185185,3185.185185185185,,,,,,,,,,,,,,,,,,True,Wheel-load demand is below plain concrete cracking moment; fiber residual capacity provides additional reserve.,one complete CE 519 pavement project,TRACI 2.1 / climate change,Global warming / climate change,kg CO2-eq,False,3185.185185185185,2435.248806962963,6450.0,3185.185185185185,4300.0,0.0,3.4,10829.62962962963,4912.237369925926,0.6725721784776904,19.783402429809907,19.783402429809907,236.01821611787162,19.339370575837112,255.35758669370873,0.0,4338.0905511811025,85068.63044818261,127602.9456722739,0.0,0.0,0.0,0.0,217009.66667163762,1130740.7407407407,21500.0,0.0,15129.691099371852,36891.6433341784,9555.555555555555,9675.0,0.0,1223492.6307298464,150,650.0,0.23076923076923078,23.076923076923077,3.4,43.2,230.39999999999998,1.0,230.39999999999998,150,Fiber dosage is calculated in Module 2; total fiber mass is calculated in Module 4 LCA.
FRC,12,12,,,19.0,9.5,100.0,#57 stone,150.0,44.02089771897309,5.499039842323396,5.77022359949313,146.75064207414266,42.264184917353084,,,,,,187.2,0.1726478142048737,0.2257702185756041,,,45000.0,41000.0,86000.0,3185.185185185185,3185.185185185185,,,,,,,,,,,,,,,,,,True,Wheel-load demand is below plain concrete cracking moment; fiber residual capacity provides additional reserve.,one complete CE 519 pavement project,TRACI 2.1 / climate change,Global warming / climate change,kg CO2-eq,False,3185.185185185185,2435.248806962963,6450.0,3185.185185185185,4300.0,0.0,4.9,15607.407407407409,7079.400915481482,0.6725721784776904,19.783402429809907,19.783402429809907,236.01821611787162,19.339370575837112,255.35758669370873,0.0,4338.0905511811025,85068.63044818261,127602.9456722739,0.0,0.0,0.0,0.0,217009.66667163762,1130740.7407407407,21500.0,0.0,21804.554819682966,36891.6433341784,9555.555555555555,9675.0,0.0,1230167.4944501577,200,650.0,0.3076923076923077,30.76923076923077,4.9,57.6,244.79999999999998,1.0,244.79999999999998,200,Fiber dosage is calculated in Module 2; total fiber mass is calculated in Module 4 LCA.
FRC,12,12,,,19.0,9.5,100.0,#57 stone,150.0,44.02089771897309,5.499039842323396,5.77022359949313,146.75064207414266,42.264184917353084,,,,,,187.2,0.16305626897126962,0.2257702185756041,,,45000.0,41000.0,86000.0,3185.185185185185,3185.185185185185,,,,,,,,,,,,,,,,,,True,Wheel-load demand is below plain concrete cracking moment; fiber residual capacity provides additional reserve.,one complete CE 519 pavement project,TRACI 2.1 / climate change,Global warming / climate change,kg CO2-eq,False,3185.185185185185,2435.248806962963,6450.0,3185.185185185185,4300.0,0.0,6.4,20385.185185185186,9246.564461037038,0.6725721784776904,19.783402429809907,19.783402429809907,236.01821611787162,19.339370575837112,255.35758669370873,0.0,4338.0905511811025,85068.63044818261,127602.9456722739,0.0,0.0,0.0,0.0,217009.66667163762,1130740.7407407407,21500.0,0.0,28479.41853999408,36891.6433341784,9555.555555555555,9675.0,0.0,1236842.3581704688,250,650.0,0.38461538461538464,38.46153846153847,6.4,72.0,259.2,1.0,259.2,250,Fiber dosage is calculated in Module 2; total fiber mass is calculated in Module 4 LCA.
FRC,12,12,,,19.0,9.5,100.0,#57 stone,150.0,44.02089771897309,5.499039842323396,5.77022359949313,146.75064207414266,42.264184917353084,,,,,,187.2,0.15447436007804488,0.2257702185756041,,,45000.0,41000.0,86000.0,3185.185185185185,3185.185185185185,,,,,,,,,,,,,,,,,,True,Wheel-load demand is below plain concrete cracking moment; fiber residual capacity provides additional reserve.,one complete CE 519 pavement project,TRACI 2.1 / climate change,Global warming / climate change,kg CO2-eq,False,3185.185185185185,2435.248806962963,6450.0,3185.185185185185,4300.0,0.0,7.9,25162.962962962964,11413.728006592593,0.6725721784776904,19.783402429809907,19.783402429809907,236.01821611787162,19.339370575837112,255.35758669370873,0.0,4338.0905511811025,85068.63044818261,127602.9456722739,0.0,0.0,0.0,0.0,217009.66667163762,1130740.7407407407,21500.0,0.0,35154.28226030519,36891.6433341784,9555.555555555555,9675.0,0.0,1243517.22189078,300,650.0,0.46153846153846156,46.15384615384615,7.9,86.4,273.6,1.0,273.6,300,Fiber dosage is calculated in Module 2; total fiber mass is calculated in Module 4 LCA.
FRC,12,12,,,19.0,9.5,100.0,#57 stone,150.0,44.02089771897309,5.499039842323396,5.77022359949313,146.75064207414266,42.264184917353084,,,,,,187.2,0.14675064207414265,0.2257702185756041,,,45000.0,41000.0,86000.0,3185.185185185185,3185.185185185185,,,,,,,,,,,,,,,,,,True,Wheel-load demand is below plain concrete cracking moment; fiber residual capacity provides additional reserve.,one complete CE 519 pavement project,TRACI 2.1 / climate change,Global warming / climate change,kg CO2-eq,False,3185.185185185185,2435.248806962963,6450.0,3185.185185185185,4300.0,0.0,9.4,29940.74074074074,13580.891552148149,0.6725721784776904,19.783402429809907,19.783402429809907,236.01821611787162,19.339370575837112,255.35758669370873,0.0,4338.0905511811025,85068.63044818261,127602.9456722739,0.0,0.0,0.0,0.0,217009.66667163762,1130740.7407407407,21500.0,0.0,41829.1459806163,36891.6433341784,9555.555555555555,9675.0,0.0,1250192.085611091,350,650.0,0.5384615384615384,53.84615384615385,9.4,100.8,288.0,1.0,288.0,350,Fiber dosage is calculated in Module 2; total fiber mass is calculated in Module 4 LCA.
FRC,12,12,,,19.0,9.5,100.0,#57 stone,150.0,44.02089771897309,5.499039842323396,5.77022359949313,146.75064207414266,42.264184917353084,,,,,,187.2,0.13976251626108827,0.2257702185756041,,,45000.0,41000.0,86000.0,3185.185185185185,3185.185185185185,,,,,,,,,,,,,,,,,,True,Wheel-load demand is below plain concrete cracking moment; fiber residual capacity provides additional reserve.,one complete CE 519 pavement project,TRACI 2.1 / climate change,Global warming / climate change,kg CO2-eq,False,3185.185185185185,2435.248806962963,6450.0,3185.185185185185,4300.0,0.0,10.9,34718.51851851852,15748.055097703704,0.6725721784776904,19.783402429809907,19.783402429809907,236.01821611787162,19.339370575837112,255.35758669370873,0.0,4338.0905511811025,85068.63044818261,127602.9456722739,0.0,0.0,0.0,0.0,217009.66667163762,1130740.7407407407,21500.0,0.0,48504.00970092741,36891.6433341784,9555.555555555555,9675.0,0.0,1256866.949331402,400,650.0,0.6153846153846154,61.53846153846154,10.9,115.2,302.4,1.0,302.4,400,Fiber dosage is calculated in Module 2; total fiber mass is calculated in Module 4 LCA.
