alternative_id,output,parameter,spearman_rho,abs_spearman_rho
1,total_present_worth,concrete_unit_cost,0.6894341410525097,0.6894341410525097
1,total_present_worth,stone_57_unit_cost,0.16288086233584034,0.16288086233584034
1,total_present_worth,rebar_unit_cost,0.6641059428954346,0.6641059428954346
1,total_present_worth,fiber_unit_cost,0.003230863070828346,0.003230863070828346
1,total_present_worth,demolition_cost,0.040871602698364644,0.040871602698364644
1,total_present_worth,crushing_cost,0.03634178971357672,0.03634178971357672
1,total_present_worth,recycled_aggregate_credit,-0.022500809334312324,0.022500809334312324
1,total_present_worth,discount_rate,-0.17275815533574712,0.17275815533574712
1,gwp_total_project_kgco2e,concrete_gwp_factor,0.9843087039678036,0.9843087039678036
1,gwp_total_project_kgco2e,stone_57_gwp_factor,0.015059549651207822,0.015059549651207822
1,gwp_total_project_kgco2e,rebar_gwp_factor,0.16739965470878387,0.16739965470878387
1,gwp_total_project_kgco2e,trucking_gwp_factor,0.04032447306019379,0.04032447306019379
1,gwp_total_project_kgco2e,demolition_gwp_factor,0.022059030196503612,0.022059030196503612
1,gwp_total_project_kgco2e,crushing_gwp_factor,0.02497694355264678,0.02497694355264678
1,demand_capacity_ratio_k,subgrade_k_pci,-1.0,1.0
2,total_present_worth,concrete_unit_cost,0.7757196340955679,0.7757196340955679
2,total_present_worth,stone_57_unit_cost,0.1799984787387834,0.1799984787387834
2,total_present_worth,rebar_unit_cost,0.5483102501592602,0.5483102501592602
2,total_present_worth,fiber_unit_cost,0.0026106616699082645,0.0026106616699082645
2,total_present_worth,demolition_cost,0.045399464113647786,0.045399464113647786
2,total_present_worth,crushing_cost,0.03937846641898339,0.03937846641898339
2,total_present_worth,recycled_aggregate_credit,-0.02727247131884499,0.02727247131884499
2,total_present_worth,discount_rate,-0.19163934619945047,0.19163934619945047
2,gwp_total_project_kgco2e,concrete_gwp_factor,0.9905834818069855,0.9905834818069855
2,gwp_total_project_kgco2e,stone_57_gwp_factor,0.01508379779816152,0.01508379779816152
2,gwp_total_project_kgco2e,rebar_gwp_factor,0.1285029291694492,0.1285029291694492
2,gwp_total_project_kgco2e,trucking_gwp_factor,0.03847631490012653,0.03847631490012653
2,gwp_total_project_kgco2e,demolition_gwp_factor,0.02217406362906163,0.02217406362906163
2,gwp_total_project_kgco2e,crushing_gwp_factor,0.02532222151300889,0.02532222151300889
2,demand_capacity_ratio_k,subgrade_k_pci,-1.0,1.0
3,total_present_worth,concrete_unit_cost,0.5225767999875267,0.5225767999875267
3,total_present_worth,stone_57_unit_cost,0.12700756233246702,0.12700756233246702
3,total_present_worth,rebar_unit_cost,0.8219487498749555,0.8219487498749555
3,total_present_worth,fiber_unit_cost,0.004252357983236943,0.004252357983236943
3,total_present_worth,demolition_cost,0.031617804636455124,0.031617804636455124
3,total_present_worth,crushing_cost,0.02964532334059413,0.02964532334059413
3,total_present_worth,recycled_aggregate_credit,-0.013525394914114159,0.013525394914114159
3,total_present_worth,discount_rate,-0.13345898874600326,0.13345898874600326
3,gwp_total_project_kgco2e,concrete_gwp_factor,0.9639852184930181,0.9639852184930181
3,gwp_total_project_kgco2e,stone_57_gwp_factor,0.014958354133855344,0.014958354133855344
3,gwp_total_project_kgco2e,rebar_gwp_factor,0.2537309856135564,0.2537309856135564
3,gwp_total_project_kgco2e,trucking_gwp_factor,0.04421487771371795,0.04421487771371795
3,gwp_total_project_kgco2e,demolition_gwp_factor,0.02170361512976945,0.02170361512976945
3,gwp_total_project_kgco2e,crushing_gwp_factor,0.024063378316729354,0.024063378316729354
3,demand_capacity_ratio_k,subgrade_k_pci,-1.0,1.0
4,total_present_worth,concrete_unit_cost,0.6297785764601355,0.6297785764601355
4,total_present_worth,stone_57_unit_cost,0.150524963771058,0.150524963771058
4,total_present_worth,rebar_unit_cost,0.7285391328594797,0.7285391328594797
4,total_present_worth,fiber_unit_cost,0.0035938180140455277,0.0035938180140455277
4,total_present_worth,demolition_cost,0.03765011049781205,0.03765011049781205
4,total_present_worth,crushing_cost,0.03407857887148743,0.03407857887148743
4,total_present_worth,recycled_aggregate_credit,-0.01926227103919291,0.01926227103919291
4,total_present_worth,discount_rate,-0.15921713632403414,0.15921713632403414
4,gwp_total_project_kgco2e,concrete_gwp_factor,0.9787249619396181,0.9787249619396181
4,gwp_total_project_kgco2e,stone_57_gwp_factor,0.015026051306554421,0.015026051306554421
4,gwp_total_project_kgco2e,rebar_gwp_factor,0.19526339205336937,0.19526339205336937
4,gwp_total_project_kgco2e,trucking_gwp_factor,0.04160757797369904,0.04160757797369904
4,gwp_total_project_kgco2e,demolition_gwp_factor,0.021962580760849035,0.021962580760849035
4,gwp_total_project_kgco2e,crushing_gwp_factor,0.024702901930457162,0.024702901930457162
4,demand_capacity_ratio_k,subgrade_k_pci,-1.0,1.0
5,total_present_worth,concrete_unit_cost,0.7077170421364629,0.7077170421364629
5,total_present_worth,stone_57_unit_cost,0.1665579744578872,0.1665579744578872
5,total_present_worth,rebar_unit_cost,0.6421344696551579,0.6421344696551579
5,total_present_worth,fiber_unit_cost,0.003115000097662,0.003115000097662
5,total_present_worth,demolition_cost,0.041843138666241265,0.041843138666241265
5,total_present_worth,crushing_cost,0.037000528790896214,0.037000528790896214
5,total_present_worth,recycled_aggregate_credit,-0.023502309304888926,0.023502309304888926
5,total_present_worth,discount_rate,-0.17679565862694532,0.17679565862694532
5,gwp_total_project_kgco2e,concrete_gwp_factor,0.9857857264076583,0.9857857264076583
5,gwp_total_project_kgco2e,stone_57_gwp_factor,0.015067445271914979,0.015067445271914979
5,gwp_total_project_kgco2e,rebar_gwp_factor,0.15915599317940643,0.15915599317940643
5,gwp_total_project_kgco2e,trucking_gwp_factor,0.03993210788461285,0.03993210788461285
5,gwp_total_project_kgco2e,demolition_gwp_factor,0.022086034747394418,0.022086034747394418
5,gwp_total_project_kgco2e,crushing_gwp_factor,0.02505357227485343,0.02505357227485343
5,demand_capacity_ratio_k,subgrade_k_pci,-1.0,1.0
6,total_present_worth,concrete_unit_cost,0.7620639365407936,0.7620639365407936
6,total_present_worth,stone_57_unit_cost,0.17731359949985345,0.17731359949985345
6,total_present_worth,rebar_unit_cost,0.5689510284096605,0.5689510284096605
6,total_present_worth,fiber_unit_cost,0.0027318202317487285,0.0027318202317487285
6,total_present_worth,demolition_cost,0.04469054387723622,0.04469054387723622
6,total_present_worth,crushing_cost,0.03891370872750149,0.03891370872750149
6,total_present_worth,recycled_aggregate_credit,-0.026500300450408125,0.026500300450408125
6,total_present_worth,discount_rate,-0.18866968776500198,0.18866968776500198
6,gwp_total_project_kgco2e,concrete_gwp_factor,0.9896944383284859,0.9896944383284859
6,gwp_total_project_kgco2e,stone_57_gwp_factor,0.015077593545295037,0.015077593545295037
6,gwp_total_project_kgco2e,rebar_gwp_factor,0.13474615877149848,0.13474615877149848
6,gwp_total_project_kgco2e,trucking_gwp_factor,0.03877482457742993,0.03877482457742993
6,gwp_total_project_kgco2e,demolition_gwp_factor,0.02216152918764861,0.02216152918764861
6,gwp_total_project_kgco2e,crushing_gwp_factor,0.025267602584187043,0.025267602584187043
6,demand_capacity_ratio_k,subgrade_k_pci,-1.0,1.0
7,total_present_worth,concrete_unit_cost,0.39630359595746545,0.39630359595746545
7,total_present_worth,stone_57_unit_cost,0.09790086184357635,0.09790086184357635
7,total_present_worth,rebar_unit_cost,0.9026402029102083,0.9026402029102083
7,total_present_worth,fiber_unit_cost,0.004918180457327272,0.004918180457327272
7,total_present_worth,demolition_cost,0.024298150965719263,0.024298150965719263
7,total_present_worth,crushing_cost,0.024073040328509217,0.024073040328509217
7,total_present_worth,recycled_aggregate_credit,-0.006973502027621401,0.006973502027621401
7,total_present_worth,discount_rate,-0.10159559085056405,0.10159559085056405
7,gwp_total_project_kgco2e,concrete_gwp_factor,0.9302268956806029,0.9302268956806029
7,gwp_total_project_kgco2e,stone_57_gwp_factor,0.014772064194004828,0.014772064194004828
7,gwp_total_project_kgco2e,rebar_gwp_factor,0.3505483782157074,0.3505483782157074
7,gwp_total_project_kgco2e,trucking_gwp_factor,0.048161497268416606,0.048161497268416606
7,gwp_total_project_kgco2e,demolition_gwp_factor,0.021086389780786557,0.021086389780786557
7,gwp_total_project_kgco2e,crushing_gwp_factor,0.022822617605001046,0.022822617605001046
7,demand_capacity_ratio_k,subgrade_k_pci,-1.0,1.0
8,total_present_worth,concrete_unit_cost,0.49403211917975687,0.49403211917975687
8,total_present_worth,stone_57_unit_cost,0.12053129465051653,0.12053129465051653
8,total_present_worth,rebar_unit_cost,0.8427346906590139,0.8427346906590139
8,total_present_worth,fiber_unit_cost,0.0044211189735764485,0.0044211189735764485
8,total_present_worth,demolition_cost,0.02998572326236229,0.02998572326236229
8,total_present_worth,crushing_cost,0.028416251151014503,0.028416251151014503
8,total_present_worth,recycled_aggregate_credit,-0.012038774030991512,0.012038774030991512
8,total_present_worth,discount_rate,-0.12636108993778922,0.12636108993778922
8,gwp_total_project_kgco2e,concrete_gwp_factor,0.9584449786748661,0.9584449786748661
8,gwp_total_project_kgco2e,stone_57_gwp_factor,0.014924539867505816,0.014924539867505816
8,gwp_total_project_kgco2e,rebar_gwp_factor,0.2722527329712371,0.2722527329712371
8,gwp_total_project_kgco2e,trucking_gwp_factor,0.04500744450408298,0.04500744450408298
8,gwp_total_project_kgco2e,demolition_gwp_factor,0.021610049700580024,0.021610049700580024
8,gwp_total_project_kgco2e,crushing_gwp_factor,0.023850346433124142,0.023850346433124142
8,demand_capacity_ratio_k,subgrade_k_pci,-1.0,1.0
9,total_present_worth,concrete_unit_cost,0.5762105645439243,0.5762105645439243
9,total_present_worth,stone_57_unit_cost,0.1389534870563494,0.1389534870563494
9,total_present_worth,rebar_unit_cost,0.7784268902181548,0.7784268902181548
9,total_present_worth,fiber_unit_cost,0.003926460031042585,0.003926460031042585
9,total_present_worth,demolition_cost,0.03468553024651422,0.03468553024651422
9,total_present_worth,crushing_cost,0.03190341561695337,0.03190341561695337
9,total_present_worth,recycled_aggregate_credit,-0.016374992515894,0.016374992515894
9,total_present_worth,discount_rate,-0.14654553629850992,0.14654553629850992
9,gwp_total_project_kgco2e,concrete_gwp_factor,0.9723342558071416,0.9723342558071416
9,gwp_total_project_kgco2e,stone_57_gwp_factor,0.014996035305742417,0.014996035305742417
9,gwp_total_project_kgco2e,rebar_gwp_factor,0.2226603061316881,0.2226603061316881
9,gwp_total_project_kgco2e,trucking_gwp_factor,0.042847147529330866,0.042847147529330866
9,gwp_total_project_kgco2e,demolition_gwp_factor,0.021848761285827505,0.021848761285827505
9,gwp_total_project_kgco2e,crushing_gwp_factor,0.024410038486532015,0.024410038486532015
9,demand_capacity_ratio_k,subgrade_k_pci,-1.0,1.0
10,total_present_worth,concrete_unit_cost,0.643524722711746,0.643524722711746
10,total_present_worth,stone_57_unit_cost,0.1534267203743307,0.1534267203743307
10,total_present_worth,rebar_unit_cost,0.7145892294401717,0.7145892294401717
10,total_present_worth,fiber_unit_cost,0.0035121794627168725,0.0035121794627168725
10,total_present_worth,demolition_cost,0.03840837200006735,0.03840837200006735
10,total_present_worth,crushing_cost,0.034611618093236644,0.034611618093236644
10,total_present_worth,recycled_aggregate_credit,-0.019997894975551156,0.019997894975551156
10,total_present_worth,discount_rate,-0.162385433246292,0.162385433246292
10,gwp_total_project_kgco2e,concrete_gwp_factor,0.9801345514978459,0.9801345514978459
10,gwp_total_project_kgco2e,stone_57_gwp_factor,0.015039438634143776,0.015039438634143776
10,gwp_total_project_kgco2e,rebar_gwp_factor,0.188645019543362,0.188645019543362
10,gwp_total_project_kgco2e,trucking_gwp_factor,0.04130470492589788,0.04130470492589788
10,gwp_total_project_kgco2e,demolition_gwp_factor,0.021986362573306547,0.021986362573306547
10,gwp_total_project_kgco2e,crushing_gwp_factor,0.024770946559412383,0.024770946559412383
10,demand_capacity_ratio_k,subgrade_k_pci,-1.0,1.0
11,total_present_worth,concrete_unit_cost,0.7192703583191001,0.7192703583191001
11,total_present_worth,stone_57_unit_cost,0.1688615221532726,0.1688615221532726
11,total_present_worth,rebar_unit_cost,0.6276230632765533,0.6276230632765533
11,total_present_worth,fiber_unit_cost,0.003038936719263575,0.003038936719263575
11,total_present_worth,demolition_cost,0.04244682116081873,0.04244682116081873
11,total_present_worth,crushing_cost,0.03741711887298285,0.03741711887298285
11,total_present_worth,recycled_aggregate_credit,-0.02413244199941298,0.02413244199941298
11,total_present_worth,discount_rate,-0.17934109953626465,0.17934109953626465
11,gwp_total_project_kgco2e,concrete_gwp_factor,0.9866714786442365,0.9866714786442365
11,gwp_total_project_kgco2e,stone_57_gwp_factor,0.01507640185495856,0.01507640185495856
11,gwp_total_project_kgco2e,rebar_gwp_factor,0.15398377187957754,0.15398377187957754
11,gwp_total_project_kgco2e,trucking_gwp_factor,0.03968992689017997,0.03968992689017997
11,gwp_total_project_kgco2e,demolition_gwp_factor,0.022106916874282772,0.022106916874282772
11,gwp_total_project_kgco2e,crushing_gwp_factor,0.025096789584150722,0.025096789584150722
11,demand_capacity_ratio_k,subgrade_k_pci,-1.0,1.0
12,total_present_worth,concrete_unit_cost,0.767192539627645,0.767192539627645
12,total_present_worth,stone_57_unit_cost,0.17831993897702397,0.17831993897702397
12,total_present_worth,rebar_unit_cost,0.5613242317112497,0.5613242317112497
12,total_present_worth,fiber_unit_cost,0.0026872869825789146,0.0026872869825789146
12,total_present_worth,demolition_cost,0.04495262060815705,0.04495262060815705
12,total_present_worth,crushing_cost,0.03908918306494767,0.03908918306494767
12,total_present_worth,recycled_aggregate_credit,-0.026786989543738798,0.026786989543738798
12,total_present_worth,discount_rate,-0.18978190164667336,0.18978190164667336
12,gwp_total_project_kgco2e,concrete_gwp_factor,0.9900328321282693,0.9900328321282693
12,gwp_total_project_kgco2e,stone_57_gwp_factor,0.015078990454639597,0.015078990454639597
12,gwp_total_project_kgco2e,rebar_gwp_factor,0.13240770785680311,0.13240770785680311
12,gwp_total_project_kgco2e,trucking_gwp_factor,0.03866288906688916,0.03866288906688916
12,gwp_total_project_kgco2e,demolition_gwp_factor,0.02216664588992266,0.02216664588992266
12,gwp_total_project_kgco2e,crushing_gwp_factor,0.02528736658323495,0.02528736658323495
12,demand_capacity_ratio_k,subgrade_k_pci,-1.0,1.0
13,total_present_worth,concrete_unit_cost,0.8901452391074822,0.8901452391074822
13,total_present_worth,stone_57_unit_cost,0.151852492667013,0.151852492667013
13,total_present_worth,rebar_unit_cost,0.33524723791496297,0.33524723791496297
13,total_present_worth,fiber_unit_cost,0.0014324345268449741,0.0014324345268449741
13,total_present_worth,demolition_cost,0.05189471366392588,0.05189471366392588
13,total_present_worth,crushing_cost,0.042855863854902344,0.042855863854902344
13,total_present_worth,recycled_aggregate_credit,-0.03392204193910482,0.03392204193910482
13,total_present_worth,discount_rate,-0.21796453190473913,0.21796453190473913
13,gwp_total_project_kgco2e,concrete_gwp_factor,0.9966394841559039,0.9966394841559039
13,gwp_total_project_kgco2e,stone_57_gwp_factor,0.011135396932742158,0.011135396932742158
13,gwp_total_project_kgco2e,rebar_gwp_factor,0.07335764476585507,0.07335764476585507
13,gwp_total_project_kgco2e,trucking_gwp_factor,0.033519259288863706,0.033519259288863706
13,gwp_total_project_kgco2e,demolition_gwp_factor,0.02222111876722445,0.02222111876722445
13,gwp_total_project_kgco2e,crushing_gwp_factor,0.025740235651416095,0.025740235651416095
13,demand_capacity_ratio_k,subgrade_k_pci,-1.0,1.0
14,total_present_worth,concrete_unit_cost,0.913257339028247,0.913257339028247
14,total_present_worth,stone_57_unit_cost,0.15594244705956098,0.15594244705956098
14,total_present_worth,rebar_unit_cost,0.25993713782314287,0.25993713782314287
14,total_present_worth,fiber_unit_cost,0.0010617286585366914,0.0010617286585366914
14,total_present_worth,demolition_cost,0.05338586494324235,0.05338586494324235
14,total_present_worth,crushing_cost,0.043430260898300106,0.043430260898300106
14,total_present_worth,recycled_aggregate_credit,-0.0357867306743147,0.0357867306743147
14,total_present_worth,discount_rate,-0.2240904528562212,0.2240904528562212
14,gwp_total_project_kgco2e,concrete_gwp_factor,0.9977242716448498,0.9977242716448498
14,gwp_total_project_kgco2e,stone_57_gwp_factor,0.011128791072707518,0.011128791072707518
14,gwp_total_project_kgco2e,rebar_gwp_factor,0.05707329388020532,0.05707329388020532
14,gwp_total_project_kgco2e,trucking_gwp_factor,0.03268111619569645,0.03268111619569645
14,gwp_total_project_kgco2e,demolition_gwp_factor,0.022225601928922242,0.022225601928922242
14,gwp_total_project_kgco2e,crushing_gwp_factor,0.02585294243142918,0.02585294243142918
14,demand_capacity_ratio_k,subgrade_k_pci,-1.0,1.0
15,total_present_worth,concrete_unit_cost,0.783069815403724,0.783069815403724
15,total_present_worth,stone_57_unit_cost,0.13548886258209958,0.13548886258209958
15,total_present_worth,rebar_unit_cost,0.5508842562590737,0.5508842562590737
15,total_present_worth,fiber_unit_cost,0.0024795924406398376,0.0024795924406398376
15,total_present_worth,demolition_cost,0.04590907303865163,0.04590907303865163
15,total_present_worth,crushing_cost,0.0395054854292742,0.0395054854292742
15,total_present_worth,recycled_aggregate_credit,-0.027206456890018584,0.027206456890018584
15,total_present_worth,discount_rate,-0.19327788513524133,0.19327788513524133
15,gwp_total_project_kgco2e,concrete_gwp_factor,0.9907816634040247,0.9907816634040247
15,gwp_total_project_kgco2e,stone_57_gwp_factor,0.01114671958170669,0.01114671958170669
15,gwp_total_project_kgco2e,rebar_gwp_factor,0.12812614696193847,0.12812614696193847
15,gwp_total_project_kgco2e,trucking_gwp_factor,0.03624817064899528,0.03624817064899528
15,gwp_total_project_kgco2e,demolition_gwp_factor,0.022163423971713374,0.022163423971713374
15,gwp_total_project_kgco2e,crushing_gwp_factor,0.025349513901275808,0.025349513901275808
15,demand_capacity_ratio_k,subgrade_k_pci,-1.0,1.0
16,total_present_worth,concrete_unit_cost,0.8453432803710973,0.8453432803710973
16,total_present_worth,stone_57_unit_cost,0.1446882549760193,0.1446882549760193
16,total_present_worth,rebar_unit_cost,0.4418580527942472,0.4418580527942472
16,total_present_worth,fiber_unit_cost,0.0019234359883213744,0.0019234359883213744
16,total_present_worth,demolition_cost,0.049265305634618124,0.049265305634618124
16,total_present_worth,crushing_cost,0.041531931168964774,0.041531931168964774
16,total_present_worth,recycled_aggregate_credit,-0.0308879845927392,0.0308879845927392
16,total_present_worth,discount_rate,-0.20717545945273075,0.20717545945273075
16,gwp_total_project_kgco2e,concrete_gwp_factor,0.9943710248265805,0.9943710248265805
16,gwp_total_project_kgco2e,stone_57_gwp_factor,0.011154666223437868,0.011154666223437868
16,gwp_total_project_kgco2e,rebar_gwp_factor,0.09852602622725042,0.09852602622725042
16,gwp_total_project_kgco2e,trucking_gwp_factor,0.034793496645213404,0.034793496645213404
16,gwp_total_project_kgco2e,demolition_gwp_factor,0.022206682939346675,0.022206682939346675
16,gwp_total_project_kgco2e,crushing_gwp_factor,0.025569998540884,0.025569998540884
16,demand_capacity_ratio_k,subgrade_k_pci,-1.0,1.0
17,total_present_worth,concrete_unit_cost,0.8781773046609671,0.8781773046609671
17,total_present_worth,stone_57_unit_cost,0.14986135596157657,0.14986135596157657
17,total_present_worth,rebar_unit_cost,0.3674095728273478,0.3674095728273478
17,total_present_worth,fiber_unit_cost,0.0015956296137262518,0.0015956296137262518
17,total_present_worth,demolition_cost,0.05116136151400055,0.05116136151400055
17,total_present_worth,crushing_cost,0.04251908379831963,0.04251908379831963
17,total_present_worth,recycled_aggregate_credit,-0.033060835469928336,0.033060835469928336
17,total_present_worth,discount_rate,-0.21497874953605006,0.21497874953605006
17,gwp_total_project_kgco2e,concrete_gwp_factor,0.9960566622201827,0.9960566622201827
17,gwp_total_project_kgco2e,stone_57_gwp_factor,0.011140585996552235,0.011140585996552235
17,gwp_total_project_kgco2e,rebar_gwp_factor,0.08064382915104154,0.08064382915104154
17,gwp_total_project_kgco2e,trucking_gwp_factor,0.033889232111251694,0.033889232111251694
17,gwp_total_project_kgco2e,demolition_gwp_factor,0.022218194265847282,0.022218194265847282
17,gwp_total_project_kgco2e,crushing_gwp_factor,0.02569397001350959,0.02569397001350959
17,demand_capacity_ratio_k,subgrade_k_pci,-1.0,1.0
18,total_present_worth,concrete_unit_cost,0.8973032352581534,0.8973032352581534
18,total_present_worth,stone_57_unit_cost,0.15308308445038524,0.15308308445038524
18,total_present_worth,rebar_unit_cost,0.3141367338596067,0.3141367338596067
18,total_present_worth,fiber_unit_cost,0.0013372725647589092,0.0013372725647589092
18,total_present_worth,demolition_cost,0.05234579719210632,0.05234579719210632
18,total_present_worth,crushing_cost,0.043040302251488124,0.043040302251488124
18,total_present_worth,recycled_aggregate_credit,-0.034466604044602646,0.034466604044602646
18,total_present_worth,discount_rate,-0.21981403752519624,0.21981403752519624
18,gwp_total_project_kgco2e,concrete_gwp_factor,0.9969811973458645,0.9969811973458645
18,gwp_total_project_kgco2e,stone_57_gwp_factor,0.011136510400454606,0.011136510400454606
18,gwp_total_project_kgco2e,rebar_gwp_factor,0.06868700793208281,0.06868700793208281
18,gwp_total_project_kgco2e,trucking_gwp_factor,0.03328309981600124,0.03328309981600124
18,gwp_total_project_kgco2e,demolition_gwp_factor,0.022223607981081445,0.022223607981081445
18,gwp_total_project_kgco2e,crushing_gwp_factor,0.025766391280450558,0.025766391280450558
18,demand_capacity_ratio_k,subgrade_k_pci,-1.0,1.0
19,total_present_worth,concrete_unit_cost,0.9137296477103238,0.9137296477103238
19,total_present_worth,stone_57_unit_cost,0.15603294435831722,0.15603294435831722
19,total_present_worth,rebar_unit_cost,0.2581367096152867,0.2581367096152867
19,total_present_worth,fiber_unit_cost,0.0010534213174453687,0.0010534213174453687
19,total_present_worth,demolition_cost,0.053417496836599,0.053417496836599
19,total_present_worth,crushing_cost,0.0434395041667198,0.0434395041667198
19,total_present_worth,recycled_aggregate_credit,-0.035827854970587145,0.035827854970587145
19,total_present_worth,discount_rate,-0.2242168118006685,0.2242168118006685
19,gwp_total_project_kgco2e,concrete_gwp_factor,0.9977459992401865,0.9977459992401865
19,gwp_total_project_kgco2e,stone_57_gwp_factor,0.011129622805475851,0.011129622805475851
19,gwp_total_project_kgco2e,rebar_gwp_factor,0.05669282998398913,0.05669282998398913
19,gwp_total_project_kgco2e,trucking_gwp_factor,0.03266162183434465,0.03266162183434465
19,gwp_total_project_kgco2e,demolition_gwp_factor,0.022225282533178115,0.022225282533178115
19,gwp_total_project_kgco2e,crushing_gwp_factor,0.025855648664230263,0.025855648664230263
19,demand_capacity_ratio_k,subgrade_k_pci,-1.0,1.0
20,total_present_worth,concrete_unit_cost,0.6345232376204973,0.6345232376204973
20,total_present_worth,stone_57_unit_cost,0.11356908146622764,0.11356908146622764
20,total_present_worth,rebar_unit_cost,0.7311599700537119,0.7311599700537119
20,total_present_worth,fiber_unit_cost,0.0034832839232173136,0.0034832839232173136
20,total_present_worth,demolition_cost,0.03802225809911291,0.03802225809911291
20,total_present_worth,crushing_cost,0.03415317055222127,0.03415317055222127
20,total_present_worth,recycled_aggregate_credit,-0.019169856557171943,0.019169856557171943
20,total_present_worth,discount_rate,-0.16037206486108782,0.16037206486108782
20,gwp_total_project_kgco2e,concrete_gwp_factor,0.9789989143556316,0.9789989143556316
20,gwp_total_project_kgco2e,stone_57_gwp_factor,0.01114342388394537,0.01114342388394537
20,gwp_total_project_kgco2e,rebar_gwp_factor,0.19470085618610433,0.19470085618610433
20,gwp_total_project_kgco2e,trucking_gwp_factor,0.039403121586833255,0.039403121586833255
20,gwp_total_project_kgco2e,demolition_gwp_factor,0.021952762575789105,0.021952762575789105
20,gwp_total_project_kgco2e,crushing_gwp_factor,0.024736607246598645,0.024736607246598645
20,demand_capacity_ratio_k,subgrade_k_pci,-1.0,1.0
21,total_present_worth,concrete_unit_cost,0.7349067060003948,0.7349067060003948
21,total_present_worth,stone_57_unit_cost,0.1285697292208039,0.1285697292208039
21,total_present_worth,rebar_unit_cost,0.6184043806501138,0.6184043806501138
21,total_present_worth,fiber_unit_cost,0.0028342363837256953,0.0028342363837256953
21,total_present_worth,demolition_cost,0.04338437446423375,0.04338437446423375
21,total_present_worth,crushing_cost,0.03785981051037592,0.03785981051037592
21,total_present_worth,recycled_aggregate_credit,-0.02456986811609995,0.02456986811609995
21,total_present_worth,discount_rate,-0.18280474649094328,0.18280474649094328
21,gwp_total_project_kgco2e,concrete_gwp_factor,0.9875691486263878,0.9875691486263878
21,gwp_total_project_kgco2e,stone_57_gwp_factor,0.011156103546958443,0.011156103546958443
21,gwp_total_project_kgco2e,rebar_gwp_factor,0.1494577053865671,0.1494577053865671
21,gwp_total_project_kgco2e,trucking_gwp_factor,0.03728410538816165,0.03728410538816165
21,gwp_total_project_kgco2e,demolition_gwp_factor,0.022105183262506073,0.022105183262506073
21,gwp_total_project_kgco2e,crushing_gwp_factor,0.025162379068688956,0.025162379068688956
21,demand_capacity_ratio_k,subgrade_k_pci,-1.0,1.0
22,total_present_worth,concrete_unit_cost,0.7968929299153331,0.7968929299153331
22,total_present_worth,stone_57_unit_cost,0.1374956858825183,0.1374956858825183
22,total_present_worth,rebar_unit_cost,0.5292178331596872,0.5292178331596872
22,total_present_worth,fiber_unit_cost,0.0023508487006843395,0.0023508487006843395
22,total_present_worth,demolition_cost,0.04662715131977086,0.04662715131977086
22,total_present_worth,crushing_cost,0.039967094909042836,0.039967094909042836
22,total_present_worth,recycled_aggregate_credit,-0.027983706658809487,0.027983706658809487
22,total_present_worth,discount_rate,-0.1963044109456127,0.1963044109456127
22,gwp_total_project_kgco2e,concrete_gwp_factor,0.9916287235139316,0.9916287235139316
22,gwp_total_project_kgco2e,stone_57_gwp_factor,0.01114562064561025,0.01114562064561025
22,gwp_total_project_kgco2e,rebar_gwp_factor,0.12183381288188552,0.12183381288188552
22,gwp_total_project_kgco2e,trucking_gwp_factor,0.035941241788392496,0.035941241788392496
22,gwp_total_project_kgco2e,demolition_gwp_factor,0.02217481593882193,0.02217481593882193
22,gwp_total_project_kgco2e,crushing_gwp_factor,0.02540162523982465,0.02540162523982465
22,demand_capacity_ratio_k,subgrade_k_pci,-1.0,1.0
23,total_present_worth,concrete_unit_cost,0.8359444002703779,0.8359444002703779
23,total_present_worth,stone_57_unit_cost,0.1432660264545544,0.1432660264545544
23,total_present_worth,rebar_unit_cost,0.4604893761415398,0.4604893761415398
23,total_present_worth,fiber_unit_cost,0.002016046670342419,0.002016046670342419
23,total_present_worth,demolition_cost,0.0487342510342137,0.0487342510342137
23,total_present_worth,crushing_cost,0.04123596192161439,0.04123596192161439
23,total_present_worth,recycled_aggregate_credit,-0.030306747685466703,0.030306747685466703
23,total_present_worth,discount_rate,-0.2050231113096777,0.2050231113096777
23,gwp_total_project_kgco2e,concrete_gwp_factor,0.9938643818775458,0.9938643818775458
23,gwp_total_project_kgco2e,stone_57_gwp_factor,0.011151211249196488,0.011151211249196488
23,gwp_total_project_kgco2e,rebar_gwp_factor,0.10325730418821492,0.10325730418821492
23,gwp_total_project_kgco2e,trucking_gwp_factor,0.03503107071388443,0.03503107071388443
23,gwp_total_project_kgco2e,demolition_gwp_factor,0.02220155793096063,0.02220155793096063
23,gwp_total_project_kgco2e,crushing_gwp_factor,0.025536632133446657,0.025536632133446657
23,demand_capacity_ratio_k,subgrade_k_pci,-1.0,1.0
24,total_present_worth,concrete_unit_cost,0.871356918066783,0.871356918066783
24,total_present_worth,stone_57_unit_cost,0.14875813411111927,0.14875813411111927
24,total_present_worth,rebar_unit_cost,0.38432639401088264,0.38432639401088264
24,total_present_worth,fiber_unit_cost,0.0016584803888553923,0.0016584803888553923
24,total_present_worth,demolition_cost,0.0507479823692592,0.0507479823692592
24,total_present_worth,crushing_cost,0.04231439925823776,0.04231439925823776
24,total_present_worth,recycled_aggregate_credit,-0.03258776532621911,0.03258776532621911
24,total_present_worth,discount_rate,-0.21331973436709786,0.21331973436709786
24,gwp_total_project_kgco2e,concrete_gwp_factor,0.995717413168783,0.995717413168783
24,gwp_total_project_kgco2e,stone_57_gwp_factor,0.011141526747496612,0.011141526747496612
24,gwp_total_project_kgco2e,rebar_gwp_factor,0.08457184636966875,0.08457184636966875
24,gwp_total_project_kgco2e,trucking_gwp_factor,0.034089913965411965,0.034089913965411965
24,gwp_total_project_kgco2e,demolition_gwp_factor,0.022215522700854213,0.022215522700854213
24,gwp_total_project_kgco2e,crushing_gwp_factor,0.025668923359291572,0.025668923359291572
24,demand_capacity_ratio_k,subgrade_k_pci,-1.0,1.0
25,total_present_worth,concrete_unit_cost,0.8905968750564309,0.8905968750564309
25,total_present_worth,stone_57_unit_cost,0.1519296706526439,0.1519296706526439
25,total_present_worth,rebar_unit_cost,0.33396257144923314,0.33396257144923314
25,total_present_worth,fiber_unit_cost,0.001427042133498817,0.001427042133498817
25,total_present_worth,demolition_cost,0.05192561546509025,0.05192561546509025
25,total_present_worth,crushing_cost,0.042867505546138995,0.042867505546138995
25,total_present_worth,recycled_aggregate_credit,-0.03395594353492638,0.03395594353492638
25,total_present_worth,discount_rate,-0.21807731058711102,0.21807731058711102
25,gwp_total_project_kgco2e,concrete_gwp_factor,0.9966611166388565,0.9966611166388565
25,gwp_total_project_kgco2e,stone_57_gwp_factor,0.01113577721917431,0.01113577721917431
25,gwp_total_project_kgco2e,rebar_gwp_factor,0.07307116819646048,0.07307116819646048
25,gwp_total_project_kgco2e,trucking_gwp_factor,0.03350590996978637,0.03350590996978637
25,gwp_total_project_kgco2e,demolition_gwp_factor,0.02222126904005651,0.02222126904005651
25,gwp_total_project_kgco2e,crushing_gwp_factor,0.025741737760248695,0.025741737760248695
25,demand_capacity_ratio_k,subgrade_k_pci,-1.0,1.0
26,total_present_worth,concrete_unit_cost,0.4970121167744529,0.4970121167744529
26,total_present_worth,stone_57_unit_cost,0.09112087121440036,0.09112087121440036
26,total_present_worth,rebar_unit_cost,0.8447108156527324,0.8447108156527324
26,total_present_worth,fiber_unit_cost,0.004334086683173636,0.004334086683173636
26,total_present_worth,demolition_cost,0.03023236303238095,0.03023236303238095
26,total_present_worth,crushing_cost,0.02846244165010498,0.02846244165010498
26,total_present_worth,recycled_aggregate_credit,-0.01193752585821501,0.01193752585821501
26,total_present_worth,discount_rate,-0.1271126440366038,0.1271126440366038
26,gwp_total_project_kgco2e,concrete_gwp_factor,0.9588396598045599,0.9588396598045599
26,gwp_total_project_kgco2e,stone_57_gwp_factor,0.011116688775006676,0.011116688775006676
26,gwp_total_project_kgco2e,rebar_gwp_factor,0.27149252966229304,0.27149252966229304
26,gwp_total_project_kgco2e,trucking_gwp_factor,0.042843588352465434,0.042843588352465434
26,gwp_total_project_kgco2e,demolition_gwp_factor,0.02159496815798199,0.02159496815798199
26,gwp_total_project_kgco2e,crushing_gwp_factor,0.023887075242770832,0.023887075242770832
26,demand_capacity_ratio_k,subgrade_k_pci,-1.0,1.0
27,total_present_worth,concrete_unit_cost,0.6049566225714867,0.6049566225714867
27,total_present_worth,stone_57_unit_cost,0.10890612594391445,0.10890612594391445
27,total_present_worth,rebar_unit_cost,0.7590381454869753,0.7590381454869753
27,total_present_worth,fiber_unit_cost,0.003655481865430193,0.003655481865430193
27,total_present_worth,demolition_cost,0.0363822459404729,0.0363822459404729
27,total_present_worth,crushing_cost,0.03297876135344751,0.03297876135344751
27,total_present_worth,recycled_aggregate_credit,-0.017593385369885355,0.017593385369885355
27,total_present_worth,discount_rate,-0.153452918000867,0.153452918000867
27,gwp_total_project_kgco2e,concrete_gwp_factor,0.9757428895411773,0.9757428895411773
27,gwp_total_project_kgco2e,stone_57_gwp_factor,0.011134183270981673,0.011134183270981673
27,gwp_total_project_kgco2e,rebar_gwp_factor,0.20918935571410777,0.20918935571410777
27,gwp_total_project_kgco2e,trucking_gwp_factor,0.04007109621234844,0.04007109621234844
27,gwp_total_project_kgco2e,demolition_gwp_factor,0.021885912266226368,0.021885912266226368
27,gwp_total_project_kgco2e,crushing_gwp_factor,0.02458509314212204,0.02458509314212204
27,demand_capacity_ratio_k,subgrade_k_pci,-1.0,1.0
28,total_present_worth,concrete_unit_cost,0.6870124597322449,0.6870124597322449
28,total_present_worth,stone_57_unit_cost,0.12156214977643288,0.12156214977643288
28,total_present_worth,rebar_unit_cost,0.676095132673446,0.676095132673446
28,total_present_worth,fiber_unit_cost,0.0031583732096793497,0.0031583732096793497
28,total_present_worth,demolition_cost,0.04086452516364181,0.04086452516364181
28,total_present_worth,crushing_cost,0.03613935601205574,0.03613935601205574
28,total_present_worth,recycled_aggregate_credit,-0.021978158564119266,0.021978158564119266
28,total_present_worth,discount_rate,-0.1722971908776957,0.1722971908776957
28,gwp_total_project_kgco2e,concrete_gwp_factor,0.9838713440475326,0.9838713440475326
28,gwp_total_project_kgco2e,stone_57_gwp_factor,0.011150238777740098,0.011150238777740098
28,gwp_total_project_kgco2e,rebar_gwp_factor,0.1705590448259196,0.1705590448259196
28,gwp_total_project_kgco2e,trucking_gwp_factor,0.038286619318418647,0.038286619318418647
28,gwp_total_project_kgco2e,demolition_gwp_factor,0.02203246904734099,0.02203246904734099
28,gwp_total_project_kgco2e,crushing_gwp_factor,0.024971325978532535,0.024971325978532535
28,demand_capacity_ratio_k,subgrade_k_pci,-1.0,1.0
29,total_present_worth,concrete_unit_cost,0.7464604104895922,0.7464604104895922
29,total_present_worth,stone_57_unit_cost,0.1302279871391632,0.1302279871391632
29,total_present_worth,rebar_unit_cost,0.6031937346114536,0.6031937346114536
29,total_present_worth,fiber_unit_cost,0.0027591259433756505,0.0027591259433756505
29,total_present_worth,demolition_cost,0.043989718012155885,0.043989718012155885
29,total_present_worth,crushing_cost,0.03825568875795828,0.03825568875795828
29,total_present_worth,recycled_aggregate_credit,-0.025196556726910627,0.025196556726910627
29,total_present_worth,discount_rate,-0.1853170283404836,0.1853170283404836
29,gwp_total_project_kgco2e,concrete_gwp_factor,0.9883802127577203,0.9883802127577203
29,gwp_total_project_kgco2e,stone_57_gwp_factor,0.011153172855693269,0.011153172855693269
29,gwp_total_project_kgco2e,rebar_gwp_factor,0.14438984441209193,0.14438984441209193
29,gwp_total_project_kgco2e,trucking_gwp_factor,0.03704147537523259,0.03704147537523259
29,gwp_total_project_kgco2e,demolition_gwp_factor,0.022115728201934297,0.022115728201934297
29,gwp_total_project_kgco2e,crushing_gwp_factor,0.025204358820961746,0.025204358820961746
29,demand_capacity_ratio_k,subgrade_k_pci,-1.0,1.0
30,total_present_worth,concrete_unit_cost,0.8054350154003501,0.8054350154003501
30,total_present_worth,stone_57_unit_cost,0.13873986049469594,0.13873986049469594
30,total_present_worth,rebar_unit_cost,0.515210144747492,0.515210144747492
30,total_present_worth,fiber_unit_cost,0.002280562793904225,0.002280562793904225
30,total_present_worth,demolition_cost,0.04708335075323335,0.04708335075323335
30,total_present_worth,crushing_cost,0.04024703952121882,0.04024703952121882
30,total_present_worth,recycled_aggregate_credit,-0.02847144580326058,0.02847144580326058
30,total_present_worth,discount_rate,-0.19818000607826652,0.19818000607826652
30,gwp_total_project_kgco2e,concrete_gwp_factor,0.9921369876345509,0.9921369876345509
30,gwp_total_project_kgco2e,stone_57_gwp_factor,0.011148935736043574,0.011148935736043574
30,gwp_total_project_kgco2e,rebar_gwp_factor,0.11788461614008186,0.11788461614008186
30,gwp_total_project_kgco2e,trucking_gwp_factor,0.03574936534799575,0.03574936534799575
30,gwp_total_project_kgco2e,demolition_gwp_factor,0.022188094887403236,0.022188094887403236
30,gwp_total_project_kgco2e,crushing_gwp_factor,0.025431305688476527,0.025431305688476527
30,demand_capacity_ratio_k,subgrade_k_pci,-1.0,1.0
31,total_present_worth,concrete_unit_cost,0.8394895755881159,0.8394895755881159
31,total_present_worth,stone_57_unit_cost,0.14380455159870584,0.14380455159870584
31,total_present_worth,rebar_unit_cost,0.4535720687242448,0.4535720687242448
31,total_present_worth,fiber_unit_cost,0.001981052003448421,0.001981052003448421
31,total_present_worth,demolition_cost,0.04893837850376736,0.04893837850376736
31,total_present_worth,crushing_cost,0.04134590855397836,0.04134590855397836
31,total_present_worth,recycled_aggregate_credit,-0.030528837395731537,0.030528837395731537
31,total_present_worth,discount_rate,-0.20583502156741426,0.20583502156741426
31,gwp_total_project_kgco2e,concrete_gwp_factor,0.994057260195063,0.994057260195063
31,gwp_total_project_kgco2e,stone_57_gwp_factor,0.011152555640397023,0.011152555640397023
31,gwp_total_project_kgco2e,rebar_gwp_factor,0.1014840089580336,0.1014840089580336
31,gwp_total_project_kgco2e,trucking_gwp_factor,0.03494157964296864,0.03494157964296864
31,gwp_total_project_kgco2e,demolition_gwp_factor,0.022203374770609356,0.022203374770609356
31,gwp_total_project_kgco2e,crushing_gwp_factor,0.025549758391339907,0.025549758391339907
31,demand_capacity_ratio_k,subgrade_k_pci,-1.0,1.0
32,total_present_worth,concrete_unit_cost,0.8831294422008679,0.8831294422008679
32,total_present_worth,stone_57_unit_cost,0.15067402647818962,0.15067402647818962
32,total_present_worth,rebar_unit_cost,0.3545185566188315,0.3545185566188315
32,total_present_worth,fiber_unit_cost,0.0015329590511411837,0.0015329590511411837
32,total_present_worth,demolition_cost,0.05145938952426376,0.05145938952426376
32,total_present_worth,crushing_cost,0.042669585377547836,0.042669585377547836
32,total_present_worth,recycled_aggregate_credit,-0.033409227442387696,0.033409227442387696
32,total_present_worth,discount_rate,-0.2162028545920435,0.2162028545920435
32,gwp_total_project_kgco2e,concrete_gwp_factor,0.9962998948100401,0.9962998948100401
32,gwp_total_project_kgco2e,stone_57_gwp_factor,0.011141778299656712,0.011141778299656712
32,gwp_total_project_kgco2e,rebar_gwp_factor,0.07769218040147688,0.07769218040147688
32,gwp_total_project_kgco2e,trucking_gwp_factor,0.033741210408152485,0.033741210408152485
32,gwp_total_project_kgco2e,demolition_gwp_factor,0.02221818754037528,0.02221818754037528
32,gwp_total_project_kgco2e,crushing_gwp_factor,0.025712086354284836,0.025712086354284836
32,demand_capacity_ratio_k,subgrade_k_pci,-1.0,1.0
33,total_present_worth,concrete_unit_cost,0.9136947219387899,0.9136947219387899
33,total_present_worth,stone_57_unit_cost,0.12397762367621505,0.12397762367621505
33,total_present_worth,rebar_unit_cost,0.2761686113606115,0.2761686113606115
33,total_present_worth,fiber_unit_cost,0.0011036159633854466,0.0011036159633854466
33,total_present_worth,demolition_cost,0.053487494212883,0.053487494212883
33,total_present_worth,crushing_cost,0.043436282422654515,0.043436282422654515
33,total_present_worth,recycled_aggregate_credit,-0.03540562397313825,0.03540562397313825
33,total_present_worth,discount_rate,-0.2242116940890902,0.2242116940890902
33,gwp_total_project_kgco2e,concrete_gwp_factor,0.9976110435367405,0.9976110435367405
33,gwp_total_project_kgco2e,stone_57_gwp_factor,0.008749810027435925,0.008749810027435925
33,gwp_total_project_kgco2e,rebar_gwp_factor,0.06020389448561757,0.06020389448561757
33,gwp_total_project_kgco2e,trucking_gwp_factor,0.031509822985851935,0.031509822985851935
33,gwp_total_project_kgco2e,demolition_gwp_factor,0.022213307096693325,0.022213307096693325
33,gwp_total_project_kgco2e,crushing_gwp_factor,0.02584691803408277,0.02584691803408277
33,demand_capacity_ratio_k,subgrade_k_pci,-1.0,1.0
34,total_present_worth,concrete_unit_cost,0.9292943420861819,0.9292943420861819
34,total_present_worth,stone_57_unit_cost,0.12633537250583016,0.12633537250583016
34,total_present_worth,rebar_unit_cost,0.2129866246032427,0.2129866246032427
34,total_present_worth,fiber_unit_cost,0.0008162919171265169,0.0008162919171265169
34,total_present_worth,demolition_cost,0.054568302338915325,0.054568302338915325
34,total_present_worth,crushing_cost,0.04376938453817975,0.04376938453817975
34,total_present_worth,recycled_aggregate_credit,-0.036870579165564236,0.036870579165564236
34,total_present_worth,discount_rate,-0.22867874521706028,0.22867874521706028
34,gwp_total_project_kgco2e,concrete_gwp_factor,0.9983107704758044,0.9983107704758044
34,gwp_total_project_kgco2e,stone_57_gwp_factor,0.008747586435211036,0.008747586435211036
34,gwp_total_project_kgco2e,rebar_gwp_factor,0.04713691304192676,0.04713691304192676
34,gwp_total_project_kgco2e,trucking_gwp_factor,0.030834868848813955,0.030834868848813955
34,gwp_total_project_kgco2e,demolition_gwp_factor,0.022210272279412108,0.022210272279412108
34,gwp_total_project_kgco2e,crushing_gwp_factor,0.02592411515894565,0.02592411515894565
34,demand_capacity_ratio_k,subgrade_k_pci,-1.0,1.0
35,total_present_worth,concrete_unit_cost,0.9367687514532677,0.9367687514532677
35,total_present_worth,stone_57_unit_cost,0.12753112720275647,0.12753112720275647
35,total_present_worth,rebar_unit_cost,0.173717466093295,0.173717466093295
35,total_present_worth,fiber_unit_cost,0.0006216205907126483,0.0006216205907126483
35,total_present_worth,demolition_cost,0.055140433818600176,0.055140433818600176
35,total_present_worth,crushing_cost,0.0438754968211022,0.0438754968211022
35,total_present_worth,recycled_aggregate_credit,-0.037692851488133144,0.037692851488133144
35,total_present_worth,discount_rate,-0.2309484750649425,0.2309484750649425
35,gwp_total_project_kgco2e,concrete_gwp_factor,0.9986386595187836,0.9986386595187836
35,gwp_total_project_kgco2e,stone_57_gwp_factor,0.008738680491975473,0.008738680491975473
35,gwp_total_project_kgco2e,rebar_gwp_factor,0.03929257249610103,0.03929257249610103
35,gwp_total_project_kgco2e,trucking_gwp_factor,0.03042916951351567,0.03042916951351567
35,gwp_total_project_kgco2e,demolition_gwp_factor,0.02220627143141051,0.02220627143141051
35,gwp_total_project_kgco2e,crushing_gwp_factor,0.025962279883600916,0.025962279883600916
35,demand_capacity_ratio_k,subgrade_k_pci,-1.0,1.0
36,total_present_worth,concrete_unit_cost,0.837574500361334,0.837574500361334
36,total_present_worth,stone_57_unit_cost,0.11424029640960012,0.11424029640960012
36,total_present_worth,rebar_unit_cost,0.4660020574783369,0.4660020574783369
36,total_present_worth,fiber_unit_cost,0.0019474161327469666,0.0019474161327469666
36,total_present_worth,demolition_cost,0.04891021162471609,0.04891021162471609
36,total_present_worth,crushing_cost,0.04121547323152619,0.04121547323152619
36,total_present_worth,recycled_aggregate_credit,-0.030101649980392664,0.030101649980392664
36,total_present_worth,discount_rate,-0.20539880682371683,0.20539880682371683
36,gwp_total_project_kgco2e,concrete_gwp_factor,0.9938311911521246,0.9938311911521246
36,gwp_total_project_kgco2e,stone_57_gwp_factor,0.008779951120759981,0.008779951120759981
36,gwp_total_project_kgco2e,rebar_gwp_factor,0.10423883538127954,0.10423883538127954
36,gwp_total_project_kgco2e,trucking_gwp_factor,0.033748633894811454,0.033748633894811454
36,gwp_total_project_kgco2e,demolition_gwp_factor,0.022188759633355502,0.022188759633355502
36,gwp_total_project_kgco2e,crushing_gwp_factor,0.02554376612154551,0.02554376612154551
36,demand_capacity_ratio_k,subgrade_k_pci,-1.0,1.0
37,total_present_worth,concrete_unit_cost,0.8826719477142528,0.8826719477142528
37,total_present_worth,stone_57_unit_cost,0.11976307755724923,0.11976307755724923
37,total_present_worth,rebar_unit_cost,0.36797030248168416,0.36797030248168416
37,total_present_worth,fiber_unit_cost,0.0015074066285069628,0.0015074066285069628
37,total_present_worth,demolition_cost,0.0515152475959341,0.0515152475959341
37,total_present_worth,crushing_cost,0.04260318053208128,0.04260318053208128
37,total_present_worth,recycled_aggregate_credit,-0.03304158718153664,0.03304158718153664
37,total_present_worth,discount_rate,-0.2160884743134444,0.2160884743134444
37,gwp_total_project_kgco2e,concrete_gwp_factor,0.99614978709174,0.99614978709174
37,gwp_total_project_kgco2e,stone_57_gwp_factor,0.008765552154002222,0.008765552154002222
37,gwp_total_project_kgco2e,rebar_gwp_factor,0.08040886980432355,0.08040886980432355
37,gwp_total_project_kgco2e,trucking_gwp_factor,0.03254667097820267,0.03254667097820267
37,gwp_total_project_kgco2e,demolition_gwp_factor,0.02220537234225815,0.02220537234225815
37,gwp_total_project_kgco2e,crushing_gwp_factor,0.025712360805612948,0.025712360805612948
37,demand_capacity_ratio_k,subgrade_k_pci,-1.0,1.0
38,total_present_worth,concrete_unit_cost,0.9055166561026546,0.9055166561026546
38,total_present_worth,stone_57_unit_cost,0.12282081542541634,0.12282081542541634
38,total_present_worth,rebar_unit_cost,0.3035263066820825,0.3035263066820825
38,total_present_worth,fiber_unit_cost,0.001222160292488864,0.001222160292488864
38,total_present_worth,demolition_cost,0.05295361031842945,0.05295361031842945
38,total_present_worth,crushing_cost,0.04322706339591483,0.04322706339591483
38,total_present_worth,recycled_aggregate_credit,-0.034734127627365656,0.034734127627365656
38,total_present_worth,discount_rate,-0.22198100062192683,0.22198100062192683
38,gwp_total_project_kgco2e,concrete_gwp_factor,0.9972354025367183,0.9972354025367183
38,gwp_total_project_kgco2e,stone_57_gwp_factor,0.008756843015182737,0.008756843015182737
38,gwp_total_project_kgco2e,rebar_gwp_factor,0.06605417363752568,0.06605417363752568
38,gwp_total_project_kgco2e,trucking_gwp_factor,0.03181180941106073,0.03181180941106073
38,gwp_total_project_kgco2e,demolition_gwp_factor,0.022215073565046033,0.022215073565046033
38,gwp_total_project_kgco2e,crushing_gwp_factor,0.0258032472942253,0.0258032472942253
38,demand_capacity_ratio_k,subgrade_k_pci,-1.0,1.0
39,total_present_worth,concrete_unit_cost,0.9185520868881889,0.9185520868881889
39,total_present_worth,stone_57_unit_cost,0.12469077060946032,0.12469077060946032
39,total_present_worth,rebar_unit_cost,0.25834358506756144,0.25834358506756144
39,total_present_worth,fiber_unit_cost,0.0010186533210474614,0.0010186533210474614
39,total_present_worth,demolition_cost,0.05381814644383126,0.05381814644383126
39,total_present_worth,crushing_cost,0.043547700718123084,0.043547700718123084
39,total_present_worth,recycled_aggregate_credit,-0.03583106226991643,0.03583106226991643
39,total_present_worth,discount_rate,-0.22557211749175904,0.22557211749175904
39,gwp_total_project_kgco2e,concrete_gwp_factor,0.9978314026558687,0.9978314026558687
39,gwp_total_project_kgco2e,stone_57_gwp_factor,0.008747856214603143,0.008747856214603143
39,gwp_total_project_kgco2e,rebar_gwp_factor,0.05645364370898146,0.05645364370898146
39,gwp_total_project_kgco2e,trucking_gwp_factor,0.031316933185966775,0.031316933185966775
39,gwp_total_project_kgco2e,demolition_gwp_factor,0.022214853961013945,0.022214853961013945
39,gwp_total_project_kgco2e,crushing_gwp_factor,0.025872722638445093,0.025872722638445093
39,demand_capacity_ratio_k,subgrade_k_pci,-1.0,1.0
40,total_present_worth,concrete_unit_cost,0.92960966470026,0.92960966470026
40,total_present_worth,stone_57_unit_cost,0.12638570952245828,0.12638570952245828
40,total_present_worth,rebar_unit_cost,0.21148817102565132,0.21148817102565132
40,total_present_worth,fiber_unit_cost,0.0008091445279076579,0.0008091445279076579
40,total_present_worth,demolition_cost,0.05459209636612484,0.05459209636612484
40,total_present_worth,crushing_cost,0.04377501280371801,0.04377501280371801
40,total_present_worth,recycled_aggregate_credit,-0.03690057470714423,0.03690057470714423
40,total_present_worth,discount_rate,-0.22877510305394297,0.22877510305394297
40,gwp_total_project_kgco2e,concrete_gwp_factor,0.9983247437491861,0.9983247437491861
40,gwp_total_project_kgco2e,stone_57_gwp_factor,0.008747493698826998,0.008747493698826998
40,gwp_total_project_kgco2e,rebar_gwp_factor,0.04683326717665331,0.04683326717665331
40,gwp_total_project_kgco2e,trucking_gwp_factor,0.03081916792448767,0.03081916792448767
40,gwp_total_project_kgco2e,demolition_gwp_factor,0.022210050387604024,0.022210050387604024
40,gwp_total_project_kgco2e,crushing_gwp_factor,0.02592512579366605,0.02592512579366605
40,demand_capacity_ratio_k,subgrade_k_pci,-1.0,1.0
41,total_present_worth,concrete_unit_cost,0.9353371647052069,0.9353371647052069
41,total_present_worth,stone_57_unit_cost,0.12729731066346295,0.12729731066346295
41,total_present_worth,rebar_unit_cost,0.18196075710529633,0.18196075710529633
41,total_present_worth,fiber_unit_cost,0.0006664639429225857,0.0006664639429225857
41,total_present_worth,demolition_cost,0.05503363214825346,0.05503363214825346
41,total_present_worth,crushing_cost,0.043861540907784616,0.043861540907784616
41,total_present_worth,recycled_aggregate_credit,-0.03752905150496363,0.03752905150496363
41,total_present_worth,discount_rate,-0.23050502557700647,0.23050502557700647
41,gwp_total_project_kgco2e,concrete_gwp_factor,0.9985762878765825,0.9985762878765825
41,gwp_total_project_kgco2e,stone_57_gwp_factor,0.008742229617448893,0.008742229617448893
41,gwp_total_project_kgco2e,rebar_gwp_factor,0.04092154776734462,0.04092154776734462
41,gwp_total_project_kgco2e,trucking_gwp_factor,0.03051351827847741,0.03051351827847741
41,gwp_total_project_kgco2e,demolition_gwp_factor,0.022206513354002606,0.022206513354002606
41,gwp_total_project_kgco2e,crushing_gwp_factor,0.02595422988222169,0.02595422988222169
41,demand_capacity_ratio_k,subgrade_k_pci,-1.0,1.0
42,total_present_worth,concrete_unit_cost,0.717310174930156,0.717310174930156
42,total_present_worth,stone_57_unit_cost,0.10062167627810469,0.10062167627810469
42,total_present_worth,rebar_unit_cost,0.6453065453656106,0.6453065453656106
42,total_present_worth,fiber_unit_cost,0.0029017288590806917,0.0029017288590806917
42,total_present_worth,demolition_cost,0.04252612086357045,0.04252612086357045
42,total_present_worth,crushing_cost,0.037165143582610055,0.037165143582610055
42,total_present_worth,recycled_aggregate_credit,-0.023375649384806258,0.023375649384806258
42,total_present_worth,discount_rate,-0.17902176244819537,0.17902176244819537
42,gwp_total_project_kgco2e,concrete_gwp_factor,0.9861728393472052,0.9861728393472052
42,gwp_total_project_kgco2e,stone_57_gwp_factor,0.008807916203587167,0.008807916203587167
42,gwp_total_project_kgco2e,rebar_gwp_factor,0.15823301617068522,0.15823301617068522
42,gwp_total_project_kgco2e,trucking_gwp_factor,0.036385468617370194,0.036385468617370194
42,gwp_total_project_kgco2e,demolition_gwp_factor,0.022066589925594637,0.022066589925594637
42,gwp_total_project_kgco2e,crushing_gwp_factor,0.025097727976375096,0.025097727976375096
42,demand_capacity_ratio_k,subgrade_k_pci,-1.0,1.0
43,total_present_worth,concrete_unit_cost,0.8009048377747301,0.8009048377747301
43,total_present_worth,stone_57_unit_cost,0.11003089238846037,0.11003089238846037
43,total_present_worth,rebar_unit_cost,0.529719759229552,0.529719759229552
43,total_present_worth,fiber_unit_cost,0.0022610665761044267,0.0022610665761044267
43,total_present_worth,demolition_cost,0.04692282044692914,0.04692282044692914
43,total_present_worth,crushing_cost,0.040026596484650644,0.040026596484650644
43,total_present_worth,recycled_aggregate_credit,-0.027941935290760778,0.027941935290760778
43,total_present_worth,discount_rate,-0.19720675535326,0.19720675535326
43,gwp_total_project_kgco2e,concrete_gwp_factor,0.9917516729753567,0.9917516729753567
43,gwp_total_project_kgco2e,stone_57_gwp_factor,0.00878395162949758,0.00878395162949758
43,gwp_total_project_kgco2e,rebar_gwp_factor,0.12147590439841438,0.12147590439841438
43,gwp_total_project_kgco2e,trucking_gwp_factor,0.034596873098510755,0.034596873098510755
43,gwp_total_project_kgco2e,demolition_gwp_factor,0.02216502168233801,0.02216502168233801
43,gwp_total_project_kgco2e,crushing_gwp_factor,0.02542172776914469,0.02542172776914469
43,demand_capacity_ratio_k,subgrade_k_pci,-1.0,1.0
44,total_present_worth,concrete_unit_cost,0.8477955475528782,0.8477955475528782
44,total_present_worth,stone_57_unit_cost,0.11545037561213216,0.11545037561213216
44,total_present_worth,rebar_unit_cost,0.4461059806530984,0.4461059806530984
44,total_present_worth,fiber_unit_cost,0.0018539826758135931,0.0018539826758135931
44,total_present_worth,demolition_cost,0.0494789935635996,0.0494789935635996
44,total_present_worth,crushing_cost,0.041528446723971386,0.041528446723971386
44,total_present_worth,recycled_aggregate_credit,-0.03073176632419671,0.03073176632419671
44,total_present_worth,discount_rate,-0.20774643970690848,0.20774643970690848
44,gwp_total_project_kgco2e,concrete_gwp_factor,0.9943784750936876,0.9943784750936876
44,gwp_total_project_kgco2e,stone_57_gwp_factor,0.008780187748856076,0.008780187748856076
44,gwp_total_project_kgco2e,rebar_gwp_factor,0.09916892270133158,0.09916892270133158
44,gwp_total_project_kgco2e,trucking_gwp_factor,0.033492327443956936,0.033492327443956936
44,gwp_total_project_kgco2e,demolition_gwp_factor,0.022193507992077408,0.022193507992077408
44,gwp_total_project_kgco2e,crushing_gwp_factor,0.02558252970428101,0.02558252970428101
44,demand_capacity_ratio_k,subgrade_k_pci,-1.0,1.0
45,total_present_worth,concrete_unit_cost,0.876022510954185,0.876022510954185
45,total_present_worth,stone_57_unit_cost,0.11892266158190506,0.11892266158190506
45,total_present_worth,rebar_unit_cost,0.38437410140952566,0.38437410140952566
45,total_present_worth,fiber_unit_cost,0.0015807614976563048,0.0015807614976563048
45,total_present_worth,demolition_cost,0.05110483274533794,0.05110483274533794
45,total_present_worth,crushing_cost,0.042415876924390354,0.042415876924390354
45,total_present_worth,recycled_aggregate_credit,-0.03257317814589327,0.03257317814589327
45,total_present_worth,discount_rate,-0.2144486419607229,0.2144486419607229
45,gwp_total_project_kgco2e,concrete_gwp_factor,0.9958233551494334,0.9958233551494334
45,gwp_total_project_kgco2e,stone_57_gwp_factor,0.008770147922644059,0.008770147922644059
45,gwp_total_project_kgco2e,rebar_gwp_factor,0.08420632942069055,0.08420632942069055
45,gwp_total_project_kgco2e,trucking_gwp_factor,0.03273838166173536,0.03273838166173536
45,gwp_total_project_kgco2e,demolition_gwp_factor,0.022205985495506397,0.022205985495506397
45,gwp_total_project_kgco2e,crushing_gwp_factor,0.025686712207202686,0.025686712207202686
45,demand_capacity_ratio_k,subgrade_k_pci,-1.0,1.0
46,total_present_worth,concrete_unit_cost,0.90082437768561,0.90082437768561
46,total_present_worth,stone_57_unit_cost,0.12216786928243516,0.12216786928243516
46,total_present_worth,rebar_unit_cost,0.31802491031789804,0.31802491031789804
46,total_present_worth,fiber_unit_cost,0.0012928813525811527,0.0012928813525811527
46,total_present_worth,demolition_cost,0.05264149989651261,0.05264149989651261
46,total_present_worth,crushing_cost,0.04310822782565929,0.04310822782565929
46,total_present_worth,recycled_aggregate_credit,-0.03436226582776091,0.03436226582776091
46,total_present_worth,discount_rate,-0.22072932139645368,0.22072932139645368
46,gwp_total_project_kgco2e,concrete_gwp_factor,0.9970169335928869,0.9970169335928869
46,gwp_total_project_kgco2e,stone_57_gwp_factor,0.008758652057039462,0.008758652057039462
46,gwp_total_project_kgco2e,rebar_gwp_factor,0.06921031222198813,0.06921031222198813
46,gwp_total_project_kgco2e,trucking_gwp_factor,0.031971256401236506,0.031971256401236506
46,gwp_total_project_kgco2e,demolition_gwp_factor,0.022212882678677156,0.022212882678677156
46,gwp_total_project_kgco2e,crushing_gwp_factor,0.02578166245424867,0.02578166245424867
46,demand_capacity_ratio_k,subgrade_k_pci,-1.0,1.0
47,total_present_worth,concrete_unit_cost,0.914002383301857,0.914002383301857
47,total_present_worth,stone_57_unit_cost,0.12402257985376904,0.12402257985376904
47,total_present_worth,rebar_unit_cost,0.2750801353977761,0.2750801353977761
47,total_present_worth,fiber_unit_cost,0.001098397022647359,0.001098397022647359
47,total_present_worth,demolition_cost,0.05350830446149933,0.05350830446149933
47,total_present_worth,crushing_cost,0.04344281695228913,0.04344281695228913
47,total_present_worth,recycled_aggregate_credit,-0.03543057239641224,0.03543057239641224
47,total_present_worth,discount_rate,-0.22429551943722753,0.22429551943722753
47,gwp_total_project_kgco2e,concrete_gwp_factor,0.9976250623285221,0.9976250623285221
47,gwp_total_project_kgco2e,stone_57_gwp_factor,0.008750022820172008,0.008750022820172008
47,gwp_total_project_kgco2e,rebar_gwp_factor,0.05997310185378125,0.05997310185378125
47,gwp_total_project_kgco2e,trucking_gwp_factor,0.031497607996727045,0.031497607996727045
47,gwp_total_project_kgco2e,demolition_gwp_factor,0.022214078037173634,0.022214078037173634
47,gwp_total_project_kgco2e,crushing_gwp_factor,0.025848935753923576,0.025848935753923576
47,demand_capacity_ratio_k,subgrade_k_pci,-1.0,1.0
48,total_present_worth,concrete_unit_cost,0.9298461063610906,0.9298461063610906
48,total_present_worth,stone_57_unit_cost,0.12642142312269658,0.12642142312269658
48,total_present_worth,rebar_unit_cost,0.21035983624996793,0.21035983624996793
48,total_present_worth,fiber_unit_cost,0.0008043951934417581,0.0008043951934417581
48,total_present_worth,demolition_cost,0.0546117452042447,0.0546117452042447
48,total_present_worth,crushing_cost,0.04378021277956009,0.04378021277956009
48,total_present_worth,recycled_aggregate_credit,-0.036924145155345665,0.036924145155345665
48,total_present_worth,discount_rate,-0.22884448830083517,0.22884448830083517
48,gwp_total_project_kgco2e,concrete_gwp_factor,0.9983351207081982,0.9983351207081982
48,gwp_total_project_kgco2e,stone_57_gwp_factor,0.008748089902315237,0.008748089902315237
48,gwp_total_project_kgco2e,rebar_gwp_factor,0.04660617107185847,0.04660617107185847
48,gwp_total_project_kgco2e,trucking_gwp_factor,0.030807861946979147,0.030807861946979147
48,gwp_total_project_kgco2e,demolition_gwp_factor,0.022209979290675995,0.022209979290675995
48,gwp_total_project_kgco2e,crushing_gwp_factor,0.025926688839554676,0.025926688839554676
48,demand_capacity_ratio_k,subgrade_k_pci,-1.0,1.0
49,total_present_worth,concrete_unit_cost,0.5826940363749977,0.5826940363749977
49,total_present_worth,stone_57_unit_cost,0.08434810138573925,0.08434810138573925
49,total_present_worth,rebar_unit_cost,0.7814298156303321,0.7814298156303321
49,total_present_worth,fiber_unit_cost,0.0037392300838636925,0.0037392300838636925
49,total_present_worth,demolition_cost,0.03519004508838002,0.03519004508838002
49,total_present_worth,crushing_cost,0.03202465782109787,0.03202465782109787
49,total_present_worth,recycled_aggregate_credit,-0.01624277553107311,0.01624277553107311
49,total_present_worth,discount_rate,-0.14815841026592888,0.14815841026592888
49,gwp_total_project_kgco2e,concrete_gwp_factor,0.9728886158837475,0.9728886158837475
49,gwp_total_project_kgco2e,stone_57_gwp_factor,0.008822470381512989,0.008822470381512989
49,gwp_total_project_kgco2e,rebar_gwp_factor,0.22138381074637753,0.22138381074637753
49,gwp_total_project_kgco2e,trucking_gwp_factor,0.03932896708760359,0.03932896708760359
49,gwp_total_project_kgco2e,demolition_gwp_factor,0.021824327463257732,0.021824327463257732
49,gwp_total_project_kgco2e,crushing_gwp_factor,0.02446957377954783,0.02446957377954783
49,demand_capacity_ratio_k,subgrade_k_pci,-1.0,1.0
50,total_present_worth,concrete_unit_cost,0.6902978460831591,0.6902978460831591
50,total_present_worth,stone_57_unit_cost,0.09752042862790417,0.09752042862790417
50,total_present_worth,rebar_unit_cost,0.6766402546496961,0.6766402546496961
50,total_present_worth,fiber_unit_cost,0.00309047616517219,0.00309047616517219
50,total_present_worth,demolition_cost,0.041103987243577604,0.041103987243577604
50,total_present_worth,crushing_cost,0.03618915182685967,0.03618915182685967
50,total_present_worth,recycled_aggregate_credit,-0.021940132968520057,0.021940132968520057
50,total_present_worth,discount_rate,-0.17306266841381843,0.17306266841381843
50,gwp_total_project_kgco2e,concrete_gwp_factor,0.9840435467576816,0.9840435467576816
50,gwp_total_project_kgco2e,stone_57_gwp_factor,0.008808141464515256,0.008808141464515256
50,gwp_total_project_kgco2e,rebar_gwp_factor,0.17006072297842428,0.17006072297842428
50,gwp_total_project_kgco2e,trucking_gwp_factor,0.03694958422809183,0.03694958422809183
50,gwp_total_project_kgco2e,demolition_gwp_factor,0.022024987066346,0.022024987066346
50,gwp_total_project_kgco2e,crushing_gwp_factor,0.024989426858507777,0.024989426858507777
50,demand_capacity_ratio_k,subgrade_k_pci,-1.0,1.0
51,total_present_worth,concrete_unit_cost,0.7624436983058736,0.7624436983058736
51,total_present_worth,stone_57_unit_cost,0.10570105261540043,0.10570105261540043
51,total_present_worth,rebar_unit_cost,0.5869886253169715,0.5869886253169715
51,total_present_worth,fiber_unit_cost,0.002579678654087872,0.002579678654087872
51,total_present_worth,demolition_cost,0.04490628323329051,0.04490628323329051
51,total_present_worth,crushing_cost,0.03872508223481804,0.03872508223481804
51,total_present_worth,recycled_aggregate_credit,-0.02581841055672737,0.02581841055672737
51,total_present_worth,discount_rate,-0.18881763633894894,0.18881763633894894
51,gwp_total_project_kgco2e,concrete_gwp_factor,0.9893464418837067,0.9893464418837067
51,gwp_total_project_kgco2e,stone_57_gwp_factor,0.008792113101564846,0.008792113101564846
51,gwp_total_project_kgco2e,rebar_gwp_factor,0.13860415064318568,0.13860415064318568
51,gwp_total_project_kgco2e,trucking_gwp_factor,0.03543401433462161,0.03543401433462161
51,gwp_total_project_kgco2e,demolition_gwp_factor,0.02212731609784293,0.02212731609784293
51,gwp_total_project_kgco2e,crushing_gwp_factor,0.025273797055997523,0.025273797055997523
51,demand_capacity_ratio_k,subgrade_k_pci,-1.0,1.0
52,total_present_worth,concrete_unit_cost,0.8098683172720754,0.8098683172720754
52,total_present_worth,stone_57_unit_cost,0.11104080908857633,0.11104080908857633
52,total_present_worth,rebar_unit_cost,0.515099871753624,0.515099871753624
52,total_present_worth,fiber_unit_cost,0.00218857389140343,0.00218857389140343
52,total_present_worth,demolition_cost,0.04739612140862245,0.04739612140862245
52,total_present_worth,crushing_cost,0.0403157310487663,0.0403157310487663
52,total_present_worth,recycled_aggregate_credit,-0.028456936594806775,0.028456936594806775
52,total_present_worth,discount_rate,-0.19918228615285175,0.19918228615285175
52,gwp_total_project_kgco2e,concrete_gwp_factor,0.9922773318559189,0.9922773318559189
52,gwp_total_project_kgco2e,stone_57_gwp_factor,0.008783668290393468,0.008783668290393468
52,gwp_total_project_kgco2e,rebar_gwp_factor,0.11737204102282082,0.11737204102282082
52,gwp_total_project_kgco2e,trucking_gwp_factor,0.03439832071548733,0.03439832071548733
52,gwp_total_project_kgco2e,demolition_gwp_factor,0.022174932028069978,0.022174932028069978
52,gwp_total_project_kgco2e,crushing_gwp_factor,0.025450961935876388,0.025450961935876388
52,demand_capacity_ratio_k,subgrade_k_pci,-1.0,1.0
53,total_present_worth,concrete_unit_cost,0.854052193667477,0.854052193667477
53,total_present_worth,stone_57_unit_cost,0.11620234182376095,0.11620234182376095
53,total_present_worth,rebar_unit_cost,0.4333558442035823,0.4333558442035823
53,total_present_worth,fiber_unit_cost,0.0017943995982217598,0.0017943995982217598
53,total_present_worth,demolition_cost,0.049829001096923606,0.049829001096923606
53,total_present_worth,crushing_cost,0.041724543407217825,0.041724543407217825
53,total_present_worth,recycled_aggregate_credit,-0.031127652607939062,0.031127652607939062
53,total_present_worth,discount_rate,-0.2092004178689024,0.2092004178689024
53,gwp_total_project_kgco2e,concrete_gwp_factor,0.9947069282873869,0.9947069282873869
53,gwp_total_project_kgco2e,stone_57_gwp_factor,0.008782931551929173,0.008782931551929173
53,gwp_total_project_kgco2e,rebar_gwp_factor,0.09598642623205858,0.09598642623205858
53,gwp_total_project_kgco2e,trucking_gwp_factor,0.03333467756974988,0.03333467756974988
53,gwp_total_project_kgco2e,demolition_gwp_factor,0.022196151719566463,0.022196151719566463
53,gwp_total_project_kgco2e,crushing_gwp_factor,0.025603993396001598,0.025603993396001598
53,demand_capacity_ratio_k,subgrade_k_pci,-1.0,1.0
54,total_present_worth,concrete_unit_cost,0.87853962780332,0.87853962780332
54,total_present_worth,stone_57_unit_cost,0.11924231600331293,0.11924231600331293
54,total_present_worth,rebar_unit_cost,0.3782633171553693,0.3782633171553693
54,total_present_worth,fiber_unit_cost,0.0015543674975497471,0.0015543674975497471
54,total_present_worth,demolition_cost,0.05125516641499807,0.05125516641499807
54,total_present_worth,crushing_cost,0.04248327953068932,0.04248327953068932
54,total_present_worth,recycled_aggregate_credit,-0.03274604066433042,0.03274604066433042
54,total_present_worth,discount_rate,-0.2150668701485481,0.2150668701485481
54,gwp_total_project_kgco2e,concrete_gwp_factor,0.9959476937428592,0.9959476937428592
54,gwp_total_project_kgco2e,stone_57_gwp_factor,0.008769367758579748,0.008769367758579748
54,gwp_total_project_kgco2e,rebar_gwp_factor,0.08278309317762524,0.08278309317762524
54,gwp_total_project_kgco2e,trucking_gwp_factor,0.0326647438171299,0.0326647438171299
54,gwp_total_project_kgco2e,demolition_gwp_factor,0.022206187662866476,0.022206187662866476
54,gwp_total_project_kgco2e,crushing_gwp_factor,0.025696682460966673,0.025696682460966673
54,demand_capacity_ratio_k,subgrade_k_pci,-1.0,1.0
55,total_present_worth,concrete_unit_cost,0.9089081924337713,0.9089081924337713
55,total_present_worth,stone_57_unit_cost,0.1232914296044846,0.1232914296044846
55,total_present_worth,rebar_unit_cost,0.2925319034563088,0.2925319034563088
55,total_present_worth,fiber_unit_cost,0.0011772307032868923,0.0011772307032868923
55,total_present_worth,demolition_cost,0.053177152084854865,0.053177152084854865
55,total_present_worth,crushing_cost,0.04331809838145524,0.04331809838145524
55,total_present_worth,recycled_aggregate_credit,-0.03500819872817928,0.03500819872817928
55,total_present_worth,discount_rate,-0.22290367305342318,0.22290367305342318
55,gwp_total_project_kgco2e,concrete_gwp_factor,0.9973920421063489,0.9973920421063489
55,gwp_total_project_kgco2e,stone_57_gwp_factor,0.00875302010385321,0.00875302010385321
55,gwp_total_project_kgco2e,rebar_gwp_factor,0.0636857512981783,0.0636857512981783
55,gwp_total_project_kgco2e,trucking_gwp_factor,0.0316910040442604,0.0316910040442604
55,gwp_total_project_kgco2e,demolition_gwp_factor,0.022216924486134774,0.022216924486134774
55,gwp_total_project_kgco2e,crushing_gwp_factor,0.025820408311160167,0.025820408311160167
55,demand_capacity_ratio_k,subgrade_k_pci,-1.0,1.0
56,total_present_worth,concrete_unit_cost,0.9271436205628893,0.9271436205628893
56,total_present_worth,stone_57_unit_cost,0.10431040300383616,0.10431040300383616
56,total_present_worth,rebar_unit_cost,0.23464502217222602,0.23464502217222602
56,total_present_worth,fiber_unit_cost,0.0008945297873978119,0.0008945297873978119
56,total_present_worth,demolition_cost,0.05447320134585328,0.05447320134585328
56,total_present_worth,crushing_cost,0.04373188744379675,0.04373188744379675
56,total_present_worth,recycled_aggregate_credit,-0.03636677052408271,0.03636677052408271
56,total_present_worth,discount_rate,-0.22806102006645212,0.22806102006645212
56,gwp_total_project_kgco2e,concrete_gwp_factor,0.9981463360744266,0.9981463360744266
56,gwp_total_project_kgco2e,stone_57_gwp_factor,0.007162880822001154,0.007162880822001154
56,gwp_total_project_kgco2e,rebar_gwp_factor,0.051405960973266385,0.051405960973266385
56,gwp_total_project_kgco2e,trucking_gwp_factor,0.030165014024130007,0.030165014024130007
56,gwp_total_project_kgco2e,demolition_gwp_factor,0.022206486605810594,0.022206486605810594
56,gwp_total_project_kgco2e,crushing_gwp_factor,0.025910459801660186,0.025910459801660186
56,demand_capacity_ratio_k,subgrade_k_pci,-1.0,1.0
57,total_present_worth,concrete_unit_cost,0.9383200171014401,0.9383200171014401
57,total_present_worth,stone_57_unit_cost,0.10576407530166564,0.10576407530166564
57,total_present_worth,rebar_unit_cost,0.18047129426975653,0.18047129426975653
57,total_present_worth,fiber_unit_cost,0.0006529880696371954,0.0006529880696371954
57,total_present_worth,demolition_cost,0.05531566265639827,0.05531566265639827
57,total_present_worth,crushing_cost,0.04392710507789085,0.04392710507789085
57,total_present_worth,recycled_aggregate_credit,-0.03753629599319052,0.03753629599319052
57,total_present_worth,discount_rate,-0.23146131096981876,0.23146131096981876
57,gwp_total_project_kgco2e,concrete_gwp_factor,0.9986349169969901,0.9986349169969901
57,gwp_total_project_kgco2e,stone_57_gwp_factor,0.007154003779181603,0.007154003779181603
57,gwp_total_project_kgco2e,rebar_gwp_factor,0.04050883507716354,0.04050883507716354
57,gwp_total_project_kgco2e,trucking_gwp_factor,0.02960171119644869,0.02960171119644869
57,gwp_total_project_kgco2e,demolition_gwp_factor,0.02220103959307242,0.02220103959307242
57,gwp_total_project_kgco2e,crushing_gwp_factor,0.025965161214834068,0.025965161214834068
57,demand_capacity_ratio_k,subgrade_k_pci,-1.0,1.0
58,total_present_worth,concrete_unit_cost,0.9436360370196305,0.9436360370196305
58,total_present_worth,stone_57_unit_cost,0.10649990621805598,0.10649990621805598
58,total_present_worth,rebar_unit_cost,0.1470697436747319,0.1470697436747319
58,total_present_worth,fiber_unit_cost,0.0004863263783065306,0.0004863263783065306
58,total_present_worth,demolition_cost,0.055723795077041526,0.055723795077041526
58,total_present_worth,crushing_cost,0.04396465014366586,0.04396465014366586
58,total_present_worth,recycled_aggregate_credit,-0.03820096976142439,0.03820096976142439
58,total_present_worth,discount_rate,-0.23317174664076282,0.23317174664076282
58,gwp_total_project_kgco2e,concrete_gwp_factor,0.9988638987797696,0.9988638987797696
58,gwp_total_project_kgco2e,stone_57_gwp_factor,0.007144559167945825,0.007144559167945825
58,gwp_total_project_kgco2e,rebar_gwp_factor,0.033970999376116404,0.033970999376116404
58,gwp_total_project_kgco2e,trucking_gwp_factor,0.02926064571743226,0.02926064571743226
58,gwp_total_project_kgco2e,demolition_gwp_factor,0.02220035353540814,0.02220035353540814
58,gwp_total_project_kgco2e,crushing_gwp_factor,0.025997814593503126,0.025997814593503126
58,demand_capacity_ratio_k,subgrade_k_pci,-1.0,1.0
59,total_present_worth,concrete_unit_cost,0.9465679947374434,0.9465679947374434
59,total_present_worth,stone_57_unit_cost,0.10691628360916652,0.10691628360916652
59,total_present_worth,rebar_unit_cost,0.12448744819379498,0.12448744819379498
59,total_present_worth,fiber_unit_cost,0.00037264096507705645,0.00037264096507705645
59,total_present_worth,demolition_cost,0.05596557212603423,0.05596557212603423
59,total_present_worth,crushing_cost,0.04395254530263702,0.04395254530263702
59,total_present_worth,recycled_aggregate_credit,-0.03861552349659821,0.03861552349659821
59,total_present_worth,discount_rate,-0.23415135920787825,0.23415135920787825
59,gwp_total_project_kgco2e,concrete_gwp_factor,0.998989708961516,0.998989708961516
59,gwp_total_project_kgco2e,stone_57_gwp_factor,0.007146238978826496,0.007146238978826496
59,gwp_total_project_kgco2e,rebar_gwp_factor,0.029609957751011988,0.029609957751011988
59,gwp_total_project_kgco2e,trucking_gwp_factor,0.02903542880083017,0.02903542880083017
59,gwp_total_project_kgco2e,demolition_gwp_factor,0.02219946986020779,0.02219946986020779
59,gwp_total_project_kgco2e,crushing_gwp_factor,0.02602492022048997,0.02602492022048997
59,demand_capacity_ratio_k,subgrade_k_pci,-1.0,1.0
60,total_present_worth,concrete_unit_cost,0.8709506892865884,0.8709506892865884
60,total_present_worth,stone_57_unit_cost,0.0980605044672562,0.0980605044672562
60,total_present_worth,rebar_unit_cost,0.40220130962676853,0.40220130962676853
60,total_present_worth,fiber_unit_cost,0.001604821928321929,0.001604821928321929
60,total_present_worth,demolition_cost,0.05085812653266326,0.05085812653266326
60,total_present_worth,crushing_cost,0.04221900090747961,0.04221900090747961
60,total_present_worth,recycled_aggregate_credit,-0.032013369166309355,0.032013369166309355
60,total_present_worth,discount_rate,-0.21321147316259112,0.21321147316259112
60,gwp_total_project_kgco2e,concrete_gwp_factor,0.9955064790268746,0.9955064790268746
60,gwp_total_project_kgco2e,stone_57_gwp_factor,0.007189562571259826,0.007189562571259826
60,gwp_total_project_kgco2e,rebar_gwp_factor,0.08820736241448296,0.08820736241448296
60,gwp_total_project_kgco2e,trucking_gwp_factor,0.0320530033357012,0.0320530033357012
60,gwp_total_project_kgco2e,demolition_gwp_factor,0.02219737162094295,0.02219737162094295
60,gwp_total_project_kgco2e,crushing_gwp_factor,0.02566926730818771,0.02566926730818771
60,demand_capacity_ratio_k,subgrade_k_pci,-1.0,1.0
61,total_present_worth,concrete_unit_cost,0.904576880136775,0.904576880136775
61,total_present_worth,stone_57_unit_cost,0.10162175340119271,0.10162175340119271
61,total_present_worth,rebar_unit_cost,0.3146360459452784,0.3146360459452784
61,total_present_worth,fiber_unit_cost,0.0012295835004598335,0.0012295835004598335
61,total_present_worth,demolition_cost,0.052939428956503776,0.052939428956503776
61,total_present_worth,crushing_cost,0.04318280960773713,0.04318280960773713
61,total_present_worth,recycled_aggregate_credit,-0.03442666231290666,0.03442666231290666
61,total_present_worth,discount_rate,-0.22174953358640312,0.22174953358640312
61,gwp_total_project_kgco2e,concrete_gwp_factor,0.9971254647769623,0.9971254647769623
61,gwp_total_project_kgco2e,stone_57_gwp_factor,0.0071725861341970345,0.0071725861341970345
61,gwp_total_project_kgco2e,rebar_gwp_factor,0.06829114740619646,0.06829114740619646
61,gwp_total_project_kgco2e,trucking_gwp_factor,0.03103443648559778,0.03103443648559778
61,gwp_total_project_kgco2e,demolition_gwp_factor,0.022207432258802978,0.022207432258802978
61,gwp_total_project_kgco2e,crushing_gwp_factor,0.025798032825839215,0.025798032825839215
61,demand_capacity_ratio_k,subgrade_k_pci,-1.0,1.0
62,total_present_worth,concrete_unit_cost,0.9212355669750224,0.9212355669750224
62,total_present_worth,stone_57_unit_cost,0.10358233728495293,0.10358233728495293
62,total_present_worth,rebar_unit_cost,0.25832183266332875,0.25832183266332875
62,total_present_worth,fiber_unit_cost,0.0009902106055800844,0.0009902106055800844
62,total_present_worth,demolition_cost,0.05405984872274395,0.05405984872274395
62,total_present_worth,crushing_cost,0.043596156976094466,0.043596156976094466
62,total_present_worth,recycled_aggregate_credit,-0.035814674978997874,0.035814674978997874
62,total_present_worth,discount_rate,-0.22634262909331593,0.22634262909331593
62,gwp_total_project_kgco2e,concrete_gwp_factor,0.9978836472647856,0.9978836472647856
62,gwp_total_project_kgco2e,stone_57_gwp_factor,0.007164271438161709,0.007164271438161709
62,gwp_total_project_kgco2e,rebar_gwp_factor,0.056295510546774216,0.056295510546774216
62,gwp_total_project_kgco2e,trucking_gwp_factor,0.030420025314696016,0.030420025314696016
62,gwp_total_project_kgco2e,demolition_gwp_factor,0.022204251928657704,0.022204251928657704
62,gwp_total_project_kgco2e,crushing_gwp_factor,0.025883906392497567,0.025883906392497567
62,demand_capacity_ratio_k,subgrade_k_pci,-1.0,1.0
63,total_present_worth,concrete_unit_cost,0.9306380302015352,0.9306380302015352
63,total_present_worth,stone_57_unit_cost,0.10475132244935655,0.10475132244935655
63,total_present_worth,rebar_unit_cost,0.2192966631501827,0.2192966631501827
63,total_present_worth,fiber_unit_cost,0.0008221056917208423,0.0008221056917208423
63,total_present_worth,demolition_cost,0.05472356014694543,0.05472356014694543
63,total_present_worth,crushing_cost,0.04380267623323307,0.04380267623323307
63,total_present_worth,recycled_aggregate_credit,-0.036706771581690716,0.036706771581690716
63,total_present_worth,discount_rate,-0.22909978393613503,0.22909978393613503
63,gwp_total_project_kgco2e,concrete_gwp_factor,0.9983001062386161,0.9983001062386161
63,gwp_total_project_kgco2e,stone_57_gwp_factor,0.007165492205266198,0.007165492205266198
63,gwp_total_project_kgco2e,rebar_gwp_factor,0.04827988471595196,0.04827988471595196
63,gwp_total_project_kgco2e,trucking_gwp_factor,0.03000037579728015,0.03000037579728015
63,gwp_total_project_kgco2e,demolition_gwp_factor,0.022205305102226125,0.022205305102226125
63,gwp_total_project_kgco2e,crushing_gwp_factor,0.02593053598829222,0.02593053598829222
63,demand_capacity_ratio_k,subgrade_k_pci,-1.0,1.0
64,total_present_worth,concrete_unit_cost,0.938545132212346,0.938545132212346
64,total_present_worth,stone_57_unit_cost,0.10579480806094192,0.10579480806094192
64,total_present_worth,rebar_unit_cost,0.1791941958646697,0.1791941958646697
64,total_present_worth,fiber_unit_cost,0.0006470165328668066,0.0006470165328668066
64,total_present_worth,demolition_cost,0.05533232810242093,0.05533232810242093
64,total_present_worth,crushing_cost,0.04393061121696425,0.04393061121696425
64,total_present_worth,recycled_aggregate_credit,-0.03756115257912047,0.03756115257912047
64,total_present_worth,discount_rate,-0.23153159965917675,0.23153159965917675
64,gwp_total_project_kgco2e,concrete_gwp_factor,0.9986447009180179,0.9986447009180179
64,gwp_total_project_kgco2e,stone_57_gwp_factor,0.007153508033357404,0.007153508033357404
64,gwp_total_project_kgco2e,rebar_gwp_factor,0.04025534719687014,0.04025534719687014
64,gwp_total_project_kgco2e,trucking_gwp_factor,0.029588941008411578,0.029588941008411578
64,gwp_total_project_kgco2e,demolition_gwp_factor,0.02219993279227198,0.02219993279227198
64,gwp_total_project_kgco2e,crushing_gwp_factor,0.025966511725842606,0.025966511725842606
64,demand_capacity_ratio_k,subgrade_k_pci,-1.0,1.0
65,total_present_worth,concrete_unit_cost,0.94261988187548,0.94261988187548
65,total_present_worth,stone_57_unit_cost,0.10635684493748675,0.10635684493748675
65,total_present_worth,rebar_unit_cost,0.15405858743624742,0.15405858743624742
65,total_present_worth,fiber_unit_cost,0.0005230715459692287,0.0005230715459692287
65,total_present_worth,demolition_cost,0.055647622512947054,0.055647622512947054
65,total_present_worth,crushing_cost,0.04396054623956822,0.04396054623956822
65,total_present_worth,recycled_aggregate_credit,-0.038060211153272086,0.038060211153272086
65,total_present_worth,discount_rate,-0.23284183537616024,0.23284183537616024
65,gwp_total_project_kgco2e,concrete_gwp_factor,0.9988202825437202,0.9988202825437202
65,gwp_total_project_kgco2e,stone_57_gwp_factor,0.007146114805706446,0.007146114805706446
65,gwp_total_project_kgco2e,rebar_gwp_factor,0.035327976726259196,0.035327976726259196
65,gwp_total_project_kgco2e,trucking_gwp_factor,0.02933209558341284,0.02933209558341284
65,gwp_total_project_kgco2e,demolition_gwp_factor,0.02220015137246406,0.02220015137246406
65,gwp_total_project_kgco2e,crushing_gwp_factor,0.02599034358406014,0.02599034358406014
65,demand_capacity_ratio_k,subgrade_k_pci,-1.0,1.0
66,total_present_worth,concrete_unit_cost,0.9473979700570073,0.9473979700570073
66,total_present_worth,stone_57_unit_cost,0.10703288854818915,0.10703288854818915
66,total_present_worth,rebar_unit_cost,0.11724511774565007,0.11724511774565007
66,total_present_worth,fiber_unit_cost,0.0003349142120059657,0.0003349142120059657
66,total_present_worth,demolition_cost,0.05602650900801061,0.05602650900801061
66,total_present_worth,crushing_cost,0.043946285974762515,0.043946285974762515
66,total_present_worth,recycled_aggregate_credit,-0.038746760563818705,0.038746760563818705
66,total_present_worth,discount_rate,-0.23443076503831484,0.23443076503831484
66,gwp_total_project_kgco2e,concrete_gwp_factor,0.9990252289161222,0.9990252289161222
66,gwp_total_project_kgco2e,stone_57_gwp_factor,0.007146412739690565,0.007146412739690565
66,gwp_total_project_kgco2e,rebar_gwp_factor,0.02822387430927355,0.02822387430927355
66,gwp_total_project_kgco2e,trucking_gwp_factor,0.028963828908257532,0.028963828908257532
66,gwp_total_project_kgco2e,demolition_gwp_factor,0.022199044823855617,0.022199044823855617
66,gwp_total_project_kgco2e,crushing_gwp_factor,0.02603185044455674,0.02603185044455674
66,demand_capacity_ratio_k,subgrade_k_pci,-1.0,1.0
67,total_present_worth,concrete_unit_cost,0.7755567170126868,0.7755567170126868
67,total_present_worth,stone_57_unit_cost,0.08903981003596795,0.08903981003596795
67,total_present_worth,rebar_unit_cost,0.5716962509775425,0.5716962509775425
67,total_present_worth,fiber_unit_cost,0.002421367794728547,0.002421367794728547
67,total_present_worth,demolition_cost,0.045638422099887374,0.045638422099887374
67,total_present_worth,crushing_cost,0.03912365982297746,0.03912365982297746
67,total_present_worth,recycled_aggregate_credit,-0.02637105059518842,0.02637105059518842
67,total_present_worth,discount_rate,-0.1916852385644232,0.1916852385644232
67,gwp_total_project_kgco2e,concrete_gwp_factor,0.9901367685615907,0.9901367685615907
67,gwp_total_project_kgco2e,stone_57_gwp_factor,0.0072164547893825825,0.0072164547893825825
67,gwp_total_project_kgco2e,rebar_gwp_factor,0.13355910801614365,0.13355910801614365
67,gwp_total_project_kgco2e,trucking_gwp_factor,0.03430479442722592,0.03430479442722592
67,gwp_total_project_kgco2e,demolition_gwp_factor,0.02213434758030974,0.02213434758030974
67,gwp_total_project_kgco2e,crushing_gwp_factor,0.0253282523106753,0.0253282523106753
67,demand_capacity_ratio_k,subgrade_k_pci,-1.0,1.0
68,total_present_worth,concrete_unit_cost,0.8428010870806725,0.8428010870806725
68,total_present_worth,stone_57_unit_cost,0.09527313117887726,0.09527313117887726
68,total_present_worth,rebar_unit_cost,0.4607632193653293,0.4607632193653293
68,total_present_worth,fiber_unit_cost,0.0018580501195912202,0.0018580501195912202
68,total_present_worth,demolition_cost,0.0492389971329756,0.0492389971329756
68,total_present_worth,crushing_cost,0.04131692917441477,0.04131692917441477
68,total_present_worth,recycled_aggregate_credit,-0.03022660505749865,0.03022660505749865
68,total_present_worth,discount_rate,-0.20660330246511063,0.20660330246511063
68,gwp_total_project_kgco2e,concrete_gwp_factor,0.9940501398468361,0.9940501398468361
68,gwp_total_project_kgco2e,stone_57_gwp_factor,0.007200521462784209,0.007200521462784209
68,gwp_total_project_kgco2e,rebar_gwp_factor,0.1026582473829833,0.1026582473829833
68,gwp_total_project_kgco2e,trucking_gwp_factor,0.03278243781260098,0.03278243781260098
68,gwp_total_project_kgco2e,demolition_gwp_factor,0.02218393034711357,0.02218393034711357
68,gwp_total_project_kgco2e,crushing_gwp_factor,0.025568624737683454,0.025568624737683454
68,demand_capacity_ratio_k,subgrade_k_pci,-1.0,1.0
69,total_present_worth,concrete_unit_cost,0.8786643747447458,0.8786643747447458
69,total_present_worth,stone_57_unit_cost,0.09884279665332914,0.09884279665332914
69,total_present_worth,rebar_unit_cost,0.38420110267630453,0.38420110267630453
69,total_present_worth,fiber_unit_cost,0.0015264076427865631,0.0015264076427865631
69,total_present_worth,demolition_cost,0.0513152291599501,0.0513152291599501
69,total_present_worth,crushing_cost,0.04245206658526883,0.04245206658526883
69,total_present_worth,recycled_aggregate_credit,-0.03253751082168701,0.03253751082168701
69,total_present_worth,discount_rate,-0.21510458374521632,0.21510458374521632
69,gwp_total_project_kgco2e,concrete_gwp_factor,0.9958892919183878,0.9958892919183878
69,gwp_total_project_kgco2e,stone_57_gwp_factor,0.007185714042138287,0.007185714042138287
69,gwp_total_project_kgco2e,rebar_gwp_factor,0.08396195161630479,0.08396195161630479
69,gwp_total_project_kgco2e,trucking_gwp_factor,0.03183828319215931,0.03183828319215931
69,gwp_total_project_kgco2e,demolition_gwp_factor,0.0222007385630883,0.0222007385630883
69,gwp_total_project_kgco2e,crushing_gwp_factor,0.025698208821223287,0.025698208821223287
69,demand_capacity_ratio_k,subgrade_k_pci,-1.0,1.0
70,total_present_worth,concrete_unit_cost,0.8996805566512003,0.8996805566512003
70,total_present_worth,stone_57_unit_cost,0.101079992346544,0.101079992346544
70,total_present_worth,rebar_unit_cost,0.32911888783894355,0.32911888783894355
70,total_present_worth,fiber_unit_cost,0.0012895263282598106,0.0012895263282598106
70,total_present_worth,demolition_cost,0.05262237859096896,0.05262237859096896
70,total_present_worth,crushing_cost,0.043046961491458785,0.043046961491458785
70,total_present_worth,recycled_aggregate_credit,-0.03405690775467877,0.03405690775467877
70,total_present_worth,discount_rate,-0.2204466966162666,0.2204466966162666
70,gwp_total_project_kgco2e,concrete_gwp_factor,0.9968971457082949,0.9968971457082949
70,gwp_total_project_kgco2e,stone_57_gwp_factor,0.00717417487525367,0.00717417487525367
70,gwp_total_project_kgco2e,rebar_gwp_factor,0.07147187547060475,0.07147187547060475
70,gwp_total_project_kgco2e,trucking_gwp_factor,0.031200536049216215,0.031200536049216215
70,gwp_total_project_kgco2e,demolition_gwp_factor,0.022202956185745186,0.022202956185745186
70,gwp_total_project_kgco2e,crushing_gwp_factor,0.02577959521357584,0.02577959521357584
70,demand_capacity_ratio_k,subgrade_k_pci,-1.0,1.0
71,total_present_worth,concrete_unit_cost,0.917829665632444,0.917829665632444
71,total_present_worth,stone_57_unit_cost,0.1031672578808509,0.1031672578808509
71,total_present_worth,rebar_unit_cost,0.2709311280165005,0.2709311280165005
71,total_present_worth,fiber_unit_cost,0.0010467055472986823,0.0010467055472986823
71,total_present_worth,demolition_cost,0.053820642921432266,0.053820642921432266
71,total_present_worth,crushing_cost,0.0435194859160638,0.0435194859160638
71,total_present_worth,recycled_aggregate_credit,-0.035510886773852356,0.035510886773852356
71,total_present_worth,discount_rate,-0.22537410441476693,0.22537410441476693
71,gwp_total_project_kgco2e,concrete_gwp_factor,0.9977306619882444,0.9977306619882444
71,gwp_total_project_kgco2e,stone_57_gwp_factor,0.007164017070513608,0.007164017070513608
71,gwp_total_project_kgco2e,rebar_gwp_factor,0.05893534810920614,0.05893534810920614
71,gwp_total_project_kgco2e,trucking_gwp_factor,0.030555992974782398,0.030555992974782398
71,gwp_total_project_kgco2e,demolition_gwp_factor,0.022205549555858222,0.022205549555858222
71,gwp_total_project_kgco2e,crushing_gwp_factor,0.02586779251869912,0.02586779251869912
71,demand_capacity_ratio_k,subgrade_k_pci,-1.0,1.0
72,total_present_worth,concrete_unit_cost,0.927364875483074,0.927364875483074
72,total_present_worth,stone_57_unit_cost,0.10433770236784709,0.10433770236784709
72,total_present_worth,rebar_unit_cost,0.23370627476215453,0.23370627476215453
72,total_present_worth,fiber_unit_cost,0.0008874761514909905,0.0008874761514909905
72,total_present_worth,demolition_cost,0.05448883230787553,0.05448883230787553
72,total_present_worth,crushing_cost,0.04373433112360573,0.04373433112360573
72,total_present_worth,recycled_aggregate_credit,-0.036388331134331334,0.036388331134331334
72,total_present_worth,discount_rate,-0.22812691704605728,0.22812691704605728
72,gwp_total_project_kgco2e,concrete_gwp_factor,0.9981562512182386,0.9981562512182386
72,gwp_total_project_kgco2e,stone_57_gwp_factor,0.007162319548304929,0.007162319548304929
72,gwp_total_project_kgco2e,rebar_gwp_factor,0.05121160054275665,0.05121160054275665
72,gwp_total_project_kgco2e,trucking_gwp_factor,0.030154295655133723,0.030154295655133723
72,gwp_total_project_kgco2e,demolition_gwp_factor,0.022205881690994356,0.022205881690994356
72,gwp_total_project_kgco2e,crushing_gwp_factor,0.025912016544764806,0.025912016544764806
72,demand_capacity_ratio_k,subgrade_k_pci,-1.0,1.0
73,total_present_worth,concrete_unit_cost,0.9387131603001894,0.9387131603001894
73,total_present_worth,stone_57_unit_cost,0.10581856183410344,0.10581856183410344
73,total_present_worth,rebar_unit_cost,0.17823261579116506,0.17823261579116506
73,total_present_worth,fiber_unit_cost,0.0006427069431050828,0.0006427069431050828
73,total_present_worth,demolition_cost,0.055345094179066044,0.055345094179066044
73,total_present_worth,crushing_cost,0.043931521686820615,0.043931521686820615
73,total_present_worth,recycled_aggregate_credit,-0.03757955825199183,0.03757955825199183
73,total_present_worth,discount_rate,-0.23158541879802153,0.23158541879802153
73,gwp_total_project_kgco2e,concrete_gwp_factor,0.9986519421062449,0.9986519421062449
73,gwp_total_project_kgco2e,stone_57_gwp_factor,0.007153168918253268,0.007153168918253268
73,gwp_total_project_kgco2e,rebar_gwp_factor,0.04006666627074667,0.04006666627074667
73,gwp_total_project_kgco2e,trucking_gwp_factor,0.029578905658679565,0.029578905658679565
73,gwp_total_project_kgco2e,demolition_gwp_factor,0.022200319045968128,0.022200319045968128
73,gwp_total_project_kgco2e,crushing_gwp_factor,0.025967263158066908,0.025967263158066908
73,demand_capacity_ratio_k,subgrade_k_pci,-1.0,1.0
74,total_present_worth,concrete_unit_cost,0.6537001075516562,0.6537001075516562
74,total_present_worth,stone_57_unit_cost,0.07762905504426762,0.07762905504426762
74,total_present_worth,rebar_unit_cost,0.717562379547345,0.717562379547345
74,total_present_worth,fiber_unit_cost,0.003278806513599523,0.003278806513599523
74,total_present_worth,demolition_cost,0.039174445726197785,0.039174445726197785
74,total_present_worth,crushing_cost,0.03478189129362476,0.03478189129362476
74,total_present_worth,recycled_aggregate_credit,-0.019853706819525484,0.019853706819525484
74,total_present_worth,discount_rate,-0.1648477066542913,0.1648477066542913
74,gwp_total_project_kgco2e,concrete_gwp_factor,0.980754816147118,0.980754816147118
74,gwp_total_project_kgco2e,stone_57_gwp_factor,0.007253477927733392,0.007253477927733392
74,gwp_total_project_kgco2e,rebar_gwp_factor,0.18701128182875654,0.18701128182875654
74,gwp_total_project_kgco2e,trucking_gwp_factor,0.036869285995643715,0.036869285995643715
74,gwp_total_project_kgco2e,demolition_gwp_factor,0.02195780579870312,0.02195780579870312
74,gwp_total_project_kgco2e,crushing_gwp_factor,0.024835202883406085,0.024835202883406085
74,demand_capacity_ratio_k,subgrade_k_pci,-1.0,1.0
75,total_present_worth,concrete_unit_cost,0.7526589100550477,0.7526589100550477
75,total_present_worth,stone_57_unit_cost,0.0869592128390717,0.0869592128390717
75,total_present_worth,rebar_unit_cost,0.6033478153899792,0.6033478153899792
75,total_present_worth,fiber_unit_cost,0.0025934612260613845,0.0025934612260613845
75,total_present_worth,demolition_cost,0.04443662537358266,0.04443662537358266
75,total_present_worth,crushing_cost,0.03833272356746109,0.03833272356746109
75,total_present_worth,recycled_aggregate_credit,-0.0251322450619889,0.0251322450619889
75,total_present_worth,discount_rate,-0.1867228837676763,0.1867228837676763
75,gwp_total_project_kgco2e,concrete_gwp_factor,0.9886369480083189,0.9886369480083189
75,gwp_total_project_kgco2e,stone_57_gwp_factor,0.007227080783050834,0.007227080783050834
75,gwp_total_project_kgco2e,rebar_gwp_factor,0.14354314082170527,0.14354314082170527
75,gwp_total_project_kgco2e,trucking_gwp_factor,0.034800606427104246,0.034800606427104246
75,gwp_total_project_kgco2e,demolition_gwp_factor,0.022100375837672156,0.022100375837672156
75,gwp_total_project_kgco2e,crushing_gwp_factor,0.02524136676500855,0.02524136676500855
75,demand_capacity_ratio_k,subgrade_k_pci,-1.0,1.0
76,total_present_worth,concrete_unit_cost,0.8124479469702912,0.8124479469702912
76,total_present_worth,stone_57_unit_cost,0.09242129902455253,0.09242129902455253
76,total_present_worth,rebar_unit_cost,0.5147980415391353,0.5147980415391353
76,total_present_worth,fiber_unit_cost,0.0021201257186720507,0.0021201257186720507
76,total_present_worth,demolition_cost,0.04757592930607037,0.04757592930607037
76,total_present_worth,crushing_cost,0.04034571772762629,0.04034571772762629
76,total_present_worth,recycled_aggregate_credit,-0.028426956412554785,0.028426956412554785
76,total_present_worth,discount_rate,-0.1997724381214842,0.1997724381214842
76,gwp_total_project_kgco2e,concrete_gwp_factor,0.9923664924275386,0.9923664924275386
76,gwp_total_project_kgco2e,stone_57_gwp_factor,0.0072079162131871675,0.0072079162131871675
76,gwp_total_project_kgco2e,rebar_gwp_factor,0.1170282207956753,0.1170282207956753
76,gwp_total_project_kgco2e,trucking_gwp_factor,0.033494252612309705,0.033494252612309705
76,gwp_total_project_kgco2e,demolition_gwp_factor,0.022168199046947282,0.022168199046947282
76,gwp_total_project_kgco2e,crushing_gwp_factor,0.025462783624713114,0.025462783624713114
76,demand_capacity_ratio_k,subgrade_k_pci,-1.0,1.0
77,total_present_worth,concrete_unit_cost,0.8497427577171452,0.8497427577171452
77,total_present_worth,stone_57_unit_cost,0.0959557489521423,0.0959557489521423
77,total_present_worth,rebar_unit_cost,0.44720525100905817,0.44720525100905817
77,total_present_worth,fiber_unit_cost,0.001801779136752712,0.001801779136752712
77,total_present_worth,demolition_cost,0.04963043787713218,0.04963043787713218
77,total_present_worth,crushing_cost,0.041538888647623555,0.041538888647623555
77,total_present_worth,recycled_aggregate_credit,-0.030655628221990253,0.030655628221990253
77,total_present_worth,discount_rate,-0.20820554209990014,0.20820554209990014
77,gwp_total_project_kgco2e,concrete_gwp_factor,0.9944182917473674,0.9944182917473674
77,gwp_total_project_kgco2e,stone_57_gwp_factor,0.0072044618396177856,0.0072044618396177856
77,gwp_total_project_kgco2e,rebar_gwp_factor,0.0992169766477828,0.0992169766477828
77,gwp_total_project_kgco2e,trucking_gwp_factor,0.03261158534811664,0.03261158534811664
77,gwp_total_project_kgco2e,demolition_gwp_factor,0.022188057764011223,0.022188057764011223
77,gwp_total_project_kgco2e,crushing_gwp_factor,0.02559166906614067,0.02559166906614067
77,demand_capacity_ratio_k,subgrade_k_pci,-1.0,1.0
78,total_present_worth,concrete_unit_cost,0.8833564282126707,0.8833564282126707
78,total_present_worth,stone_57_unit_cost,0.0993370006417828,0.0993370006417828
78,total_present_worth,rebar_unit_cost,0.3727337815677175,0.3727337815677175
78,total_present_worth,fiber_unit_cost,0.0014775378361110152,0.0014775378361110152
78,total_present_worth,demolition_cost,0.05160587305373035,0.05160587305373035
78,total_present_worth,crushing_cost,0.04259388821428556,0.04259388821428556
78,total_present_worth,recycled_aggregate_credit,-0.03286380974524153,0.03286380974524153
78,total_present_worth,discount_rate,-0.21627238117239198,0.21627238117239198
78,gwp_total_project_kgco2e,concrete_gwp_factor,0.9961186678727515,0.9961186678727515
78,gwp_total_project_kgco2e,stone_57_gwp_factor,0.007183631507417453,0.007183631507417453
78,gwp_total_project_kgco2e,rebar_gwp_factor,0.08130313770880926,0.08130313770880926
78,gwp_total_project_kgco2e,trucking_gwp_factor,0.031703222368041295,0.031703222368041295
78,gwp_total_project_kgco2e,demolition_gwp_factor,0.02220036682488015,0.02220036682488015
78,gwp_total_project_kgco2e,crushing_gwp_factor,0.02571726704756691,0.02571726704756691
78,demand_capacity_ratio_k,subgrade_k_pci,-1.0,1.0
79,total_present_worth,concrete_unit_cost,0.9015363565099587,0.9015363565099587
79,total_present_worth,stone_57_unit_cost,0.10128164172422467,0.10128164172422467
79,total_present_worth,rebar_unit_cost,0.32371808590759926,0.32371808590759926
79,total_present_worth,fiber_unit_cost,0.0012636506692094605,0.0012636506692094605
79,total_present_worth,demolition_cost,0.05274181302151273,0.05274181302151273
79,total_present_worth,crushing_cost,0.04309803308511122,0.04309803308511122
79,total_present_worth,recycled_aggregate_credit,-0.03419193225278078,0.03419193225278078
79,total_present_worth,discount_rate,-0.22093971166999882,0.22093971166999882
79,gwp_total_project_kgco2e,concrete_gwp_factor,0.9969840406831777,0.9969840406831777
79,gwp_total_project_kgco2e,stone_57_gwp_factor,0.007172619368821048,0.007172619368821048
79,gwp_total_project_kgco2e,rebar_gwp_factor,0.0702811968692005,0.0702811968692005
79,gwp_total_project_kgco2e,trucking_gwp_factor,0.031136724083302692,0.031136724083302692
79,gwp_total_project_kgco2e,demolition_gwp_factor,0.02220468157992188,0.02220468157992188
79,gwp_total_project_kgco2e,crushing_gwp_factor,0.02578669127533868,0.02578669127533868
79,demand_capacity_ratio_k,subgrade_k_pci,-1.0,1.0
80,total_present_worth,concrete_unit_cost,0.9236897304101479,0.9236897304101479
80,total_present_worth,stone_57_unit_cost,0.10387827201953531,0.10387827201953531
80,total_present_worth,rebar_unit_cost,0.24879263688457307,0.24879263688457307
80,total_present_worth,fiber_unit_cost,0.0009498604700119443,0.0009498604700119443
80,total_present_worth,demolition_cost,0.054229051970395625,0.054229051970395625
80,total_present_worth,crushing_cost,0.043659333063159736,0.043659333063159736
80,total_present_worth,recycled_aggregate_credit,-0.036046822040370734,0.036046822040370734
80,total_present_worth,discount_rate,-0.22705064237082653,0.22705064237082653
80,gwp_total_project_kgco2e,concrete_gwp_factor,0.9979930620102053,0.9979930620102053
80,gwp_total_project_kgco2e,stone_57_gwp_factor,0.00716327362049731,0.00716327362049731
80,gwp_total_project_kgco2e,rebar_gwp_factor,0.054318605701087444,0.054318605701087444
80,gwp_total_project_kgco2e,trucking_gwp_factor,0.030318210595423285,0.030318210595423285
80,gwp_total_project_kgco2e,demolition_gwp_factor,0.022204798491217922,0.022204798491217922
80,gwp_total_project_kgco2e,crushing_gwp_factor,0.025895699074262278,0.025895699074262278
80,demand_capacity_ratio_k,subgrade_k_pci,-1.0,1.0
81,total_present_worth,concrete_unit_cost,0.6766610462062486,0.6766610462062486
81,total_present_worth,stone_57_unit_cost,0.2413716239856687,0.2413716239856687
81,total_present_worth,rebar_unit_cost,0.652937088015511,0.652937088015511
81,total_present_worth,fiber_unit_cost,0.003457967001927187,0.003457967001927187
81,total_present_worth,demolition_cost,0.03995305282295723,0.03995305282295723
81,total_present_worth,crushing_cost,0.036032497840813,0.036032497840813
81,total_present_worth,recycled_aggregate_credit,-0.022663741736489496,0.022663741736489496
81,total_present_worth,discount_rate,-0.16978146801398844,0.16978146801398844
81,gwp_total_project_kgco2e,concrete_gwp_factor,0.9839444914310179,0.9839444914310179
81,gwp_total_project_kgco2e,stone_57_gwp_factor,0.022872315383740925,0.022872315383740925
81,gwp_total_project_kgco2e,rebar_gwp_factor,0.1673812456756245,0.1673812456756245
81,gwp_total_project_kgco2e,trucking_gwp_factor,0.04469342950226137,0.04469342950226137
81,gwp_total_project_kgco2e,demolition_gwp_factor,0.022091189778532475,0.022091189778532475
81,gwp_total_project_kgco2e,crushing_gwp_factor,0.024921160162352466,0.024921160162352466
81,demand_capacity_ratio_k,subgrade_k_pci,-1.0,1.0
82,total_present_worth,concrete_unit_cost,0.7579035384956094,0.7579035384956094
82,total_present_worth,stone_57_unit_cost,0.2665289358481476,0.2665289358481476
82,total_present_worth,rebar_unit_cost,0.5374229190612732,0.5374229190612732
82,total_present_worth,fiber_unit_cost,0.0028820629701128255,0.0028820629701128255
82,total_present_worth,demolition_cost,0.04422240639112896,0.04422240639112896
82,total_present_worth,crushing_cost,0.038926652166642664,0.038926652166642664
82,total_present_worth,recycled_aggregate_credit,-0.027305774395082315,0.027305774395082315
82,total_present_worth,discount_rate,-0.18769633337765923,0.18769633337765923
82,gwp_total_project_kgco2e,concrete_gwp_factor,0.9902238652407296,0.9902238652407296
82,gwp_total_project_kgco2e,stone_57_gwp_factor,0.022949960698619987,0.022949960698619987
82,gwp_total_project_kgco2e,rebar_gwp_factor,0.12849514003837406,0.12849514003837406
82,gwp_total_project_kgco2e,trucking_gwp_factor,0.04288514987507406,0.04288514987507406
82,gwp_total_project_kgco2e,demolition_gwp_factor,0.022208139923187254,0.022208139923187254
82,gwp_total_project_kgco2e,crushing_gwp_factor,0.025270535901532217,0.025270535901532217
82,demand_capacity_ratio_k,subgrade_k_pci,-1.0,1.0
83,total_present_worth,concrete_unit_cost,0.5168411426814244,0.5168411426814244
83,total_present_worth,stone_57_unit_cost,0.18851105512007646,0.18851105512007646
83,total_present_worth,rebar_unit_cost,0.8133274546507071,0.8133274546507071
83,total_present_worth,fiber_unit_cost,0.004423761353609505,0.004423761353609505
83,total_present_worth,demolition_cost,0.03114480021501792,0.03114480021501792
83,total_present_worth,crushing_cost,0.029578009031927206,0.029578009031927206
83,total_present_worth,recycled_aggregate_credit,-0.01379057239502023,0.01379057239502023
83,total_present_worth,discount_rate,-0.13204164797536336,0.13204164797536336
83,gwp_total_project_kgco2e,concrete_gwp_factor,0.9636174828252551,0.9636174828252551
83,gwp_total_project_kgco2e,stone_57_gwp_factor,0.022601982974992794,0.022601982974992794
83,gwp_total_project_kgco2e,rebar_gwp_factor,0.25367834503113534,0.25367834503113534
83,gwp_total_project_kgco2e,trucking_gwp_factor,0.048500157587336064,0.048500157587336064
83,gwp_total_project_kgco2e,demolition_gwp_factor,0.0217405017281842,0.0217405017281842
83,gwp_total_project_kgco2e,crushing_gwp_factor,0.024013921057541573,0.024013921057541573
83,demand_capacity_ratio_k,subgrade_k_pci,-1.0,1.0
84,total_present_worth,concrete_unit_cost,0.6200522508586129,0.6200522508586129
84,total_present_worth,stone_57_unit_cost,0.2232222100101209,0.2232222100101209
84,total_present_worth,rebar_unit_cost,0.7178017202487208,0.7178017202487208
84,total_present_worth,fiber_unit_cost,0.003795683356590274,0.003795683356590274
84,total_present_worth,demolition_cost,0.036917635012687064,0.036917635012687064
84,total_present_worth,crushing_cost,0.03384087241843235,0.03384087241843235
84,total_present_worth,recycled_aggregate_credit,-0.019485453511986182,0.019485453511986182
84,total_present_worth,discount_rate,-0.15685832804846794,0.15685832804846794
84,gwp_total_project_kgco2e,concrete_gwp_factor,0.9783589749757916,0.9783589749757916
84,gwp_total_project_kgco2e,stone_57_gwp_factor,0.022794231149277696,0.022794231149277696
84,gwp_total_project_kgco2e,rebar_gwp_factor,0.19523067657182028,0.19523067657182028
84,gwp_total_project_kgco2e,trucking_gwp_factor,0.045960756726576305,0.045960756726576305
84,gwp_total_project_kgco2e,demolition_gwp_factor,0.021999881251359956,0.021999881251359956
84,gwp_total_project_kgco2e,crushing_gwp_factor,0.02465292379946117,0.02465292379946117
84,demand_capacity_ratio_k,subgrade_k_pci,-1.0,1.0
85,total_present_worth,concrete_unit_cost,0.6939160298197744,0.6939160298197744
85,total_present_worth,stone_57_unit_cost,0.2467766579649827,0.2467766579649827
85,total_present_worth,rebar_unit_cost,0.6309484750328594,0.6309484750328594
85,total_present_worth,fiber_unit_cost,0.0033551047918060424,0.0033551047918060424
85,total_present_worth,demolition_cost,0.040859156780759666,0.040859156780759666
85,total_present_worth,crushing_cost,0.03667063627466826,0.03667063627466826
85,total_present_worth,recycled_aggregate_credit,-0.02363359887326144,0.02363359887326144
85,total_present_worth,discount_rate,-0.17364388174481682,0.17364388174481682
85,gwp_total_project_kgco2e,concrete_gwp_factor,0.9854212701766006,0.9854212701766006
85,gwp_total_project_kgco2e,stone_57_gwp_factor,0.02288854138400342,0.02288854138400342
85,gwp_total_project_kgco2e,rebar_gwp_factor,0.15914463144317786,0.15914463144317786
85,gwp_total_project_kgco2e,trucking_gwp_factor,0.04431502002207802,0.04431502002207802
85,gwp_total_project_kgco2e,demolition_gwp_factor,0.022119835477647936,0.022119835477647936
85,gwp_total_project_kgco2e,crushing_gwp_factor,0.02499972761934389,0.02499972761934389
85,demand_capacity_ratio_k,subgrade_k_pci,-1.0,1.0
86,total_present_worth,concrete_unit_cost,0.7450795573822558,0.7450795573822558
86,total_present_worth,stone_57_unit_cost,0.26257838016067936,0.26257838016067936
86,total_present_worth,rebar_unit_cost,0.5579586645327195,0.5579586645327195
86,total_present_worth,fiber_unit_cost,0.0029817506100887005,0.0029817506100887005
86,total_present_worth,demolition_cost,0.04354954353613982,0.04354954353613982
86,total_present_worth,crushing_cost,0.03848737034816295,0.03848737034816295
86,total_present_worth,recycled_aggregate_credit,-0.026567940719299177,0.026567940719299177
86,total_present_worth,discount_rate,-0.18489023238859723,0.18489023238859723
86,gwp_total_project_kgco2e,concrete_gwp_factor,0.9893339065340377,0.9893339065340377
86,gwp_total_project_kgco2e,stone_57_gwp_factor,0.022936401425910562,0.022936401425910562
86,gwp_total_project_kgco2e,rebar_gwp_factor,0.13473565993760628,0.13473565993760628
86,gwp_total_project_kgco2e,trucking_gwp_factor,0.043181921296216765,0.043181921296216765
86,gwp_total_project_kgco2e,demolition_gwp_factor,0.02219504542718202,0.02219504542718202
86,gwp_total_project_kgco2e,crushing_gwp_factor,0.025216825570278732,0.025216825570278732
86,demand_capacity_ratio_k,subgrade_k_pci,-1.0,1.0
87,total_present_worth,concrete_unit_cost,0.39342414482037763,0.39342414482037763
87,total_present_worth,stone_57_unit_cost,0.14518280667829714,0.14518280667829714
87,total_present_worth,rebar_unit_cost,0.8972586954204076,0.8972586954204076
87,total_present_worth,fiber_unit_cost,0.005039808565631923,0.005039808565631923
87,total_present_worth,demolition_cost,0.0239817441603767,0.0239817441603767
87,total_present_worth,crushing_cost,0.02411183984116474,0.02411183984116474
87,total_present_worth,recycled_aggregate_credit,-0.00721139704627656,0.00721139704627656
87,total_present_worth,discount_rate,-0.1008954746363174,0.1008954746363174
87,gwp_total_project_kgco2e,concrete_gwp_factor,0.9298633792543134,0.9298633792543134
87,gwp_total_project_kgco2e,stone_57_gwp_factor,0.022162964089473186,0.022162964089473186
87,gwp_total_project_kgco2e,rebar_gwp_factor,0.3504709012514204,0.3504709012514204
87,gwp_total_project_kgco2e,trucking_gwp_factor,0.052305290888538115,0.052305290888538115
87,gwp_total_project_kgco2e,demolition_gwp_factor,0.02112027027830411,0.02112027027830411
87,gwp_total_project_kgco2e,crushing_gwp_factor,0.022771336755444536,0.022771336755444536
87,demand_capacity_ratio_k,subgrade_k_pci,-1.0,1.0
88,total_present_worth,concrete_unit_cost,0.4890660285829225,0.4890660285829225
88,total_present_worth,stone_57_unit_cost,0.17890005772890402,0.17890005772890402
88,total_present_worth,rebar_unit_cost,0.8348450179474101,0.8348450179474101
88,total_present_worth,fiber_unit_cost,0.0045946953362058784,0.0045946953362058784
88,total_present_worth,demolition_cost,0.02954856585005943,0.02954856585005943
88,total_present_worth,crushing_cost,0.028383623829433453,0.028383623829433453
88,total_present_worth,recycled_aggregate_credit,-0.012292392626900957,0.012292392626900957
88,total_present_worth,discount_rate,-0.12514015686508223,0.12514015686508223
88,gwp_total_project_kgco2e,concrete_gwp_factor,0.9580785460228795,0.9580785460228795
88,gwp_total_project_kgco2e,stone_57_gwp_factor,0.022526034498034413,0.022526034498034413
88,gwp_total_project_kgco2e,rebar_gwp_factor,0.27219400605793365,0.27219400605793365
88,gwp_total_project_kgco2e,trucking_gwp_factor,0.049263163745689266,0.049263163745689266
88,gwp_total_project_kgco2e,demolition_gwp_factor,0.021645952379730386,0.021645952379730386
88,gwp_total_project_kgco2e,crushing_gwp_factor,0.023791603609068644,0.023791603609068644
88,demand_capacity_ratio_k,subgrade_k_pci,-1.0,1.0
89,total_present_worth,concrete_unit_cost,0.5687014257268406,0.5687014257268406
89,total_present_worth,stone_57_unit_cost,0.2061879436637872,0.2061879436637872
89,total_present_worth,rebar_unit_cost,0.768587290567051,0.768587290567051
89,total_present_worth,fiber_unit_cost,0.00410392471546557,0.00410392471546557
89,total_present_worth,demolition_cost,0.03407972260655989,0.03407972260655989
89,total_present_worth,crushing_cost,0.031766020664098414,0.031766020664098414
89,total_present_worth,recycled_aggregate_credit,-0.01663901520339161,0.01663901520339161
89,total_present_worth,discount_rate,-0.1447024077574737,0.1447024077574737
89,gwp_total_project_kgco2e,concrete_gwp_factor,0.9719649137387381,0.9719649137387381
89,gwp_total_project_kgco2e,stone_57_gwp_factor,0.022701497807192602,0.022701497807192602
89,gwp_total_project_kgco2e,rebar_gwp_factor,0.2226281996587793,0.2226281996587793
89,gwp_total_project_kgco2e,trucking_gwp_factor,0.04716835518187534,0.04716835518187534
89,gwp_total_project_kgco2e,demolition_gwp_factor,0.021879705492591887,0.021879705492591887
89,gwp_total_project_kgco2e,crushing_gwp_factor,0.024359003852399603,0.024359003852399603
89,demand_capacity_ratio_k,subgrade_k_pci,-1.0,1.0
90,total_present_worth,concrete_unit_cost,0.6331437148261535,0.6331437148261535
90,total_present_worth,stone_57_unit_cost,0.22747558286484623,0.22747558286484623
90,total_present_worth,rebar_unit_cost,0.7036983926616074,0.7036983926616074
90,total_present_worth,fiber_unit_cost,0.0037175775757910313,0.0037175775757910313
90,total_present_worth,demolition_cost,0.03762715896151487,0.03762715896151487
90,total_present_worth,crushing_cost,0.03436375511867351,0.03436375511867351
90,total_present_worth,recycled_aggregate_credit,-0.020208986736403596,0.020208986736403596
90,total_present_worth,discount_rate,-0.15989335445188052,0.15989335445188052
90,gwp_total_project_kgco2e,concrete_gwp_factor,0.9797678542510432,0.9797678542510432
90,gwp_total_project_kgco2e,stone_57_gwp_factor,0.022816192306278477,0.022816192306278477
90,gwp_total_project_kgco2e,rebar_gwp_factor,0.18861889493039158,0.18861889493039158
90,gwp_total_project_kgco2e,trucking_gwp_factor,0.045658676380247475,0.045658676380247475
90,gwp_total_project_kgco2e,demolition_gwp_factor,0.022020977747688394,0.022020977747688394
90,gwp_total_project_kgco2e,crushing_gwp_factor,0.024715730877118296,0.024715730877118296
90,demand_capacity_ratio_k,subgrade_k_pci,-1.0,1.0
91,total_present_worth,concrete_unit_cost,0.7048046962992659,0.7048046962992659
91,total_present_worth,stone_57_unit_cost,0.25015536226649415,0.25015536226649415
91,total_present_worth,rebar_unit_cost,0.6164590002787756,0.6164590002787756
91,total_present_worth,fiber_unit_cost,0.0032864252186585704,0.0032864252186585704
91,total_present_worth,demolition_cost,0.041437620327423055,0.041437620327423055
91,total_present_worth,crushing_cost,0.037068003751915206,0.037068003751915206
91,total_present_worth,recycled_aggregate_credit,-0.024255452579718183,0.024255452579718183
91,total_present_worth,discount_rate,-0.17604515851146085,0.17604515851146085
91,gwp_total_project_kgco2e,concrete_gwp_factor,0.9863086870342676,0.9863086870342676
91,gwp_total_project_kgco2e,stone_57_gwp_factor,0.022896219830630487,0.022896219830630487
91,gwp_total_project_kgco2e,rebar_gwp_factor,0.15397142939054856,0.15397142939054856
91,gwp_total_project_kgco2e,trucking_gwp_factor,0.04407121682530849,0.04407121682530849
91,gwp_total_project_kgco2e,demolition_gwp_factor,0.022137837316247137,0.022137837316247137
91,gwp_total_project_kgco2e,crushing_gwp_factor,0.025043511982017406,0.025043511982017406
91,demand_capacity_ratio_k,subgrade_k_pci,-1.0,1.0
92,total_present_worth,concrete_unit_cost,0.7499003769528563,0.7499003769528563
92,total_present_worth,stone_57_unit_cost,0.2640636646143615,0.2640636646143615
92,total_present_worth,rebar_unit_cost,0.5503589298621276,0.5503589298621276
92,total_present_worth,fiber_unit_cost,0.0029462154988104863,0.0029462154988104863
92,total_present_worth,demolition_cost,0.043801582652016634,0.043801582652016634
92,total_present_worth,crushing_cost,0.038653726741541494,0.038653726741541494
92,total_present_worth,recycled_aggregate_credit,-0.026849656112915867,0.026849656112915867
92,total_present_worth,discount_rate,-0.1859498629301143,0.1859498629301143
92,gwp_total_project_kgco2e,concrete_gwp_factor,0.9896719783263008,0.9896719783263008
92,gwp_total_project_kgco2e,stone_57_gwp_factor,0.022940461424408188,0.022940461424408188
92,gwp_total_project_kgco2e,rebar_gwp_factor,0.13240138532003257,0.13240138532003257
92,gwp_total_project_kgco2e,trucking_gwp_factor,0.04307070451991629,0.04307070451991629
92,gwp_total_project_kgco2e,demolition_gwp_factor,0.022199628407471857,0.022199628407471857
92,gwp_total_project_kgco2e,crushing_gwp_factor,0.025238134407183255,0.025238134407183255
92,demand_capacity_ratio_k,subgrade_k_pci,-1.0,1.0
93,total_present_worth,concrete_unit_cost,0.875807145029203,0.875807145029203
93,total_present_worth,stone_57_unit_cost,0.22648002959132804,0.22648002959132804
93,total_present_worth,rebar_unit_cost,0.3301076998482671,0.3301076998482671
93,total_present_worth,fiber_unit_cost,0.0015975239600310098,0.0015975239600310098
93,total_present_worth,demolition_cost,0.05083368505630148,0.05083368505630148
93,total_present_worth,crushing_cost,0.04246687531343476,0.04246687531343476
93,total_present_worth,recycled_aggregate_credit,-0.0339027389286971,0.0339027389286971
93,total_present_worth,discount_rate,-0.21442761729684046,0.21442761729684046
93,gwp_total_project_kgco2e,concrete_gwp_factor,0.996419995591176,0.996419995591176
93,gwp_total_project_kgco2e,stone_57_gwp_factor,0.017072491508845,0.017072491508845
93,gwp_total_project_kgco2e,rebar_gwp_factor,0.07336805654809922,0.07336805654809922
93,gwp_total_project_kgco2e,trucking_gwp_factor,0.036848933633523574,0.036848933633523574
93,gwp_total_project_kgco2e,demolition_gwp_factor,0.022246186992162475,0.022246186992162475
93,gwp_total_project_kgco2e,crushing_gwp_factor,0.025702380948584954,0.025702380948584954
93,demand_capacity_ratio_k,subgrade_k_pci,-1.0,1.0
94,total_present_worth,concrete_unit_cost,0.8979709341806925,0.8979709341806925
94,total_present_worth,stone_57_unit_cost,0.23231388085977356,0.23231388085977356
94,total_present_worth,rebar_unit_cost,0.25549126280482054,0.25549126280482054
94,total_present_worth,fiber_unit_cost,0.0011989837643515938,0.0011989837643515938
94,total_present_worth,demolition_cost,0.05216995897481999,0.05216995897481999
94,total_present_worth,crushing_cost,0.042963616085185445,0.042963616085185445
94,total_present_worth,recycled_aggregate_credit,-0.03569164586810066,0.03569164586810066
94,total_present_worth,discount_rate,-0.21999437007436068,0.21999437007436068
94,gwp_total_project_kgco2e,concrete_gwp_factor,0.997507328888379,0.997507328888379
94,gwp_total_project_kgco2e,stone_57_gwp_factor,0.017079605940399846,0.017079605940399846
94,gwp_total_project_kgco2e,rebar_gwp_factor,0.05708766718107507,0.05708766718107507
94,gwp_total_project_kgco2e,trucking_gwp_factor,0.036016870745382755,0.036016870745382755
94,gwp_total_project_kgco2e,demolition_gwp_factor,0.02225159124640464,0.02225159124640464
94,gwp_total_project_kgco2e,crushing_gwp_factor,0.025809802243155922,0.025809802243155922
94,demand_capacity_ratio_k,subgrade_k_pci,-1.0,1.0
95,total_present_worth,concrete_unit_cost,0.7726475961929631,0.7726475961929631
95,total_present_worth,stone_57_unit_cost,0.20220435750196977,0.20220435750196977
95,total_present_worth,rebar_unit_cost,0.544702334445657,0.544702334445657
95,total_present_worth,fiber_unit_cost,0.00267607423220643,0.00267607423220643
95,total_present_worth,demolition_cost,0.04516940959797176,0.04516940959797176
95,total_present_worth,crushing_cost,0.039324231618225694,0.039324231618225694
95,total_present_worth,recycled_aggregate_credit,-0.02734864562236346,0.02734864562236346
95,total_present_worth,discount_rate,-0.19095769342039312,0.19095769342039312
95,gwp_total_project_kgco2e,concrete_gwp_factor,0.9905539363668776,0.9905539363668776
95,gwp_total_project_kgco2e,stone_57_gwp_factor,0.017050854178180343,0.017050854178180343
95,gwp_total_project_kgco2e,rebar_gwp_factor,0.12812733881297894,0.12812733881297894
95,gwp_total_project_kgco2e,trucking_gwp_factor,0.039559993256528,0.039559993256528
95,gwp_total_project_kgco2e,demolition_gwp_factor,0.02218294813271318,0.02218294813271318
95,gwp_total_project_kgco2e,crushing_gwp_factor,0.025312204479116883,0.025312204479116883
95,demand_capacity_ratio_k,subgrade_k_pci,-1.0,1.0
96,total_present_worth,concrete_unit_cost,0.8327253733913942,0.8327253733913942
96,total_present_worth,stone_57_unit_cost,0.2159459723829864,0.2159459723829864
96,total_present_worth,rebar_unit_cost,0.4360580014223912,0.4360580014223912
96,total_present_worth,fiber_unit_cost,0.002115339314766136,0.002115339314766136
96,total_present_worth,demolition_cost,0.04838167141013667,0.04838167141013667
96,total_present_worth,crushing_cost,0.041249195563667684,0.041249195563667684
96,total_present_worth,recycled_aggregate_credit,-0.030959647635743864,0.030959647635743864
96,total_present_worth,discount_rate,-0.2042943151554691,0.2042943151554691
96,gwp_total_project_kgco2e,concrete_gwp_factor,0.994147140648603,0.994147140648603
96,gwp_total_project_kgco2e,stone_57_gwp_factor,0.017076074617262432,0.017076074617262432
96,gwp_total_project_kgco2e,rebar_gwp_factor,0.09853765300882306,0.09853765300882306
96,gwp_total_project_kgco2e,trucking_gwp_factor,0.0381130047685252,0.0381130047685252
96,gwp_total_project_kgco2e,demolition_gwp_factor,0.022233790403581515,0.022233790403581515
96,gwp_total_project_kgco2e,crushing_gwp_factor,0.02553104152976442,0.02553104152976442
96,demand_capacity_ratio_k,subgrade_k_pci,-1.0,1.0
97,total_present_worth,concrete_unit_cost,0.8643194132398399,0.8643194132398399
97,total_present_worth,stone_57_unit_cost,0.22358108742389646,0.22358108742389646
97,total_present_worth,rebar_unit_cost,0.36202539630349817,0.36202539630349817
97,total_present_worth,fiber_unit_cost,0.0017571771955508708,0.0017571771955508708
97,total_present_worth,demolition_cost,0.05016295053417718,0.05016295053417718
97,total_present_worth,crushing_cost,0.04216569730672229,0.04216569730672229
97,total_present_worth,recycled_aggregate_credit,-0.03307302800993322,0.03307302800993322
97,total_present_worth,discount_rate,-0.21165333452163473,0.21165333452163473
97,gwp_total_project_kgco2e,concrete_gwp_factor,0.9958351361610541,0.9958351361610541
97,gwp_total_project_kgco2e,stone_57_gwp_factor,0.01707628228686251,0.01707628228686251
97,gwp_total_project_kgco2e,rebar_gwp_factor,0.08066273748183311,0.08066273748183311
97,gwp_total_project_kgco2e,trucking_gwp_factor,0.03721491994176598,0.03721491994176598
97,gwp_total_project_kgco2e,demolition_gwp_factor,0.02224319643961728,0.02224319643961728
97,gwp_total_project_kgco2e,crushing_gwp_factor,0.025656709317302687,0.025656709317302687
97,demand_capacity_ratio_k,subgrade_k_pci,-1.0,1.0
98,total_present_worth,concrete_unit_cost,0.8826788823812958,0.8826788823812958
98,total_present_worth,stone_57_unit_cost,0.22823984753404797,0.22823984753404797
98,total_present_worth,rebar_unit_cost,0.3091779751523753,0.3091779751523753
98,total_present_worth,fiber_unit_cost,0.0014868802824187521,0.0014868802824187521
98,total_present_worth,demolition_cost,0.0512434728994094,0.0512434728994094
98,total_present_worth,crushing_cost,0.04263205172262082,0.04263205172262082
98,total_present_worth,recycled_aggregate_credit,-0.034424603965193847,0.034424603965193847
98,total_present_worth,discount_rate,-0.2161172254640465,0.2161172254640465
98,gwp_total_project_kgco2e,concrete_gwp_factor,0.996762145903409,0.996762145903409
98,gwp_total_project_kgco2e,stone_57_gwp_factor,0.01706902108369161,0.01706902108369161
98,gwp_total_project_kgco2e,rebar_gwp_factor,0.06870608673986643,0.06870608673986643
98,gwp_total_project_kgco2e,trucking_gwp_factor,0.03660911536737965,0.03660911536737965
98,gwp_total_project_kgco2e,demolition_gwp_factor,0.02224986500848395,0.02224986500848395
98,gwp_total_project_kgco2e,crushing_gwp_factor,0.02573159389528464,0.02573159389528464
98,demand_capacity_ratio_k,subgrade_k_pci,-1.0,1.0
99,total_present_worth,concrete_unit_cost,0.8984228099521373,0.8984228099521373
99,total_present_worth,stone_57_unit_cost,0.23243689458955077,0.23243689458955077
99,total_present_worth,rebar_unit_cost,0.2537091854519157,0.2537091854519157
99,total_present_worth,fiber_unit_cost,0.001188612050875445,0.001188612050875445
99,total_present_worth,demolition_cost,0.052197053793166824,0.052197053793166824
99,total_present_worth,crushing_cost,0.042969802231395925,0.042969802231395925
99,total_present_worth,recycled_aggregate_credit,-0.03573055029406822,0.03573055029406822
99,total_present_worth,discount_rate,-0.2201124312916232,0.2201124312916232
99,gwp_total_project_kgco2e,concrete_gwp_factor,0.9975290476571878,0.9975290476571878
99,gwp_total_project_kgco2e,stone_57_gwp_factor,0.01707822556148729,0.01707822556148729
99,gwp_total_project_kgco2e,rebar_gwp_factor,0.056709935417403975,0.056709935417403975
99,gwp_total_project_kgco2e,trucking_gwp_factor,0.03599753424950302,0.03599753424950302
99,gwp_total_project_kgco2e,demolition_gwp_factor,0.02225114769261246,0.02225114769261246
99,gwp_total_project_kgco2e,crushing_gwp_factor,0.025811751669748705,0.025811751669748705
99,demand_capacity_ratio_k,subgrade_k_pci,-1.0,1.0
100,total_present_worth,concrete_unit_cost,0.6288331201620613,0.6288331201620613
100,total_present_worth,stone_57_unit_cost,0.16919740290671897,0.16919740290671897
100,total_present_worth,rebar_unit_cost,0.7250635451372255,0.7250635451372255
100,total_present_worth,fiber_unit_cost,0.0036477602939711043,0.0036477602939711043
100,total_present_worth,demolition_cost,0.03754753632609102,0.03754753632609102
100,total_present_worth,crushing_cost,0.03407551443782221,0.03407551443782221
100,total_present_worth,recycled_aggregate_credit,-0.01939087400426835,0.01939087400426835
100,total_present_worth,discount_rate,-0.15896837265009148,0.15896837265009148
100,gwp_total_project_kgco2e,concrete_gwp_factor,0.9787657712559544,0.9787657712559544
100,gwp_total_project_kgco2e,stone_57_gwp_factor,0.01697245011203698,0.01697245011203698
100,gwp_total_project_kgco2e,rebar_gwp_factor,0.1946835279084654,0.1946835279084654
100,gwp_total_project_kgco2e,trucking_gwp_factor,0.0426712594239165,0.0426712594239165
100,gwp_total_project_kgco2e,demolition_gwp_factor,0.02197066388942827,0.02197066388942827
100,gwp_total_project_kgco2e,crushing_gwp_factor,0.024698070047607233,0.024698070047607233
100,demand_capacity_ratio_k,subgrade_k_pci,-1.0,1.0
101,total_present_worth,concrete_unit_cost,0.7261110127386684,0.7261110127386684
101,total_present_worth,stone_57_unit_cost,0.1917612218188805,0.1917612218188805
101,total_present_worth,rebar_unit_cost,0.6120954571373182,0.6120954571373182
101,total_present_worth,fiber_unit_cost,0.003029866993019947,0.003029866993019947
101,total_present_worth,demolition_cost,0.04273866089712747,0.04273866089712747
101,total_present_worth,crushing_cost,0.037708859510219545,0.037708859510219545
101,total_present_worth,recycled_aggregate_credit,-0.02473629438384652,0.02473629438384652
101,total_present_worth,discount_rate,-0.18081799386891284,0.18081799386891284
101,gwp_total_project_kgco2e,concrete_gwp_factor,0.987339719728024,0.987339719728024
101,gwp_total_project_kgco2e,stone_57_gwp_factor,0.01703330309538932,0.01703330309538932
101,gwp_total_project_kgco2e,rebar_gwp_factor,0.14945282774080515,0.14945282774080515
101,gwp_total_project_kgco2e,trucking_gwp_factor,0.04057036971130015,0.04057036971130015
101,gwp_total_project_kgco2e,demolition_gwp_factor,0.02212812738126725,0.02212812738126725
101,gwp_total_project_kgco2e,crushing_gwp_factor,0.02512431725036973,0.02512431725036973
101,demand_capacity_ratio_k,subgrade_k_pci,-1.0,1.0
102,total_present_worth,concrete_unit_cost,0.7859958798617264,0.7859958798617264
102,total_present_worth,stone_57_unit_cost,0.20520761100701107,0.20520761100701107
102,total_present_worth,rebar_unit_cost,0.5230936215190615,0.5230936215190615
102,total_present_worth,fiber_unit_cost,0.002566179353346472,0.002566179353346472
102,total_present_worth,demolition_cost,0.045869147531339666,0.045869147531339666
102,total_present_worth,crushing_cost,0.0397762584059265,0.0397762584059265
102,total_present_worth,recycled_aggregate_credit,-0.02812011402404805,0.02812011402404805
102,total_present_worth,discount_rate,-0.1938726941618032,0.1938726941618032
102,gwp_total_project_kgco2e,concrete_gwp_factor,0.9914019218946089,0.9914019218946089
102,gwp_total_project_kgco2e,stone_57_gwp_factor,0.017059957465543982,0.017059957465543982
102,gwp_total_project_kgco2e,rebar_gwp_factor,0.12183463271238186,0.12183463271238186
102,gwp_total_project_kgco2e,trucking_gwp_factor,0.03925925602795971,0.03925925602795971
102,gwp_total_project_kgco2e,demolition_gwp_factor,0.02219957574110383,0.02219957574110383
102,gwp_total_project_kgco2e,crushing_gwp_factor,0.025361256840832506,0.025361256840832506
102,demand_capacity_ratio_k,subgrade_k_pci,-1.0,1.0
103,total_present_worth,concrete_unit_cost,0.8236745732972138,0.8236745732972138
103,total_present_worth,stone_57_unit_cost,0.21382628082460253,0.21382628082460253
103,total_present_worth,rebar_unit_cost,0.45460103428168047,0.45460103428168047
103,total_present_worth,fiber_unit_cost,0.0022103214205641286,0.0022103214205641286
103,total_present_worth,demolition_cost,0.04788379486440152,0.04788379486440152
103,total_present_worth,crushing_cost,0.04097805414506323,0.04097805414506323
103,total_present_worth,recycled_aggregate_credit,-0.0303877533846351,0.0303877533846351
103,total_present_worth,discount_rate,-0.20224042841426304,0.20224042841426304
103,gwp_total_project_kgco2e,concrete_gwp_factor,0.9936407429559524,0.9936407429559524
103,gwp_total_project_kgco2e,stone_57_gwp_factor,0.01707210237687684,0.01707210237687684
103,gwp_total_project_kgco2e,rebar_gwp_factor,0.10326006162540004,0.10326006162540004
103,gwp_total_project_kgco2e,trucking_gwp_factor,0.03834925993879571,0.03834925993879571
103,gwp_total_project_kgco2e,demolition_gwp_factor,0.022228656379739465,0.022228656379739465
103,gwp_total_project_kgco2e,crushing_gwp_factor,0.025498533415703416,0.025498533415703416
103,demand_capacity_ratio_k,subgrade_k_pci,-1.0,1.0
104,total_present_worth,concrete_unit_cost,0.8577656278063704,0.8577656278063704
104,total_present_worth,stone_57_unit_cost,0.22195738806468696,0.22195738806468696
104,total_present_worth,rebar_unit_cost,0.3788318838614848,0.3788318838614848
104,total_present_worth,fiber_unit_cost,0.0018315296750046118,0.0018315296750046118
104,total_present_worth,demolition_cost,0.04978265180356106,0.04978265180356106
104,total_present_worth,crushing_cost,0.04199109288729244,0.04199109288729244
104,total_present_worth,recycled_aggregate_credit,-0.03261084684776434,0.03261084684776434
104,total_present_worth,discount_rate,-0.2101001789010404,0.2101001789010404
104,gwp_total_project_kgco2e,concrete_gwp_factor,0.9954945447846619,0.9954945447846619
104,gwp_total_project_kgco2e,stone_57_gwp_factor,0.017077606134927044,0.017077606134927044
104,gwp_total_project_kgco2e,rebar_gwp_factor,0.08459561692420625,0.08459561692420625
104,gwp_total_project_kgco2e,trucking_gwp_factor,0.03741784576376714,0.03741784576376714
104,gwp_total_project_kgco2e,demolition_gwp_factor,0.02224579847574632,0.02224579847574632
104,gwp_total_project_kgco2e,crushing_gwp_factor,0.025630210230700088,0.025630210230700088
104,demand_capacity_ratio_k,subgrade_k_pci,-1.0,1.0
105,total_present_worth,concrete_unit_cost,0.8762423600009289,0.8762423600009289
105,total_present_worth,stone_57_unit_cost,0.22659039241815618,0.22659039241815618
105,total_present_worth,rebar_unit_cost,0.32882776445655515,0.32882776445655515
105,total_present_worth,fiber_unit_cost,0.0015915444916446179,0.0015915444916446179
105,total_present_worth,demolition_cost,0.05085855770149542,0.05085855770149542
105,total_present_worth,crushing_cost,0.04247782213804712,0.04247782213804712
105,total_present_worth,recycled_aggregate_credit,-0.0339329985259572,0.0339329985259572
105,total_present_worth,discount_rate,-0.21453374498423888,0.21453374498423888
105,gwp_total_project_kgco2e,concrete_gwp_factor,0.9964416944150248,0.9964416944150248
105,gwp_total_project_kgco2e,stone_57_gwp_factor,0.017071628229036653,0.017071628229036653
105,gwp_total_project_kgco2e,rebar_gwp_factor,0.07308178072468872,0.07308178072468872
105,gwp_total_project_kgco2e,trucking_gwp_factor,0.03683436163962974,0.03683436163962974
105,gwp_total_project_kgco2e,demolition_gwp_factor,0.02224752055302701,0.02224752055302701
105,gwp_total_project_kgco2e,crushing_gwp_factor,0.02570461150416985,0.02570461150416985
105,demand_capacity_ratio_k,subgrade_k_pci,-1.0,1.0
106,total_present_worth,concrete_unit_cost,0.49410488343549797,0.49410488343549797
106,total_present_worth,stone_57_unit_cost,0.13552761471069105,0.13552761471069105
106,total_present_worth,rebar_unit_cost,0.8402337664720296,0.8402337664720296
106,total_present_worth,fiber_unit_cost,0.004457504264791003,0.004457504264791003
106,total_present_worth,demolition_cost,0.029951005006156405,0.029951005006156405
106,total_present_worth,crushing_cost,0.028467460765498987,0.028467460765498987
106,total_present_worth,recycled_aggregate_credit,-0.012172537107909016,0.012172537107909016
106,total_present_worth,discount_rate,-0.1263814175730783,0.1263814175730783
106,gwp_total_project_kgco2e,concrete_gwp_factor,0.9586033854633775,0.9586033854633775
106,gwp_total_project_kgco2e,stone_57_gwp_factor,0.016828958960843587,0.016828958960843587
106,gwp_total_project_kgco2e,rebar_gwp_factor,0.27145925558957573,0.27145925558957573
106,gwp_total_project_kgco2e,trucking_gwp_factor,0.046038152309359266,0.046038152309359266
106,gwp_total_project_kgco2e,demolition_gwp_factor,0.021620831459432333,0.021620831459432333
106,gwp_total_project_kgco2e,crushing_gwp_factor,0.02384387920448155,0.02384387920448155
106,demand_capacity_ratio_k,subgrade_k_pci,-1.0,1.0
107,total_present_worth,concrete_unit_cost,0.599999657637984,0.599999657637984
107,total_present_worth,stone_57_unit_cost,0.162209965128276,0.162209965128276
107,total_present_worth,rebar_unit_cost,0.7531951558518061,0.7531951558518061
107,total_present_worth,fiber_unit_cost,0.0038117951277007183,0.0038117951277007183
107,total_present_worth,demolition_cost,0.03595437662148575,0.03595437662148575
107,total_present_worth,crushing_cost,0.03293005668558802,0.03293005668558802
107,total_present_worth,recycled_aggregate_credit,-0.017826085731098434,0.017826085731098434
107,total_present_worth,discount_rate,-0.15222008973061593,0.15222008973061593
107,gwp_total_project_kgco2e,concrete_gwp_factor,0.9755069019360589,0.9755069019360589
107,gwp_total_project_kgco2e,stone_57_gwp_factor,0.01694336648117735,0.01694336648117735
107,gwp_total_project_kgco2e,rebar_gwp_factor,0.20917490127605395,0.20917490127605395
107,gwp_total_project_kgco2e,trucking_gwp_factor,0.04332733127208293,0.04332733127208293
107,gwp_total_project_kgco2e,demolition_gwp_factor,0.02191214394012486,0.02191214394012486
107,gwp_total_project_kgco2e,crushing_gwp_factor,0.024539442048695778,0.024539442048695778
107,demand_capacity_ratio_k,subgrade_k_pci,-1.0,1.0
108,total_present_worth,concrete_unit_cost,0.6797866919594348,0.6797866919594348
108,total_present_worth,stone_57_unit_cost,0.18119885249318357,0.18119885249318357
108,total_present_worth,rebar_unit_cost,0.6697800135423121,0.6697800135423121
108,total_present_worth,fiber_unit_cost,0.0033370559234788223,0.0033370559234788223
108,total_present_worth,demolition_cost,0.040293159026773266,0.040293159026773266
108,total_present_worth,crushing_cost,0.03603518598788608,0.03603518598788608
108,total_present_worth,recycled_aggregate_credit,-0.022182150301768858,0.022182150301768858
108,total_present_worth,discount_rate,-0.17057366629566914,0.17057366629566914
108,gwp_total_project_kgco2e,concrete_gwp_factor,0.9836384543339035,0.9836384543339035
108,gwp_total_project_kgco2e,stone_57_gwp_factor,0.0170097485202119,0.0170097485202119
108,gwp_total_project_kgco2e,rebar_gwp_factor,0.17055683267843075,0.17055683267843075
108,gwp_total_project_kgco2e,trucking_gwp_factor,0.04156454073956982,0.04156454073956982
108,gwp_total_project_kgco2e,demolition_gwp_factor,0.022056021802358414,0.022056021802358414
108,gwp_total_project_kgco2e,crushing_gwp_factor,0.024930090822516036,0.024930090822516036
108,demand_capacity_ratio_k,subgrade_k_pci,-1.0,1.0
109,total_present_worth,concrete_unit_cost,0.7372719048658529,0.7372719048658529
109,total_present_worth,stone_57_unit_cost,0.19427160639364463,0.19427160639364463
109,total_present_worth,rebar_unit_cost,0.5969141532245897,0.5969141532245897
109,total_present_worth,fiber_unit_cost,0.002953462910717385,0.002953462910717385
109,total_present_worth,demolition_cost,0.04332901248273961,0.04332901248273961
109,total_present_worth,crushing_cost,0.038106930814538774,0.038106930814538774
109,total_present_worth,recycled_aggregate_credit,-0.02535589299087836,0.02535589299087836
109,total_present_worth,discount_rate,-0.183250025408595,0.183250025408595
109,gwp_total_project_kgco2e,concrete_gwp_factor,0.9881507545349085,0.9881507545349085
109,gwp_total_project_kgco2e,stone_57_gwp_factor,0.017036703021502682,0.017036703021502682
109,gwp_total_project_kgco2e,rebar_gwp_factor,0.14439056453967622,0.14439056453967622
109,gwp_total_project_kgco2e,trucking_gwp_factor,0.04033508628029404,0.04033508628029404
109,gwp_total_project_kgco2e,demolition_gwp_factor,0.02213911803659965,0.02213911803659965
109,gwp_total_project_kgco2e,crushing_gwp_factor,0.02516769479835508,0.02516769479835508
109,demand_capacity_ratio_k,subgrade_k_pci,-1.0,1.0
110,total_present_worth,concrete_unit_cost,0.7942375452095352,0.7942375452095352
110,total_present_worth,stone_57_unit_cost,0.20706711736538685,0.20706711736538685
110,total_present_worth,rebar_unit_cost,0.5091307105435563,0.5091307105435563
110,total_present_worth,fiber_unit_cost,0.002490861271140345,0.002490861271140345
110,total_present_worth,demolition_cost,0.04631009222207604,0.04631009222207604
110,total_present_worth,crushing_cost,0.04004522700171409,0.04004522700171409
110,total_present_worth,recycled_aggregate_credit,-0.028598117097039247,0.028598117097039247
110,total_present_worth,discount_rate,-0.19568887964312096,0.19568887964312096
110,gwp_total_project_kgco2e,concrete_gwp_factor,0.9919106811154523,0.9919106811154523
110,gwp_total_project_kgco2e,stone_57_gwp_factor,0.01706181893760873,0.01706181893760873
110,gwp_total_project_kgco2e,rebar_gwp_factor,0.11788868570334748,0.11788868570334748
110,gwp_total_project_kgco2e,trucking_gwp_factor,0.039065180379146074,0.039065180379146074
110,gwp_total_project_kgco2e,demolition_gwp_factor,0.02221022216645209,0.02221022216645209
110,gwp_total_project_kgco2e,crushing_gwp_factor,0.025387050410858824,0.025387050410858824
110,demand_capacity_ratio_k,subgrade_k_pci,-1.0,1.0
111,total_present_worth,concrete_unit_cost,0.8270970020573027,0.8270970020573027
111,total_present_worth,stone_57_unit_cost,0.21462425822344972,0.21462425822344972
111,total_present_worth,rebar_unit_cost,0.4477037115432415,0.4477037115432415
111,total_present_worth,fiber_unit_cost,0.0021729741749811895,0.0021729741749811895
111,total_present_worth,demolition_cost,0.04807140151826857,0.04807140151826857
111,total_present_worth,crushing_cost,0.04108305520379322,0.04108305520379322
111,total_present_worth,recycled_aggregate_credit,-0.030601846268112742,0.030601846268112742
111,total_present_worth,discount_rate,-0.20301274464095959,0.20301274464095959
111,gwp_total_project_kgco2e,concrete_gwp_factor,0.9938334851264615,0.9938334851264615
111,gwp_total_project_kgco2e,stone_57_gwp_factor,0.01707431918526173,0.01707431918526173
111,gwp_total_project_kgco2e,rebar_gwp_factor,0.10149062656856425,0.10149062656856425
111,gwp_total_project_kgco2e,trucking_gwp_factor,0.03826079089645632,0.03826079089645632
111,gwp_total_project_kgco2e,demolition_gwp_factor,0.022229337765467736,0.022229337765467736
111,gwp_total_project_kgco2e,crushing_gwp_factor,0.02550969859404388,0.02550969859404388
111,demand_capacity_ratio_k,subgrade_k_pci,-1.0,1.0
112,total_present_worth,concrete_unit_cost,0.8690732501347334,0.8690732501347334
112,total_present_worth,stone_57_unit_cost,0.22476758409182707,0.22476758409182707
112,total_present_worth,rebar_unit_cost,0.3492315246556927,0.3492315246556927
112,total_present_worth,fiber_unit_cost,0.0016937524323895011,0.0016937524323895011
112,total_present_worth,demolition_cost,0.05043296415322919,0.05043296415322919
112,total_present_worth,crushing_cost,0.042289980130292004,0.042289980130292004
112,total_present_worth,recycled_aggregate_credit,-0.03340967217870787,0.03340967217870787
112,total_present_worth,discount_rate,-0.2127983100539963,0.2127983100539963
112,gwp_total_project_kgco2e,concrete_gwp_factor,0.9960790032305598,0.9960790032305598
112,gwp_total_project_kgco2e,stone_57_gwp_factor,0.01707251855223701,0.01707251855223701
112,gwp_total_project_kgco2e,rebar_gwp_factor,0.07771139749102057,0.07771139749102057
112,gwp_total_project_kgco2e,trucking_gwp_factor,0.03706920488490768,0.03706920488490768
112,gwp_total_project_kgco2e,demolition_gwp_factor,0.022243923377825568,0.022243923377825568
112,gwp_total_project_kgco2e,crushing_gwp_factor,0.02567416192914967,0.02567416192914967
112,demand_capacity_ratio_k,subgrade_k_pci,-1.0,1.0
113,total_present_worth,concrete_unit_cost,0.9038340164387498,0.9038340164387498
113,total_present_worth,stone_57_unit_cost,0.1860044906492178,0.1860044906492178
113,total_present_worth,rebar_unit_cost,0.2731531650829573,0.2731531650829573
113,total_present_worth,fiber_unit_cost,0.0011902088927960837,0.0011902088927960837
113,total_present_worth,demolition_cost,0.0526789900883036,0.0526789900883036
113,total_present_worth,crushing_cost,0.04318101893058441,0.04318101893058441
113,total_present_worth,recycled_aggregate_credit,-0.03543143375929258,0.03543143375929258
113,total_present_worth,discount_rate,-0.22152856299035664,0.22152856299035664
113,gwp_total_project_kgco2e,concrete_gwp_factor,0.9974576367717192,0.9974576367717192
113,gwp_total_project_kgco2e,stone_57_gwp_factor,0.013507366313018947,0.013507366313018947
113,gwp_total_project_kgco2e,rebar_gwp_factor,0.06021868780635948,0.06021868780635948
113,gwp_total_project_kgco2e,trucking_gwp_factor,0.034179606079143846,0.034179606079143846
113,gwp_total_project_kgco2e,demolition_gwp_factor,0.022235214958334085,0.022235214958334085
113,gwp_total_project_kgco2e,crushing_gwp_factor,0.02581656900610263,0.02581656900610263
113,demand_capacity_ratio_k,subgrade_k_pci,-1.0,1.0
114,total_present_worth,concrete_unit_cost,0.9189800378302162,0.9189800378302162
114,total_present_worth,stone_57_unit_cost,0.18942897150530763,0.18942897150530763
114,total_present_worth,rebar_unit_cost,0.21044361843992146,0.21044361843992146
114,total_present_worth,fiber_unit_cost,0.0008760737252784295,0.0008760737252784295
114,total_present_worth,demolition_cost,0.05368196927881679,0.05368196927881679
114,total_present_worth,crushing_cost,0.043467773598347116,0.043467773598347116
114,total_present_worth,recycled_aggregate_credit,-0.03684014064129606,0.03684014064129606
114,total_present_worth,discount_rate,-0.22565927357987114,0.22565927357987114
114,gwp_total_project_kgco2e,concrete_gwp_factor,0.998159465398368,0.998159465398368
114,gwp_total_project_kgco2e,stone_57_gwp_factor,0.013504043808601618,0.013504043808601618
114,gwp_total_project_kgco2e,rebar_gwp_factor,0.04715494929978998,0.04715494929978998
114,gwp_total_project_kgco2e,trucking_gwp_factor,0.03350222011647289,0.03350222011647289
114,gwp_total_project_kgco2e,demolition_gwp_factor,0.02223184520857274,0.02223184520857274
114,gwp_total_project_kgco2e,crushing_gwp_factor,0.02588695127288278,0.02588695127288278
114,demand_capacity_ratio_k,subgrade_k_pci,-1.0,1.0
115,total_present_worth,concrete_unit_cost,0.9262256700919943,0.9262256700919943
115,total_present_worth,stone_57_unit_cost,0.1911517215612927,0.1911517215612927
115,total_present_worth,rebar_unit_cost,0.17155065005038028,0.17155065005038028
115,total_present_worth,fiber_unit_cost,0.0006700931813560373,0.0006700931813560373
115,total_present_worth,demolition_cost,0.05419000775767601,0.05419000775767601
115,total_present_worth,crushing_cost,0.04355152071633261,0.04355152071633261
115,total_present_worth,recycled_aggregate_credit,-0.03764312001934525,0.03764312001934525
115,total_present_worth,discount_rate,-0.22770285445508842,0.22770285445508842
115,gwp_total_project_kgco2e,concrete_gwp_factor,0.9984883042141794,0.9984883042141794
115,gwp_total_project_kgco2e,stone_57_gwp_factor,0.013495436201878175,0.013495436201878175
115,gwp_total_project_kgco2e,rebar_gwp_factor,0.039312661697837065,0.039312661697837065
115,gwp_total_project_kgco2e,trucking_gwp_factor,0.03309683664853474,0.03309683664853474
115,gwp_total_project_kgco2e,demolition_gwp_factor,0.022227868269947146,0.022227868269947146
115,gwp_total_project_kgco2e,crushing_gwp_factor,0.025932460090468987,0.025932460090468987
115,demand_capacity_ratio_k,subgrade_k_pci,-1.0,1.0
116,total_present_worth,concrete_unit_cost,0.8296117350205167,0.8296117350205167
116,total_present_worth,stone_57_unit_cost,0.17138089119092034,0.17138089119092034
116,total_present_worth,rebar_unit_cost,0.46222262539295306,0.46222262539295306
116,total_present_worth,fiber_unit_cost,0.0021206408624482565,0.0021206408624482565
116,total_present_worth,demolition_cost,0.04831534797084615,0.04831534797084615
116,total_present_worth,crushing_cost,0.04110151799560861,0.04110151799560861
116,total_present_worth,recycled_aggregate_credit,-0.0302364903068146,0.0302364903068146
116,total_present_worth,discount_rate,-0.20358257447966296,0.20358257447966296
116,gwp_total_project_kgco2e,concrete_gwp_factor,0.9936723023113249,0.9936723023113249
116,gwp_total_project_kgco2e,stone_57_gwp_factor,0.013518291011167319,0.013518291011167319
116,gwp_total_project_kgco2e,rebar_gwp_factor,0.1042437363728975,0.1042437363728975
116,gwp_total_project_kgco2e,trucking_gwp_factor,0.0364084895944994,0.0364084895944994
116,gwp_total_project_kgco2e,demolition_gwp_factor,0.022213733836853492,0.022213733836853492
116,gwp_total_project_kgco2e,crushing_gwp_factor,0.025512776212925112,0.025512776212925112
116,demand_capacity_ratio_k,subgrade_k_pci,-1.0,1.0
117,total_present_worth,concrete_unit_cost,0.8736264393582827,0.8736264393582827
117,total_present_worth,stone_57_unit_cost,0.1797332645794453,0.1797332645794453
117,total_present_worth,rebar_unit_cost,0.3645022970416089,0.3645022970416089
117,total_present_worth,fiber_unit_cost,0.001647459553618984,0.001647459553618984
117,total_present_worth,demolition_cost,0.05081497290294999,0.05081497290294999
117,total_present_worth,crushing_cost,0.0424192573346637,0.0424192573346637
117,total_present_worth,recycled_aggregate_credit,-0.03311343612306938,0.03311343612306938
117,total_present_worth,discount_rate,-0.21387157467955692,0.21387157467955692
117,gwp_total_project_kgco2e,concrete_gwp_factor,0.9959937504832297,0.9959937504832297
117,gwp_total_project_kgco2e,stone_57_gwp_factor,0.01351304510700522,0.01351304510700522
117,gwp_total_project_kgco2e,rebar_gwp_factor,0.08042056894848824,0.08042056894848824
117,gwp_total_project_kgco2e,trucking_gwp_factor,0.03520826254489931,0.03520826254489931
117,gwp_total_project_kgco2e,demolition_gwp_factor,0.02222929481842772,0.02222929481842772
117,gwp_total_project_kgco2e,crushing_gwp_factor,0.02567755974115103,0.02567755974115103
117,demand_capacity_ratio_k,subgrade_k_pci,-1.0,1.0
118,total_present_worth,concrete_unit_cost,0.8958796566279199,0.8958796566279199
118,total_present_worth,stone_57_unit_cost,0.18429243553592498,0.18429243553592498
118,total_present_worth,rebar_unit_cost,0.3003566198697107,0.3003566198697107
118,total_present_worth,fiber_unit_cost,0.0013381256397672504,0.0013381256397672504
118,total_present_worth,demolition_cost,0.05218001336308001,0.05218001336308001
118,total_present_worth,crushing_cost,0.042992930573197176,0.042992930573197176
118,total_present_worth,recycled_aggregate_credit,-0.034777264592246906,0.034777264592246906
118,total_present_worth,discount_rate,-0.2194475386208557,0.2194475386208557
118,gwp_total_project_kgco2e,concrete_gwp_factor,0.9970807924250404,0.9970807924250404
118,gwp_total_project_kgco2e,stone_57_gwp_factor,0.013508352351579343,0.013508352351579343
118,gwp_total_project_kgco2e,rebar_gwp_factor,0.066074965498686,0.066074965498686
118,gwp_total_project_kgco2e,trucking_gwp_factor,0.034479962075583986,0.034479962075583986
118,gwp_total_project_kgco2e,demolition_gwp_factor,0.022238920152639566,0.022238920152639566
118,gwp_total_project_kgco2e,crushing_gwp_factor,0.025769860938275945,0.025769860938275945
118,demand_capacity_ratio_k,subgrade_k_pci,-1.0,1.0
119,total_present_worth,concrete_unit_cost,0.9085533686535974,0.9085533686535974
119,total_present_worth,stone_57_unit_cost,0.18705177963613273,0.18705177963613273
119,total_present_worth,rebar_unit_cost,0.2554438480716815,0.2554438480716815
119,total_present_worth,fiber_unit_cost,0.0011021034494968416,0.0011021034494968416
119,total_present_worth,demolition_cost,0.05298658717591464,0.05298658717591464
119,total_present_worth,crushing_cost,0.04327881631865553,0.04327881631865553
119,total_present_worth,recycled_aggregate_credit,-0.03584228495302491,0.03584228495302491
119,total_present_worth,discount_rate,-0.22279527004050015,0.22279527004050015
119,gwp_total_project_kgco2e,concrete_gwp_factor,0.9976785247403515,0.9976785247403515
119,gwp_total_project_kgco2e,stone_57_gwp_factor,0.013507080969338833,0.013507080969338833
119,gwp_total_project_kgco2e,rebar_gwp_factor,0.05646937074751575,0.05646937074751575
119,gwp_total_project_kgco2e,trucking_gwp_factor,0.03398726131455491,0.03398726131455491
119,gwp_total_project_kgco2e,demolition_gwp_factor,0.02223429761612572,0.02223429761612572
119,gwp_total_project_kgco2e,crushing_gwp_factor,0.02583937237503975,0.02583937237503975
119,demand_capacity_ratio_k,subgrade_k_pci,-1.0,1.0
120,total_present_worth,concrete_unit_cost,0.9192869415649308,0.9192869415649308
120,total_present_worth,stone_57_unit_cost,0.189497463949015,0.189497463949015
120,total_present_worth,rebar_unit_cost,0.2089596478300479,0.2089596478300479
120,total_present_worth,fiber_unit_cost,0.0008709432185883773,0.0008709432185883773
120,total_present_worth,demolition_cost,0.05370307708452124,0.05370307708452124
120,total_present_worth,crushing_cost,0.04347189376695676,0.04347189376695676
120,total_present_worth,recycled_aggregate_credit,-0.03687135655734054,0.03687135655734054
120,total_present_worth,discount_rate,-0.22574556744604551,0.22574556744604551
120,gwp_total_project_kgco2e,concrete_gwp_factor,0.9981733547653494,0.9981733547653494
120,gwp_total_project_kgco2e,stone_57_gwp_factor,0.013504231185721695,0.013504231185721695
120,gwp_total_project_kgco2e,rebar_gwp_factor,0.04685244129832498,0.04685244129832498
120,gwp_total_project_kgco2e,trucking_gwp_factor,0.0334882518421953,0.0334882518421953
120,gwp_total_project_kgco2e,demolition_gwp_factor,0.02223210067033284,0.02223210067033284
120,gwp_total_project_kgco2e,crushing_gwp_factor,0.025889354080115744,0.025889354080115744
120,demand_capacity_ratio_k,subgrade_k_pci,-1.0,1.0
121,total_present_worth,concrete_unit_cost,0.924842052420529,0.924842052420529
121,total_present_worth,stone_57_unit_cost,0.1908114588413806,0.1908114588413806
121,total_present_worth,rebar_unit_cost,0.17970456560848988,0.17970456560848988
121,total_present_worth,fiber_unit_cost,0.0007134558747813824,0.0007134558747813824
121,total_present_worth,demolition_cost,0.054093894014725565,0.054093894014725565
121,total_present_worth,crushing_cost,0.043536228087590494,0.043536228087590494
121,total_present_worth,recycled_aggregate_credit,-0.03748205977220883,0.03748205977220883
121,total_present_worth,discount_rate,-0.22730492127233234,0.22730492127233234
121,gwp_total_project_kgco2e,concrete_gwp_factor,0.9984256706583463,0.9984256706583463
121,gwp_total_project_kgco2e,stone_57_gwp_factor,0.013497555448535023,0.013497555448535023
121,gwp_total_project_kgco2e,rebar_gwp_factor,0.0409404887458162,0.0409404887458162
121,gwp_total_project_kgco2e,trucking_gwp_factor,0.03318212188274485,0.03318212188274485
121,gwp_total_project_kgco2e,demolition_gwp_factor,0.022228778720507512,0.022228778720507512
121,gwp_total_project_kgco2e,crushing_gwp_factor,0.025925001653186005,0.025925001653186005
121,demand_capacity_ratio_k,subgrade_k_pci,-1.0,1.0
122,total_present_worth,concrete_unit_cost,0.7119876019880271,0.7119876019880271
122,total_present_worth,stone_57_unit_cost,0.15052357745444944,0.15052357745444944
122,total_present_worth,rebar_unit_cost,0.641277090020063,0.641277090020063
122,total_present_worth,fiber_unit_cost,0.003045917270178367,0.003045917270178367
122,total_present_worth,demolition_cost,0.04211804465668722,0.04211804465668722
122,total_present_worth,crushing_cost,0.03711745292502299,0.03711745292502299
122,total_present_worth,recycled_aggregate_credit,-0.02356879872779552,0.02356879872779552
122,total_present_worth,discount_rate,-0.17775845907412274,0.17775845907412274
122,gwp_total_project_kgco2e,concrete_gwp_factor,0.9860089290128996,0.9860089290128996
122,gwp_total_project_kgco2e,stone_57_gwp_factor,0.013504163149177666,0.013504163149177666
122,gwp_total_project_kgco2e,rebar_gwp_factor,0.15822813928293927,0.15822813928293927
122,gwp_total_project_kgco2e,trucking_gwp_factor,0.039013740758645506,0.039013740758645506
122,gwp_total_project_kgco2e,demolition_gwp_factor,0.022086054116258424,0.022086054116258424
122,gwp_total_project_kgco2e,crushing_gwp_factor,0.025071119448428447,0.025071119448428447
122,demand_capacity_ratio_k,subgrade_k_pci,-1.0,1.0
123,total_present_worth,concrete_unit_cost,0.7937722599534129,0.7937722599534129
123,total_present_worth,stone_57_unit_cost,0.16492752446046702,0.16492752446046702
123,total_present_worth,rebar_unit_cost,0.5258129916342612,0.5258129916342612
123,total_present_worth,fiber_unit_cost,0.0024248410043619367,0.0024248410043619367
123,total_present_worth,demolition_cost,0.04639250890601301,0.04639250890601301
123,total_present_worth,crushing_cost,0.03994045170128819,0.03994045170128819
123,total_present_worth,recycled_aggregate_credit,-0.028100556055880226,0.028100556055880226
123,total_present_worth,discount_rate,-0.1956058574204732,0.1956058574204732
123,gwp_total_project_kgco2e,concrete_gwp_factor,0.9915906223541402,0.9915906223541402
123,gwp_total_project_kgco2e,stone_57_gwp_factor,0.013511262054268506,0.013511262054268506
123,gwp_total_project_kgco2e,rebar_gwp_factor,0.12147866133851147,0.12147866133851147
123,gwp_total_project_kgco2e,trucking_gwp_factor,0.03725428996014972,0.03725428996014972
123,gwp_total_project_kgco2e,demolition_gwp_factor,0.022186513766346606,0.022186513766346606
123,gwp_total_project_kgco2e,crushing_gwp_factor,0.02538686669537075,0.02538686669537075
123,demand_capacity_ratio_k,subgrade_k_pci,-1.0,1.0
124,total_present_worth,concrete_unit_cost,0.8395966079959988,0.8395966079959988
124,total_present_worth,stone_57_unit_cost,0.17322236396512897,0.17322236396512897
124,total_present_worth,rebar_unit_cost,0.44236809922408327,0.44236809922408327
124,total_present_worth,fiber_unit_cost,0.002027114192010846,0.002027114192010846
124,total_present_worth,demolition_cost,0.0488639732760576,0.0488639732760576
124,total_present_worth,crushing_cost,0.041419243376407705,0.041419243376407705
124,total_present_worth,recycled_aggregate_credit,-0.030866987596570798,0.030866987596570798
124,total_present_worth,discount_rate,-0.20586326166115132,0.20586326166115132
124,gwp_total_project_kgco2e,concrete_gwp_factor,0.9942202215070641,0.9942202215070641
124,gwp_total_project_kgco2e,stone_57_gwp_factor,0.013523050035681222,0.013523050035681222
124,gwp_total_project_kgco2e,rebar_gwp_factor,0.09917480747003793,0.09917480747003793
124,gwp_total_project_kgco2e,trucking_gwp_factor,0.036154912830013965,0.036154912830013965
124,gwp_total_project_kgco2e,demolition_gwp_factor,0.022217570088919027,0.022217570088919027
124,gwp_total_project_kgco2e,crushing_gwp_factor,0.025548708118219483,0.025548708118219483
124,demand_capacity_ratio_k,subgrade_k_pci,-1.0,1.0
125,total_present_worth,concrete_unit_cost,0.8671384459603275,0.8671384459603275
125,total_present_worth,stone_57_unit_cost,0.17846122950543253,0.17846122950543253
125,total_present_worth,rebar_unit_cost,0.3808563614291426,0.3808563614291426
125,total_present_worth,fiber_unit_cost,0.0017186510042074604,0.0017186510042074604
125,total_present_worth,demolition_cost,0.050433732265261495,0.050433732265261495
125,total_present_worth,crushing_cost,0.04222537289721016,0.04222537289721016
125,total_present_worth,recycled_aggregate_credit,-0.032658285129223315,0.032658285129223315
125,total_present_worth,discount_rate,-0.2122964070350301,0.2122964070350301
125,gwp_total_project_kgco2e,concrete_gwp_factor,0.9956660431094985,0.9956660431094985
125,gwp_total_project_kgco2e,stone_57_gwp_factor,0.013517748038047101,0.013517748038047101
125,gwp_total_project_kgco2e,rebar_gwp_factor,0.0842239340595776,0.0842239340595776
125,gwp_total_project_kgco2e,trucking_gwp_factor,0.03540441803150577,0.03540441803150577
125,gwp_total_project_kgco2e,demolition_gwp_factor,0.022229632908539857,0.022229632908539857
125,gwp_total_project_kgco2e,crushing_gwp_factor,0.02565502764277401,0.02565502764277401
125,demand_capacity_ratio_k,subgrade_k_pci,-1.0,1.0
126,total_present_worth,concrete_unit_cost,0.8913099418807481,0.8913099418807481
126,total_present_worth,stone_57_unit_cost,0.18333858976789544,0.18333858976789544
126,total_present_worth,rebar_unit_cost,0.3147753619614302,0.3147753619614302
126,total_present_worth,fiber_unit_cost,0.0014114861462285943,0.0014114861462285943
126,total_present_worth,demolition_cost,0.05189292469048517,0.05189292469048517
126,total_present_worth,crushing_cost,0.04288360934867345,0.04288360934867345
126,total_present_worth,recycled_aggregate_credit,-0.034409541914723826,0.034409541914723826
126,total_present_worth,discount_rate,-0.2182748030589341,0.2182748030589341
126,gwp_total_project_kgco2e,concrete_gwp_factor,0.9968622681782009,0.9968622681782009
126,gwp_total_project_kgco2e,stone_57_gwp_factor,0.013509052884027624,0.013509052884027624
126,gwp_total_project_kgco2e,rebar_gwp_factor,0.06922539363940217,0.06922539363940217
126,gwp_total_project_kgco2e,trucking_gwp_factor,0.03464210946224085,0.03464210946224085
126,gwp_total_project_kgco2e,demolition_gwp_factor,0.0222329922119652,0.0222329922119652
126,gwp_total_project_kgco2e,crushing_gwp_factor,0.025747504321659002,0.025747504321659002
126,demand_capacity_ratio_k,subgrade_k_pci,-1.0,1.0
127,total_present_worth,concrete_unit_cost,0.9041322800880209,0.9041322800880209
127,total_present_worth,stone_57_unit_cost,0.1860701573626841,0.1860701573626841
127,total_present_worth,rebar_unit_cost,0.2720705304066842,0.2720705304066842
127,total_present_worth,fiber_unit_cost,0.0011834868238973948,0.0011834868238973948
127,total_present_worth,demolition_cost,0.05269905243202363,0.05269905243202363
127,total_present_worth,crushing_cost,0.04318990751298797,0.04318990751298797
127,total_present_worth,recycled_aggregate_credit,-0.035456054455654425,0.035456054455654425
127,total_present_worth,discount_rate,-0.2216097082769686,0.2216097082769686
127,gwp_total_project_kgco2e,concrete_gwp_factor,0.9974716573355646,0.9974716573355646
127,gwp_total_project_kgco2e,stone_57_gwp_factor,0.013508234226555295,0.013508234226555295
127,gwp_total_project_kgco2e,rebar_gwp_factor,0.05998866446063547,0.05998866446063547
127,gwp_total_project_kgco2e,trucking_gwp_factor,0.03416721760294689,0.03416721760294689
127,gwp_total_project_kgco2e,demolition_gwp_factor,0.022235911584062365,0.022235911584062365
127,gwp_total_project_kgco2e,crushing_gwp_factor,0.025819189090231676,0.025819189090231676
127,demand_capacity_ratio_k,subgrade_k_pci,-1.0,1.0
128,total_present_worth,concrete_unit_cost,0.9195153545282221,0.9195153545282221
128,total_present_worth,stone_57_unit_cost,0.18955010735201205,0.18955010735201205
128,total_present_worth,rebar_unit_cost,0.20784432726441776,0.20784432726441776
128,total_present_worth,fiber_unit_cost,0.0008646310632578526,0.0008646310632578526
128,total_present_worth,demolition_cost,0.05371655744820662,0.05371655744820662
128,total_present_worth,crushing_cost,0.043475481866030195,0.043475481866030195
128,total_present_worth,recycled_aggregate_credit,-0.036894324524133736,0.036894324524133736
128,total_present_worth,discount_rate,-0.22580996830452765,0.22580996830452765
128,gwp_total_project_kgco2e,concrete_gwp_factor,0.9981837330180576,0.9981837330180576
128,gwp_total_project_kgco2e,stone_57_gwp_factor,0.01350302068293721,0.01350302068293721
128,gwp_total_project_kgco2e,rebar_gwp_factor,0.04662595169013838,0.04662595169013838
128,gwp_total_project_kgco2e,trucking_gwp_factor,0.03347687941588676,0.03347687941588676
128,gwp_total_project_kgco2e,demolition_gwp_factor,0.02223154570364462,0.02223154570364462
128,gwp_total_project_kgco2e,crushing_gwp_factor,0.02589116568440447,0.02589116568440447
128,demand_capacity_ratio_k,subgrade_k_pci,-1.0,1.0
129,total_present_worth,concrete_unit_cost,0.5797940380435017,0.5797940380435017
129,total_present_worth,stone_57_unit_cost,0.12577779812093512,0.12577779812093512
129,total_present_worth,rebar_unit_cost,0.7778543282109178,0.7778543282109178
129,total_present_worth,fiber_unit_cost,0.0038659639826983862,0.0038659639826983862
129,total_present_worth,demolition_cost,0.034922620314481054,0.034922620314481054
129,total_present_worth,crushing_cost,0.03201342527734937,0.03201342527734937
129,total_present_worth,recycled_aggregate_credit,-0.01643859840715144,0.01643859840715144
129,total_present_worth,discount_rate,-0.14742930678111166,0.14742930678111166
129,gwp_total_project_kgco2e,concrete_gwp_factor,0.9727185207716155,0.9727185207716155
129,gwp_total_project_kgco2e,stone_57_gwp_factor,0.013451406659812563,0.013451406659812563
129,gwp_total_project_kgco2e,rebar_gwp_factor,0.22137588547703035,0.22137588547703035
129,gwp_total_project_kgco2e,trucking_gwp_factor,0.041927907055363166,0.041927907055363166
129,gwp_total_project_kgco2e,demolition_gwp_factor,0.021848104411203245,0.021848104411203245
129,gwp_total_project_kgco2e,crushing_gwp_factor,0.02443464067274986,0.02443464067274986
129,demand_capacity_ratio_k,subgrade_k_pci,-1.0,1.0
130,total_present_worth,concrete_unit_cost,0.6855365566663106,0.6855365566663106
130,total_present_worth,stone_57_unit_cost,0.14578140165613657,0.14578140165613657
130,total_present_worth,rebar_unit_cost,0.6726152813705822,0.6726152813705822
130,total_present_worth,fiber_unit_cost,0.0032211502939604605,0.0032211502939604605
130,total_present_worth,demolition_cost,0.040713914862973564,0.040713914862973564
130,total_present_worth,crushing_cost,0.03615240152396497,0.03615240152396497
130,total_present_worth,recycled_aggregate_credit,-0.02211861931095945,0.02211861931095945
130,total_present_worth,discount_rate,-0.1719165610653106,0.1719165610653106
130,gwp_total_project_kgco2e,concrete_gwp_factor,0.9838779755791193,0.9838779755791193
130,gwp_total_project_kgco2e,stone_57_gwp_factor,0.01349785034834314,0.01349785034834314
130,gwp_total_project_kgco2e,rebar_gwp_factor,0.17005817074219928,0.17005817074219928
130,gwp_total_project_kgco2e,trucking_gwp_factor,0.03957515482050207,0.03957515482050207
130,gwp_total_project_kgco2e,demolition_gwp_factor,0.022044876679761953,0.022044876679761953
130,gwp_total_project_kgco2e,crushing_gwp_factor,0.024962778999841114,0.024962778999841114
130,demand_capacity_ratio_k,subgrade_k_pci,-1.0,1.0
131,total_present_worth,concrete_unit_cost,0.756142236657945,0.756142236657945
131,total_present_worth,stone_57_unit_cost,0.15830898974434762,0.15830898974434762
131,total_present_worth,rebar_unit_cost,0.5830158170860064,0.5830158170860064
131,total_present_worth,fiber_unit_cost,0.0027452570378341027,0.0027452570378341027
131,total_present_worth,demolition_cost,0.04442740616218697,0.04442740616218697
131,total_present_worth,crushing_cost,0.03865789871165516,0.03865789871165516
131,total_present_worth,recycled_aggregate_credit,-0.025977976814903193,0.025977976814903193
131,total_present_worth,discount_rate,-0.1873961192153086,0.1873961192153086
131,gwp_total_project_kgco2e,concrete_gwp_factor,0.9891826849065211,0.9891826849065211
131,gwp_total_project_kgco2e,stone_57_gwp_factor,0.013508079278523233,0.013508079278523233
131,gwp_total_project_kgco2e,rebar_gwp_factor,0.13861293663154117,0.13861293663154117
131,gwp_total_project_kgco2e,trucking_gwp_factor,0.03808228379171291,0.03808228379171291
131,gwp_total_project_kgco2e,demolition_gwp_factor,0.022146645634970662,0.022146645634970662
131,gwp_total_project_kgco2e,crushing_gwp_factor,0.025242983315537197,0.025242983315537197
131,demand_capacity_ratio_k,subgrade_k_pci,-1.0,1.0
132,total_present_worth,concrete_unit_cost,0.8025313804266127,0.8025313804266127
132,total_present_worth,stone_57_unit_cost,0.1664934873420214,0.1664934873420214
132,total_present_worth,rebar_unit_cost,0.5112228772209692,0.5112228772209692
132,total_present_worth,fiber_unit_cost,0.002353851678605541,0.002353851678605541
132,total_present_worth,demolition_cost,0.04686001933989601,0.04686001933989601
132,total_present_worth,crushing_cost,0.040228155132443266,0.040228155132443266
132,total_present_worth,recycled_aggregate_credit,-0.02860971894510789,0.02860971894510789
132,total_present_worth,discount_rate,-0.19752998388778512,0.19752998388778512
132,gwp_total_project_kgco2e,concrete_gwp_factor,0.9921173764595351,0.9921173764595351
132,gwp_total_project_kgco2e,stone_57_gwp_factor,0.013512488101564997,0.013512488101564997
132,gwp_total_project_kgco2e,rebar_gwp_factor,0.11737403544662962,0.11737403544662962
132,gwp_total_project_kgco2e,trucking_gwp_factor,0.03705129718486852,0.03705129718486852
132,gwp_total_project_kgco2e,demolition_gwp_factor,0.022196225321710495,0.022196225321710495
132,gwp_total_project_kgco2e,crushing_gwp_factor,0.02541743816706298,0.02541743816706298
132,demand_capacity_ratio_k,subgrade_k_pci,-1.0,1.0
133,total_present_worth,concrete_unit_cost,0.8457016042606806,0.8457016042606806
133,total_present_worth,stone_57_unit_cost,0.1743714782599246,0.1743714782599246
133,total_present_worth,rebar_unit_cost,0.4296603725056562,0.4296603725056562
133,total_present_worth,fiber_unit_cost,0.001954891488685957,0.001954891488685957
133,total_present_worth,demolition_cost,0.049207681689027075,0.049207681689027075
133,total_present_worth,crushing_cost,0.04159281255526113,0.04159281255526113
133,total_present_worth,recycled_aggregate_credit,-0.031247435064786975,0.031247435064786975
133,total_present_worth,discount_rate,-0.2072638197166053,0.2072638197166053
133,gwp_total_project_kgco2e,concrete_gwp_factor,0.9945484450365075,0.9945484450365075
133,gwp_total_project_kgco2e,stone_57_gwp_factor,0.013522557804033023,0.013522557804033023
133,gwp_total_project_kgco2e,rebar_gwp_factor,0.09599828018774331,0.09599828018774331
133,gwp_total_project_kgco2e,trucking_gwp_factor,0.03599681416089473,0.03599681416089473
133,gwp_total_project_kgco2e,demolition_gwp_factor,0.022220274090776114,0.022220274090776114
133,gwp_total_project_kgco2e,crushing_gwp_factor,0.025570033499188013,0.025570033499188013
133,demand_capacity_ratio_k,subgrade_k_pci,-1.0,1.0
134,total_present_worth,concrete_unit_cost,0.8695951655707501,0.8695951655707501
134,total_present_worth,stone_57_unit_cost,0.1789409429703924,0.1789409429703924
134,total_present_worth,rebar_unit_cost,0.3747660730410745,0.3747660730410745
134,total_present_worth,fiber_unit_cost,0.001690527280708211,0.001690527280708211
134,total_present_worth,demolition_cost,0.0505784962752714,0.0505784962752714
134,total_present_worth,crushing_cost,0.04229718640485488,0.04229718640485488
134,total_present_worth,recycled_aggregate_credit,-0.03282241371588097,0.03282241371588097
134,total_present_worth,discount_rate,-0.21288910114184373,0.21288910114184373
134,gwp_total_project_kgco2e,concrete_gwp_factor,0.9957905788725243,0.9957905788725243
134,gwp_total_project_kgco2e,stone_57_gwp_factor,0.01351467706399787,0.01351467706399787
134,gwp_total_project_kgco2e,rebar_gwp_factor,0.08280110496816044,0.08280110496816044
134,gwp_total_project_kgco2e,trucking_gwp_factor,0.035330210223860084,0.035330210223860084
134,gwp_total_project_kgco2e,demolition_gwp_factor,0.022228890361403558,0.022228890361403558
134,gwp_total_project_kgco2e,crushing_gwp_factor,0.025666122533274452,0.025666122533274452
134,demand_capacity_ratio_k,subgrade_k_pci,-1.0,1.0
135,total_present_worth,concrete_unit_cost,0.8991798473822,0.8991798473822
135,total_present_worth,stone_57_unit_cost,0.18499554842599822,0.18499554842599822
135,total_present_worth,rebar_unit_cost,0.2894290658829077,0.2894290658829077
135,total_present_worth,fiber_unit_cost,0.0012767387622066955,0.0012767387622066955
135,total_present_worth,demolition_cost,0.052385616662906254,0.052385616662906254
135,total_present_worth,crushing_cost,0.043070862141548344,0.043070862141548344
135,total_present_worth,recycled_aggregate_credit,-0.03504202016784081,0.03504202016784081
135,total_present_worth,discount_rate,-0.22030001156921822,0.22030001156921822
135,gwp_total_project_kgco2e,concrete_gwp_factor,0.9972380037585752,0.9972380037585752
135,gwp_total_project_kgco2e,stone_57_gwp_factor,0.013506455376986585,0.013506455376986585
135,gwp_total_project_kgco2e,rebar_gwp_factor,0.06370460593444185,0.06370460593444185
135,gwp_total_project_kgco2e,trucking_gwp_factor,0.0343579931265752,0.0343579931265752
135,gwp_total_project_kgco2e,demolition_gwp_factor,0.02223886786748755,0.02223886786748755
135,gwp_total_project_kgco2e,crushing_gwp_factor,0.025788758667019508,0.025788758667019508
135,demand_capacity_ratio_k,subgrade_k_pci,-1.0,1.0
136,total_present_worth,concrete_unit_cost,0.9199968405356469,0.9199968405356469
136,total_present_worth,stone_57_unit_cost,0.15721828932336734,0.15721828932336734
136,total_present_worth,rebar_unit_cost,0.23273960135277585,0.23273960135277585
136,total_present_worth,fiber_unit_cost,0.0009385684728874274,0.0009385684728874274
136,total_present_worth,demolition_cost,0.053829966358203994,0.053829966358203994
136,total_present_worth,crushing_cost,0.04355735348433495,0.04355735348433495
136,total_present_worth,recycled_aggregate_credit,-0.03641222201690089,0.03641222201690089
136,total_present_worth,discount_rate,-0.2259623775096036,0.2259623775096036
136,gwp_total_project_kgco2e,concrete_gwp_factor,0.9980310189911485,0.9980310189911485
136,gwp_total_project_kgco2e,stone_57_gwp_factor,0.011128639287779457,0.011128639287779457
136,gwp_total_project_kgco2e,rebar_gwp_factor,0.05141958379759184,0.05141958379759184
136,gwp_total_project_kgco2e,trucking_gwp_factor,0.03239253004434902,0.03239253004434902
136,gwp_total_project_kgco2e,demolition_gwp_factor,0.022222951890489184,0.022222951890489184
136,gwp_total_project_kgco2e,crushing_gwp_factor,0.02588477368452991,0.02588477368452991
136,demand_capacity_ratio_k,subgrade_k_pci,-1.0,1.0
137,total_present_worth,concrete_unit_cost,0.9309295813897799,0.9309295813897799
137,total_present_worth,stone_57_unit_cost,0.15938306851988124,0.15938306851988124
137,total_present_worth,rebar_unit_cost,0.17889113838982848,0.17889113838982848
137,total_present_worth,fiber_unit_cost,0.0006875342185790137,0.0006875342185790137
137,total_present_worth,demolition_cost,0.054625037598394016,0.054625037598394016
137,total_present_worth,crushing_cost,0.0437364932991586,0.0437364932991586
137,total_present_worth,recycled_aggregate_credit,-0.03757512647064605,0.03757512647064605
137,total_present_worth,discount_rate,-0.22914120301833074,0.22914120301833074
137,gwp_total_project_kgco2e,concrete_gwp_factor,0.9985208897375525,0.9985208897375525
137,gwp_total_project_kgco2e,stone_57_gwp_factor,0.011120130258272052,0.011120130258272052
137,gwp_total_project_kgco2e,rebar_gwp_factor,0.04052725504577891,0.04052725504577891
137,gwp_total_project_kgco2e,trucking_gwp_factor,0.031827282818746916,0.031827282818746916
137,gwp_total_project_kgco2e,demolition_gwp_factor,0.022217368352982946,0.022217368352982946
137,gwp_total_project_kgco2e,crushing_gwp_factor,0.02594176614538471,0.02594176614538471
137,demand_capacity_ratio_k,subgrade_k_pci,-1.0,1.0
138,total_present_worth,concrete_unit_cost,0.9361284867297155,0.9361284867297155
138,total_present_worth,stone_57_unit_cost,0.16045454712168583,0.16045454712168583
138,total_present_worth,rebar_unit_cost,0.145742462710681,0.145742462710681
138,total_present_worth,fiber_unit_cost,0.0005190181499676073,0.0005190181499676073
138,total_present_worth,demolition_cost,0.05501287692050116,0.05501287692050116
138,total_present_worth,crushing_cost,0.0437567612761267,0.0437567612761267
138,total_present_worth,recycled_aggregate_credit,-0.03821342538347737,0.03821342538347737
138,total_present_worth,discount_rate,-0.23070270567574191,0.23070270567574191
138,gwp_total_project_kgco2e,concrete_gwp_factor,0.9987508522420284,0.9987508522420284
138,gwp_total_project_kgco2e,stone_57_gwp_factor,0.011111525461948612,0.011111525461948612
138,gwp_total_project_kgco2e,rebar_gwp_factor,0.033986612042746646,0.033986612042746646
138,gwp_total_project_kgco2e,trucking_gwp_factor,0.03148783082939514,0.03148783082939514
138,gwp_total_project_kgco2e,demolition_gwp_factor,0.022216205776278485,0.022216205776278485
138,gwp_total_project_kgco2e,crushing_gwp_factor,0.025972658165397067,0.025972658165397067
138,demand_capacity_ratio_k,subgrade_k_pci,-1.0,1.0
139,total_present_worth,concrete_unit_cost,0.9389919824100929,0.9389919824100929
139,total_present_worth,stone_57_unit_cost,0.16105052334490022,0.16105052334490022
139,total_present_worth,rebar_unit_cost,0.12335705402198283,0.12335705402198283
139,total_present_worth,fiber_unit_cost,0.0004046683599058674,0.0004046683599058674
139,total_present_worth,demolition_cost,0.055240188492112076,0.055240188492112076
139,total_present_worth,crushing_cost,0.0437359999977824,0.0437359999977824
139,total_present_worth,recycled_aggregate_credit,-0.03862470462440989,0.03862470462440989
139,total_present_worth,discount_rate,-0.2315954117812897,0.2315954117812897
139,gwp_total_project_kgco2e,concrete_gwp_factor,0.998877387045407,0.998877387045407
139,gwp_total_project_kgco2e,stone_57_gwp_factor,0.011109323296635729,0.011109323296635729
139,gwp_total_project_kgco2e,rebar_gwp_factor,0.029627226680874894,0.029627226680874894
139,gwp_total_project_kgco2e,trucking_gwp_factor,0.0312592558261677,0.0312592558261677
139,gwp_total_project_kgco2e,demolition_gwp_factor,0.022218699846391483,0.022218699846391483
139,gwp_total_project_kgco2e,crushing_gwp_factor,0.025993334424605333,0.025993334424605333
139,demand_capacity_ratio_k,subgrade_k_pci,-1.0,1.0
140,total_present_worth,concrete_unit_cost,0.864834792217966,0.864834792217966
140,total_present_worth,stone_57_unit_cost,0.14771303088321322,0.14771303088321322
140,total_present_worth,rebar_unit_cost,0.39971695138075086,0.39971695138075086
140,total_present_worth,fiber_unit_cost,0.0017402815735921126,0.0017402815735921126
140,total_present_worth,demolition_cost,0.05036584569646635,0.05036584569646635
140,total_present_worth,crushing_cost,0.04212209996452884,0.04212209996452884
140,total_present_worth,recycled_aggregate_credit,-0.03214659499228264,0.03214659499228264
140,total_present_worth,discount_rate,-0.21174198192707783,0.21174198192707783
140,gwp_total_project_kgco2e,concrete_gwp_factor,0.9953865305952426,0.9953865305952426
140,gwp_total_project_kgco2e,stone_57_gwp_factor,0.011145256231530103,0.011145256231530103
140,gwp_total_project_kgco2e,rebar_gwp_factor,0.08822132472216855,0.08822132472216855
140,gwp_total_project_kgco2e,trucking_gwp_factor,0.03427663910484666,0.03427663910484666
140,gwp_total_project_kgco2e,demolition_gwp_factor,0.0222132364095893,0.0222132364095893
140,gwp_total_project_kgco2e,crushing_gwp_factor,0.025642311996080927,0.025642311996080927
140,demand_capacity_ratio_k,subgrade_k_pci,-1.0,1.0
141,total_present_worth,concrete_unit_cost,0.897869619661356,0.897869619661356
141,total_present_worth,stone_57_unit_cost,0.15318190827564077,0.15318190827564077
141,total_present_worth,rebar_unit_cost,0.31239389889356556,0.31239389889356556
141,total_present_worth,fiber_unit_cost,0.0013310496067724198,0.0013310496067724198
141,total_present_worth,demolition_cost,0.052382872421497154,0.052382872421497154
141,total_present_worth,crushing_cost,0.043054955380165995,0.043054955380165995
141,total_present_worth,recycled_aggregate_credit,-0.03451317169582127,0.03451317169582127
141,total_present_worth,discount_rate,-0.21996269651484063,0.21996269651484063
141,gwp_total_project_kgco2e,concrete_gwp_factor,0.9970079959052353,0.9970079959052353
141,gwp_total_project_kgco2e,stone_57_gwp_factor,0.011135654704934262,0.011135654704934262
141,gwp_total_project_kgco2e,rebar_gwp_factor,0.06830529704540213,0.06830529704540213
141,gwp_total_project_kgco2e,trucking_gwp_factor,0.03326346970143339,0.03326346970143339
141,gwp_total_project_kgco2e,demolition_gwp_factor,0.02222444886725778,0.02222444886725778
141,gwp_total_project_kgco2e,crushing_gwp_factor,0.025769988098052,0.025769988098052
141,demand_capacity_ratio_k,subgrade_k_pci,-1.0,1.0
142,total_present_worth,concrete_unit_cost,0.9142059666285305,0.9142059666285305
142,total_present_worth,stone_57_unit_cost,0.15612311936241727,0.15612311936241727
142,total_present_worth,rebar_unit_cost,0.2563027082302011,0.2563027082302011
142,total_present_worth,fiber_unit_cost,0.0010487602918435042,0.0010487602918435042
142,total_present_worth,demolition_cost,0.053447613482179045,0.053447613482179045
142,total_present_worth,crushing_cost,0.04345003910842002,0.04345003910842002
142,total_present_worth,recycled_aggregate_credit,-0.03587276025191711,0.03587276025191711
142,total_present_worth,discount_rate,-0.22434888060197536,0.22434888060197536
142,gwp_total_project_kgco2e,concrete_gwp_factor,0.9977678848170591,0.9977678848170591
142,gwp_total_project_kgco2e,stone_57_gwp_factor,0.011129624951363852,0.011129624951363852
142,gwp_total_project_kgco2e,rebar_gwp_factor,0.05630731014418693,0.05630731014418693
142,gwp_total_project_kgco2e,trucking_gwp_factor,0.0326432440979533,0.0326432440979533
142,gwp_total_project_kgco2e,demolition_gwp_factor,0.02222467167912987,0.02222467167912987
142,gwp_total_project_kgco2e,crushing_gwp_factor,0.025857075535750833,0.025857075535750833
142,demand_capacity_ratio_k,subgrade_k_pci,-1.0,1.0
143,total_present_worth,concrete_unit_cost,0.9234142702208219,0.9234142702208219
143,total_present_worth,stone_57_unit_cost,0.15788560170133023,0.15788560170133023
143,total_present_worth,rebar_unit_cost,0.21747756705822302,0.21747756705822302
143,total_present_worth,fiber_unit_cost,0.0008664850322505942,0.0008664850322505942
143,total_present_worth,demolition_cost,0.0540717223996127,0.0540717223996127
143,total_present_worth,crushing_cost,0.04362812299937125,0.04362812299937125
143,total_present_worth,recycled_aggregate_credit,-0.036750466559148195,0.036750466559148195
143,total_present_worth,discount_rate,-0.22693984971145065,0.22693984971145065
143,gwp_total_project_kgco2e,concrete_gwp_factor,0.9981852341049702,0.9981852341049702
143,gwp_total_project_kgco2e,stone_57_gwp_factor,0.011128492953347398,0.011128492953347398
143,gwp_total_project_kgco2e,rebar_gwp_factor,0.04829566270159027,0.04829566270159027
143,gwp_total_project_kgco2e,trucking_gwp_factor,0.03222989980034796,0.03222989980034796
143,gwp_total_project_kgco2e,demolition_gwp_factor,0.022224137070585653,0.022224137070585653
143,gwp_total_project_kgco2e,crushing_gwp_factor,0.02589980043906392,0.02589980043906392
143,demand_capacity_ratio_k,subgrade_k_pci,-1.0,1.0
144,total_present_worth,concrete_unit_cost,0.9311503165999482,0.9311503165999482
144,total_present_worth,stone_57_unit_cost,0.15942734345081094,0.15942734345081094
144,total_present_worth,rebar_unit_cost,0.17761986948749597,0.17761986948749597
144,total_present_worth,fiber_unit_cost,0.0006797469876318989,0.0006797469876318989
144,total_present_worth,demolition_cost,0.05464265992403307,0.05464265992403307
144,total_present_worth,crushing_cost,0.04374016498504807,0.04374016498504807
144,total_present_worth,recycled_aggregate_credit,-0.03760108468451244,0.03760108468451244
144,total_present_worth,discount_rate,-0.22920525407004413,0.22920525407004413
144,gwp_total_project_kgco2e,concrete_gwp_factor,0.9985306390864843,0.9985306390864843
144,gwp_total_project_kgco2e,stone_57_gwp_factor,0.011119255135807703,0.011119255135807703
144,gwp_total_project_kgco2e,rebar_gwp_factor,0.04027471237793389,0.04027471237793389
144,gwp_total_project_kgco2e,trucking_gwp_factor,0.031814651484053866,0.031814651484053866
144,gwp_total_project_kgco2e,demolition_gwp_factor,0.02221822694002329,0.02221822694002329
144,gwp_total_project_kgco2e,crushing_gwp_factor,0.025943528047209414,0.025943528047209414
144,demand_capacity_ratio_k,subgrade_k_pci,-1.0,1.0
145,total_present_worth,concrete_unit_cost,0.9351339506138296,0.9351339506138296
145,total_present_worth,stone_57_unit_cost,0.1602512351674285,0.1602512351674285
145,total_present_worth,rebar_unit_cost,0.15267877286478354,0.15267877286478354
145,total_present_worth,fiber_unit_cost,0.0005527282386530914,0.0005527282386530914
145,total_present_worth,demolition_cost,0.05494251070156101,0.05494251070156101
145,total_present_worth,crushing_cost,0.04375532042345413,0.04375532042345413
145,total_present_worth,recycled_aggregate_credit,-0.0380869773843548,0.0380869773843548
145,total_present_worth,discount_rate,-0.23040064773066757,0.23040064773066757
145,gwp_total_project_kgco2e,concrete_gwp_factor,0.998707044970971,0.998707044970971
145,gwp_total_project_kgco2e,stone_57_gwp_factor,0.011113033941821213,0.011113033941821213
145,gwp_total_project_kgco2e,rebar_gwp_factor,0.035345547385562226,0.035345547385562226
145,gwp_total_project_kgco2e,trucking_gwp_factor,0.031559626057487855,0.031559626057487855
145,gwp_total_project_kgco2e,demolition_gwp_factor,0.022214311925813728,0.022214311925813728
145,gwp_total_project_kgco2e,crushing_gwp_factor,0.025966122987570447,0.025966122987570447
145,demand_capacity_ratio_k,subgrade_k_pci,-1.0,1.0
146,total_present_worth,concrete_unit_cost,0.9398021041973609,0.9398021041973609
146,total_present_worth,stone_57_unit_cost,0.16121935005578375,0.16121935005578375
146,total_present_worth,rebar_unit_cost,0.11618420308244169,0.11618420308244169
146,total_present_worth,fiber_unit_cost,0.000364999965458,0.000364999965458
146,total_present_worth,demolition_cost,0.05530228565188092,0.05530228565188092
146,total_present_worth,crushing_cost,0.043724990682737996,0.043724990682737996
146,total_present_worth,recycled_aggregate_credit,-0.03875193763713278,0.03875193763713278
146,total_present_worth,discount_rate,-0.23184608743362023,0.23184608743362023
146,gwp_total_project_kgco2e,concrete_gwp_factor,0.9989131182779654,0.9989131182779654
146,gwp_total_project_kgco2e,stone_57_gwp_factor,0.011106533901434614,0.011106533901434614
146,gwp_total_project_kgco2e,rebar_gwp_factor,0.028238993294175598,0.028238993294175598
146,gwp_total_project_kgco2e,trucking_gwp_factor,0.031189157271739668,0.031189157271739668
146,gwp_total_project_kgco2e,demolition_gwp_factor,0.022218105682999246,0.022218105682999246
146,gwp_total_project_kgco2e,crushing_gwp_factor,0.026001009819488406,0.026001009819488406
146,demand_capacity_ratio_k,subgrade_k_pci,-1.0,1.0
147,total_present_worth,concrete_unit_cost,0.7709343064296218,0.7709343064296218
147,total_present_worth,stone_57_unit_cost,0.13373833596395934,0.13373833596395934
147,total_present_worth,rebar_unit_cost,0.5689801995861841,0.5689801995861841
147,total_present_worth,fiber_unit_cost,0.0025811251527124504,0.0025811251527124504
147,total_present_worth,demolition_cost,0.04527717148681488,0.04527717148681488
147,total_present_worth,crushing_cost,0.039098442774903375,0.039098442774903375
147,total_present_worth,recycled_aggregate_credit,-0.026529628394355853,0.026529628394355853
147,total_present_worth,discount_rate,-0.19063834731576387,0.19063834731576387
147,gwp_total_project_kgco2e,concrete_gwp_factor,0.990012371189669,0.990012371189669
147,gwp_total_project_kgco2e,stone_57_gwp_factor,0.011148729369355494,0.011148729369355494
147,gwp_total_project_kgco2e,rebar_gwp_factor,0.1335662349696505,0.1335662349696505
147,gwp_total_project_kgco2e,trucking_gwp_factor,0.03651237153294095,0.03651237153294095
147,gwp_total_project_kgco2e,demolition_gwp_factor,0.022151652398236663,0.022151652398236663
147,gwp_total_project_kgco2e,crushing_gwp_factor,0.025304977768169992,0.025304977768169992
147,demand_capacity_ratio_k,subgrade_k_pci,-1.0,1.0
148,total_present_worth,concrete_unit_cost,0.8371395164709198,0.8371395164709198
148,total_present_worth,stone_57_unit_cost,0.14344541104115419,0.14344541104115419
148,total_present_worth,rebar_unit_cost,0.4581713253711405,0.4581713253711405
148,total_present_worth,fiber_unit_cost,0.0020110903671724367,0.0020110903671724367
148,total_present_worth,demolition_cost,0.04880209492630484,0.04880209492630484
148,total_present_worth,crushing_cost,0.041271181118684476,0.041271181118684476
148,total_present_worth,recycled_aggregate_credit,-0.03038191271314477,0.03038191271314477
148,total_present_worth,discount_rate,-0.20529921545098762,0.20529921545098762
148,gwp_total_project_kgco2e,concrete_gwp_factor,0.9939293730795239,0.9939293730795239
148,gwp_total_project_kgco2e,stone_57_gwp_factor,0.011152540787949018,0.011152540787949018
148,gwp_total_project_kgco2e,rebar_gwp_factor,0.10266276882314512,0.10266276882314512
148,gwp_total_project_kgco2e,trucking_gwp_factor,0.035001464750096585,0.035001464750096585
148,gwp_total_project_kgco2e,demolition_gwp_factor,0.022203396001873363,0.022203396001873363
148,gwp_total_project_kgco2e,crushing_gwp_factor,0.025541303450440523,0.025541303450440523
148,demand_capacity_ratio_k,subgrade_k_pci,-1.0,1.0
149,total_present_worth,concrete_unit_cost,0.8724113913889966,0.8724113913889966
149,total_present_worth,stone_57_unit_cost,0.14892788021400316,0.14892788021400316
149,total_present_worth,rebar_unit_cost,0.3817689071814436,0.3817689071814436
149,total_present_worth,fiber_unit_cost,0.001649506974419803,0.001649506974419803
149,total_present_worth,demolition_cost,0.050811537863972626,0.050811537863972626
149,total_present_worth,crushing_cost,0.04234636799889055,0.04234636799889055
149,total_present_worth,recycled_aggregate_credit,-0.03266076781056831,0.03266076781056831
149,total_present_worth,discount_rate,-0.21357614367967998,0.21357614367967998
149,gwp_total_project_kgco2e,concrete_gwp_factor,0.9957701590435241,0.9957701590435241
149,gwp_total_project_kgco2e,stone_57_gwp_factor,0.011141996499400798,0.011141996499400798
149,gwp_total_project_kgco2e,rebar_gwp_factor,0.08397416628766968,0.08397416628766968
149,gwp_total_project_kgco2e,trucking_gwp_factor,0.03405784983714314,0.03405784983714314
149,gwp_total_project_kgco2e,demolition_gwp_factor,0.022217129339286858,0.022217129339286858
149,gwp_total_project_kgco2e,crushing_gwp_factor,0.02567502165599801,0.02567502165599801
149,demand_capacity_ratio_k,subgrade_k_pci,-1.0,1.0
150,total_present_worth,concrete_unit_cost,0.8930637472545695,0.8930637472545695
150,total_present_worth,stone_57_unit_cost,0.15235209907956485,0.15235209907956485
150,total_present_worth,rebar_unit_cost,0.32682857928333947,0.32682857928333947
150,total_present_worth,fiber_unit_cost,0.0013990702079836282,0.0013990702079836282
150,total_present_worth,demolition_cost,0.05207840591030336,0.05207840591030336
150,total_present_worth,crushing_cost,0.04293373736206949,0.04293373736206949
150,total_present_worth,recycled_aggregate_credit,-0.03414367515756147,0.03414367515756147
150,total_present_worth,discount_rate,-0.21871459679870275,0.21871459679870275
150,gwp_total_project_kgco2e,concrete_gwp_factor,0.9967794418186798,0.9967794418186798
150,gwp_total_project_kgco2e,stone_57_gwp_factor,0.01113530006394212,0.01113530006394212
150,gwp_total_project_kgco2e,rebar_gwp_factor,0.07148416622369767,0.07148416622369767
150,gwp_total_project_kgco2e,trucking_gwp_factor,0.0334259980242504,0.0334259980242504
150,gwp_total_project_kgco2e,demolition_gwp_factor,0.022222834467033135,0.022222834467033135
150,gwp_total_project_kgco2e,crushing_gwp_factor,0.025752302822044923,0.025752302822044923
150,demand_capacity_ratio_k,subgrade_k_pci,-1.0,1.0
151,total_present_worth,concrete_unit_cost,0.9108695694480279,0.9108695694480279
151,total_present_worth,stone_57_unit_cost,0.1554979461521192,0.1554979461521192
151,total_present_worth,rebar_unit_cost,0.268844945650866,0.268844945650866
151,total_present_worth,fiber_unit_cost,0.0011165383044146155,0.0011165383044146155
151,total_present_worth,demolition_cost,0.053226839482730735,0.053226839482730735
151,total_present_worth,crushing_cost,0.04336860406105945,0.04336860406105945
151,total_present_worth,recycled_aggregate_credit,-0.0355809876617524,0.0355809876617524
151,total_present_worth,discount_rate,-0.22343593433897865,0.22343593433897865
151,gwp_total_project_kgco2e,concrete_gwp_factor,0.9976146120402938,0.9976146120402938
151,gwp_total_project_kgco2e,stone_57_gwp_factor,0.011128803178499522,0.011128803178499522
151,gwp_total_project_kgco2e,rebar_gwp_factor,0.05894716167385087,0.05894716167385087
151,gwp_total_project_kgco2e,trucking_gwp_factor,0.03278135837986455,0.03278135837986455
151,gwp_total_project_kgco2e,demolition_gwp_factor,0.02222562120898625,0.02222562120898625
151,gwp_total_project_kgco2e,crushing_gwp_factor,0.025839210890751686,0.025839210890751686
151,demand_capacity_ratio_k,subgrade_k_pci,-1.0,1.0
152,total_present_worth,concrete_unit_cost,0.9202134094537174,0.9202134094537174
152,total_present_worth,stone_57_unit_cost,0.15725990842754395,0.15725990842754395
152,total_present_worth,rebar_unit_cost,0.23180476770852992,0.23180476770852992
152,total_present_worth,fiber_unit_cost,0.0009351633224540654,0.0009351633224540654
152,total_present_worth,demolition_cost,0.053843917078113576,0.053843917078113576
152,total_present_worth,crushing_cost,0.043561719048816686,0.043561719048816686
152,total_present_worth,recycled_aggregate_credit,-0.0364329833138692,0.0364329833138692
152,total_present_worth,discount_rate,-0.2260254740648511,0.2260254740648511
152,gwp_total_project_kgco2e,concrete_gwp_factor,0.9980408553589926,0.9980408553589926
152,gwp_total_project_kgco2e,stone_57_gwp_factor,0.011128781892419514,0.011128781892419514
152,gwp_total_project_kgco2e,rebar_gwp_factor,0.05122662862506666,0.05122662862506666
152,gwp_total_project_kgco2e,trucking_gwp_factor,0.03238228539484092,0.03238228539484092
152,gwp_total_project_kgco2e,demolition_gwp_factor,0.022223909584185565,0.022223909584185565
152,gwp_total_project_kgco2e,crushing_gwp_factor,0.025885952645362385,0.025885952645362385
152,demand_capacity_ratio_k,subgrade_k_pci,-1.0,1.0
153,total_present_worth,concrete_unit_cost,0.9313148522330381,0.9313148522330381
153,total_present_worth,stone_57_unit_cost,0.15946214839328887,0.15946214839328887
153,total_present_worth,rebar_unit_cost,0.17666525348381812,0.17666525348381812
153,total_present_worth,fiber_unit_cost,0.0006757341858062937,0.0006757341858062937
153,total_present_worth,demolition_cost,0.05465484298355794,0.05465484298355794
153,total_present_worth,crushing_cost,0.043740043917432025,0.043740043917432025
153,total_present_worth,recycled_aggregate_credit,-0.037621234234728504,0.037621234234728504
153,total_present_worth,discount_rate,-0.2292537415666861,0.2292537415666861
153,gwp_total_project_kgco2e,concrete_gwp_factor,0.9985379374140072,0.9985379374140072
153,gwp_total_project_kgco2e,stone_57_gwp_factor,0.011119480910335794,0.011119480910335794
153,gwp_total_project_kgco2e,rebar_gwp_factor,0.04008504610694602,0.04008504610694602
153,gwp_total_project_kgco2e,trucking_gwp_factor,0.03180507040459404,0.03180507040459404
153,gwp_total_project_kgco2e,demolition_gwp_factor,0.022217180629398876,0.022217180629398876
153,gwp_total_project_kgco2e,crushing_gwp_factor,0.025944310977321725,0.025944310977321725
153,demand_capacity_ratio_k,subgrade_k_pci,-1.0,1.0
154,total_present_worth,concrete_unit_cost,0.6508464891039226,0.6508464891039226
154,total_present_worth,stone_57_unit_cost,0.11609414611475767,0.11609414611475767
154,total_present_worth,rebar_unit_cost,0.7148422966404009,0.7148422966404009
154,total_present_worth,fiber_unit_cost,0.0033824137697369664,0.0033824137697369664
154,total_present_worth,demolition_cost,0.03891996472580799,0.03891996472580799
154,total_present_worth,crushing_cost,0.034777113276086846,0.034777113276086846
154,total_present_worth,recycled_aggregate_credit,-0.020039029969103613,0.020039029969103613
154,total_present_worth,discount_rate,-0.16412477826671854,0.16412477826671854
154,gwp_total_project_kgco2e,concrete_gwp_factor,0.9806272207213389,0.9806272207213389
154,gwp_total_project_kgco2e,stone_57_gwp_factor,0.011149751338315902,0.011149751338315902
154,gwp_total_project_kgco2e,rebar_gwp_factor,0.18700522244469006,0.18700522244469006
154,gwp_total_project_kgco2e,trucking_gwp_factor,0.039047796676003124,0.039047796676003124
154,gwp_total_project_kgco2e,demolition_gwp_factor,0.02197878576773551,0.02197878576773551
154,gwp_total_project_kgco2e,crushing_gwp_factor,0.024811777506084716,0.024811777506084716
154,demand_capacity_ratio_k,subgrade_k_pci,-1.0,1.0
155,total_present_worth,concrete_unit_cost,0.7483779382679272,0.7483779382679272
155,total_present_worth,stone_57_unit_cost,0.13050154096346464,0.13050154096346464
155,total_present_worth,rebar_unit_cost,0.6006136179572694,0.6006136179572694
155,total_present_worth,fiber_unit_cost,0.0027438264380575308,0.0027438264380575308
155,total_present_worth,demolition_cost,0.04409316138957327,0.04409316138957327
155,total_present_worth,crushing_cost,0.038321727680704694,0.038321727680704694
155,total_present_worth,recycled_aggregate_credit,-0.025301782831336717,0.025301782831336717
155,total_present_worth,discount_rate,-0.18573463250604744,0.18573463250604744
155,gwp_total_project_kgco2e,concrete_gwp_factor,0.9885118688227968,0.9885118688227968
155,gwp_total_project_kgco2e,stone_57_gwp_factor,0.011152439159948976,0.011152439159948976
155,gwp_total_project_kgco2e,rebar_gwp_factor,0.1435481789200433,0.1435481789200433
155,gwp_total_project_kgco2e,trucking_gwp_factor,0.03700073155624029,0.03700073155624029
155,gwp_total_project_kgco2e,demolition_gwp_factor,0.02212037554216015,0.02212037554216015
155,gwp_total_project_kgco2e,crushing_gwp_factor,0.025214167124453665,0.025214167124453665
155,demand_capacity_ratio_k,subgrade_k_pci,-1.0,1.0
156,total_present_worth,concrete_unit_cost,0.8072641328239296,0.8072641328239296
156,total_present_worth,stone_57_unit_cost,0.1390059738524344,0.1390059738524344
156,total_present_worth,rebar_unit_cost,0.5121437789223295,0.5121437789223295
156,total_present_worth,fiber_unit_cost,0.002263494800873398,0.002263494800873398
156,total_present_worth,demolition_cost,0.047182875711417153,0.047182875711417153
156,total_present_worth,crushing_cost,0.04030630907231453,0.04030630907231453
156,total_present_worth,recycled_aggregate_credit,-0.028581230711144493,0.028581230711144493
156,total_present_worth,discount_rate,-0.19858394345469874,0.19858394345469874
156,gwp_total_project_kgco2e,concrete_gwp_factor,0.9922442680327057,0.9922442680327057
156,gwp_total_project_kgco2e,stone_57_gwp_factor,0.011147712960715086,0.011147712960715086
156,gwp_total_project_kgco2e,rebar_gwp_factor,0.11703291076566116,0.11703291076566116
156,gwp_total_project_kgco2e,trucking_gwp_factor,0.03570859551482744,0.03570859551482744
156,gwp_total_project_kgco2e,demolition_gwp_factor,0.022187304317802924,0.022187304317802924
156,gwp_total_project_kgco2e,crushing_gwp_factor,0.025437033390334814,0.025437033390334814
156,demand_capacity_ratio_k,subgrade_k_pci,-1.0,1.0
157,total_present_worth,concrete_unit_cost,0.8439725191188051,0.8439725191188051
157,total_present_worth,stone_57_unit_cost,0.14448094415270438,0.14448094415270438
157,total_present_worth,rebar_unit_cost,0.4446360530745264,0.4446360530745264
157,total_present_worth,fiber_unit_cost,0.0019362861508865146,0.0019362861508865146
157,total_present_worth,demolition_cost,0.04918854053903542,0.04918854053903542
157,total_present_worth,crushing_cost,0.04148694064126678,0.04148694064126678
157,total_present_worth,recycled_aggregate_credit,-0.030805450253602183,0.030805450253602183
157,total_present_worth,discount_rate,-0.20686059187449451,0.20686059187449451
157,gwp_total_project_kgco2e,concrete_gwp_factor,0.9942980957425833,0.9942980957425833
157,gwp_total_project_kgco2e,stone_57_gwp_factor,0.011153697128781481,0.011153697128781481
157,gwp_total_project_kgco2e,rebar_gwp_factor,0.0992227222998171,0.0992227222998171
157,gwp_total_project_kgco2e,trucking_gwp_factor,0.03482871346465149,0.03482871346465149
157,gwp_total_project_kgco2e,demolition_gwp_factor,0.0222064897932986,0.0222064897932986
157,gwp_total_project_kgco2e,crushing_gwp_factor,0.025565322074258132,0.025565322074258132
157,demand_capacity_ratio_k,subgrade_k_pci,-1.0,1.0
158,total_present_worth,concrete_unit_cost,0.8770248145571781,0.8770248145571781
158,total_present_worth,stone_57_unit_cost,0.14967041490236418,0.14967041490236418
158,total_present_worth,rebar_unit_cost,0.3703331344899893,0.3703331344899893
158,total_present_worth,fiber_unit_cost,0.0016069632605467854,0.0016069632605467854
158,total_present_worth,demolition_cost,0.05108960798417985,0.05108960798417985
158,total_present_worth,crushing_cost,0.04248283693852914,0.04248283693852914
158,total_present_worth,recycled_aggregate_credit,-0.03298078566311232,0.03298078566311232
158,total_present_worth,discount_rate,-0.21469841973762763,0.21469841973762763
158,gwp_total_project_kgco2e,concrete_gwp_factor,0.995999826327264,0.995999826327264
158,gwp_total_project_kgco2e,stone_57_gwp_factor,0.011142250394344902,0.011142250394344902
158,gwp_total_project_kgco2e,rebar_gwp_factor,0.0813164836224786,0.0813164836224786
158,gwp_total_project_kgco2e,trucking_gwp_factor,0.03392242430412897,0.03392242430412897
158,gwp_total_project_kgco2e,demolition_gwp_factor,0.022217238557718896,0.022217238557718896
158,gwp_total_project_kgco2e,crushing_gwp_factor,0.02569203832013282,0.02569203832013282
158,demand_capacity_ratio_k,subgrade_k_pci,-1.0,1.0
159,total_present_worth,concrete_unit_cost,0.8948868326263387,0.8948868326263387
159,total_present_worth,stone_57_unit_cost,0.15266337797530538,0.15266337797530538
159,total_present_worth,rebar_unit_cost,0.3214421652959369,0.3214421652959369
159,total_present_worth,fiber_unit_cost,0.001370587789220235,0.001370587789220235
159,total_present_worth,demolition_cost,0.05218937806477976,0.05218937806477976
159,total_present_worth,crushing_cost,0.04298091780864838,0.04298091780864838
159,total_present_worth,recycled_aggregate_credit,-0.0342794976427038,0.0342794976427038
159,total_present_worth,discount_rate,-0.21918827611809186,0.21918827611809186
159,gwp_total_project_kgco2e,concrete_gwp_factor,0.9968663063346825,0.9968663063346825
159,gwp_total_project_kgco2e,stone_57_gwp_factor,0.011135686196774276,0.011135686196774276
159,gwp_total_project_kgco2e,rebar_gwp_factor,0.07029403243304562,0.07029403243304562
159,gwp_total_project_kgco2e,trucking_gwp_factor,0.033365597634626244,0.033365597634626244
159,gwp_total_project_kgco2e,demolition_gwp_factor,0.022224730595193892,0.022224730595193892
159,gwp_total_project_kgco2e,crushing_gwp_factor,0.025759084660927637,0.025759084660927637
159,demand_capacity_ratio_k,subgrade_k_pci,-1.0,1.0
160,total_present_worth,concrete_unit_cost,0.9166116737674768,0.9166116737674768
160,total_present_worth,stone_57_unit_cost,0.15657411379174965,0.15657411379174965
160,total_present_worth,rebar_unit_cost,0.2468179768662152,0.2468179768662152
160,total_present_worth,fiber_unit_cost,0.0010064266998905708,0.0010064266998905708
160,total_present_worth,demolition_cost,0.05360708552019484,0.05360708552019484
160,total_present_worth,crushing_cost,0.04349464894898186,0.04349464894898186
160,total_present_worth,recycled_aggregate_credit,-0.03608783717600314,0.03608783717600314
160,total_present_worth,discount_rate,-0.22501590007076314,0.22501590007076314
160,gwp_total_project_kgco2e,concrete_gwp_factor,0.9978776741443992,0.9978776741443992
160,gwp_total_project_kgco2e,stone_57_gwp_factor,0.011129936483363977,0.011129936483363977
160,gwp_total_project_kgco2e,rebar_gwp_factor,0.054325862968834356,0.054325862968834356
160,gwp_total_project_kgco2e,trucking_gwp_factor,0.03254287092476115,0.03254287092476115
160,gwp_total_project_kgco2e,demolition_gwp_factor,0.02222594658073038,0.02222594658073038
160,gwp_total_project_kgco2e,crushing_gwp_factor,0.025869279865323717,0.025869279865323717
160,demand_capacity_ratio_k,subgrade_k_pci,-1.0,1.0
161,total_present_worth,concrete_unit_cost,0.6598144866701979,0.6598144866701979
161,total_present_worth,stone_57_unit_cost,0.31623039551314813,0.31623039551314813
161,total_present_worth,rebar_unit_cost,0.6378341074942697,0.6378341074942697
161,total_present_worth,fiber_unit_cost,0.0036685043794834025,0.0036685043794834025
161,total_present_worth,demolition_cost,0.03882640690951457,0.03882640690951457
161,total_present_worth,crushing_cost,0.035502497035001,0.035502497035001
161,total_present_worth,recycled_aggregate_credit,-0.022660947699688377,0.022660947699688377
161,total_present_worth,discount_rate,-0.16588401246744125,0.16588401246744125
161,gwp_total_project_kgco2e,concrete_gwp_factor,0.9834917879637968,0.9834917879637968
161,gwp_total_project_kgco2e,stone_57_gwp_factor,0.03066946700599579,0.03066946700599579
161,gwp_total_project_kgco2e,rebar_gwp_factor,0.16734815502847525,0.16734815502847525
161,gwp_total_project_kgco2e,trucking_gwp_factor,0.049057109556806845,0.049057109556806845
161,gwp_total_project_kgco2e,demolition_gwp_factor,0.022122523808657014,0.022122523808657014
161,gwp_total_project_kgco2e,crushing_gwp_factor,0.024863933327385575,0.024863933327385575
161,demand_capacity_ratio_k,subgrade_k_pci,-1.0,1.0
162,total_present_worth,concrete_unit_cost,0.7345715142390445,0.7345715142390445
162,total_present_worth,stone_57_unit_cost,0.3482257562449863,0.3482257562449863
162,total_present_worth,rebar_unit_cost,0.522777345087479,0.522777345087479
162,total_present_worth,fiber_unit_cost,0.0031133341103013338,0.0031133341103013338
162,total_present_worth,demolition_cost,0.04275746878043099,0.04275746878043099
162,total_present_worth,crushing_cost,0.03818752875063502,0.03818752875063502
162,total_present_worth,recycled_aggregate_credit,-0.027113387928669356,0.027113387928669356
162,total_present_worth,discount_rate,-0.18254423038590487,0.18254423038590487
162,gwp_total_project_kgco2e,concrete_gwp_factor,0.9897741044059258,0.9897741044059258
162,gwp_total_project_kgco2e,stone_57_gwp_factor,0.030805968980482393,0.030805968980482393
162,gwp_total_project_kgco2e,rebar_gwp_factor,0.12847865611193549,0.12847865611193549
162,gwp_total_project_kgco2e,trucking_gwp_factor,0.04727675332483071,0.04727675332483071
162,gwp_total_project_kgco2e,demolition_gwp_factor,0.022239643846239863,0.022239643846239863
162,gwp_total_project_kgco2e,crushing_gwp_factor,0.025213274799653317,0.025213274799653317
162,demand_capacity_ratio_k,subgrade_k_pci,-1.0,1.0
163,total_present_worth,concrete_unit_cost,0.5091890372824917,0.5091890372824917
163,total_present_worth,stone_57_unit_cost,0.24830546776767418,0.24830546776767418
163,total_present_worth,rebar_unit_cost,0.80150445284329,0.80150445284329
163,total_present_worth,fiber_unit_cost,0.004595648254766259,0.004595648254766259
163,total_present_worth,demolition_cost,0.0305439967327936,0.0305439967327936
163,total_present_worth,crushing_cost,0.029385006402474004,0.029385006402474004
163,total_present_worth,recycled_aggregate_credit,-0.014024312656937727,0.014024312656937727
163,total_present_worth,discount_rate,-0.1301854294566367,0.1301854294566367
163,gwp_total_project_kgco2e,concrete_gwp_factor,0.9631656822119223,0.9631656822119223
163,gwp_total_project_kgco2e,stone_57_gwp_factor,0.030241185129216478,0.030241185129216478
163,gwp_total_project_kgco2e,rebar_gwp_factor,0.25360809497488324,0.25360809497488324
163,gwp_total_project_kgco2e,trucking_gwp_factor,0.052779014813751614,0.052779014813751614
163,gwp_total_project_kgco2e,demolition_gwp_factor,0.021772384926596958,0.021772384926596958
163,gwp_total_project_kgco2e,crushing_gwp_factor,0.02395417542766167,0.02395417542766167
163,demand_capacity_ratio_k,subgrade_k_pci,-1.0,1.0
164,total_present_worth,concrete_unit_cost,0.6071277313534751,0.6071277313534751
164,total_present_worth,stone_57_unit_cost,0.29305703075731887,0.29305703075731887
164,total_present_worth,rebar_unit_cost,0.7032416410420006,0.7032416410420006
164,total_present_worth,fiber_unit_cost,0.003998740519167496,0.003998740519167496
164,total_present_worth,demolition_cost,0.03599401914124561,0.03599401914124561
164,total_present_worth,crushing_cost,0.03343855409494343,0.03343855409494343
164,total_present_worth,recycled_aggregate_credit,-0.019594117690045647,0.019594117690045647
164,total_present_worth,discount_rate,-0.15376942736208252,0.15376942736208252
164,gwp_total_project_kgco2e,concrete_gwp_factor,0.9779060933747146,0.9779060933747146
164,gwp_total_project_kgco2e,stone_57_gwp_factor,0.03054742824693897,0.03054742824693897
164,gwp_total_project_kgco2e,rebar_gwp_factor,0.19518173750104872,0.19518173750104872
164,gwp_total_project_kgco2e,trucking_gwp_factor,0.05030562511397826,0.05030562511397826
164,gwp_total_project_kgco2e,demolition_gwp_factor,0.02203189571364476,0.02203189571364476
164,gwp_total_project_kgco2e,crushing_gwp_factor,0.0245937410291975,0.0245937410291975
164,demand_capacity_ratio_k,subgrade_k_pci,-1.0,1.0
165,total_present_worth,concrete_unit_cost,0.6757717139762607,0.6757717139762607
165,total_present_worth,stone_57_unit_cost,0.32311904995731167,0.32311904995731167
165,total_present_worth,rebar_unit_cost,0.6158153799020062,0.6158153799020062
165,total_present_worth,fiber_unit_cost,0.003570498239892199,0.003570498239892199
165,total_present_worth,demolition_cost,0.039665861253626346,0.039665861253626346
165,total_present_worth,crushing_cost,0.036106705109706684,0.036106705109706684
165,total_present_worth,recycled_aggregate_credit,-0.02360461521209785,0.02360461521209785
165,total_present_worth,discount_rate,-0.1694782686649118,0.1694782686649118
165,gwp_total_project_kgco2e,concrete_gwp_factor,0.9849680284914273,0.9849680284914273
165,gwp_total_project_kgco2e,stone_57_gwp_factor,0.03069886054616755,0.03069886054616755
165,gwp_total_project_kgco2e,rebar_gwp_factor,0.15912183459446474,0.15912183459446474
165,gwp_total_project_kgco2e,trucking_gwp_factor,0.04868563555621026,0.04868563555621026
165,gwp_total_project_kgco2e,demolition_gwp_factor,0.022153736235197497,0.022153736235197497
165,gwp_total_project_kgco2e,crushing_gwp_factor,0.02494259560751304,0.02494259560751304
165,demand_capacity_ratio_k,subgrade_k_pci,-1.0,1.0
166,total_present_worth,concrete_unit_cost,0.7228217665460888,0.7228217665460888
166,total_present_worth,stone_57_unit_cost,0.3432360810440785,0.3432360810440785
166,total_present_worth,rebar_unit_cost,0.5431331175093173,0.5431331175093173
166,total_present_worth,fiber_unit_cost,0.0032137426978934972,0.0032137426978934972
166,total_present_worth,demolition_cost,0.042146916597178764,0.042146916597178764
166,total_present_worth,crushing_cost,0.037790143897964056,0.037790143897964056
166,total_present_worth,recycled_aggregate_credit,-0.026388581852635432,0.026388581852635432
166,total_present_worth,discount_rate,-0.17995015247919127,0.17995015247919127
166,gwp_total_project_kgco2e,concrete_gwp_factor,0.9888837618014734,0.9888837618014734
166,gwp_total_project_kgco2e,stone_57_gwp_factor,0.03078794011625118,0.03078794011625118
166,gwp_total_project_kgco2e,rebar_gwp_factor,0.13471482172630195,0.13471482172630195
166,gwp_total_project_kgco2e,trucking_gwp_factor,0.04757077322738031,0.04757077322738031
166,gwp_total_project_kgco2e,demolition_gwp_factor,0.02222027683253611,0.02222027683253611
166,gwp_total_project_kgco2e,crushing_gwp_factor,0.02516105148977642,0.02516105148977642
166,demand_capacity_ratio_k,subgrade_k_pci,-1.0,1.0
167,total_present_worth,concrete_unit_cost,0.3896267143917547,0.3896267143917547
167,total_present_worth,stone_57_unit_cost,0.191634997782862,0.191634997782862
167,total_present_worth,rebar_unit_cost,0.889790044348652,0.889790044348652
167,total_present_worth,fiber_unit_cost,0.00517454882702982,0.00517454882702982
167,total_present_worth,demolition_cost,0.023613613425445445,0.023613613425445445
167,total_present_worth,crushing_cost,0.02409087264512435,0.02409087264512435
167,total_present_worth,recycled_aggregate_credit,-0.0074401894790400765,0.0074401894790400765
167,total_present_worth,discount_rate,-0.0999661433998636,0.0999661433998636
167,gwp_total_project_kgco2e,concrete_gwp_factor,0.9294254606419783,0.9294254606419783
167,gwp_total_project_kgco2e,stone_57_gwp_factor,0.029550359579148148,0.029550359579148148
167,gwp_total_project_kgco2e,rebar_gwp_factor,0.35036799530110724,0.35036799530110724
167,gwp_total_project_kgco2e,trucking_gwp_factor,0.05643927068430372,0.05643927068430372
167,gwp_total_project_kgco2e,demolition_gwp_factor,0.02114864466529146,0.02114864466529146
167,gwp_total_project_kgco2e,crushing_gwp_factor,0.022712132629884856,0.022712132629884856
167,demand_capacity_ratio_k,subgrade_k_pci,-1.0,1.0
168,total_present_worth,concrete_unit_cost,0.4824764457102066,0.4824764457102066
168,total_present_worth,stone_57_unit_cost,0.23580939400373177,0.23580939400373177
168,total_present_worth,rebar_unit_cost,0.8239697106607878,0.8239697106607878
168,total_present_worth,fiber_unit_cost,0.004754289529421717,0.004754289529421717
168,total_present_worth,demolition_cost,0.02902420684165769,0.02902420684165769
168,total_present_worth,crushing_cost,0.02822864303266746,0.02822864303266746
168,total_present_worth,recycled_aggregate_credit,-0.012526727870418692,0.012526727870418692
168,total_present_worth,discount_rate,-0.12354722432490355,0.12354722432490355
168,gwp_total_project_kgco2e,concrete_gwp_factor,0.9576281358710512,0.9576281358710512
168,gwp_total_project_kgco2e,stone_57_gwp_factor,0.030122996593201203,0.030122996593201203
168,gwp_total_project_kgco2e,rebar_gwp_factor,0.2721169349485268,0.2721169349485268
168,gwp_total_project_kgco2e,trucking_gwp_factor,0.05351851771391941,0.05351851771391941
168,gwp_total_project_kgco2e,demolition_gwp_factor,0.02167697599740679,0.02167697599740679
168,gwp_total_project_kgco2e,crushing_gwp_factor,0.02373794806607118,0.02373794806607118
168,demand_capacity_ratio_k,subgrade_k_pci,-1.0,1.0
169,total_present_worth,concrete_unit_cost,0.5586972519132389,0.5586972519132389
169,total_present_worth,stone_57_unit_cost,0.2711831818778813,0.2711831818778813
169,total_present_worth,rebar_unit_cost,0.7551662669531066,0.7551662669531066
169,total_present_worth,fiber_unit_cost,0.004290490492692196,0.004290490492692196
169,total_present_worth,demolition_cost,0.03333109767291644,0.03333109767291644
169,total_present_worth,crushing_cost,0.031464186291465676,0.031464186291465676
169,total_present_worth,recycled_aggregate_credit,-0.016826859543082745,0.016826859543082745
169,total_present_worth,discount_rate,-0.1422702763872953,0.1422702763872953
169,gwp_total_project_kgco2e,concrete_gwp_factor,0.9715111677405086,0.9715111677405086
169,gwp_total_project_kgco2e,stone_57_gwp_factor,0.03040615317741046,0.03040615317741046
169,gwp_total_project_kgco2e,rebar_gwp_factor,0.22257116522739648,0.22257116522739648
169,gwp_total_project_kgco2e,trucking_gwp_factor,0.05148131295883253,0.05148131295883253
169,gwp_total_project_kgco2e,demolition_gwp_factor,0.02190989440898796,0.02190989440898796
169,gwp_total_project_kgco2e,crushing_gwp_factor,0.02429569488453428,0.02429569488453428
169,demand_capacity_ratio_k,subgrade_k_pci,-1.0,1.0
170,total_present_worth,concrete_unit_cost,0.6193669692102429,0.6193669692102429
170,total_present_worth,stone_57_unit_cost,0.29849621336819854,0.29849621336819854
170,total_present_worth,rebar_unit_cost,0.6889513598667487,0.6889513598667487
170,total_present_worth,fiber_unit_cost,0.0039328044902771225,0.0039328044902771225
170,total_present_worth,demolition_cost,0.036658607046311444,0.036658607046311444
170,total_present_worth,crushing_cost,0.033920907955328365,0.033920907955328365
170,total_present_worth,recycled_aggregate_credit,-0.020299799311639923,0.020299799311639923
170,total_present_worth,discount_rate,-0.15662384847476216,0.15662384847476216
170,gwp_total_project_kgco2e,concrete_gwp_factor,0.9793136953746696,0.9793136953746696
170,gwp_total_project_kgco2e,stone_57_gwp_factor,0.030575270130470112,0.030575270130470112
170,gwp_total_project_kgco2e,rebar_gwp_factor,0.18858033597722415,0.18858033597722415
170,gwp_total_project_kgco2e,trucking_gwp_factor,0.05001332386256533,0.05001332386256533
170,gwp_total_project_kgco2e,demolition_gwp_factor,0.022057049248886823,0.022057049248886823
170,gwp_total_project_kgco2e,crushing_gwp_factor,0.024658332767111338,0.024658332767111338
170,demand_capacity_ratio_k,subgrade_k_pci,-1.0,1.0
171,total_present_worth,concrete_unit_cost,0.6858080734102594,0.6858080734102594
171,total_present_worth,stone_57_unit_cost,0.3274384104021434,0.3274384104021434
171,total_present_worth,rebar_unit_cost,0.6013401056031921,0.6013401056031921
171,total_present_worth,fiber_unit_cost,0.003497632480375053,0.003497632480375053
171,total_present_worth,demolition_cost,0.04019126245588451,0.04019126245588451
171,total_present_worth,crushing_cost,0.03648379529654552,0.03648379529654552
171,total_present_worth,recycled_aggregate_credit,-0.02418679093293872,0.02418679093293872
171,total_present_worth,discount_rate,-0.17172955538357276,0.17172955538357276
171,gwp_total_project_kgco2e,concrete_gwp_factor,0.9858568391708868,0.9858568391708868
171,gwp_total_project_kgco2e,stone_57_gwp_factor,0.030718233455135295,0.030718233455135295
171,gwp_total_project_kgco2e,rebar_gwp_factor,0.15394265412724106,0.15394265412724106
171,gwp_total_project_kgco2e,trucking_gwp_factor,0.048450075953460035,0.048450075953460035
171,gwp_total_project_kgco2e,demolition_gwp_factor,0.022169462550275788,0.022169462550275788
171,gwp_total_project_kgco2e,crushing_gwp_factor,0.024992090832108838,0.024992090832108838
171,demand_capacity_ratio_k,subgrade_k_pci,-1.0,1.0
172,total_present_worth,concrete_unit_cost,0.7272387850282716,0.7272387850282716
172,total_present_worth,stone_57_unit_cost,0.34511271587327713,0.34511271587327713
172,total_present_worth,rebar_unit_cost,0.5356028877006412,0.5356028877006412
172,total_present_worth,fiber_unit_cost,0.00317962454095185,0.00317962454095185
172,total_present_worth,demolition_cost,0.042373392224981356,0.042373392224981356
172,total_present_worth,crushing_cost,0.037939671946087876,0.037939671946087876
172,total_present_worth,recycled_aggregate_credit,-0.02665860307488744,0.02665860307488744
172,total_present_worth,discount_rate,-0.1809242149187115,0.1809242149187115
172,gwp_total_project_kgco2e,concrete_gwp_factor,0.989222161027753,0.989222161027753
172,gwp_total_project_kgco2e,stone_57_gwp_factor,0.030793716609245493,0.030793716609245493
172,gwp_total_project_kgco2e,rebar_gwp_factor,0.1323819532345528,0.1323819532345528
172,gwp_total_project_kgco2e,trucking_gwp_factor,0.04746113875188046,0.04746113875188046
172,gwp_total_project_kgco2e,demolition_gwp_factor,0.022228757151131505,0.022228757151131505
172,gwp_total_project_kgco2e,crushing_gwp_factor,0.025180282580536114,0.025180282580536114
172,demand_capacity_ratio_k,subgrade_k_pci,-1.0,1.0
173,total_present_worth,concrete_unit_cost,0.8565719994289009,0.8565719994289009
173,total_present_worth,stone_57_unit_cost,0.297877370897775,0.297877370897775
173,total_present_worth,rebar_unit_cost,0.3232941052324857,0.3232941052324857
173,total_present_worth,fiber_unit_cost,0.0017692501151397005,0.0017692501151397005
173,total_present_worth,demolition_cost,0.04950902540498762,0.04950902540498762
173,total_present_worth,crushing_cost,0.04183522152444609,0.04183522152444609
173,total_present_worth,recycled_aggregate_credit,-0.03370339507962536,0.03370339507962536
173,total_present_worth,discount_rate,-0.20985315277631728,0.20985315277631728
173,gwp_total_project_kgco2e,concrete_gwp_factor,0.9961479953198994,0.9961479953198994
173,gwp_total_project_kgco2e,stone_57_gwp_factor,0.023006736963826695,0.023006736963826695
173,gwp_total_project_kgco2e,rebar_gwp_factor,0.07338227471239292,0.07338227471239292
173,gwp_total_project_kgco2e,trucking_gwp_factor,0.040177204556678885,0.040177204556678885
173,gwp_total_project_kgco2e,demolition_gwp_factor,0.02227479868855792,0.02227479868855792
173,gwp_total_project_kgco2e,crushing_gwp_factor,0.025661712507448687,0.025661712507448687
173,demand_capacity_ratio_k,subgrade_k_pci,-1.0,1.0
174,total_present_worth,concrete_unit_cost,0.8774837367805616,0.8774837367805616
174,total_present_worth,stone_57_unit_cost,0.30503511387369403,0.30503511387369403
174,total_present_worth,rebar_unit_cost,0.24980073098484834,0.24980073098484834
174,total_present_worth,fiber_unit_cost,0.0013371461203748585,0.0013371461203748585
174,total_present_worth,demolition_cost,0.05069743526517498,0.05069743526517498
174,total_present_worth,crushing_cost,0.04227406362538963,0.04227406362538963
174,total_present_worth,recycled_aggregate_credit,-0.0354064851882746,0.0354064851882746
174,total_present_worth,discount_rate,-0.21483116499122384,0.21483116499122384
174,gwp_total_project_kgco2e,concrete_gwp_factor,0.9972383013534873,0.9972383013534873
174,gwp_total_project_kgco2e,stone_57_gwp_factor,0.023014783222741916,0.023014783222741916
174,gwp_total_project_kgco2e,rebar_gwp_factor,0.0571084990588754,0.0571084990588754
174,gwp_total_project_kgco2e,trucking_gwp_factor,0.039349143850555664,0.039349143850555664
174,gwp_total_project_kgco2e,demolition_gwp_factor,0.022274134471181657,0.022274134471181657
174,gwp_total_project_kgco2e,crushing_gwp_factor,0.02576499909757,0.02576499909757
174,demand_capacity_ratio_k,subgrade_k_pci,-1.0,1.0
175,total_present_worth,concrete_unit_cost,0.7586696499264121,0.7586696499264121
175,total_present_worth,stone_57_unit_cost,0.26676485112081794,0.26676485112081794
175,total_present_worth,rebar_unit_cost,0.5361611816345285,0.5361611816345285
175,total_present_worth,fiber_unit_cost,0.0028752146817580863,0.0028752146817580863
175,total_present_worth,demolition_cost,0.044263597604489446,0.044263597604489446
175,total_present_worth,crushing_cost,0.03895259883804504,0.03895259883804504
175,total_present_worth,recycled_aggregate_credit,-0.027351822069020728,0.027351822069020728
175,total_present_worth,discount_rate,-0.18786440174022284,0.18786440174022284
175,gwp_total_project_kgco2e,concrete_gwp_factor,0.9902762732839827,0.9902762732839827
175,gwp_total_project_kgco2e,stone_57_gwp_factor,0.022949611959707843,0.022949611959707843
175,gwp_total_project_kgco2e,rebar_gwp_factor,0.12811755861780705,0.12811755861780705
175,gwp_total_project_kgco2e,trucking_gwp_factor,0.04286836536831535,0.04286836536831535
175,gwp_total_project_kgco2e,demolition_gwp_factor,0.02220867176414747,0.02220867176414747
175,gwp_total_project_kgco2e,crushing_gwp_factor,0.025273057742621223,0.025273057742621223
175,demand_capacity_ratio_k,subgrade_k_pci,-1.0,1.0
176,total_present_worth,concrete_unit_cost,0.815782581770601,0.815782581770601
176,total_present_worth,stone_57_unit_cost,0.2845692048535397,0.2845692048535397
176,total_present_worth,rebar_unit_cost,0.4281453008134022,0.4281453008134022
176,total_present_worth,fiber_unit_cost,0.0023033896247613562,0.0023033896247613562
176,total_present_worth,demolition_cost,0.04728031317801613,0.04728031317801613
176,total_present_worth,crushing_cost,0.040762708578801085,0.040762708578801085
176,total_present_worth,recycled_aggregate_credit,-0.03086582393852233,0.03086582393852233
176,total_present_worth,discount_rate,-0.20049265863897145,0.20049265863897145
176,gwp_total_project_kgco2e,concrete_gwp_factor,0.9938730831880453,0.9938730831880453
176,gwp_total_project_kgco2e,stone_57_gwp_factor,0.022991265426028508,0.022991265426028508
176,gwp_total_project_kgco2e,rebar_gwp_factor,0.09853903300738362,0.09853903300738362
176,gwp_total_project_kgco2e,trucking_gwp_factor,0.04142397184412159,0.04142397184412159
176,gwp_total_project_kgco2e,demolition_gwp_factor,0.022261523481864613,0.022261523481864613
176,gwp_total_project_kgco2e,crushing_gwp_factor,0.025484803801649924,0.025484803801649924
176,demand_capacity_ratio_k,subgrade_k_pci,-1.0,1.0
177,total_present_worth,concrete_unit_cost,0.8457111120315645,0.8457111120315645
177,total_present_worth,stone_57_unit_cost,0.2942555840666942,0.2942555840666942
177,total_present_worth,rebar_unit_cost,0.35484101862763245,0.35484101862763245
177,total_present_worth,fiber_unit_cost,0.0019368374468227351,0.0019368374468227351
177,total_present_worth,demolition_cost,0.048896229303526495,0.048896229303526495
177,total_present_worth,crushing_cost,0.04157784815954314,0.04157784815954314
177,total_present_worth,recycled_aggregate_credit,-0.032901346006472536,0.032901346006472536
177,total_present_worth,discount_rate,-0.2073049174919843,0.2073049174919843
177,gwp_total_project_kgco2e,concrete_gwp_factor,0.995562178875569,0.995562178875569
177,gwp_total_project_kgco2e,stone_57_gwp_factor,0.0230057397223543,0.0230057397223543
177,gwp_total_project_kgco2e,rebar_gwp_factor,0.08067701100990281,0.08067701100990281
177,gwp_total_project_kgco2e,trucking_gwp_factor,0.0405422245893049,0.0405422245893049
177,gwp_total_project_kgco2e,demolition_gwp_factor,0.022270639042252256,0.022270639042252256
177,gwp_total_project_kgco2e,crushing_gwp_factor,0.02560764145379506,0.02560764145379506
177,demand_capacity_ratio_k,subgrade_k_pci,-1.0,1.0
178,total_present_worth,concrete_unit_cost,0.8630587413163275,0.8630587413163275
178,total_present_worth,stone_57_unit_cost,0.3000683032779154,0.3000683032779154
178,total_present_worth,rebar_unit_cost,0.3026510326127084,0.3026510326127084
178,total_present_worth,fiber_unit_cost,0.0016529559929171825,0.0016529559929171825
178,total_present_worth,demolition_cost,0.04986932630973974,0.04986932630973974
178,total_present_worth,crushing_cost,0.041987282463738916,0.041987282463738916
178,total_present_worth,recycled_aggregate_credit,-0.03420915969288367,0.03420915969288367
178,total_present_worth,discount_rate,-0.21137531893531297,0.21137531893531297
178,gwp_total_project_kgco2e,concrete_gwp_factor,0.9964911537226605,0.9964911537226605
178,gwp_total_project_kgco2e,stone_57_gwp_factor,0.023006686556530674,0.023006686556530674
178,gwp_total_project_kgco2e,rebar_gwp_factor,0.06872007632585604,0.06872007632585604
178,gwp_total_project_kgco2e,trucking_gwp_factor,0.03993775759664711,0.03993775759664711
178,gwp_total_project_kgco2e,demolition_gwp_factor,0.022278392457679357,0.022278392457679357
178,gwp_total_project_kgco2e,crushing_gwp_factor,0.025691568888100633,0.025691568888100633
178,demand_capacity_ratio_k,subgrade_k_pci,-1.0,1.0
179,total_present_worth,concrete_unit_cost,0.8779097159264599,0.8779097159264599
179,total_present_worth,stone_57_unit_cost,0.3051838534351296,0.3051838534351296
179,total_present_worth,rebar_unit_cost,0.24804937783733177,0.24804937783733177
179,total_present_worth,fiber_unit_cost,0.0013267200952826882,0.0013267200952826882
179,total_present_worth,demolition_cost,0.05072170352201668,0.05072170352201668
179,total_present_worth,crushing_cost,0.042279895270191964,0.042279895270191964
179,total_present_worth,recycled_aggregate_credit,-0.03544609103574644,0.03544609103574644
179,total_present_worth,discount_rate,-0.21493203363550767,0.21493203363550767
179,gwp_total_project_kgco2e,concrete_gwp_factor,0.9972601798220401,0.9972601798220401
179,gwp_total_project_kgco2e,stone_57_gwp_factor,0.02301494680328598,0.02301494680328598
179,gwp_total_project_kgco2e,rebar_gwp_factor,0.0567302509577641,0.0567302509577641
179,gwp_total_project_kgco2e,trucking_gwp_factor,0.03932807043445123,0.03932807043445123
179,gwp_total_project_kgco2e,demolition_gwp_factor,0.022273536867149415,0.022273536867149415
179,gwp_total_project_kgco2e,crushing_gwp_factor,0.0257669946261468,0.0257669946261468
179,demand_capacity_ratio_k,subgrade_k_pci,-1.0,1.0
180,total_present_worth,concrete_unit_cost,0.6211746027248858,0.6211746027248858
180,total_present_worth,stone_57_unit_cost,0.22358683015983474,0.22358683015983474
180,total_present_worth,rebar_unit_cost,0.7166134346133974,0.7166134346133974
180,total_present_worth,fiber_unit_cost,0.0037882166774192874,0.0037882166774192874
180,total_present_worth,demolition_cost,0.036977820004807135,0.036977820004807135
180,total_present_worth,crushing_cost,0.03388637582699455,0.03388637582699455
180,total_present_worth,recycled_aggregate_credit,-0.019548586304107437,0.019548586304107437
180,total_present_worth,discount_rate,-0.15711786201475236,0.15711786201475236
180,gwp_total_project_kgco2e,concrete_gwp_factor,0.9784830836358732,0.9784830836358732
180,gwp_total_project_kgco2e,stone_57_gwp_factor,0.022796883002014753,0.022796883002014753
180,gwp_total_project_kgco2e,rebar_gwp_factor,0.19465827993264734,0.19465827993264734
180,gwp_total_project_kgco2e,trucking_gwp_factor,0.0459337566454455,0.0459337566454455
180,gwp_total_project_kgco2e,demolition_gwp_factor,0.022002101633440845,0.022002101633440845
180,gwp_total_project_kgco2e,crushing_gwp_factor,0.0246584966418954,0.0246584966418954
180,demand_capacity_ratio_k,subgrade_k_pci,-1.0,1.0
181,total_present_worth,concrete_unit_cost,0.7143407960752723,0.7143407960752723
181,total_present_worth,stone_57_unit_cost,0.25311702102707084,0.25311702102707084
181,total_present_worth,rebar_unit_cost,0.6033308826590283,0.6033308826590283
181,total_present_worth,fiber_unit_cost,0.003217938347271176,0.003217938347271176
181,total_present_worth,demolition_cost,0.04194050529232821,0.04194050529232821
181,total_present_worth,crushing_cost,0.03741312499765326,0.03741312499765326
181,total_present_worth,recycled_aggregate_credit,-0.024805267808482107,0.024805267808482107
181,total_present_worth,discount_rate,-0.17815354350266505,0.17815354350266505
181,gwp_total_project_kgco2e,concrete_gwp_factor,0.9870591743733838,0.9870591743733838
181,gwp_total_project_kgco2e,stone_57_gwp_factor,0.022907350331370945,0.022907350331370945
181,gwp_total_project_kgco2e,rebar_gwp_factor,0.1494452978434261,0.1494452978434261
181,gwp_total_project_kgco2e,trucking_gwp_factor,0.043864361253673746,0.043864361253673746
181,gwp_total_project_kgco2e,demolition_gwp_factor,0.022150859729020346,0.022150859729020346
181,gwp_total_project_kgco2e,crushing_gwp_factor,0.025087928195283174,0.025087928195283174
181,demand_capacity_ratio_k,subgrade_k_pci,-1.0,1.0
182,total_present_worth,concrete_unit_cost,0.7713817573000407,0.7713817573000407
182,total_present_worth,stone_57_unit_cost,0.27067799583118324,0.27067799583118324
182,total_present_worth,rebar_unit_cost,0.5146368907815667,0.5146368907815667
182,total_present_worth,fiber_unit_cost,0.0027598274539679312,0.0027598274539679312
182,total_present_worth,demolition_cost,0.044923610305649446,0.044923610305649446
182,total_present_worth,crushing_cost,0.03938064391421626,0.03938064391421626
182,total_present_worth,recycled_aggregate_credit,-0.02809979761191192,0.02809979761191192
182,total_present_worth,discount_rate,-0.19065422259805193,0.19065422259805193
182,gwp_total_project_kgco2e,concrete_gwp_factor,0.9911239760071376,0.9911239760071376
182,gwp_total_project_kgco2e,stone_57_gwp_factor,0.022961525173888615,0.022961525173888615
182,gwp_total_project_kgco2e,rebar_gwp_factor,0.1218355200918382,0.1218355200918382
182,gwp_total_project_kgco2e,trucking_gwp_factor,0.04256375675062551,0.04256375675062551
182,gwp_total_project_kgco2e,demolition_gwp_factor,0.022223929678521576,0.022223929678521576
182,gwp_total_project_kgco2e,crushing_gwp_factor,0.02532143789851258,0.02532143789851258
182,demand_capacity_ratio_k,subgrade_k_pci,-1.0,1.0
183,total_present_worth,concrete_unit_cost,0.8071870422547469,0.8071870422547469
183,total_present_worth,stone_57_unit_cost,0.28185431749040574,0.28185431749040574
183,total_present_worth,rebar_unit_cost,0.44655471672803,0.44655471672803
183,total_present_worth,fiber_unit_cost,0.002401919907936768,0.002401919907936768
183,total_present_worth,demolition_cost,0.046815251855334104,0.046815251855334104
183,total_present_worth,crushing_cost,0.04050215727204087,0.04050215727204087
183,total_present_worth,recycled_aggregate_credit,-0.030317027464830813,0.030317027464830813
183,total_present_worth,discount_rate,-0.19856672784877594,0.19856672784877594
183,gwp_total_project_kgco2e,concrete_gwp_factor,0.9933650225979862,0.9933650225979862
183,gwp_total_project_kgco2e,stone_57_gwp_factor,0.022986762569546706,0.022986762569546706
183,gwp_total_project_kgco2e,rebar_gwp_factor,0.10326760649781905,0.10326760649781905
183,gwp_total_project_kgco2e,trucking_gwp_factor,0.04165745770373499,0.04165745770373499
183,gwp_total_project_kgco2e,demolition_gwp_factor,0.0222562478388225,0.0222562478388225
183,gwp_total_project_kgco2e,crushing_gwp_factor,0.02545331372016533,0.02545331372016533
183,demand_capacity_ratio_k,subgrade_k_pci,-1.0,1.0
184,total_present_worth,concrete_unit_cost,0.8395115386238368,0.8395115386238368
184,total_present_worth,stone_57_unit_cost,0.2922097483698759,0.2922097483698759
184,total_present_worth,rebar_unit_cost,0.3714604578454802,0.3714604578454802
184,total_present_worth,fiber_unit_cost,0.0020226438139610576,0.0020226438139610576
184,total_present_worth,demolition_cost,0.048558758289727506,0.048558758289727506
184,total_present_worth,crushing_cost,0.041422073071640836,0.041422073071640836
184,total_present_worth,recycled_aggregate_credit,-0.03246354315055342,0.03246354315055342
184,total_present_worth,discount_rate,-0.2058780865688453,0.2058780865688453
184,gwp_total_project_kgco2e,concrete_gwp_factor,0.9952218882820569,0.9952218882820569
184,gwp_total_project_kgco2e,stone_57_gwp_factor,0.0230007490455203,0.0230007490455203
184,gwp_total_project_kgco2e,rebar_gwp_factor,0.08460392093515358,0.08460392093515358
184,gwp_total_project_kgco2e,trucking_gwp_factor,0.040737651029831075,0.040737651029831075
184,gwp_total_project_kgco2e,demolition_gwp_factor,0.02226782000378713,0.02226782000378713
184,gwp_total_project_kgco2e,crushing_gwp_factor,0.025581682246328674,0.025581682246328674
184,demand_capacity_ratio_k,subgrade_k_pci,-1.0,1.0
185,total_present_worth,concrete_unit_cost,0.856982082646633,0.856982082646633
185,total_present_worth,stone_57_unit_cost,0.29801577980627836,0.29801577980627836
185,total_present_worth,rebar_unit_cost,0.32203606811883045,0.32203606811883045
185,total_present_worth,fiber_unit_cost,0.0017609351594243742,0.0017609351594243742
185,total_present_worth,demolition_cost,0.04952970916256389,0.04952970916256389
185,total_present_worth,crushing_cost,0.04184389930620956,0.04184389930620956
185,total_present_worth,recycled_aggregate_credit,-0.03373395873413359,0.03373395873413359
185,total_present_worth,discount_rate,-0.20994633457271358,0.20994633457271358
185,gwp_total_project_kgco2e,concrete_gwp_factor,0.9961697527746919,0.9961697527746919
185,gwp_total_project_kgco2e,stone_57_gwp_factor,0.023006892043378756,0.023006892043378756
185,gwp_total_project_kgco2e,rebar_gwp_factor,0.07309631043557453,0.07309631043557453
185,gwp_total_project_kgco2e,trucking_gwp_factor,0.04016266306515307,0.04016266306515307
185,gwp_total_project_kgco2e,demolition_gwp_factor,0.02227506673812603,0.02227506673812603
185,gwp_total_project_kgco2e,crushing_gwp_factor,0.025663286197145314,0.025663286197145314
185,demand_capacity_ratio_k,subgrade_k_pci,-1.0,1.0
186,total_present_worth,concrete_unit_cost,0.49018662230836274,0.49018662230836274
186,total_present_worth,stone_57_unit_cost,0.17929191745315676,0.17929191745315676
186,total_present_worth,rebar_unit_cost,0.8340077743621471,0.8340077743621471
186,total_present_worth,fiber_unit_cost,0.004587790629707116,0.004587790629707116
186,total_present_worth,demolition_cost,0.029614383836101755,0.029614383836101755
186,total_present_worth,crushing_cost,0.028430410763564166,0.028430410763564166
186,total_present_worth,recycled_aggregate_credit,-0.012349482406987793,0.012349482406987793
186,total_present_worth,discount_rate,-0.12541961720806288,0.12541961720806288
186,gwp_total_project_kgco2e,concrete_gwp_factor,0.9583198713134401,0.9583198713134401
186,gwp_total_project_kgco2e,stone_57_gwp_factor,0.02253054297560422,0.02253054297560422
186,gwp_total_project_kgco2e,rebar_gwp_factor,0.2714170024479268,0.2714170024479268
186,gwp_total_project_kgco2e,trucking_gwp_factor,0.049230103750764045,0.049230103750764045
186,gwp_total_project_kgco2e,demolition_gwp_factor,0.021648152060755266,0.021648152060755266
186,gwp_total_project_kgco2e,crushing_gwp_factor,0.023803466689841388,0.023803466689841388
186,demand_capacity_ratio_k,subgrade_k_pci,-1.0,1.0
187,total_present_worth,concrete_unit_cost,0.5933388085546796,0.5933388085546796
187,total_present_worth,stone_57_unit_cost,0.21442112456701645,0.21442112456701645
187,total_present_worth,rebar_unit_cost,0.7450839163381937,0.7450839163381937
187,total_present_worth,fiber_unit_cost,0.003966318313490528,0.003966318313490528
187,total_present_worth,demolition_cost,0.0354519764995888,0.0354519764995888
187,total_present_worth,crushing_cost,0.03278591486818637,0.03278591486818637
187,total_present_worth,recycled_aggregate_credit,-0.017993677539069473,0.017993677539069473
187,total_present_worth,discount_rate,-0.1505877921768537,0.1505877921768537
187,gwp_total_project_kgco2e,concrete_gwp_factor,0.9752229850974173,0.9752229850974173
187,gwp_total_project_kgco2e,stone_57_gwp_factor,0.022744086606121636,0.022744086606121636
187,gwp_total_project_kgco2e,rebar_gwp_factor,0.20914811855764326,0.20914811855764326
187,gwp_total_project_kgco2e,trucking_gwp_factor,0.04657882540426353,0.04657882540426353
187,gwp_total_project_kgco2e,demolition_gwp_factor,0.021933026310565214,0.021933026310565214
187,gwp_total_project_kgco2e,crushing_gwp_factor,0.02450464233370586,0.02450464233370586
187,demand_capacity_ratio_k,subgrade_k_pci,-1.0,1.0
188,total_present_worth,concrete_unit_cost,0.670082396322049,0.670082396322049
188,total_present_worth,stone_57_unit_cost,0.23930057783895228,0.23930057783895228
188,total_present_worth,rebar_unit_cost,0.6610212268850166,0.6610212268850166
188,total_present_worth,fiber_unit_cost,0.00349747465013499,0.00349747465013499
188,total_present_worth,demolition_cost,0.03960278460316912,0.03960278460316912
188,total_present_worth,crushing_cost,0.03578185671044074,0.03578185671044074
188,total_present_worth,recycled_aggregate_credit,-0.022283797251249522,0.022283797251249522
188,total_present_worth,discount_rate,-0.16830571040812653,0.16830571040812653
188,gwp_total_project_kgco2e,concrete_gwp_factor,0.983357192983231,0.983357192983231
188,gwp_total_project_kgco2e,stone_57_gwp_factor,0.022860583484376237,0.022860583484376237
188,gwp_total_project_kgco2e,rebar_gwp_factor,0.17053844634475937,0.17053844634475937
188,gwp_total_project_kgco2e,trucking_gwp_factor,0.044838977564239595,0.044838977564239595
188,gwp_total_project_kgco2e,demolition_gwp_factor,0.02208247298380899,0.02208247298380899
188,gwp_total_project_kgco2e,crushing_gwp_factor,0.024891914167556768,0.024891914167556768
188,demand_capacity_ratio_k,subgrade_k_pci,-1.0,1.0
189,total_present_worth,concrete_unit_cost,0.7249817159127128,0.7249817159127128
189,total_present_worth,stone_57_unit_cost,0.25640048630547224,0.25640048630547224
189,total_present_worth,rebar_unit_cost,0.5881853082165861,0.5881853082165861
189,total_present_worth,fiber_unit_cost,0.0031410781438164313,0.0031410781438164313
189,total_present_worth,demolition_cost,0.04249439825491777,0.04249439825491777
189,total_present_worth,crushing_cost,0.0377914964244926,0.0377914964244926
189,total_present_worth,recycled_aggregate_credit,-0.025402954016721185,0.025402954016721185
189,total_present_worth,discount_rate,-0.18048230181545052,0.18048230181545052
189,gwp_total_project_kgco2e,concrete_gwp_factor,0.9878710720802044,0.9878710720802044
189,gwp_total_project_kgco2e,stone_57_gwp_factor,0.02291214394593286,0.02291214394593286
189,gwp_total_project_kgco2e,rebar_gwp_factor,0.1443794331378798,0.1443794331378798
189,gwp_total_project_kgco2e,trucking_gwp_factor,0.043629939242091985,0.043629939242091985
189,gwp_total_project_kgco2e,demolition_gwp_factor,0.022165908154402367,0.022165908154402367
189,gwp_total_project_kgco2e,crushing_gwp_factor,0.02513519617907808,0.02513519617907808
189,demand_capacity_ratio_k,subgrade_k_pci,-1.0,1.0
190,total_present_worth,concrete_unit_cost,0.7792279468558833,0.7792279468558833
190,total_present_worth,stone_57_unit_cost,0.2731080076267152,0.2731080076267152
190,total_present_worth,rebar_unit_cost,0.5007342899644217,0.5007342899644217
190,total_present_worth,fiber_unit_cost,0.002688089991955236,0.002688089991955236
190,total_present_worth,demolition_cost,0.045343265324825306,0.045343265324825306
190,total_present_worth,crushing_cost,0.039632994688909205,0.039632994688909205
190,total_present_worth,recycled_aggregate_credit,-0.028572493049189,0.028572493049189
190,total_present_worth,discount_rate,-0.19237066492305618,0.19237066492305618
190,gwp_total_project_kgco2e,concrete_gwp_factor,0.9916329674480452,0.9916329674480452
190,gwp_total_project_kgco2e,stone_57_gwp_factor,0.022966091478498436,0.022966091478498436
190,gwp_total_project_kgco2e,rebar_gwp_factor,0.11789116848146049,0.11789116848146049
190,gwp_total_project_kgco2e,trucking_gwp_factor,0.04237568235365428,0.04237568235365428
190,gwp_total_project_kgco2e,demolition_gwp_factor,0.022233112789213246,0.022233112789213246
190,gwp_total_project_kgco2e,crushing_gwp_factor,0.025347508108955003,0.025347508108955003
190,demand_capacity_ratio_k,subgrade_k_pci,-1.0,1.0
191,total_present_worth,concrete_unit_cost,0.8104339162284296,0.8104339162284296
191,total_present_worth,stone_57_unit_cost,0.28288185446416075,0.28288185446416075
191,total_present_worth,rebar_unit_cost,0.43970816034980337,0.43970816034980337
191,total_present_worth,fiber_unit_cost,0.0023640276211056117,0.0023640276211056117
191,total_present_worth,demolition_cost,0.04698913258375566,0.04698913258375566
191,total_present_worth,crushing_cost,0.04060420992155369,0.04060420992155369
191,total_present_worth,recycled_aggregate_credit,-0.03052047624049619,0.03052047624049619
191,total_present_worth,discount_rate,-0.19929590098111327,0.19929590098111327
191,gwp_total_project_kgco2e,concrete_gwp_factor,0.9935585749965915,0.9935585749965915
191,gwp_total_project_kgco2e,stone_57_gwp_factor,0.022987110446090846,0.022987110446090846
191,gwp_total_project_kgco2e,rebar_gwp_factor,0.10149409744078965,0.10149409744078965
191,gwp_total_project_kgco2e,trucking_gwp_factor,0.04156881430062754,0.04156881430062754
191,gwp_total_project_kgco2e,demolition_gwp_factor,0.02225954647917582,0.02225954647917582
191,gwp_total_project_kgco2e,crushing_gwp_factor,0.025466485530346597,0.025466485530346597
191,demand_capacity_ratio_k,subgrade_k_pci,-1.0,1.0
192,total_present_worth,concrete_unit_cost,0.8502115231605647,0.8502115231605647
192,total_present_worth,stone_57_unit_cost,0.2957451519079941,0.2957451519079941
192,total_present_worth,rebar_unit_cost,0.3421829249553372,0.3421829249553372
192,total_present_worth,fiber_unit_cost,0.0018708254459323301,0.0018708254459323301
192,total_present_worth,demolition_cost,0.04914881609412353,0.04914881609412353
192,total_present_worth,crushing_cost,0.041685122181762055,0.041685122181762055
192,total_present_worth,recycled_aggregate_credit,-0.03322675696986671,0.03322675696986671
192,total_present_worth,discount_rate,-0.20835348554303107,0.20835348554303107
192,gwp_total_project_kgco2e,concrete_gwp_factor,0.9958063667108347,0.9958063667108347
192,gwp_total_project_kgco2e,stone_57_gwp_factor,0.02300552691051421,0.02300552691051421
192,gwp_total_project_kgco2e,rebar_gwp_factor,0.0777257222257783,0.0777257222257783
192,gwp_total_project_kgco2e,trucking_gwp_factor,0.040396330942590535,0.040396330942590535
192,gwp_total_project_kgco2e,demolition_gwp_factor,0.02227151822158061,0.02227151822158061
192,gwp_total_project_kgco2e,crushing_gwp_factor,0.025631364507628547,0.025631364507628547
192,demand_capacity_ratio_k,subgrade_k_pci,-1.0,1.0
193,total_present_worth,concrete_unit_cost,0.8904433023388973,0.8904433023388973
193,total_present_worth,stone_57_unit_cost,0.24606802674434722,0.24606802674434722
193,total_present_worth,rebar_unit_cost,0.2691102013497881,0.2691102013497881
193,total_present_worth,fiber_unit_cost,0.0013107890686523155,0.0013107890686523155
193,total_present_worth,demolition_cost,0.051665122799930054,0.051665122799930054
193,total_present_worth,crushing_cost,0.04277095824750838,0.04277095824750838
193,total_present_worth,recycled_aggregate_credit,-0.03532078935544032,0.03532078935544032
193,total_present_worth,discount_rate,-0.2180722026174687,0.2180722026174687
193,gwp_total_project_kgco2e,concrete_gwp_factor,0.9972713055105886,0.9972713055105886
193,gwp_total_project_kgco2e,stone_57_gwp_factor,0.01826287549786515,0.01826287549786515
193,gwp_total_project_kgco2e,rebar_gwp_factor,0.06022923312057169,0.06022923312057169
193,gwp_total_project_kgco2e,trucking_gwp_factor,0.0368452534112181,0.0368452534112181
193,gwp_total_project_kgco2e,demolition_gwp_factor,0.022257809927687125,0.022257809927687125
193,gwp_total_project_kgco2e,crushing_gwp_factor,0.02577687794269475,0.02577687794269475
193,demand_capacity_ratio_k,subgrade_k_pci,-1.0,1.0
194,total_present_worth,concrete_unit_cost,0.9049995808315039,0.9049995808315039
194,total_present_worth,stone_57_unit_cost,0.2503246998328339,0.2503246998328339
194,total_present_worth,rebar_unit_cost,0.20710535220306617,0.20710535220306617
194,total_present_worth,fiber_unit_cost,0.0009687209450914884,0.0009687209450914884
194,total_present_worth,demolition_cost,0.052574956912997996,0.052574956912997996
194,total_present_worth,crushing_cost,0.042995615383022254,0.042995615383022254
194,total_present_worth,recycled_aggregate_credit,-0.036657674395079075,0.036657674395079075
194,total_present_worth,discount_rate,-0.2218104902556623,0.2218104902556623
194,gwp_total_project_kgco2e,concrete_gwp_factor,0.9979746194607579,0.9979746194607579
194,gwp_total_project_kgco2e,stone_57_gwp_factor,0.01826072204736829,0.01826072204736829
194,gwp_total_project_kgco2e,rebar_gwp_factor,0.047171902404148765,0.047171902404148765
194,gwp_total_project_kgco2e,trucking_gwp_factor,0.036171358679780545,0.036171358679780545
194,gwp_total_project_kgco2e,demolition_gwp_factor,0.02225330161206932,0.02225330161206932
194,gwp_total_project_kgco2e,crushing_gwp_factor,0.02585351393517341,0.02585351393517341
194,demand_capacity_ratio_k,subgrade_k_pci,-1.0,1.0
195,total_present_worth,concrete_unit_cost,0.9119486886968435,0.9119486886968435
195,total_present_worth,stone_57_unit_cost,0.2524207078840083,0.2524207078840083
195,total_present_worth,rebar_unit_cost,0.16876237224452897,0.16876237224452897
195,total_present_worth,fiber_unit_cost,0.0007474983264109993,0.0007474983264109993
195,total_present_worth,demolition_cost,0.05302812258114725,0.05302812258114725
195,total_present_worth,crushing_cost,0.04304536815171415,0.04304536815171415
195,total_present_worth,recycled_aggregate_credit,-0.03741430256734972,0.03741430256734972
195,total_present_worth,discount_rate,-0.22363023360479528,0.22363023360479528
195,gwp_total_project_kgco2e,concrete_gwp_factor,0.9983046831920259,0.9983046831920259
195,gwp_total_project_kgco2e,stone_57_gwp_factor,0.018250929103588373,0.018250929103588373
195,gwp_total_project_kgco2e,rebar_gwp_factor,0.039332388493332954,0.039332388493332954
195,gwp_total_project_kgco2e,trucking_gwp_factor,0.035763598458049446,0.035763598458049446
195,gwp_total_project_kgco2e,demolition_gwp_factor,0.022250639186948258,0.022250639186948258
195,gwp_total_project_kgco2e,crushing_gwp_factor,0.025898350282071343,0.025898350282071343
195,demand_capacity_ratio_k,subgrade_k_pci,-1.0,1.0
196,total_present_worth,concrete_unit_cost,0.8188054780117143,0.8188054780117143
196,total_present_worth,stone_57_unit_cost,0.22718400060792962,0.22718400060792962
196,total_present_worth,rebar_unit_cost,0.4569441027760257,0.4569441027760257
196,total_present_worth,fiber_unit_cost,0.0022673783144109517,0.0022673783144109517
196,total_present_worth,demolition_cost,0.04758906298783563,0.04758906298783563
196,total_present_worth,crushing_cost,0.04084217540046488,0.04084217540046488
196,total_present_worth,recycled_aggregate_credit,-0.030264978629193993,0.030264978629193993
196,total_present_worth,discount_rate,-0.2011527563518413,0.2011527563518413
196,gwp_total_project_kgco2e,concrete_gwp_factor,0.9934809618202085,0.9934809618202085
196,gwp_total_project_kgco2e,stone_57_gwp_factor,0.018251103849412444,0.018251103849412444
196,gwp_total_project_kgco2e,rebar_gwp_factor,0.10424601437321843,0.10424601437321843
196,gwp_total_project_kgco2e,trucking_gwp_factor,0.03905929826464773,0.03905929826464773
196,gwp_total_project_kgco2e,demolition_gwp_factor,0.022234967097853987,0.022234967097853987
196,gwp_total_project_kgco2e,crushing_gwp_factor,0.025483074396593232,0.025483074396593232
196,demand_capacity_ratio_k,subgrade_k_pci,-1.0,1.0
197,total_present_worth,concrete_unit_cost,0.8613313537794126,0.8613313537794126
197,total_present_worth,stone_57_unit_cost,0.23808408683884966,0.23808408683884966
197,total_present_worth,rebar_unit_cost,0.35973254191813303,0.35973254191813303
197,total_present_worth,fiber_unit_cost,0.0017804552682641824,0.0017804552682641824
197,total_present_worth,demolition_cost,0.04994291292077717,0.04994291292077717
197,total_present_worth,crushing_cost,0.04207712109958286,0.04207712109958286
197,total_present_worth,recycled_aggregate_credit,-0.03308757448366703,0.03308757448366703
197,total_present_worth,discount_rate,-0.21094380263960907,0.21094380263960907
197,gwp_total_project_kgco2e,concrete_gwp_factor,0.9958041327034738,0.9958041327034738
197,gwp_total_project_kgco2e,stone_57_gwp_factor,0.018260107388360047,0.018260107388360047
197,gwp_total_project_kgco2e,rebar_gwp_factor,0.08043676865655872,0.08043676865655872
197,gwp_total_project_kgco2e,trucking_gwp_factor,0.037867469008778985,0.037867469008778985
197,gwp_total_project_kgco2e,demolition_gwp_factor,0.02224906575712363,0.02224906575712363
197,gwp_total_project_kgco2e,crushing_gwp_factor,0.025647433974514973,0.025647433974514973
197,demand_capacity_ratio_k,subgrade_k_pci,-1.0,1.0
198,total_present_worth,concrete_unit_cost,0.8827828325428092,0.8827828325428092
198,total_present_worth,stone_57_unit_cost,0.24390596885964244,0.24390596885964244
198,total_present_worth,rebar_unit_cost,0.2960778513314552,0.2960778513314552
198,total_present_worth,fiber_unit_cost,0.001453437342437375,0.001453437342437375
198,total_present_worth,demolition_cost,0.05120364668969747,0.05120364668969747
198,total_present_worth,crushing_cost,0.042594413331885767,0.042594413331885767
198,total_present_worth,recycled_aggregate_credit,-0.034690490421652204,0.034690490421652204
198,total_present_worth,discount_rate,-0.21615021165398515,0.21615021165398515
198,gwp_total_project_kgco2e,concrete_gwp_factor,0.9968937490541496,0.9968937490541496
198,gwp_total_project_kgco2e,stone_57_gwp_factor,0.018261312480872528,0.018261312480872528
198,gwp_total_project_kgco2e,rebar_gwp_factor,0.0660834628456654,0.0660834628456654
198,gwp_total_project_kgco2e,trucking_gwp_factor,0.037145831055530334,0.037145831055530334
198,gwp_total_project_kgco2e,demolition_gwp_factor,0.02225745104378298,0.02225745104378298
198,gwp_total_project_kgco2e,crushing_gwp_factor,0.025743421955833373,0.025743421955833373
198,demand_capacity_ratio_k,subgrade_k_pci,-1.0,1.0
199,total_present_worth,concrete_unit_cost,0.8949880329516593,0.8949880329516593
199,total_present_worth,stone_57_unit_cost,0.2473770400519428,0.2473770400519428
199,total_present_worth,rebar_unit_cost,0.25157940211567176,0.25157940211567176
199,total_present_worth,fiber_unit_cost,0.001216991936646797,0.001216991936646797
199,total_present_worth,demolition_cost,0.05193839031805537,0.05193839031805537
199,total_present_worth,crushing_cost,0.04285637783477455,0.04285637783477455
199,total_present_worth,recycled_aggregate_credit,-0.03571390942020557,0.03571390942020557
199,total_present_worth,discount_rate,-0.21921762883546317,0.21921762883546317
199,gwp_total_project_kgco2e,concrete_gwp_factor,0.9974927624861971,0.9974927624861971
199,gwp_total_project_kgco2e,stone_57_gwp_factor,0.018263436146889377,0.018263436146889377
199,gwp_total_project_kgco2e,rebar_gwp_factor,0.05648315905616127,0.05648315905616127
199,gwp_total_project_kgco2e,trucking_gwp_factor,0.036650230644644094,0.036650230644644094
199,gwp_total_project_kgco2e,demolition_gwp_factor,0.02225540602999017,0.02225540602999017
199,gwp_total_project_kgco2e,crushing_gwp_factor,0.025802572750321034,0.025802572750321034
199,demand_capacity_ratio_k,subgrade_k_pci,-1.0,1.0
200,total_present_worth,concrete_unit_cost,0.9052929963747893,0.9052929963747893
200,total_present_worth,stone_57_unit_cost,0.2504127009004211,0.2504127009004211
200,total_present_worth,rebar_unit_cost,0.20564199514443282,0.20564199514443282
200,total_present_worth,fiber_unit_cost,0.000961504728288602,0.000961504728288602
200,total_present_worth,demolition_cost,0.05259346323303739,0.05259346323303739
200,total_present_worth,crushing_cost,0.043000252297072106,0.043000252297072106
200,total_present_worth,recycled_aggregate_credit,-0.03668546451387419,0.03668546451387419
200,total_present_worth,discount_rate,-0.22188615206445514,0.22188615206445514
200,gwp_total_project_kgco2e,concrete_gwp_factor,0.9979886388116435,0.9979886388116435
200,gwp_total_project_kgco2e,stone_57_gwp_factor,0.01826070496800828,0.01826070496800828
200,gwp_total_project_kgco2e,rebar_gwp_factor,0.046869710811387896,0.046869710811387896
200,gwp_total_project_kgco2e,trucking_gwp_factor,0.03615529165628612,0.03615529165628612
200,gwp_total_project_kgco2e,demolition_gwp_factor,0.02225334119526934,0.02225334119526934
200,gwp_total_project_kgco2e,crushing_gwp_factor,0.02585467057725387,0.02585467057725387
200,demand_capacity_ratio_k,subgrade_k_pci,-1.0,1.0
201,total_present_worth,concrete_unit_cost,0.9106211009762165,0.9106211009762165
201,total_present_worth,stone_57_unit_cost,0.25201624325251853,0.25201624325251853
201,total_present_worth,rebar_unit_cost,0.17679129763714851,0.17679129763714851
201,total_present_worth,fiber_unit_cost,0.0007906229469402494,0.0007906229469402494
201,total_present_worth,demolition_cost,0.05293669578821468,0.05293669578821468
201,total_present_worth,crushing_cost,0.043046664517378666,0.043046664517378666
201,total_present_worth,recycled_aggregate_credit,-0.0372654961030342,0.0372654961030342
201,total_present_worth,discount_rate,-0.22328133469911426,0.22328133469911426
201,gwp_total_project_kgco2e,concrete_gwp_factor,0.9982416222282566,0.9982416222282566
201,gwp_total_project_kgco2e,stone_57_gwp_factor,0.018253924760645572,0.018253924760645572
201,gwp_total_project_kgco2e,rebar_gwp_factor,0.0409637374635535,0.0409637374635535
201,gwp_total_project_kgco2e,trucking_gwp_factor,0.035852475299556985,0.035852475299556985
201,gwp_total_project_kgco2e,demolition_gwp_factor,0.022246843975266738,0.022246843975266738
201,gwp_total_project_kgco2e,crushing_gwp_factor,0.0258882376812353,0.0258882376812353
201,demand_capacity_ratio_k,subgrade_k_pci,-1.0,1.0
202,total_present_worth,concrete_unit_cost,0.7048007276821124,0.7048007276821124
202,total_present_worth,stone_57_unit_cost,0.19953982637303194,0.19953982637303194
202,total_present_worth,rebar_unit_cost,0.6355988431226236,0.6355988431226236
202,total_present_worth,fiber_unit_cost,0.003204540609057817,0.003204540609057817
202,total_present_worth,demolition_cost,0.041578816869335525,0.041578816869335525
202,total_present_worth,crushing_cost,0.03697382452022953,0.03697382452022953
202,total_present_worth,recycled_aggregate_credit,-0.023687285509602914,0.023687285509602914
202,total_present_worth,discount_rate,-0.176111547699243,0.176111547699243
202,gwp_total_project_kgco2e,concrete_gwp_factor,0.9858122797623889,0.9858122797623889
202,gwp_total_project_kgco2e,stone_57_gwp_factor,0.018197684754607077,0.018197684754607077
202,gwp_total_project_kgco2e,rebar_gwp_factor,0.1582227198869051,0.1582227198869051
202,gwp_total_project_kgco2e,trucking_gwp_factor,0.041643733196113496,0.041643733196113496
202,gwp_total_project_kgco2e,demolition_gwp_factor,0.022105583885770233,0.022105583885770233
202,gwp_total_project_kgco2e,crushing_gwp_factor,0.025040436763808176,0.025040436763808176
202,demand_capacity_ratio_k,subgrade_k_pci,-1.0,1.0
203,total_present_worth,concrete_unit_cost,0.7840973051081349,0.7840973051081349
203,total_present_worth,stone_57_unit_cost,0.21867137012142057,0.21867137012142057
203,total_present_worth,rebar_unit_cost,0.5203412673859286,0.5203412673859286
203,total_present_worth,fiber_unit_cost,0.0026064009665145607,0.0026064009665145607
203,total_present_worth,demolition_cost,0.04573916959743167,0.04573916959743167
203,total_present_worth,crushing_cost,0.03973537135291815,0.03973537135291815
203,total_present_worth,recycled_aggregate_credit,-0.028169048924099622,0.028169048924099622
203,total_present_worth,discount_rate,-0.19345236849976985,0.19345236849976985
203,gwp_total_project_kgco2e,concrete_gwp_factor,0.9913968947213588,0.9913968947213588
203,gwp_total_project_kgco2e,stone_57_gwp_factor,0.018240607347360244,0.018240607347360244
203,gwp_total_project_kgco2e,rebar_gwp_factor,0.12148075337310431,0.12148075337310431
203,gwp_total_project_kgco2e,trucking_gwp_factor,0.039903647256217464,0.039903647256217464
203,gwp_total_project_kgco2e,demolition_gwp_factor,0.022205154841490063,0.022205154841490063
203,gwp_total_project_kgco2e,crushing_gwp_factor,0.02535469935260588,0.02535469935260588
203,demand_capacity_ratio_k,subgrade_k_pci,-1.0,1.0
204,total_present_worth,concrete_unit_cost,0.8284590745033837,0.8284590745033837
204,total_present_worth,stone_57_unit_cost,0.22960609959021044,0.22960609959021044
204,total_present_worth,rebar_unit_cost,0.4371829194218492,0.4371829194218492
204,total_present_worth,fiber_unit_cost,0.0021651312762260527,0.0021651312762260527
204,total_present_worth,demolition_cost,0.04811231478705293,0.04811231478705293
204,total_present_worth,crushing_cost,0.04112959207587584,0.04112959207587584
204,total_present_worth,recycled_aggregate_credit,-0.030875556956126225,0.030875556956126225
204,total_present_worth,discount_rate,-0.2033323268753493,0.2033323268753493
204,gwp_total_project_kgco2e,concrete_gwp_factor,0.9940289848190196,0.9940289848190196
204,gwp_total_project_kgco2e,stone_57_gwp_factor,0.01825691291175077,0.01825691291175077
204,gwp_total_project_kgco2e,rebar_gwp_factor,0.09918192981650478,0.09918192981650478
204,gwp_total_project_kgco2e,trucking_gwp_factor,0.03880531541334613,0.03880531541334613
204,gwp_total_project_kgco2e,demolition_gwp_factor,0.02223809135814324,0.02223809135814324
204,gwp_total_project_kgco2e,crushing_gwp_factor,0.02551981941353593,0.02551981941353593
204,demand_capacity_ratio_k,subgrade_k_pci,-1.0,1.0
205,total_present_worth,concrete_unit_cost,0.8550726578229891,0.8550726578229891
205,total_present_worth,stone_57_unit_cost,0.23643013192177206,0.23643013192177206
205,total_present_worth,rebar_unit_cost,0.3759741303248217,0.3759741303248217
205,total_present_worth,fiber_unit_cost,0.0018593914097037565,0.0018593914097037565
205,total_present_worth,demolition_cost,0.04958918943557968,0.04958918943557968
205,total_present_worth,crushing_cost,0.041910305532444125,0.041910305532444125
205,total_present_worth,recycled_aggregate_credit,-0.032647010671202806,0.032647010671202806
205,total_present_worth,discount_rate,-0.20946789593485085,0.20946789593485085
205,gwp_total_project_kgco2e,concrete_gwp_factor,0.9954759075320465,0.9954759075320465
205,gwp_total_project_kgco2e,stone_57_gwp_factor,0.018261020518568406,0.018261020518568406
205,gwp_total_project_kgco2e,rebar_gwp_factor,0.08424013759152006,0.08424013759152006
205,gwp_total_project_kgco2e,trucking_gwp_factor,0.03806191904770477,0.03806191904770477
205,gwp_total_project_kgco2e,demolition_gwp_factor,0.022250216172548087,0.022250216172548087
205,gwp_total_project_kgco2e,crushing_gwp_factor,0.025623282810985318,0.025623282810985318
205,demand_capacity_ratio_k,subgrade_k_pci,-1.0,1.0
206,total_present_worth,concrete_unit_cost,0.8783801299557041,0.8783801299557041
206,total_present_worth,stone_57_unit_cost,0.2426919462271888,0.2426919462271888
206,total_present_worth,rebar_unit_cost,0.3103785317410794,0.3103785317410794
206,total_present_worth,fiber_unit_cost,0.0015322723934769091,0.0015322723934769091
206,total_present_worth,demolition_cost,0.0509377312646631,0.0509377312646631
206,total_present_worth,crushing_cost,0.04250456263748183,0.04250456263748183
206,total_present_worth,recycled_aggregate_credit,-0.034336764901734707,0.034336764901734707
206,total_present_worth,discount_rate,-0.21506363970817363,0.21506363970817363
206,gwp_total_project_kgco2e,concrete_gwp_factor,0.9966741681473097,0.9966741681473097
206,gwp_total_project_kgco2e,stone_57_gwp_factor,0.01825959777379984,0.01825959777379984
206,gwp_total_project_kgco2e,rebar_gwp_factor,0.0692397399695519,0.0692397399695519
206,gwp_total_project_kgco2e,trucking_gwp_factor,0.03730335587476135,0.03730335587476135
206,gwp_total_project_kgco2e,demolition_gwp_factor,0.022259225294471694,0.022259225294471694
206,gwp_total_project_kgco2e,crushing_gwp_factor,0.025722342753424943,0.025722342753424943
206,demand_capacity_ratio_k,subgrade_k_pci,-1.0,1.0
207,total_present_worth,concrete_unit_cost,0.8907326348257331,0.8907326348257331
207,total_present_worth,stone_57_unit_cost,0.2461487616984595,0.2461487616984595
207,total_present_worth,rebar_unit_cost,0.26803510712974205,0.26803510712974205
207,total_present_worth,fiber_unit_cost,0.001307082564330833,0.001307082564330833
207,total_present_worth,demolition_cost,0.05168419947708969,0.05168419947708969
207,total_present_worth,crushing_cost,0.04277517983771807,0.04277517983771807
207,total_present_worth,recycled_aggregate_credit,-0.03534366852818547,0.03534366852818547
207,total_present_worth,discount_rate,-0.21814419667924617,0.21814419667924617
207,gwp_total_project_kgco2e,concrete_gwp_factor,0.9972852674529941,0.9972852674529941
207,gwp_total_project_kgco2e,stone_57_gwp_factor,0.01826367531783347,0.01826367531783347
207,gwp_total_project_kgco2e,rebar_gwp_factor,0.060000007886304,0.060000007886304
207,gwp_total_project_kgco2e,trucking_gwp_factor,0.03683393817556558,0.03683393817556558
207,gwp_total_project_kgco2e,demolition_gwp_factor,0.02225677173866271,0.02225677173866271
207,gwp_total_project_kgco2e,crushing_gwp_factor,0.0257782452047433,0.0257782452047433
207,demand_capacity_ratio_k,subgrade_k_pci,-1.0,1.0
208,total_present_worth,concrete_unit_cost,0.9055128833063013,0.9055128833063013
208,total_present_worth,stone_57_unit_cost,0.2504802323895041,0.2504802323895041
208,total_present_worth,rebar_unit_cost,0.20453823892399134,0.20453823892399134
208,total_present_worth,fiber_unit_cost,0.0009535385156134155,0.0009535385156134155
208,total_present_worth,demolition_cost,0.05260764498837106,0.05260764498837106
208,total_present_worth,crushing_cost,0.04300430459646573,0.04300430459646573
208,total_present_worth,recycled_aggregate_credit,-0.03670956245788383,0.03670956245788383
208,total_present_worth,discount_rate,-0.22194094577341392,0.22194094577341392
208,gwp_total_project_kgco2e,concrete_gwp_factor,0.9979990047106876,0.9979990047106876
208,gwp_total_project_kgco2e,stone_57_gwp_factor,0.018260890084712357,0.018260890084712357
208,gwp_total_project_kgco2e,rebar_gwp_factor,0.04664378512544152,0.04664378512544152
208,gwp_total_project_kgco2e,trucking_gwp_factor,0.03614376710405751,0.03614376710405751
208,gwp_total_project_kgco2e,demolition_gwp_factor,0.02225351469702941,0.02225351469702941
208,gwp_total_project_kgco2e,crushing_gwp_factor,0.02585664302983066,0.02585664302983066
208,demand_capacity_ratio_k,subgrade_k_pci,-1.0,1.0
209,total_present_worth,concrete_unit_cost,0.5758862744024186,0.5758862744024186
209,total_present_worth,stone_57_unit_cost,0.1666959265126624,0.1666959265126624
209,total_present_worth,rebar_unit_cost,0.7728421039030249,0.7728421039030249
209,total_present_worth,fiber_unit_cost,0.003981221622008489,0.003981221622008489
209,total_present_worth,demolition_cost,0.03458542119591417,0.03458542119591417
209,total_present_worth,crushing_cost,0.0319679892676992,0.0319679892676992
209,total_present_worth,recycled_aggregate_credit,-0.016613881889589552,0.016613881889589552
209,total_present_worth,discount_rate,-0.1464503506685736,0.1464503506685736
209,gwp_total_project_kgco2e,concrete_gwp_factor,0.9725181563572953,0.9725181563572953
209,gwp_total_project_kgco2e,stone_57_gwp_factor,0.018084513643041807,0.018084513643041807
209,gwp_total_project_kgco2e,rebar_gwp_factor,0.2213578931650872,0.2213578931650872
209,gwp_total_project_kgco2e,trucking_gwp_factor,0.04452262282641705,0.04452262282641705
209,gwp_total_project_kgco2e,demolition_gwp_factor,0.021868260364139306,0.021868260364139306
209,gwp_total_project_kgco2e,crushing_gwp_factor,0.02440417938745767,0.02440417938745767
209,demand_capacity_ratio_k,subgrade_k_pci,-1.0,1.0
210,total_present_worth,concrete_unit_cost,0.679109884898364,0.679109884898364
210,total_present_worth,stone_57_unit_cost,0.19321679783463075,0.19321679783463075
210,total_present_worth,rebar_unit_cost,0.6669582966569273,0.6669582966569273
210,total_present_worth,fiber_unit_cost,0.003360544798656218,0.003360544798656218
210,total_present_worth,demolition_cost,0.040223856072921546,0.040223856072921546
210,total_present_worth,crushing_cost,0.03603429749214172,0.03603429749214172
210,total_present_worth,recycled_aggregate_credit,-0.02227053844769222,0.02227053844769222
210,total_present_worth,discount_rate,-0.17040707932720456,0.17040707932720456
210,gwp_total_project_kgco2e,concrete_gwp_factor,0.9836795086923519,0.9836795086923519
210,gwp_total_project_kgco2e,stone_57_gwp_factor,0.01818285013802514,0.01818285013802514
210,gwp_total_project_kgco2e,rebar_gwp_factor,0.17005538661711017,0.17005538661711017
210,gwp_total_project_kgco2e,trucking_gwp_factor,0.04219777755127911,0.04219777755127911
210,gwp_total_project_kgco2e,demolition_gwp_factor,0.02206403965276162,0.02206403965276162
210,gwp_total_project_kgco2e,crushing_gwp_factor,0.02492894395553958,0.02492894395553958
210,demand_capacity_ratio_k,subgrade_k_pci,-1.0,1.0
211,total_present_worth,concrete_unit_cost,0.7476213699281365,0.7476213699281365
211,total_present_worth,stone_57_unit_cost,0.20989383435461353,0.20989383435461353
211,total_present_worth,rebar_unit_cost,0.5774142761254938,0.5774142761254938
211,total_present_worth,fiber_unit_cost,0.002896680301830673,0.002896680301830673
211,total_present_worth,demolition_cost,0.043832742511645095,0.043832742511645095
211,total_present_worth,crushing_cost,0.03849130266560452,0.03849130266560452
211,total_present_worth,recycled_aggregate_credit,-0.02608108998236844,0.02608108998236844
211,total_present_worth,discount_rate,-0.18549105638934724,0.18549105638934724
211,gwp_total_project_kgco2e,concrete_gwp_factor,0.9889875609831151,0.9889875609831151
211,gwp_total_project_kgco2e,stone_57_gwp_factor,0.018216365362550547,0.018216365362550547
211,gwp_total_project_kgco2e,rebar_gwp_factor,0.13861058006856425,0.13861058006856425
211,gwp_total_project_kgco2e,trucking_gwp_factor,0.040723223824001294,0.040723223824001294
211,gwp_total_project_kgco2e,demolition_gwp_factor,0.022162762872129108,0.022162762872129108
211,gwp_total_project_kgco2e,crushing_gwp_factor,0.025212344472484938,0.025212344472484938
211,demand_capacity_ratio_k,subgrade_k_pci,-1.0,1.0
212,total_present_worth,concrete_unit_cost,0.7925828629592092,0.7925828629592092
212,total_present_worth,stone_57_unit_cost,0.2207261635440665,0.2207261635440665
212,total_present_worth,rebar_unit_cost,0.5057934510848134,0.5057934510848134
212,total_present_worth,fiber_unit_cost,0.0025246913985138768,0.0025246913985138768
212,total_present_worth,demolition_cost,0.04619013287409206,0.04619013287409206
212,total_present_worth,crushing_cost,0.040009377160771756,0.040009377160771756
212,total_present_worth,recycled_aggregate_credit,-0.0286657428592743,0.0286657428592743
212,total_present_worth,discount_rate,-0.19532211396543586,0.19532211396543586
212,gwp_total_project_kgco2e,concrete_gwp_factor,0.9919237494017297,0.9919237494017297
212,gwp_total_project_kgco2e,stone_57_gwp_factor,0.018243527332321412,0.018243527332321412
212,gwp_total_project_kgco2e,rebar_gwp_factor,0.1173787124413515,0.1173787124413515
212,gwp_total_project_kgco2e,trucking_gwp_factor,0.03970261538135305,0.03970261538135305
212,gwp_total_project_kgco2e,demolition_gwp_factor,0.022215510636534208,0.022215510636534208
212,gwp_total_project_kgco2e,crushing_gwp_factor,0.02538483204132194,0.02538483204132194
212,demand_capacity_ratio_k,subgrade_k_pci,-1.0,1.0
213,total_present_worth,concrete_unit_cost,0.8343666929474428,0.8343666929474428
213,total_present_worth,stone_57_unit_cost,0.23110054773618424,0.23110054773618424
213,total_present_worth,rebar_unit_cost,0.42452348819787344,0.42452348819787344
213,total_present_worth,fiber_unit_cost,0.0021063008459305207,0.0021063008459305207
213,total_present_worth,demolition_cost,0.04843785231675115,0.04843785231675115
213,total_present_worth,crushing_cost,0.04130655464228262,0.04130655464228262
213,total_present_worth,recycled_aggregate_credit,-0.031258236858455295,0.031258236858455295
213,total_present_worth,discount_rate,-0.20467160159576744,0.20467160159576744
213,gwp_total_project_kgco2e,concrete_gwp_factor,0.9943578371206232,0.9943578371206232
213,gwp_total_project_kgco2e,stone_57_gwp_factor,0.018259134678535655,0.018259134678535655
213,gwp_total_project_kgco2e,rebar_gwp_factor,0.09600692272646677,0.09600692272646677
213,gwp_total_project_kgco2e,trucking_gwp_factor,0.03864492566496197,0.03864492566496197
213,gwp_total_project_kgco2e,demolition_gwp_factor,0.02224112492636845,0.02224112492636845
213,gwp_total_project_kgco2e,crushing_gwp_factor,0.02553955889101582,0.02553955889101582
213,demand_capacity_ratio_k,subgrade_k_pci,-1.0,1.0
214,total_present_worth,concrete_unit_cost,0.8574434405426573,0.8574434405426573
214,total_present_worth,stone_57_unit_cost,0.2370492359770277,0.2370492359770277
214,total_present_worth,rebar_unit_cost,0.36992339766819343,0.36992339766819343
214,total_present_worth,fiber_unit_cost,0.0018284464450193788,0.0018284464450193788
214,total_present_worth,demolition_cost,0.04972307499419324,0.04972307499419324
214,total_present_worth,crushing_cost,0.04197119429144448,0.04197119429144448
214,total_present_worth,recycled_aggregate_credit,-0.032812291723364924,0.032812291723364924
214,total_present_worth,discount_rate,-0.21002628390649114,0.21002628390649114
214,gwp_total_project_kgco2e,concrete_gwp_factor,0.9956006133469764,0.9956006133469764
214,gwp_total_project_kgco2e,stone_57_gwp_factor,0.018261558752840627,0.018261558752840627
214,gwp_total_project_kgco2e,rebar_gwp_factor,0.08281779029127113,0.08281779029127113
214,gwp_total_project_kgco2e,trucking_gwp_factor,0.03798894338085958,0.03798894338085958
214,gwp_total_project_kgco2e,demolition_gwp_factor,0.022250032167812014,0.022250032167812014
214,gwp_total_project_kgco2e,crushing_gwp_factor,0.025631791540204722,0.025631791540204722
214,demand_capacity_ratio_k,subgrade_k_pci,-1.0,1.0
215,total_present_worth,concrete_unit_cost,0.8859625504973291,0.8859625504973291
215,total_present_worth,stone_57_unit_cost,0.24479949043295982,0.24479949043295982
215,total_present_worth,rebar_unit_cost,0.2852292793908917,0.2852292793908917
215,total_present_worth,fiber_unit_cost,0.0013903247356601301,0.0013903247356601301
215,total_present_worth,demolition_cost,0.051393081457741234,0.051393081457741234
215,total_present_worth,crushing_cost,0.04267264186922906,0.04267264186922906
215,total_present_worth,recycled_aggregate_credit,-0.03494806446629923,0.03494806446629923
215,total_present_worth,discount_rate,-0.21694651988484215,0.21694651988484215
215,gwp_total_project_kgco2e,concrete_gwp_factor,0.9970509842211246,0.9970509842211246
215,gwp_total_project_kgco2e,stone_57_gwp_factor,0.01826429523101772,0.01826429523101772
215,gwp_total_project_kgco2e,rebar_gwp_factor,0.06371633410919854,0.06371633410919854
215,gwp_total_project_kgco2e,trucking_gwp_factor,0.03702292026530517,0.03702292026530517
215,gwp_total_project_kgco2e,demolition_gwp_factor,0.022258936003847575,0.022258936003847575
215,gwp_total_project_kgco2e,crushing_gwp_factor,0.025756986697278796,0.025756986697278796
215,demand_capacity_ratio_k,subgrade_k_pci,-1.0,1.0
216,total_present_worth,concrete_unit_cost,0.9102229868487933,0.9102229868487933
216,total_present_worth,stone_57_unit_cost,0.20886539863442616,0.20886539863442616
216,total_present_worth,rebar_unit_cost,0.23013979172418397,0.23013979172418397
216,total_present_worth,fiber_unit_cost,0.001009337347219735,0.001009337347219735
216,total_present_worth,demolition_cost,0.05303178135705272,0.05303178135705272
216,total_present_worth,crushing_cost,0.043254858630453946,0.043254858630453946
216,total_present_worth,recycled_aggregate_credit,-0.036348566569291425,0.036348566569291425
216,total_present_worth,discount_rate,-0.22323732020828935,0.22323732020828935
216,gwp_total_project_kgco2e,concrete_gwp_factor,0.9978927153186132,0.9978927153186132
216,gwp_total_project_kgco2e,stone_57_gwp_factor,0.015094710522517886,0.015094710522517886
216,gwp_total_project_kgco2e,rebar_gwp_factor,0.051434068766525634,0.051434068766525634
216,gwp_total_project_kgco2e,trucking_gwp_factor,0.03461496680219799,0.03461496680219799
216,gwp_total_project_kgco2e,demolition_gwp_factor,0.022240824897280333,0.022240824897280333
216,gwp_total_project_kgco2e,crushing_gwp_factor,0.0258532445958453,0.0258532445958453
216,demand_capacity_ratio_k,subgrade_k_pci,-1.0,1.0
217,total_present_worth,concrete_unit_cost,0.9208415964469286,0.9208415964469286
217,total_present_worth,stone_57_unit_cost,0.21159153450102064,0.21159153450102064
217,total_present_worth,rebar_unit_cost,0.17678287193900116,0.17678287193900116
217,total_present_worth,fiber_unit_cost,0.0007278949270111579,0.0007278949270111579
217,total_present_worth,demolition_cost,0.0537555086908782,0.0537555086908782
217,total_present_worth,crushing_cost,0.043394268465101714,0.043394268465101714
217,total_present_worth,recycled_aggregate_credit,-0.03745706490557483,0.03745706490557483
217,total_present_worth,discount_rate,-0.22614150062326155,0.22614150062326155
217,gwp_total_project_kgco2e,concrete_gwp_factor,0.9983840330529538,0.9983840330529538
217,gwp_total_project_kgco2e,stone_57_gwp_factor,0.015083027917137214,0.015083027917137214
217,gwp_total_project_kgco2e,rebar_gwp_factor,0.040542351614008945,0.040542351614008945
217,gwp_total_project_kgco2e,trucking_gwp_factor,0.0340482563033153,0.0340482563033153
217,gwp_total_project_kgco2e,demolition_gwp_factor,0.02223486154220595,0.02223486154220595
217,gwp_total_project_kgco2e,crushing_gwp_factor,0.025914439447677778,0.025914439447677778
217,demand_capacity_ratio_k,subgrade_k_pci,-1.0,1.0
218,total_present_worth,concrete_unit_cost,0.9258819409718249,0.9258819409718249
218,total_present_worth,stone_57_unit_cost,0.21291022056836412,0.21291022056836412
218,total_present_worth,rebar_unit_cost,0.14400704934662684,0.14400704934662684
218,total_present_worth,fiber_unit_cost,0.0005584086438073636,0.0005584086438073636
218,total_present_worth,demolition_cost,0.05411243139402898,0.05411243139402898
218,total_present_worth,crushing_cost,0.043402328882288926,0.043402328882288926
218,total_present_worth,recycled_aggregate_credit,-0.038082157552288866,0.038082157552288866
218,total_present_worth,discount_rate,-0.2275539902243556,0.2275539902243556
218,gwp_total_project_kgco2e,concrete_gwp_factor,0.9986146615640539,0.9986146615640539
218,gwp_total_project_kgco2e,stone_57_gwp_factor,0.015076381561326554,0.015076381561326554
218,gwp_total_project_kgco2e,rebar_gwp_factor,0.03400594131165038,0.03400594131165038
218,gwp_total_project_kgco2e,trucking_gwp_factor,0.03371034689946814,0.03371034689946814
218,gwp_total_project_kgco2e,demolition_gwp_factor,0.022234160322397667,0.022234160322397667
218,gwp_total_project_kgco2e,crushing_gwp_factor,0.025949140070315655,0.025949140070315655
218,demand_capacity_ratio_k,subgrade_k_pci,-1.0,1.0
219,total_present_worth,concrete_unit_cost,0.9286559412427585,0.9286559412427585
219,total_present_worth,stone_57_unit_cost,0.21365585172683838,0.21365585172683838
219,total_present_worth,rebar_unit_cost,0.1218789335227036,0.1218789335227036
219,total_present_worth,fiber_unit_cost,0.0004412776076005111,0.0004412776076005111
219,total_present_worth,demolition_cost,0.054308348268795346,0.054308348268795346
219,total_present_worth,crushing_cost,0.0433772329327429,0.0433772329327429
219,total_present_worth,recycled_aggregate_credit,-0.038467989500667196,0.038467989500667196
219,total_present_worth,discount_rate,-0.22835862344183747,0.22835862344183747
219,gwp_total_project_kgco2e,concrete_gwp_factor,0.9987419450934168,0.9987419450934168
219,gwp_total_project_kgco2e,stone_57_gwp_factor,0.015070774055980311,0.015070774055980311
219,gwp_total_project_kgco2e,rebar_gwp_factor,0.02964310816459325,0.02964310816459325
219,gwp_total_project_kgco2e,trucking_gwp_factor,0.033480972159312394,0.033480972159312394
219,gwp_total_project_kgco2e,demolition_gwp_factor,0.022234119455005648,0.022234119455005648
219,gwp_total_project_kgco2e,crushing_gwp_factor,0.025970530964756218,0.025970530964756218
219,demand_capacity_ratio_k,subgrade_k_pci,-1.0,1.0
220,total_present_worth,concrete_unit_cost,0.8564674461059151,0.8564674461059151
220,total_present_worth,stone_57_unit_cost,0.19646217673340088,0.19646217673340088
220,total_present_worth,rebar_unit_cost,0.39624125441174457,0.39624125441174457
220,total_present_worth,fiber_unit_cost,0.0018463867000985549,0.0018463867000985549
220,total_present_worth,demolition_cost,0.04977181790182873,0.04977181790182873
220,total_present_worth,crushing_cost,0.041934822711045934,0.041934822711045934
220,total_present_worth,recycled_aggregate_credit,-0.032188871103275556,0.032188871103275556
220,total_present_worth,discount_rate,-0.20977323167685982,0.20977323167685982
220,gwp_total_project_kgco2e,concrete_gwp_factor,0.9952438854555696,0.9952438854555696
220,gwp_total_project_kgco2e,stone_57_gwp_factor,0.015100335729016133,0.015100335729016133
220,gwp_total_project_kgco2e,rebar_gwp_factor,0.08823194546444478,0.08823194546444478
220,gwp_total_project_kgco2e,trucking_gwp_factor,0.0364919967342768,0.0364919967342768
220,gwp_total_project_kgco2e,demolition_gwp_factor,0.022233018222109206,0.022233018222109206
220,gwp_total_project_kgco2e,crushing_gwp_factor,0.02561894334448758,0.02561894334448758
220,demand_capacity_ratio_k,subgrade_k_pci,-1.0,1.0
221,total_present_worth,concrete_unit_cost,0.8886925411548371,0.8886925411548371
221,total_present_worth,stone_57_unit_cost,0.2036514793402126,0.2036514793402126
221,total_present_worth,rebar_unit_cost,0.30928585219821036,0.30928585219821036
221,total_present_worth,fiber_unit_cost,0.001431367720220547,0.001431367720220547
221,total_present_worth,demolition_cost,0.05167273678764509,0.05167273678764509
221,total_present_worth,crushing_cost,0.042813601378213446,0.042813601378213446
221,total_present_worth,recycled_aggregate_credit,-0.03449495304707798,0.03449495304707798
221,total_present_worth,discount_rate,-0.21761578609625848,0.21761578609625848
221,gwp_total_project_kgco2e,concrete_gwp_factor,0.9968677873891792,0.9968677873891792
221,gwp_total_project_kgco2e,stone_57_gwp_factor,0.015091402893684562,0.015091402893684562
221,gwp_total_project_kgco2e,rebar_gwp_factor,0.06831803758662322,0.06831803758662322
221,gwp_total_project_kgco2e,trucking_gwp_factor,0.03548372574200149,0.03548372574200149
221,gwp_total_project_kgco2e,demolition_gwp_factor,0.02224219706560088,0.02224219706560088
221,gwp_total_project_kgco2e,crushing_gwp_factor,0.02574379261740152,0.02574379261740152
221,demand_capacity_ratio_k,subgrade_k_pci,-1.0,1.0
222,total_present_worth,concrete_unit_cost,0.9045964843865426,0.9045964843865426
222,total_present_worth,stone_57_unit_cost,0.20745412574662966,0.20745412574662966
222,total_present_worth,rebar_unit_cost,0.2535341994304697,0.2535341994304697
222,total_present_worth,fiber_unit_cost,0.001132419621572968,0.001132419621572968
222,total_present_worth,demolition_cost,0.05266677233332272,0.05266677233332272
222,total_present_worth,crushing_cost,0.04315991305313596,0.04315991305313596
222,total_present_worth,recycled_aggregate_credit,-0.03582855478322742,0.03582855478322742
222,total_present_worth,discount_rate,-0.2217315477771828,0.2217315477771828
222,gwp_total_project_kgco2e,concrete_gwp_factor,0.9976290274359156,0.9976290274359156
222,gwp_total_project_kgco2e,stone_57_gwp_factor,0.01509629862709452,0.01509629862709452
222,gwp_total_project_kgco2e,rebar_gwp_factor,0.056319847085823944,0.056319847085823944
222,gwp_total_project_kgco2e,trucking_gwp_factor,0.03486664446732266,0.03486664446732266
222,gwp_total_project_kgco2e,demolition_gwp_factor,0.02224248309337699,0.02224248309337699
222,gwp_total_project_kgco2e,crushing_gwp_factor,0.02582911285205965,0.02582911285205965
222,demand_capacity_ratio_k,subgrade_k_pci,-1.0,1.0
223,total_present_worth,concrete_unit_cost,0.9135434300290014,0.9135434300290014
223,total_present_worth,stone_57_unit_cost,0.2097081123892593,0.2097081123892593
223,total_present_worth,rebar_unit_cost,0.2150081447622593,0.2150081447622593
223,total_present_worth,fiber_unit_cost,0.0009317969885647188,0.0009317969885647188
223,total_present_worth,demolition_cost,0.053251022705172416,0.053251022705172416
223,total_present_worth,crushing_cost,0.043307660380363065,0.043307660380363065
223,total_present_worth,recycled_aggregate_credit,-0.036679772004463915,0.036679772004463915
223,total_present_worth,discount_rate,-0.22413570479640862,0.22413570479640862
223,gwp_total_project_kgco2e,concrete_gwp_factor,0.998047288741875,0.998047288741875
223,gwp_total_project_kgco2e,stone_57_gwp_factor,0.015092093442228838,0.015092093442228838
223,gwp_total_project_kgco2e,rebar_gwp_factor,0.04830961476021985,0.04830961476021985
223,gwp_total_project_kgco2e,trucking_gwp_factor,0.03445341010594137,0.03445341010594137
223,gwp_total_project_kgco2e,demolition_gwp_factor,0.022241027212576415,0.022241027212576415
223,gwp_total_project_kgco2e,crushing_gwp_factor,0.02587155094231662,0.02587155094231662
223,demand_capacity_ratio_k,subgrade_k_pci,-1.0,1.0
224,total_present_worth,concrete_unit_cost,0.9210557922171584,0.9210557922171584
224,total_present_worth,stone_57_unit_cost,0.21164631141713852,0.21164631141713852
224,total_present_worth,rebar_unit_cost,0.17552530087712215,0.17552530087712215
224,total_present_worth,fiber_unit_cost,0.0007221052027208421,0.0007221052027208421
224,total_present_worth,demolition_cost,0.05376955823155583,0.05376955823155583
224,total_present_worth,crushing_cost,0.04339500558593401,0.04339500558593401
224,total_present_worth,recycled_aggregate_credit,-0.03748115676366447,0.03748115676366447
224,total_present_worth,discount_rate,-0.22620088992475754,0.22620088992475754
224,gwp_total_project_kgco2e,concrete_gwp_factor,0.9983937971975017,0.9983937971975017
224,gwp_total_project_kgco2e,stone_57_gwp_factor,0.015082893567441158,0.015082893567441158
224,gwp_total_project_kgco2e,rebar_gwp_factor,0.04028984590837194,0.04028984590837194
224,gwp_total_project_kgco2e,trucking_gwp_factor,0.03403528522827012,0.03403528522827012
224,gwp_total_project_kgco2e,demolition_gwp_factor,0.022234932601981974,0.022234932601981974
224,gwp_total_project_kgco2e,crushing_gwp_factor,0.02591631805411053,0.02591631805411053
224,demand_capacity_ratio_k,subgrade_k_pci,-1.0,1.0
225,total_present_worth,concrete_unit_cost,0.9249205177050084,0.9249205177050084
225,total_present_worth,stone_57_unit_cost,0.21265612348867846,0.21265612348867846
225,total_present_worth,rebar_unit_cost,0.15085614426610247,0.15085614426610247
225,total_present_worth,fiber_unit_cost,0.0005960904582224363,0.0005960904582224363
225,total_present_worth,demolition_cost,0.05404656183697863,0.05404656183697863
225,total_present_worth,crushing_cost,0.04340422752075369,0.04340422752075369
225,total_present_worth,recycled_aggregate_credit,-0.03795781558849513,0.03795781558849513
225,total_present_worth,discount_rate,-0.22728166745618936,0.22728166745618936
225,gwp_total_project_kgco2e,concrete_gwp_factor,0.9985705974334763,0.9985705974334763
225,gwp_total_project_kgco2e,stone_57_gwp_factor,0.015077754889903101,0.015077754889903101
225,gwp_total_project_kgco2e,rebar_gwp_factor,0.035365231129474095,0.035365231129474095
225,gwp_total_project_kgco2e,trucking_gwp_factor,0.03378130827117653,0.03378130827117653
225,gwp_total_project_kgco2e,demolition_gwp_factor,0.02223520180019008,0.02223520180019008
225,gwp_total_project_kgco2e,crushing_gwp_factor,0.025942178669000875,0.025942178669000875
225,demand_capacity_ratio_k,subgrade_k_pci,-1.0,1.0
226,total_present_worth,concrete_unit_cost,0.9294402311751042,0.9294402311751042
226,total_present_worth,stone_57_unit_cost,0.21386328318615333,0.21386328318615333
226,total_present_worth,rebar_unit_cost,0.11479905763039965,0.11479905763039965
226,total_present_worth,fiber_unit_cost,0.00040481786358592713,0.00040481786358592713
226,total_present_worth,demolition_cost,0.05436482287963394,0.05436482287963394
226,total_present_worth,crushing_cost,0.043368201948643284,0.043368201948643284
226,total_present_worth,recycled_aggregate_credit,-0.03858602718266641,0.03858602718266641
226,total_present_worth,discount_rate,-0.22858584920613662,0.22858584920613662
226,gwp_total_project_kgco2e,concrete_gwp_factor,0.9987779713555752,0.9987779713555752
226,gwp_total_project_kgco2e,stone_57_gwp_factor,0.015068808728331525,0.015068808728331525
226,gwp_total_project_kgco2e,rebar_gwp_factor,0.028252838672613138,0.028252838672613138
226,gwp_total_project_kgco2e,trucking_gwp_factor,0.03340893857253158,0.03340893857253158
226,gwp_total_project_kgco2e,demolition_gwp_factor,0.02223362189756545,0.02223362189756545
226,gwp_total_project_kgco2e,crushing_gwp_factor,0.025977816889751128,0.025977816889751128
226,demand_capacity_ratio_k,subgrade_k_pci,-1.0,1.0
227,total_present_worth,concrete_unit_cost,0.7646524324083891,0.7646524324083891
227,total_present_worth,stone_57_unit_cost,0.17781983153365596,0.17781983153365596
227,total_present_worth,rebar_unit_cost,0.5651201740063362,0.5651201740063362
227,total_present_worth,fiber_unit_cost,0.0027081250463312505,0.0027081250463312505
227,total_present_worth,demolition_cost,0.044820862218024345,0.044820862218024345
227,total_present_worth,crushing_cost,0.03900139019966456,0.03900139019966456
227,total_present_worth,recycled_aggregate_credit,-0.02664230858860893,0.02664230858860893
227,total_present_worth,discount_rate,-0.18923183087898585,0.18923183087898585
227,gwp_total_project_kgco2e,concrete_gwp_factor,0.9898659454478824,0.9898659454478824
227,gwp_total_project_kgco2e,stone_57_gwp_factor,0.015079659721135863,0.015079659721135863
227,gwp_total_project_kgco2e,rebar_gwp_factor,0.1335657044068343,0.1335657044068343
227,gwp_total_project_kgco2e,trucking_gwp_factor,0.03871978354572792,0.03871978354572792
227,gwp_total_project_kgco2e,demolition_gwp_factor,0.02216367273507347,0.02216367273507347
227,gwp_total_project_kgco2e,crushing_gwp_factor,0.025277583746335038,0.025277583746335038
227,demand_capacity_ratio_k,subgrade_k_pci,-1.0,1.0
228,total_present_worth,concrete_unit_cost,0.8294232605350974,0.8294232605350974
228,total_present_worth,stone_57_unit_cost,0.19078669381209068,0.19078669381209068
228,total_present_worth,rebar_unit_cost,0.45450960737527585,0.45450960737527585
228,total_present_worth,fiber_unit_cost,0.002145905877018363,0.002145905877018363
228,total_present_worth,demolition_cost,0.048256362122598546,0.048256362122598546
228,total_present_worth,crushing_cost,0.04112545797593819,0.04112545797593819
228,total_present_worth,recycled_aggregate_credit,-0.030448632117587453,0.030448632117587453
228,total_present_worth,discount_rate,-0.20353658868168203,0.20353658868168203
228,gwp_total_project_kgco2e,concrete_gwp_factor,0.9937862056651946,0.9937862056651946
228,gwp_total_project_kgco2e,stone_57_gwp_factor,0.015099631749687854,0.015099631749687854
228,gwp_total_project_kgco2e,rebar_gwp_factor,0.1026627308882651,0.1026627308882651
228,gwp_total_project_kgco2e,trucking_gwp_factor,0.03721762465978305,0.03721762465978305
228,gwp_total_project_kgco2e,demolition_gwp_factor,0.022220012709080007,0.022220012709080007
228,gwp_total_project_kgco2e,crushing_gwp_factor,0.025513406666237366,0.025513406666237366
228,demand_capacity_ratio_k,subgrade_k_pci,-1.0,1.0
229,total_present_worth,concrete_unit_cost,0.8638692424022838,0.8638692424022838
229,total_present_worth,stone_57_unit_cost,0.19807757190079905,0.19807757190079905
229,total_present_worth,rebar_unit_cost,0.3783419903180568,0.3783419903180568
229,total_present_worth,fiber_unit_cost,0.0017644567611217828,0.0017644567611217828
229,total_present_worth,demolition_cost,0.05020066401889627,0.05020066401889627
229,total_present_worth,crushing_cost,0.04215556575164623,0.04215556575164623
229,total_present_worth,recycled_aggregate_credit,-0.032688534305395416,0.032688534305395416
229,total_present_worth,discount_rate,-0.21152964910236083,0.21152964910236083
229,gwp_total_project_kgco2e,concrete_gwp_factor,0.9956272565386028,0.9956272565386028
229,gwp_total_project_kgco2e,stone_57_gwp_factor,0.015099351517047742,0.015099351517047742
229,gwp_total_project_kgco2e,rebar_gwp_factor,0.08399241229929297,0.08399241229929297
229,gwp_total_project_kgco2e,trucking_gwp_factor,0.036278060847471226,0.036278060847471226
229,gwp_total_project_kgco2e,demolition_gwp_factor,0.02223637357571055,0.02223637357571055
229,gwp_total_project_kgco2e,crushing_gwp_factor,0.025646977826290794,0.025646977826290794
229,demand_capacity_ratio_k,subgrade_k_pci,-1.0,1.0
230,total_present_worth,concrete_unit_cost,0.884009748617028,0.884009748617028
230,total_present_worth,stone_57_unit_cost,0.20257513076823008,0.20257513076823008
230,total_present_worth,rebar_unit_cost,0.3236414633473446,0.3236414633473446
230,total_present_worth,fiber_unit_cost,0.0015043743956417498,0.0015043743956417498
230,total_present_worth,demolition_cost,0.05138960006650785,0.05138960006650785
230,total_present_worth,crushing_cost,0.042694961129653985,0.042694961129653985
230,total_present_worth,recycled_aggregate_credit,-0.03413913202389566,0.03413913202389566
230,total_present_worth,discount_rate,-0.2164391969947771,0.2164391969947771
230,gwp_total_project_kgco2e,concrete_gwp_factor,0.9966391574688637,0.9966391574688637
230,gwp_total_project_kgco2e,stone_57_gwp_factor,0.015093051931381222,0.015093051931381222
230,gwp_total_project_kgco2e,rebar_gwp_factor,0.07149187129573274,0.07149187129573274
230,gwp_total_project_kgco2e,trucking_gwp_factor,0.035642113158864855,0.035642113158864855
230,gwp_total_project_kgco2e,demolition_gwp_factor,0.022241533364992617,0.022241533364992617
230,gwp_total_project_kgco2e,crushing_gwp_factor,0.02572764009477106,0.02572764009477106
230,demand_capacity_ratio_k,subgrade_k_pci,-1.0,1.0
231,total_present_worth,concrete_unit_cost,0.9013529394590053,0.9013529394590053
231,total_present_worth,stone_57_unit_cost,0.2066634451267294,0.2066634451267294
231,total_present_worth,rebar_unit_cost,0.2659866228431307,0.2659866228431307
231,total_present_worth,fiber_unit_cost,0.0011930532326372212,0.0011930532326372212
231,total_present_worth,demolition_cost,0.05245779120235912,0.05245779120235912
231,total_present_worth,crushing_cost,0.043087555543635025,0.043087555543635025
231,total_present_worth,recycled_aggregate_credit,-0.03553853321818342,0.03553853321818342
231,total_present_worth,discount_rate,-0.22087403136455405,0.22087403136455405
231,gwp_total_project_kgco2e,concrete_gwp_factor,0.9974753786212941,0.9974753786212941
231,gwp_total_project_kgco2e,stone_57_gwp_factor,0.015092502367765001,0.015092502367765001
231,gwp_total_project_kgco2e,rebar_gwp_factor,0.05896022719984009,0.05896022719984009
231,gwp_total_project_kgco2e,trucking_gwp_factor,0.035004725682033895,0.035004725682033895
231,gwp_total_project_kgco2e,demolition_gwp_factor,0.022242350637568943,0.022242350637568943
231,gwp_total_project_kgco2e,crushing_gwp_factor,0.025813551102869422,0.025813551102869422
231,demand_capacity_ratio_k,subgrade_k_pci,-1.0,1.0
232,total_present_worth,concrete_unit_cost,0.9104340107121097,0.9104340107121097
232,total_present_worth,stone_57_unit_cost,0.2089167635677907,0.2089167635677907
232,total_present_worth,rebar_unit_cost,0.22921230329597295,0.22921230329597295
232,total_present_worth,fiber_unit_cost,0.001004276892785711,0.001004276892785711
232,total_present_worth,demolition_cost,0.05304639066057856,0.05304639066057856
232,total_present_worth,crushing_cost,0.04325886354549554,0.04325886354549554
232,total_present_worth,recycled_aggregate_credit,-0.036367250782130905,0.036367250782130905
232,total_present_worth,discount_rate,-0.22329380236088348,0.22329380236088348
232,gwp_total_project_kgco2e,concrete_gwp_factor,0.9979026188050492,0.9979026188050492
232,gwp_total_project_kgco2e,stone_57_gwp_factor,0.015093570137461428,0.015093570137461428
232,gwp_total_project_kgco2e,rebar_gwp_factor,0.05124089537601636,0.05124089537601636
232,gwp_total_project_kgco2e,trucking_gwp_factor,0.03460464590094586,0.03460464590094586
232,gwp_total_project_kgco2e,demolition_gwp_factor,0.02224088919721636,0.02224088919721636
232,gwp_total_project_kgco2e,crushing_gwp_factor,0.02585507614471003,0.02585507614471003
232,demand_capacity_ratio_k,subgrade_k_pci,-1.0,1.0
233,total_present_worth,concrete_unit_cost,0.9212163557241027,0.9212163557241027
233,total_present_worth,stone_57_unit_cost,0.2116869635853148,0.2116869635853148
233,total_present_worth,rebar_unit_cost,0.17457814037091926,0.17457814037091926
233,total_present_worth,fiber_unit_cost,0.0007179191848311679,0.0007179191848311679
233,total_present_worth,demolition_cost,0.053780702201288284,0.053780702201288284
233,total_present_worth,crushing_cost,0.043395110224398056,0.043395110224398056
233,total_present_worth,recycled_aggregate_credit,-0.037499232989111696,0.037499232989111696
233,total_present_worth,discount_rate,-0.22624365850285996,0.22624365850285996
233,gwp_total_project_kgco2e,concrete_gwp_factor,0.9984010443050884,0.9984010443050884
233,gwp_total_project_kgco2e,stone_57_gwp_factor,0.015082711644945086,0.015082711644945086
233,gwp_total_project_kgco2e,rebar_gwp_factor,0.040100824340648336,0.040100824340648336
233,gwp_total_project_kgco2e,trucking_gwp_factor,0.03402678444660272,0.03402678444660272
233,gwp_total_project_kgco2e,demolition_gwp_factor,0.022234968430717993,0.022234968430717993
233,gwp_total_project_kgco2e,crushing_gwp_factor,0.02591746246780699,0.02591746246780699
233,demand_capacity_ratio_k,subgrade_k_pci,-1.0,1.0
234,total_present_worth,concrete_unit_cost,0.6470033934839854,0.6470033934839854
234,total_present_worth,stone_57_unit_cost,0.1541547139190699,0.1541547139190699
234,total_present_worth,rebar_unit_cost,0.7109791225678477,0.7109791225678477
234,total_present_worth,fiber_unit_cost,0.003490302274420121,0.003490302274420121
234,total_present_worth,demolition_cost,0.03859344112884538,0.03859344112884538
234,total_present_worth,crushing_cost,0.034744171073353675,0.034744171073353675
234,total_present_worth,recycled_aggregate_credit,-0.020188405281995368,0.020188405281995368
234,total_present_worth,discount_rate,-0.1631815386584286,0.1631815386584286
234,gwp_total_project_kgco2e,concrete_gwp_factor,0.9804771685229109,0.9804771685229109
234,gwp_total_project_kgco2e,stone_57_gwp_factor,0.015043832862497534,0.015043832862497534
234,gwp_total_project_kgco2e,rebar_gwp_factor,0.18699758044571105,0.18699758044571105
234,gwp_total_project_kgco2e,trucking_gwp_factor,0.04122655654913062,0.04122655654913062
234,gwp_total_project_kgco2e,demolition_gwp_factor,0.0219922430966049,0.0219922430966049
234,gwp_total_project_kgco2e,crushing_gwp_factor,0.024786717212570687,0.024786717212570687
234,demand_capacity_ratio_k,subgrade_k_pci,-1.0,1.0
235,total_present_worth,concrete_unit_cost,0.7425735928614775,0.7425735928614775
235,total_present_worth,stone_57_unit_cost,0.17347072681390033,0.17347072681390033
235,total_present_worth,rebar_unit_cost,0.5967129371965733,0.5967129371965733
235,total_present_worth,fiber_unit_cost,0.002875483966366194,0.002875483966366194
235,total_present_worth,demolition_cost,0.04367053071302022,0.04367053071302022
235,total_present_worth,crushing_cost,0.03824114283814446,0.03824114283814446
235,total_present_worth,recycled_aggregate_credit,-0.025412822791957126,0.025412822791957126
235,total_present_worth,discount_rate,-0.18442980192526687,0.18442980192526687
235,gwp_total_project_kgco2e,concrete_gwp_factor,0.9883645574090099,0.9883645574090099
235,gwp_total_project_kgco2e,stone_57_gwp_factor,0.015076188348078477,0.015076188348078477
235,gwp_total_project_kgco2e,rebar_gwp_factor,0.1435489803626996,0.1435489803626996
235,gwp_total_project_kgco2e,trucking_gwp_factor,0.03919847561148739,0.03919847561148739
235,gwp_total_project_kgco2e,demolition_gwp_factor,0.022135770795286308,0.022135770795286308
235,gwp_total_project_kgco2e,crushing_gwp_factor,0.02518978942876392,0.02518978942876392
235,demand_capacity_ratio_k,subgrade_k_pci,-1.0,1.0
236,total_present_worth,concrete_unit_cost,0.8002127173136852,0.8002127173136852
236,total_present_worth,stone_57_unit_cost,0.18486906567977165,0.18486906567977165
236,total_present_worth,rebar_unit_cost,0.5083528066553411,0.5083528066553411
236,total_present_worth,fiber_unit_cost,0.0024014686391045873,0.0024014686391045873
236,total_present_worth,demolition_cost,0.046682227488816896,0.046682227488816896
236,total_present_worth,crushing_cost,0.04019661704654265,0.04019661704654265
236,total_present_worth,recycled_aggregate_credit,-0.02868147867883259,0.02868147867883259
236,total_present_worth,discount_rate,-0.19700652897173537,0.19700652897173537
236,gwp_total_project_kgco2e,concrete_gwp_factor,0.9920995295499597,0.9920995295499597
236,gwp_total_project_kgco2e,stone_57_gwp_factor,0.015091512270132607,0.015091512270132607
236,gwp_total_project_kgco2e,rebar_gwp_factor,0.1170322021866849,0.1170322021866849
236,gwp_total_project_kgco2e,trucking_gwp_factor,0.03792087947097635,0.03792087947097635
236,gwp_total_project_kgco2e,demolition_gwp_factor,0.022202845141777137,0.022202845141777137
236,gwp_total_project_kgco2e,crushing_gwp_factor,0.02541137467582855,0.02541137467582855
236,demand_capacity_ratio_k,subgrade_k_pci,-1.0,1.0
237,total_present_worth,concrete_unit_cost,0.8361008619344404,0.8361008619344404
237,total_present_worth,stone_57_unit_cost,0.192174970174438,0.192174970174438
237,total_present_worth,rebar_unit_cost,0.4409964304880146,0.4409964304880146
237,total_present_worth,fiber_unit_cost,0.0020774227421429693,0.0020774227421429693
237,total_present_worth,demolition_cost,0.048627208157050884,0.048627208157050884
237,total_present_worth,crushing_cost,0.04134203266562482,0.04134203266562482
237,total_present_worth,recycled_aggregate_credit,-0.030874190253085677,0.030874190253085677
237,total_present_worth,discount_rate,-0.205061857919964,0.205061857919964
237,gwp_total_project_kgco2e,concrete_gwp_factor,0.9941547486375659,0.9941547486375659
237,gwp_total_project_kgco2e,stone_57_gwp_factor,0.015103063913081227,0.015103063913081227
237,gwp_total_project_kgco2e,rebar_gwp_factor,0.0992279462031792,0.0992279462031792
237,gwp_total_project_kgco2e,trucking_gwp_factor,0.037041934601216776,0.037041934601216776
237,gwp_total_project_kgco2e,demolition_gwp_factor,0.022224427439769778,0.022224427439769778
237,gwp_total_project_kgco2e,crushing_gwp_factor,0.02553832256144733,0.02553832256144733
237,demand_capacity_ratio_k,subgrade_k_pci,-1.0,1.0
238,total_present_worth,concrete_unit_cost,0.8683655151968823,0.8683655151968823
238,total_present_worth,stone_57_unit_cost,0.1990667001196267,0.1990667001196267
238,total_present_worth,rebar_unit_cost,0.36695983923619196,0.36695983923619196
238,total_present_worth,fiber_unit_cost,0.0017077994549871199,0.0017077994549871199
238,total_present_worth,demolition_cost,0.05046827562204332,0.05046827562204332
238,total_present_worth,crushing_cost,0.04227677029614271,0.04227677029614271
238,total_present_worth,recycled_aggregate_credit,-0.033003658143121464,0.033003658143121464
238,total_present_worth,discount_rate,-0.212607638216347,0.212607638216347
238,gwp_total_project_kgco2e,concrete_gwp_factor,0.9958576753329992,0.9958576753329992
238,gwp_total_project_kgco2e,stone_57_gwp_factor,0.015096252732758502,0.015096252732758502
238,gwp_total_project_kgco2e,rebar_gwp_factor,0.0813307274744523,0.0813307274744523
238,gwp_total_project_kgco2e,trucking_gwp_factor,0.0361419910135288,0.0361419910135288
238,gwp_total_project_kgco2e,demolition_gwp_factor,0.02223534299756614,0.02223534299756614
238,gwp_total_project_kgco2e,crushing_gwp_factor,0.025664860880633945,0.025664860880633945
238,demand_capacity_ratio_k,subgrade_k_pci,-1.0,1.0
239,total_present_worth,concrete_unit_cost,0.885785117639978,0.885785117639978
239,total_present_worth,stone_57_unit_cost,0.2029839983600416,0.2029839983600416
239,total_present_worth,rebar_unit_cost,0.318287376106099,0.318287376106099
239,total_present_worth,fiber_unit_cost,0.0014799926240799972,0.0014799926240799972
239,total_present_worth,demolition_cost,0.05149470448450188,0.05149470448450188
239,total_present_worth,crushing_cost,0.04273955834112783,0.04273955834112783
239,total_present_worth,recycled_aggregate_credit,-0.03427688375863876,0.03427688375863876
239,total_present_worth,discount_rate,-0.21688204537511188,0.21688204537511188
239,gwp_total_project_kgco2e,concrete_gwp_factor,0.9967258451073623,0.9967258451073623
239,gwp_total_project_kgco2e,stone_57_gwp_factor,0.015093666344917468,0.015093666344917468
239,gwp_total_project_kgco2e,rebar_gwp_factor,0.07030628764021853,0.07030628764021853
239,gwp_total_project_kgco2e,trucking_gwp_factor,0.035582924208217175,0.035582924208217175
239,gwp_total_project_kgco2e,demolition_gwp_factor,0.02224187671907275,0.02224187671907275
239,gwp_total_project_kgco2e,crushing_gwp_factor,0.025734654106101863,0.025734654106101863
239,demand_capacity_ratio_k,subgrade_k_pci,-1.0,1.0
240,total_present_worth,concrete_unit_cost,0.9069357327597023,0.9069357327597023
240,total_present_worth,stone_57_unit_cost,0.20803910193521563,0.20803910193521563
240,total_present_worth,rebar_unit_cost,0.2441102096649721,0.2441102096649721
240,total_present_worth,fiber_unit_cost,0.0010852217967860889,0.0010852217967860889
240,total_present_worth,demolition_cost,0.05281465945709387,0.05281465945709387
240,total_present_worth,crushing_cost,0.043206302347298525,0.043206302347298525
240,total_present_worth,recycled_aggregate_credit,-0.03604075051662431,0.03604075051662431
240,total_present_worth,discount_rate,-0.22235108184331462,0.22235108184331462
240,gwp_total_project_kgco2e,concrete_gwp_factor,0.9977392029086637,0.9977392029086637
240,gwp_total_project_kgco2e,stone_57_gwp_factor,0.015094681216021876,0.015094681216021876
240,gwp_total_project_kgco2e,rebar_gwp_factor,0.054337655766951064,0.054337655766951064
240,gwp_total_project_kgco2e,trucking_gwp_factor,0.03476605935128243,0.03476605935128243
240,gwp_total_project_kgco2e,demolition_gwp_factor,0.022240314839200127,0.022240314839200127
240,gwp_total_project_kgco2e,crushing_gwp_factor,0.025837900863711162,0.025837900863711162
240,demand_capacity_ratio_k,subgrade_k_pci,-1.0,1.0
241,total_present_worth,concrete_unit_cost,0.6396414938022886,0.6396414938022886
241,total_present_worth,stone_57_unit_cost,0.3865767756977027,0.3865767756977027
241,total_present_worth,rebar_unit_cost,0.6194185803693996,0.6194185803693996
241,total_present_worth,fiber_unit_cost,0.003894251980245701,0.003894251980245701
241,total_present_worth,demolition_cost,0.0375144907647658,0.0375144907647658
241,total_present_worth,crushing_cost,0.03477517237035807,0.03477517237035807
241,total_present_worth,recycled_aggregate_credit,-0.02251468940628588,0.02251468940628588
241,total_present_worth,discount_rate,-0.1612285345531224,0.1612285345531224
241,gwp_total_project_kgco2e,concrete_gwp_factor,0.9829512543831006,0.9829512543831006
241,gwp_total_project_kgco2e,stone_57_gwp_factor,0.03846522230229809,0.03846522230229809
241,gwp_total_project_kgco2e,rebar_gwp_factor,0.16729707787863085,0.16729707787863085
241,gwp_total_project_kgco2e,trucking_gwp_factor,0.053420394164216164,0.053420394164216164
241,gwp_total_project_kgco2e,demolition_gwp_factor,0.022150504713244205,0.022150504713244205
241,gwp_total_project_kgco2e,crushing_gwp_factor,0.02480234517411294,0.02480234517411294
241,demand_capacity_ratio_k,subgrade_k_pci,-1.0,1.0
242,total_present_worth,concrete_unit_cost,0.7069430326391614,0.7069430326391614
242,total_present_worth,stone_57_unit_cost,0.42397192575192477,0.42397192575192477
242,total_present_worth,rebar_unit_cost,0.5051143087700778,0.5051143087700778
242,total_present_worth,fiber_unit_cost,0.00334347417426539,0.00334347417426539
242,total_present_worth,demolition_cost,0.04103934901295974,0.04103934901295974
242,total_present_worth,crushing_cost,0.03720495898262599,0.03720495898262599
242,total_present_worth,recycled_aggregate_credit,-0.026743409912489365,0.026743409912489365
242,total_present_worth,discount_rate,-0.1764040834854181,0.1764040834854181
242,gwp_total_project_kgco2e,concrete_gwp_factor,0.989234887426926,0.989234887426926
242,gwp_total_project_kgco2e,stone_57_gwp_factor,0.03864731376269093,0.03864731376269093
242,gwp_total_project_kgco2e,rebar_gwp_factor,0.128452452911733,0.128452452911733
242,gwp_total_project_kgco2e,trucking_gwp_factor,0.05166771418361109,0.05166771418361109
242,gwp_total_project_kgco2e,demolition_gwp_factor,0.022264648156201862,0.022264648156201862
242,gwp_total_project_kgco2e,crushing_gwp_factor,0.025147636786155055,0.025147636786155055
242,demand_capacity_ratio_k,subgrade_k_pci,-1.0,1.0
243,total_present_worth,concrete_unit_cost,0.49984741529065896,0.49984741529065896
243,total_present_worth,stone_57_unit_cost,0.30592330216614533,0.30592330216614533
243,total_present_worth,rebar_unit_cost,0.7867760903486625,0.7867760903486625
243,total_present_worth,fiber_unit_cost,0.004744667111689867,0.004744667111689867
243,total_present_worth,demolition_cost,0.029842472401472992,0.029842472401472992
243,total_present_worth,crushing_cost,0.029072659909357063,0.029072659909357063
243,total_present_worth,recycled_aggregate_credit,-0.014197328558414934,0.014197328558414934
243,total_present_worth,discount_rate,-0.12791262199025225,0.12791262199025225
243,gwp_total_project_kgco2e,concrete_gwp_factor,0.9626314622797407,0.9626314622797407
243,gwp_total_project_kgco2e,stone_57_gwp_factor,0.0378735040281414,0.0378735040281414
243,gwp_total_project_kgco2e,rebar_gwp_factor,0.25351911526015963,0.25351911526015963
243,gwp_total_project_kgco2e,trucking_gwp_factor,0.05703804218387122,0.05703804218387122
243,gwp_total_project_kgco2e,demolition_gwp_factor,0.02180200694235281,0.02180200694235281
243,gwp_total_project_kgco2e,crushing_gwp_factor,0.02389782047083913,0.02389782047083913
243,demand_capacity_ratio_k,subgrade_k_pci,-1.0,1.0
244,total_present_worth,concrete_unit_cost,0.5914505607274924,0.5914505607274924
244,total_present_worth,stone_57_unit_cost,0.35928974181792395,0.35928974181792395
244,total_present_worth,rebar_unit_cost,0.6854306110711643,0.6854306110711643
244,total_present_worth,fiber_unit_cost,0.004190167408268067,0.004190167408268067
244,total_present_worth,demolition_cost,0.034933548764021424,0.034933548764021424
244,total_present_worth,crushing_cost,0.03288017643436808,0.03288017643436808
244,total_present_worth,recycled_aggregate_credit,-0.019601706519808682,0.019601706519808682
244,total_present_worth,discount_rate,-0.15003658967653993,0.15003658967653993
244,gwp_total_project_kgco2e,concrete_gwp_factor,0.9773653949099863,0.9773653949099863
244,gwp_total_project_kgco2e,stone_57_gwp_factor,0.03829270078834108,0.03829270078834108
244,gwp_total_project_kgco2e,rebar_gwp_factor,0.1951216813438087,0.1951216813438087
244,gwp_total_project_kgco2e,trucking_gwp_factor,0.054639176915679676,0.054639176915679676
244,gwp_total_project_kgco2e,demolition_gwp_factor,0.022062617019065048,0.022062617019065048
244,gwp_total_project_kgco2e,crushing_gwp_factor,0.02452894233054758,0.02452894233054758
244,demand_capacity_ratio_k,subgrade_k_pci,-1.0,1.0
245,total_present_worth,concrete_unit_cost,0.6540824563986569,0.6540824563986569
245,total_present_worth,stone_57_unit_cost,0.3946658792014504,0.3946658792014504
245,total_present_worth,rebar_unit_cost,0.5974121799735569,0.5974121799735569
245,total_present_worth,fiber_unit_cost,0.0037911946197884783,0.0037911946197884783
245,total_present_worth,demolition_cost,0.03828002778052801,0.03828002778052801
245,total_present_worth,crushing_cost,0.03531435517738974,0.03531435517738974
245,total_present_worth,recycled_aggregate_credit,-0.02341126852997251,0.02341126852997251
245,total_present_worth,discount_rate,-0.16451240008177376,0.16451240008177376
245,gwp_total_project_kgco2e,concrete_gwp_factor,0.9844283427759154,0.9844283427759154
245,gwp_total_project_kgco2e,stone_57_gwp_factor,0.038502807501545125,0.038502807501545125
245,gwp_total_project_kgco2e,rebar_gwp_factor,0.15907228742369295,0.15907228742369295
245,gwp_total_project_kgco2e,trucking_gwp_factor,0.05305594591315838,0.05305594591315838
245,gwp_total_project_kgco2e,demolition_gwp_factor,0.022174954970629983,0.022174954970629983
245,gwp_total_project_kgco2e,crushing_gwp_factor,0.024876254161694502,0.024876254161694502
245,demand_capacity_ratio_k,subgrade_k_pci,-1.0,1.0
246,total_present_worth,concrete_unit_cost,0.696417324006023,0.696417324006023
246,total_present_worth,stone_57_unit_cost,0.41817177026845276,0.41817177026845276
246,total_present_worth,rebar_unit_cost,0.5252319389553088,0.5252319389553088
246,total_present_worth,fiber_unit_cost,0.0034549927110139973,0.0034549927110139973
246,total_present_worth,demolition_cost,0.040499166223175675,0.040499166223175675
246,total_present_worth,crushing_cost,0.036844459155601784,0.036844459155601784
246,total_present_worth,recycled_aggregate_credit,-0.026064964669401985,0.026064964669401985
246,total_present_worth,discount_rate,-0.1740482581611699,0.1740482581611699
246,gwp_total_project_kgco2e,concrete_gwp_factor,0.9883444890698978,0.9883444890698978
246,gwp_total_project_kgco2e,stone_57_gwp_factor,0.038620052524696025,0.038620052524696025
246,gwp_total_project_kgco2e,rebar_gwp_factor,0.13468478919448193,0.13468478919448193
246,gwp_total_project_kgco2e,trucking_gwp_factor,0.05194985553690795,0.05194985553690795
246,gwp_total_project_kgco2e,demolition_gwp_factor,0.02224784008873914,0.02224784008873914
246,gwp_total_project_kgco2e,crushing_gwp_factor,0.025097788785559117,0.025097788785559117
246,demand_capacity_ratio_k,subgrade_k_pci,-1.0,1.0
247,total_present_worth,concrete_unit_cost,0.3849910316959804,0.3849910316959804
247,total_present_worth,stone_57_unit_cost,0.23702405917167363,0.23702405917167363
247,total_present_worth,rebar_unit_cost,0.8803465208955946,0.8803465208955946
247,total_present_worth,fiber_unit_cost,0.0052956747913022705,0.0052956747913022705
247,total_present_worth,demolition_cost,0.02320141809664057,0.02320141809664057
247,total_present_worth,crushing_cost,0.02399782980815913,0.02399782980815913
247,total_present_worth,recycled_aggregate_credit,-0.007647634032467054,0.007647634032467054
247,total_present_worth,discount_rate,-0.09884146134464708,0.09884146134464708
247,gwp_total_project_kgco2e,concrete_gwp_factor,0.9289137465319177,0.9289137465319177
247,gwp_total_project_kgco2e,stone_57_gwp_factor,0.03692937834325175,0.03692937834325175
247,gwp_total_project_kgco2e,rebar_gwp_factor,0.35023387249980553,0.35023387249980553
247,gwp_total_project_kgco2e,trucking_gwp_factor,0.060563666992065474,0.060563666992065474
247,gwp_total_project_kgco2e,demolition_gwp_factor,0.021182779221145115,0.021182779221145115
247,gwp_total_project_kgco2e,crushing_gwp_factor,0.022658064510855228,0.022658064510855228
247,demand_capacity_ratio_k,subgrade_k_pci,-1.0,1.0
248,total_present_worth,concrete_unit_cost,0.47442186253648877,0.47442186253648877
248,total_present_worth,stone_57_unit_cost,0.2908088796798436,0.2908088796798436
248,total_present_worth,rebar_unit_cost,0.8103865694387147,0.8103865694387147
248,total_present_worth,fiber_unit_cost,0.004894341223525737,0.004894341223525737
248,total_present_worth,demolition_cost,0.0283889943217236,0.0283889943217236
248,total_present_worth,crushing_cost,0.02796746832485099,0.02796746832485099
248,total_present_worth,recycled_aggregate_credit,-0.012728214562467288,0.012728214562467288
248,total_present_worth,discount_rate,-0.12158544912457157,0.12158544912457157
248,gwp_total_project_kgco2e,concrete_gwp_factor,0.9570966267958947,0.9570966267958947
248,gwp_total_project_kgco2e,stone_57_gwp_factor,0.03771681742571073,0.03771681742571073
248,gwp_total_project_kgco2e,rebar_gwp_factor,0.2720181236014473,0.2720181236014473
248,gwp_total_project_kgco2e,trucking_gwp_factor,0.057757332420542935,0.057757332420542935
248,gwp_total_project_kgco2e,demolition_gwp_factor,0.021705072342186032,0.021705072342186032
248,gwp_total_project_kgco2e,crushing_gwp_factor,0.023679033230655615,0.023679033230655615
248,demand_capacity_ratio_k,subgrade_k_pci,-1.0,1.0
249,total_present_worth,concrete_unit_cost,0.5465062606150186,0.5465062606150186
249,total_present_worth,stone_57_unit_cost,0.33333314791083735,0.33333314791083735
249,total_present_worth,rebar_unit_cost,0.7385962999962707,0.7385962999962707
249,total_present_worth,fiber_unit_cost,0.004464768110841908,0.004464768110841908
249,total_present_worth,demolition_cost,0.032466051922970425,0.032466051922970425
249,total_present_worth,crushing_cost,0.031041449081504583,0.031041449081504583
249,total_present_worth,recycled_aggregate_credit,-0.016932557045045024,0.016932557045045024
249,total_present_worth,discount_rate,-0.13932087343981578,0.13932087343981578
249,gwp_total_project_kgco2e,concrete_gwp_factor,0.9709721367534448,0.9709721367534448
249,gwp_total_project_kgco2e,stone_57_gwp_factor,0.03810959417517984,0.03810959417517984
249,gwp_total_project_kgco2e,rebar_gwp_factor,0.22249495955174997,0.22249495955174997
249,gwp_total_project_kgco2e,trucking_gwp_factor,0.055795048554478026,0.055795048554478026
249,gwp_total_project_kgco2e,demolition_gwp_factor,0.021939870827559948,0.021939870827559948
249,gwp_total_project_kgco2e,crushing_gwp_factor,0.024240170398176067,0.024240170398176067
249,demand_capacity_ratio_k,subgrade_k_pci,-1.0,1.0
250,total_present_worth,concrete_unit_cost,0.6027137839978857,0.6027137839978857
250,total_present_worth,stone_57_unit_cost,0.3657142969773898,0.3657142969773898
250,total_present_worth,rebar_unit_cost,0.6709203748112162,0.6709203748112162
250,total_present_worth,fiber_unit_cost,0.004124484548849795,0.004124484548849795
250,total_present_worth,demolition_cost,0.035542199055848885,0.035542199055848885
250,total_present_worth,crushing_cost,0.03332956447707583,0.03332956447707583
250,total_present_worth,recycled_aggregate_credit,-0.02028058659163224,0.02028058659163224
250,total_present_worth,discount_rate,-0.15267687721723489,0.15267687721723489
250,gwp_total_project_kgco2e,concrete_gwp_factor,0.9787731421745495,0.9787731421745495
250,gwp_total_project_kgco2e,stone_57_gwp_factor,0.03833327504195731,0.03833327504195731
250,gwp_total_project_kgco2e,rebar_gwp_factor,0.18852175936718474,0.18852175936718474
250,gwp_total_project_kgco2e,trucking_gwp_factor,0.05435296313073319,0.05435296313073319
250,gwp_total_project_kgco2e,demolition_gwp_factor,0.022083629606017455,0.022083629606017455
250,gwp_total_project_kgco2e,crushing_gwp_factor,0.02459606352244643,0.02459606352244643
250,demand_capacity_ratio_k,subgrade_k_pci,-1.0,1.0
251,total_present_worth,concrete_unit_cost,0.663157170512655,0.663157170512655
251,total_present_worth,stone_57_unit_cost,0.3997204988364963,0.3997204988364963
251,total_present_worth,rebar_unit_cost,0.5829690609103717,0.5829690609103717
251,total_present_worth,fiber_unit_cost,0.003730785732052315,0.003730785732052315
251,total_present_worth,demolition_cost,0.03876810723969924,0.03876810723969924
251,total_present_worth,crushing_cost,0.0356584977159914,0.0356584977159914
251,total_present_worth,recycled_aggregate_credit,-0.023974532026165816,0.023974532026165816
251,total_present_worth,discount_rate,-0.16657048141185232,0.16657048141185232
251,gwp_total_project_kgco2e,concrete_gwp_factor,0.9853167598022868,0.9853167598022868
251,gwp_total_project_kgco2e,stone_57_gwp_factor,0.038532496004597,0.038532496004597
251,gwp_total_project_kgco2e,rebar_gwp_factor,0.15389888625410356,0.15389888625410356
251,gwp_total_project_kgco2e,trucking_gwp_factor,0.052822796594313125,0.052822796594313125
251,gwp_total_project_kgco2e,demolition_gwp_factor,0.022193508424941406,0.022193508424941406
251,gwp_total_project_kgco2e,crushing_gwp_factor,0.02492837134597135,0.02492837134597135
251,demand_capacity_ratio_k,subgrade_k_pci,-1.0,1.0
252,total_present_worth,concrete_unit_cost,0.700374909540598,0.700374909540598
252,total_present_worth,stone_57_unit_cost,0.42035684751326274,0.42035684751326274
252,total_present_worth,rebar_unit_cost,0.5177831103110813,0.5177831103110813
252,total_present_worth,fiber_unit_cost,0.0034176718933670693,0.0034176718933670693
252,total_present_worth,demolition_cost,0.04071330483135733,0.04071330483135733
252,total_present_worth,crushing_cost,0.03697358189462944,0.03697358189462944
252,total_present_worth,recycled_aggregate_credit,-0.02631697592588679,0.02631697592588679
252,total_present_worth,discount_rate,-0.17493467013811304,0.17493467013811304
252,gwp_total_project_kgco2e,concrete_gwp_factor,0.9886835478756016,0.9886835478756016
252,gwp_total_project_kgco2e,stone_57_gwp_factor,0.038631422218844566,0.038631422218844566
252,gwp_total_project_kgco2e,rebar_gwp_factor,0.13234765077949906,0.13234765077949906
252,gwp_total_project_kgco2e,trucking_gwp_factor,0.05184471313929789,0.05184471313929789
252,gwp_total_project_kgco2e,demolition_gwp_factor,0.022256858839558743,0.022256858839558743
252,gwp_total_project_kgco2e,crushing_gwp_factor,0.025116459193598582,0.025116459193598582
252,demand_capacity_ratio_k,subgrade_k_pci,-1.0,1.0
253,total_present_worth,concrete_unit_cost,0.8331192223015037,0.8331192223015037
253,total_present_worth,stone_57_unit_cost,0.3653462122978825,0.3653462122978825
253,total_present_worth,rebar_unit_cost,0.315197363565055,0.315197363565055
253,total_present_worth,fiber_unit_cost,0.001939556834791823,0.001939556834791823
253,total_present_worth,demolition_cost,0.04799688478463876,0.04799688478463876
253,total_present_worth,crushing_cost,0.04105767230967108,0.04105767230967108
253,total_present_worth,recycled_aggregate_credit,-0.03332676671489871,0.03332676671489871
253,total_present_worth,discount_rate,-0.2044388789439852,0.2044388789439852
253,gwp_total_project_kgco2e,concrete_gwp_factor,0.995824908554906,0.995824908554906
253,gwp_total_project_kgco2e,stone_57_gwp_factor,0.028935307917270125,0.028935307917270125
253,gwp_total_project_kgco2e,rebar_gwp_factor,0.07339304018782122,0.07339304018782122
253,gwp_total_project_kgco2e,trucking_gwp_factor,0.04350127446780051,0.04350127446780051
253,gwp_total_project_kgco2e,demolition_gwp_factor,0.022297162329494868,0.022297162329494868
253,gwp_total_project_kgco2e,crushing_gwp_factor,0.025616038720678417,0.025616038720678417
253,demand_capacity_ratio_k,subgrade_k_pci,-1.0,1.0
254,total_present_worth,concrete_unit_cost,0.8525517126862369,0.8525517126862369
254,total_present_worth,stone_57_unit_cost,0.37346648149124256,0.37346648149124256
254,total_present_worth,rebar_unit_cost,0.2432104107890282,0.2432104107890282
254,total_present_worth,fiber_unit_cost,0.0015119690440607875,0.0015119690440607875
254,total_present_worth,demolition_cost,0.04904086761497635,0.04904086761497635
254,total_present_worth,crushing_cost,0.04141042490472417,0.04141042490472417
254,total_present_worth,recycled_aggregate_credit,-0.034922852401201146,0.034922852401201146
254,total_present_worth,discount_rate,-0.20891225933209612,0.20891225933209612
254,gwp_total_project_kgco2e,concrete_gwp_factor,0.9969181077964634,0.9969181077964634
254,gwp_total_project_kgco2e,stone_57_gwp_factor,0.028942493644664998,0.028942493644664998
254,gwp_total_project_kgco2e,rebar_gwp_factor,0.057126168157538466,0.057126168157538466
254,gwp_total_project_kgco2e,trucking_gwp_factor,0.04266865832465147,0.04266865832465147
254,gwp_total_project_kgco2e,demolition_gwp_factor,0.0222977523125671,0.0222977523125671
254,gwp_total_project_kgco2e,crushing_gwp_factor,0.025717345958318937,0.025717345958318937
254,demand_capacity_ratio_k,subgrade_k_pci,-1.0,1.0
255,total_present_worth,concrete_unit_cost,0.741584804156442,0.741584804156442
255,total_present_worth,stone_57_unit_cost,0.32860583497931434,0.32860583497931434
255,total_present_worth,rebar_unit_cost,0.525487313430579,0.525487313430579
255,total_present_worth,fiber_unit_cost,0.0030354242434221697,0.0030354242434221697
255,total_present_worth,demolition_cost,0.04318240980402497,0.04318240980402497
255,total_present_worth,crushing_cost,0.03843191599383677,0.03843191599383677
255,total_present_worth,recycled_aggregate_credit,-0.027219849848679943,0.027219849848679943
255,total_present_worth,discount_rate,-0.184092333147817,0.184092333147817
255,gwp_total_project_kgco2e,concrete_gwp_factor,0.9899472309382831,0.9899472309382831
255,gwp_total_project_kgco2e,stone_57_gwp_factor,0.02884226904174491,0.02884226904174491
255,gwp_total_project_kgco2e,rebar_gwp_factor,0.12810756390785102,0.12810756390785102
255,gwp_total_project_kgco2e,trucking_gwp_factor,0.04616258201139303,0.04616258201139303
255,gwp_total_project_kgco2e,demolition_gwp_factor,0.022231910858748767,0.022231910858748767
255,gwp_total_project_kgco2e,crushing_gwp_factor,0.025232406799116966,0.025232406799116966
255,demand_capacity_ratio_k,subgrade_k_pci,-1.0,1.0
256,total_present_worth,concrete_unit_cost,0.7950728254789251,0.7950728254789251
256,total_present_worth,stone_57_unit_cost,0.34984253976025703,0.34984253976025703
256,total_present_worth,rebar_unit_cost,0.41847995576896,0.41847995576896
256,total_present_worth,fiber_unit_cost,0.002497558735623024,0.002497558735623024
256,total_present_worth,demolition_cost,0.045970935601396375,0.045970935601396375
256,total_present_worth,crushing_cost,0.04009552284960621,0.04009552284960621
256,total_present_worth,recycled_aggregate_credit,-0.03061377069662951,0.03061377069662951
256,total_present_worth,discount_rate,-0.19589251003522842,0.19589251003522842
256,gwp_total_project_kgco2e,concrete_gwp_factor,0.9935467581021868,0.9935467581021868
256,gwp_total_project_kgco2e,stone_57_gwp_factor,0.0289067382159787,0.0289067382159787
256,gwp_total_project_kgco2e,rebar_gwp_factor,0.09854033870088816,0.09854033870088816
256,gwp_total_project_kgco2e,trucking_gwp_factor,0.04473856855597543,0.04473856855597543
256,gwp_total_project_kgco2e,demolition_gwp_factor,0.022286054448946425,0.022286054448946425
256,gwp_total_project_kgco2e,crushing_gwp_factor,0.02544159608592064,0.02544159608592064
256,demand_capacity_ratio_k,subgrade_k_pci,-1.0,1.0
257,total_present_worth,concrete_unit_cost,0.823002170730929,0.823002170730929
257,total_present_worth,stone_57_unit_cost,0.36116912891893166,0.36116912891893166
257,total_present_worth,rebar_unit_cost,0.3461982081422873,0.3461982081422873
257,total_present_worth,fiber_unit_cost,0.0021175257340630103,0.0021175257340630103
257,total_present_worth,demolition_cost,0.04744951553085181,0.04744951553085181
257,total_present_worth,crushing_cost,0.04082982020967594,0.04082982020967594
257,total_present_worth,recycled_aggregate_credit,-0.03256527495981011,0.03256527495981011
257,total_present_worth,discount_rate,-0.2021497043302397,0.2021497043302397
257,gwp_total_project_kgco2e,concrete_gwp_factor,0.9952382824506074,0.9952382824506074
257,gwp_total_project_kgco2e,stone_57_gwp_factor,0.028928512553043406,0.028928512553043406
257,gwp_total_project_kgco2e,rebar_gwp_factor,0.08068417898718568,0.08068417898718568
257,gwp_total_project_kgco2e,trucking_gwp_factor,0.04386465529514587,0.04386465529514587
257,gwp_total_project_kgco2e,demolition_gwp_factor,0.022290360554196146,0.022290360554196146
257,gwp_total_project_kgco2e,crushing_gwp_factor,0.025565087038610036,0.025565087038610036
257,demand_capacity_ratio_k,subgrade_k_pci,-1.0,1.0
258,total_present_worth,concrete_unit_cost,0.8391494030205559,0.8391494030205559
258,total_present_worth,stone_57_unit_cost,0.3678441396112977,0.3678441396112977
258,total_present_worth,rebar_unit_cost,0.29495693550662283,0.29495693550662283
258,total_present_worth,fiber_unit_cost,0.0018130462091092187,0.0018130462091092187
258,total_present_worth,demolition_cost,0.04831156362156463,0.04831156362156463
258,total_present_worth,crushing_cost,0.041179544218615825,0.041179544218615825
258,total_present_worth,recycled_aggregate_credit,-0.03380111489211245,0.03380111489211245
258,total_present_worth,discount_rate,-0.2058194418213668,0.2058194418213668
258,gwp_total_project_kgco2e,concrete_gwp_factor,0.9961690702907237,0.9961690702907237
258,gwp_total_project_kgco2e,stone_57_gwp_factor,0.02893657510997463,0.02893657510997463
258,gwp_total_project_kgco2e,rebar_gwp_factor,0.06872859764825945,0.06872859764825945
258,gwp_total_project_kgco2e,trucking_gwp_factor,0.043263775623097515,0.043263775623097515
258,gwp_total_project_kgco2e,demolition_gwp_factor,0.02229531750114213,0.02229531750114213
258,gwp_total_project_kgco2e,crushing_gwp_factor,0.025648999743347597,0.025648999743347597
258,demand_capacity_ratio_k,subgrade_k_pci,-1.0,1.0
259,total_present_worth,concrete_unit_cost,0.852947172761851,0.852947172761851
259,total_present_worth,stone_57_unit_cost,0.37363427593975773,0.37363427593975773
259,total_present_worth,rebar_unit_cost,0.2414959243320224,0.2414959243320224
259,total_present_worth,fiber_unit_cost,0.001500634944216254,0.001500634944216254
259,total_present_worth,demolition_cost,0.04906066914685627,0.04906066914685627
259,total_present_worth,crushing_cost,0.041416560541398625,0.041416560541398625
259,total_present_worth,recycled_aggregate_credit,-0.03495694893135878,0.03495694893135878
259,total_present_worth,discount_rate,-0.2090039588046814,0.2090039588046814
259,gwp_total_project_kgco2e,concrete_gwp_factor,0.996939879949048,0.996939879949048
259,gwp_total_project_kgco2e,stone_57_gwp_factor,0.028943187091641277,0.028943187091641277
259,gwp_total_project_kgco2e,rebar_gwp_factor,0.05674838579764335,0.05674838579764335
259,gwp_total_project_kgco2e,trucking_gwp_factor,0.04265004144765202,0.04265004144765202
259,gwp_total_project_kgco2e,demolition_gwp_factor,0.022298287382103318,0.022298287382103318
259,gwp_total_project_kgco2e,crushing_gwp_factor,0.025719374896335752,0.025719374896335752
259,demand_capacity_ratio_k,subgrade_k_pci,-1.0,1.0
260,total_present_worth,concrete_unit_cost,0.6117013011002645,0.6117013011002645
260,total_present_worth,stone_57_unit_cost,0.27635618717265453,0.27635618717265453
260,total_present_worth,rebar_unit_cost,0.7060117787922927,0.7060117787922927
260,total_present_worth,fiber_unit_cost,0.003942510349865005,0.003942510349865005
260,total_present_worth,demolition_cost,0.03629526733912611,0.03629526733912611
260,total_present_worth,crushing_cost,0.03360111508272045,0.03360111508272045
260,total_present_worth,recycled_aggregate_credit,-0.0196269897850348,0.0196269897850348
260,total_present_worth,discount_rate,-0.15485111918383618,0.15485111918383618
260,gwp_total_project_kgco2e,concrete_gwp_factor,0.9781513301698206,0.9781513301698206
260,gwp_total_project_kgco2e,stone_57_gwp_factor,0.02861128611755652,0.02861128611755652
260,gwp_total_project_kgco2e,rebar_gwp_factor,0.19462330389906535,0.19462330389906535
260,gwp_total_project_kgco2e,trucking_gwp_factor,0.04919733570201494,0.04919733570201494
260,gwp_total_project_kgco2e,demolition_gwp_factor,0.022027584365547036,0.022027584365547036
260,gwp_total_project_kgco2e,crushing_gwp_factor,0.024615156438390063,0.024615156438390063
260,demand_capacity_ratio_k,subgrade_k_pci,-1.0,1.0
261,total_present_worth,concrete_unit_cost,0.6999114628174365,0.6999114628174365
261,total_present_worth,stone_57_unit_cost,0.3121304486098122,0.3121304486098122
261,total_present_worth,rebar_unit_cost,0.5923643133869938,0.5923643133869938
261,total_present_worth,fiber_unit_cost,0.0033797973963919188,0.0033797973963919188
261,total_present_worth,demolition_cost,0.040986136616906456,0.040986136616906456
261,total_present_worth,crushing_cost,0.036970778817316315,0.036970778817316315
261,total_present_worth,recycled_aggregate_credit,-0.02474514390961006,0.02474514390961006
261,total_present_worth,discount_rate,-0.17489439970211165,0.17489439970211165
261,gwp_total_project_kgco2e,concrete_gwp_factor,0.9867292687386597,0.9867292687386597
261,gwp_total_project_kgco2e,stone_57_gwp_factor,0.028778303138583324,0.028778303138583324
261,gwp_total_project_kgco2e,rebar_gwp_factor,0.14942400988037763,0.14942400988037763
261,gwp_total_project_kgco2e,trucking_gwp_factor,0.0471517398193407,0.0471517398193407
261,gwp_total_project_kgco2e,demolition_gwp_factor,0.02217446224083779,0.02217446224083779
261,gwp_total_project_kgco2e,crushing_gwp_factor,0.02504309863740924,0.02504309863740924
261,demand_capacity_ratio_k,subgrade_k_pci,-1.0,1.0
262,total_present_worth,concrete_unit_cost,0.7535070335418829,0.7535070335418829
262,total_present_worth,stone_57_unit_cost,0.3333098590718199,0.3333098590718199
262,total_present_worth,rebar_unit_cost,0.5041154478599502,0.5041154478599502
262,total_present_worth,fiber_unit_cost,0.0029272555369149024,0.0029272555369149024
262,total_present_worth,demolition_cost,0.04379791558545517,0.04379791558545517
262,total_present_worth,crushing_cost,0.038827509509547005,0.038827509509547005
262,total_present_worth,recycled_aggregate_credit,-0.027954285874701716,0.027954285874701716
262,total_present_worth,discount_rate,-0.18672276618140402,0.18672276618140402
262,gwp_total_project_kgco2e,concrete_gwp_factor,0.9907953417099182,0.9907953417099182
262,gwp_total_project_kgco2e,stone_57_gwp_factor,0.02886161651157665,0.02886161651157665
262,gwp_total_project_kgco2e,rebar_gwp_factor,0.1218284919275154,0.1218284919275154
262,gwp_total_project_kgco2e,trucking_gwp_factor,0.04586745122612298,0.04586745122612298
262,gwp_total_project_kgco2e,demolition_gwp_factor,0.02224693429725078,0.02224693429725078
262,gwp_total_project_kgco2e,crushing_gwp_factor,0.02527706379075083,0.02527706379075083
262,demand_capacity_ratio_k,subgrade_k_pci,-1.0,1.0
263,total_present_worth,concrete_unit_cost,0.7870410152892805,0.7870410152892805
263,total_present_worth,stone_57_unit_cost,0.3466305859885722,0.3466305859885722
263,total_present_worth,rebar_unit_cost,0.4366681304130673,0.4366681304130673
263,total_present_worth,fiber_unit_cost,0.002586028004138411,0.002586028004138411
263,total_present_worth,demolition_cost,0.04554117744362447,0.04554117744362447
263,total_present_worth,crushing_cost,0.03986208426490484,0.03986208426490484
263,total_present_worth,recycled_aggregate_credit,-0.03008264299001706,0.03008264299001706
263,total_present_worth,discount_rate,-0.1941109468442526,0.1941109468442526
263,gwp_total_project_kgco2e,concrete_gwp_factor,0.9930387012009275,0.9930387012009275
263,gwp_total_project_kgco2e,stone_57_gwp_factor,0.028895899540262362,0.028895899540262362
263,gwp_total_project_kgco2e,rebar_gwp_factor,0.10326322351250529,0.10326322351250529
263,gwp_total_project_kgco2e,trucking_gwp_factor,0.04497431716122173,0.04497431716122173
263,gwp_total_project_kgco2e,demolition_gwp_factor,0.02228046724049619,0.02228046724049619
263,gwp_total_project_kgco2e,crushing_gwp_factor,0.025408584314963435,0.025408584314963435
263,demand_capacity_ratio_k,subgrade_k_pci,-1.0,1.0
264,total_present_worth,concrete_unit_cost,0.8172245413784739,0.8172245413784739
264,total_present_worth,stone_57_unit_cost,0.3588002479034882,0.3588002479034882
264,total_present_worth,rebar_unit_cost,0.36256177558432073,0.36256177558432073
264,total_present_worth,fiber_unit_cost,0.0022071557113148626,0.0022071557113148626
264,total_present_worth,demolition_cost,0.04713768593754308,0.04713768593754308
264,total_present_worth,crushing_cost,0.04069059901925223,0.04069059901925223
264,total_present_worth,recycled_aggregate_credit,-0.032151042680060415,0.032151042680060415
264,total_present_worth,discount_rate,-0.20083908692920746,0.20083908692920746
264,gwp_total_project_kgco2e,concrete_gwp_factor,0.9948968801051908,0.9948968801051908
264,gwp_total_project_kgco2e,stone_57_gwp_factor,0.0289242452591537,0.0289242452591537
264,gwp_total_project_kgco2e,rebar_gwp_factor,0.08461309773643724,0.08461309773643724
264,gwp_total_project_kgco2e,trucking_gwp_factor,0.04406268268805708,0.04406268268805708
264,gwp_total_project_kgco2e,demolition_gwp_factor,0.022288037580755215,0.022288037580755215
264,gwp_total_project_kgco2e,crushing_gwp_factor,0.025537855630983142,0.025537855630983142
264,demand_capacity_ratio_k,subgrade_k_pci,-1.0,1.0
265,total_present_worth,concrete_unit_cost,0.8334987173708076,0.8334987173708076
265,total_present_worth,stone_57_unit_cost,0.36550481453001,0.36550481453001
265,total_present_worth,rebar_unit_cost,0.3139629579178732,0.3139629579178732
265,total_present_worth,fiber_unit_cost,0.001931996755780799,0.001931996755780799
265,total_present_worth,demolition_cost,0.048016094178726446,0.048016094178726446
265,total_present_worth,crushing_cost,0.041065042153066014,0.041065042153066014
265,total_present_worth,recycled_aggregate_credit,-0.03335689230076676,0.03335689230076676
265,total_present_worth,discount_rate,-0.20452714176056355,0.20452714176056355
265,gwp_total_project_kgco2e,concrete_gwp_factor,0.9958466771771867,0.9958466771771867
265,gwp_total_project_kgco2e,stone_57_gwp_factor,0.02893678999339872,0.02893678999339872
265,gwp_total_project_kgco2e,rebar_gwp_factor,0.0731079812189392,0.0731079812189392
265,gwp_total_project_kgco2e,trucking_gwp_factor,0.04348636711451455,0.04348636711451455
265,gwp_total_project_kgco2e,demolition_gwp_factor,0.02229592438789437,0.02229592438789437
265,gwp_total_project_kgco2e,crushing_gwp_factor,0.02561817375242327,0.02561817375242327
265,demand_capacity_ratio_k,subgrade_k_pci,-1.0,1.0
266,total_present_worth,concrete_unit_cost,0.4853654037900822,0.4853654037900822
266,total_present_worth,stone_57_unit_cost,0.22221659711067865,0.22221659711067865
266,total_present_worth,rebar_unit_cost,0.8260862943292826,0.8260862943292826
266,total_present_worth,fiber_unit_cost,0.004705897935514359,0.004705897935514359
266,total_present_worth,demolition_cost,0.029227972269867196,0.029227972269867196
266,total_present_worth,crushing_cost,0.028322383070592955,0.028322383070592955
266,total_present_worth,recycled_aggregate_credit,-0.012535514272822207,0.012535514272822207
266,total_present_worth,discount_rate,-0.12425553204286273,0.12425553204286273
266,gwp_total_project_kgco2e,concrete_gwp_factor,0.9579902215843802,0.9579902215843802
266,gwp_total_project_kgco2e,stone_57_gwp_factor,0.028228575827675434,0.028228575827675434
266,gwp_total_project_kgco2e,rebar_gwp_factor,0.2713587315226235,0.2713587315226235
266,gwp_total_project_kgco2e,trucking_gwp_factor,0.05242471760144989,0.05242471760144989
266,gwp_total_project_kgco2e,demolition_gwp_factor,0.02167644904294258,0.02167644904294258
266,gwp_total_project_kgco2e,crushing_gwp_factor,0.023761586422656637,0.023761586422656637
266,demand_capacity_ratio_k,subgrade_k_pci,-1.0,1.0
267,total_present_worth,concrete_unit_cost,0.5850896529277319,0.5850896529277319
267,total_present_worth,stone_57_unit_cost,0.2652110945597804,0.2652110945597804
267,total_present_worth,rebar_unit_cost,0.7348789798939196,0.7348789798939196
267,total_present_worth,fiber_unit_cost,0.004103394374025358,0.004103394374025358
267,total_present_worth,demolition_cost,0.03484243662308898,0.03484243662308898
267,total_present_worth,crushing_cost,0.03252085106164835,0.03252085106164835
267,total_present_worth,recycled_aggregate_credit,-0.018118403597807364,0.018118403597807364
267,total_present_worth,discount_rate,-0.14860076415184673,0.14860076415184673
267,gwp_total_project_kgco2e,concrete_gwp_factor,0.9748900518528041,0.9748900518528041
267,gwp_total_project_kgco2e,stone_57_gwp_factor,0.028545364760058152,0.028545364760058152
267,gwp_total_project_kgco2e,rebar_gwp_factor,0.20911320875858933,0.20911320875858933
267,gwp_total_project_kgco2e,trucking_gwp_factor,0.04982846440623539,0.04982846440623539
267,gwp_total_project_kgco2e,demolition_gwp_factor,0.02196111763329645,0.02196111763329645
267,gwp_total_project_kgco2e,crushing_gwp_factor,0.024460610654392246,0.024460610654392246
267,demand_capacity_ratio_k,subgrade_k_pci,-1.0,1.0
268,total_present_worth,concrete_unit_cost,0.6581381707127274,0.6581381707127274
268,total_present_worth,stone_57_unit_cost,0.295392349116749,0.295392349116749
268,total_present_worth,rebar_unit_cost,0.6500615001500726,0.6500615001500726
268,total_present_worth,fiber_unit_cost,0.0036703053719321227,0.0036703053719321227
268,total_present_worth,demolition_cost,0.03880563579625826,0.03880563579625826
268,total_present_worth,crushing_cost,0.0354157462366623,0.0354157462366623
268,total_present_worth,recycled_aggregate_credit,-0.022312674031101074,0.022312674031101074
268,total_present_worth,discount_rate,-0.16553554957196917,0.16553554957196917
268,gwp_total_project_kgco2e,concrete_gwp_factor,0.9830257420463944,0.9830257420463944
268,gwp_total_project_kgco2e,stone_57_gwp_factor,0.028711757002620703,0.028711757002620703
268,gwp_total_project_kgco2e,rebar_gwp_factor,0.1705142376376777,0.1705142376376777
268,gwp_total_project_kgco2e,trucking_gwp_factor,0.04811055626154822,0.04811055626154822
268,gwp_total_project_kgco2e,demolition_gwp_factor,0.02210621704801049,0.02210621704801049
268,gwp_total_project_kgco2e,crushing_gwp_factor,0.024848723493267492,0.024848723493267492
268,demand_capacity_ratio_k,subgrade_k_pci,-1.0,1.0
269,total_present_worth,concrete_unit_cost,0.7099298740877801,0.7099298740877801
269,total_present_worth,stone_57_unit_cost,0.3161002718299281,0.3161002718299281
269,total_present_worth,rebar_unit_cost,0.5772580187930152,0.5772580187930152
269,total_present_worth,fiber_unit_cost,0.0033107328800442933,0.0033107328800442933
269,total_present_worth,demolition_cost,0.041516476782334596,0.041516476782334596
269,total_present_worth,crushing_cost,0.03733084195272434,0.03733084195272434
269,total_present_worth,recycled_aggregate_credit,-0.025337900625655163,0.025337900625655163
269,total_present_worth,discount_rate,-0.17711327897585913,0.17711327897585913
269,gwp_total_project_kgco2e,concrete_gwp_factor,0.9875413471881367,0.9875413471881367
269,gwp_total_project_kgco2e,stone_57_gwp_factor,0.028794603698493845,0.028794603698493845
269,gwp_total_project_kgco2e,rebar_gwp_factor,0.14435880389947153,0.14435880389947153
269,gwp_total_project_kgco2e,trucking_gwp_factor,0.04692321405528129,0.04692321405528129
269,gwp_total_project_kgco2e,demolition_gwp_factor,0.022184193047369682,0.022184193047369682
269,gwp_total_project_kgco2e,crushing_gwp_factor,0.025088501787603402,0.025088501787603402
269,demand_capacity_ratio_k,subgrade_k_pci,-1.0,1.0
270,total_present_worth,concrete_unit_cost,0.7608620006408889,0.7608620006408889
270,total_present_worth,stone_57_unit_cost,0.3362108653293004,0.3362108653293004
270,total_present_worth,rebar_unit_cost,0.490327481787075,0.490327481787075
270,total_present_worth,fiber_unit_cost,0.0028551384975260556,0.0028551384975260556
270,total_present_worth,demolition_cost,0.044173232043941295,0.044173232043941295
270,total_present_worth,crushing_cost,0.03905835492995934,0.03905835492995934
270,total_present_worth,recycled_aggregate_credit,-0.02841390297920556,0.02841390297920556
270,total_present_worth,discount_rate,-0.18834564604548323,0.18834564604548323
270,gwp_total_project_kgco2e,concrete_gwp_factor,0.991304765587338,0.991304765587338
270,gwp_total_project_kgco2e,stone_57_gwp_factor,0.02886897027007559,0.02886897027007559
270,gwp_total_project_kgco2e,rebar_gwp_factor,0.11788799571822721,0.11788799571822721
270,gwp_total_project_kgco2e,trucking_gwp_factor,0.04567492177442997,0.04567492177442997
270,gwp_total_project_kgco2e,demolition_gwp_factor,0.022254206359365685,0.022254206359365685
270,gwp_total_project_kgco2e,crushing_gwp_factor,0.02530642509373857,0.02530642509373857
270,demand_capacity_ratio_k,subgrade_k_pci,-1.0,1.0
271,total_present_worth,concrete_unit_cost,0.7900791025718398,0.7900791025718398
271,total_present_worth,stone_57_unit_cost,0.3478438049384976,0.3478438049384976
271,total_present_worth,rebar_unit_cost,0.42990064541004025,0.42990064541004025
271,total_present_worth,fiber_unit_cost,0.002554761368221905,0.002554761368221905
271,total_present_worth,demolition_cost,0.0457047291345059,0.0457047291345059
271,total_present_worth,crushing_cost,0.03995167605844467,0.03995167605844467
271,total_present_worth,recycled_aggregate_credit,-0.030278786918895517,0.030278786918895517
271,total_present_worth,discount_rate,-0.1947803035018291,0.1947803035018291
271,gwp_total_project_kgco2e,concrete_gwp_factor,0.993232227349773,0.993232227349773
271,gwp_total_project_kgco2e,stone_57_gwp_factor,0.028898783133351518,0.028898783133351518
271,gwp_total_project_kgco2e,rebar_gwp_factor,0.1014947150800219,0.1014947150800219
271,gwp_total_project_kgco2e,trucking_gwp_factor,0.04488268956115308,0.04488268956115308
271,gwp_total_project_kgco2e,demolition_gwp_factor,0.022280586630032236,0.022280586630032236
271,gwp_total_project_kgco2e,crushing_gwp_factor,0.02542104593519242,0.02542104593519242
271,demand_capacity_ratio_k,subgrade_k_pci,-1.0,1.0
272,total_present_worth,concrete_unit_cost,0.8271934364499495,0.8271934364499495
272,total_present_worth,stone_57_unit_cost,0.3628971045929349,0.3628971045929349
272,total_present_worth,rebar_unit_cost,0.3337508813399644,0.3337508813399644
272,total_present_worth,fiber_unit_cost,0.0020455935436342375,0.0020455935436342375
272,total_present_worth,demolition_cost,0.04767466458726187,0.04767466458726187
272,total_present_worth,crushing_cost,0.04092758516462704,0.04092758516462704
272,total_present_worth,recycled_aggregate_credit,-0.032875956250174386,0.032875956250174386
272,total_present_worth,discount_rate,-0.20309630445732038,0.20309630445732038
272,gwp_total_project_kgco2e,concrete_gwp_factor,0.9954825214845932,0.9954825214845932
272,gwp_total_project_kgco2e,stone_57_gwp_factor,0.028930873518292353,0.028930873518292353
272,gwp_total_project_kgco2e,rebar_gwp_factor,0.07773838249141536,0.07773838249141536
272,gwp_total_project_kgco2e,trucking_gwp_factor,0.04371601122337441,0.04371601122337441
272,gwp_total_project_kgco2e,demolition_gwp_factor,0.022295396680790162,0.022295396680790162
272,gwp_total_project_kgco2e,crushing_gwp_factor,0.025586181744058474,0.025586181744058474
272,demand_capacity_ratio_k,subgrade_k_pci,-1.0,1.0
273,total_present_worth,concrete_unit_cost,0.8738438816937617,0.8738438816937617
273,total_present_worth,stone_57_unit_cost,0.3037661842845785,0.3037661842845785
273,total_present_worth,rebar_unit_cost,0.2642587733438475,0.2642587733438475
273,total_present_worth,fiber_unit_cost,0.0014333326463013333,0.0014333326463013333
273,total_present_worth,demolition_cost,0.05048610107504244,0.05048610107504244
273,total_present_worth,crushing_cost,0.04220941894846777,0.04220941894846777
273,total_present_worth,recycled_aggregate_credit,-0.03508912157829165,0.03508912157829165
273,total_present_worth,discount_rate,-0.21395339092567425,0.21395339092567425
273,gwp_total_project_kgco2e,concrete_gwp_factor,0.9970514554050606,0.9970514554050606
273,gwp_total_project_kgco2e,stone_57_gwp_factor,0.023013777445141513,0.023013777445141513
273,gwp_total_project_kgco2e,rebar_gwp_factor,0.060245400537122164,0.060245400537122164
273,gwp_total_project_kgco2e,trucking_gwp_factor,0.03950934700498774,0.03950934700498774
273,gwp_total_project_kgco2e,demolition_gwp_factor,0.022276516335438607,0.022276516335438607
273,gwp_total_project_kgco2e,crushing_gwp_factor,0.025744791036985914,0.025744791036985914
273,demand_capacity_ratio_k,subgrade_k_pci,-1.0,1.0
274,total_present_worth,concrete_unit_cost,0.8876985979842955,0.8876985979842955
274,total_present_worth,stone_57_unit_cost,0.3086285534391314,0.3086285534391314
274,total_present_worth,rebar_unit_cost,0.2031964187479346,0.2031964187479346
274,total_present_worth,fiber_unit_cost,0.001090419471124168,0.001090419471124168
274,total_present_worth,demolition_cost,0.05131131029556454,0.05131131029556454
274,total_present_worth,crushing_cost,0.04240616436457847,0.04240616436457847
274,total_present_worth,recycled_aggregate_credit,-0.03634851907991541,0.03634851907991541
274,total_present_worth,discount_rate,-0.21733615196102143,0.21733615196102143
274,gwp_total_project_kgco2e,concrete_gwp_factor,0.9977563693637106,0.9977563693637106
274,gwp_total_project_kgco2e,stone_57_gwp_factor,0.023014798313365923,0.023014798313365923
274,gwp_total_project_kgco2e,rebar_gwp_factor,0.04719066845122827,0.04719066845122827
274,gwp_total_project_kgco2e,trucking_gwp_factor,0.03883614889044647,0.03883614889044647
274,gwp_total_project_kgco2e,demolition_gwp_factor,0.022274780004077913,0.022274780004077913
274,gwp_total_project_kgco2e,crushing_gwp_factor,0.025821031881656416,0.025821031881656416
274,demand_capacity_ratio_k,subgrade_k_pci,-1.0,1.0
275,total_present_worth,concrete_unit_cost,0.8943020774165049,0.8943020774165049
275,total_present_worth,stone_57_unit_cost,0.3109847523511459,0.3109847523511459
275,total_present_worth,rebar_unit_cost,0.16552980191718794,0.16552980191718794
275,total_present_worth,fiber_unit_cost,0.0008574811088229925,0.0008574811088229925
275,total_present_worth,demolition_cost,0.05170137675316056,0.05170137675316056
275,total_present_worth,crushing_cost,0.042432787503437125,0.042432787503437125
275,total_present_worth,recycled_aggregate_credit,-0.03704962552985985,0.03704962552985985
275,total_present_worth,discount_rate,-0.21897884960573272,0.21897884960573272
275,gwp_total_project_kgco2e,concrete_gwp_factor,0.9980876685187872,0.9980876685187872
275,gwp_total_project_kgco2e,stone_57_gwp_factor,0.023008705182227487,0.023008705182227487
275,gwp_total_project_kgco2e,rebar_gwp_factor,0.03935759060227104,0.03935759060227104
275,gwp_total_project_kgco2e,trucking_gwp_factor,0.03842725614615491,0.03842725614615491
275,gwp_total_project_kgco2e,demolition_gwp_factor,0.022269716490891888,0.022269716490891888
275,gwp_total_project_kgco2e,crushing_gwp_factor,0.02586109108509644,0.02586109108509644
275,demand_capacity_ratio_k,subgrade_k_pci,-1.0,1.0
276,total_present_worth,concrete_unit_cost,0.8053711829398765,0.8053711829398765
276,total_present_worth,stone_57_unit_cost,0.28127860243833547,0.28127860243833547
276,total_present_worth,rebar_unit_cost,0.45032751648685104,0.45032751648685104
276,total_present_worth,fiber_unit_cost,0.002418477247687391,0.002418477247687391
276,total_present_worth,demolition_cost,0.04671865967526346,0.04671865967526346
276,total_present_worth,crushing_cost,0.04044287398286515,0.04044287398286515
276,total_present_worth,recycled_aggregate_credit,-0.030197642727727063,0.030197642727727063
276,total_present_worth,discount_rate,-0.1981644957532752,0.1981644957532752
276,gwp_total_project_kgco2e,concrete_gwp_factor,0.9932562491199906,0.9932562491199906
276,gwp_total_project_kgco2e,stone_57_gwp_factor,0.022982575680457033,0.022982575680457033
276,gwp_total_project_kgco2e,rebar_gwp_factor,0.1042509927253804,0.1042509927253804
276,gwp_total_project_kgco2e,trucking_gwp_factor,0.04170706395655483,0.04170706395655483
276,gwp_total_project_kgco2e,demolition_gwp_factor,0.022253463917541388,0.022253463917541388
276,gwp_total_project_kgco2e,crushing_gwp_factor,0.02544688523779476,0.02544688523779476
276,demand_capacity_ratio_k,subgrade_k_pci,-1.0,1.0
277,total_present_worth,concrete_unit_cost,0.8460630321463933,0.8460630321463933
277,total_present_worth,stone_57_unit_cost,0.2943742927000857,0.2943742927000857
277,total_present_worth,rebar_unit_cost,0.35386638470308257,0.35386638470308257
277,total_present_worth,fiber_unit_cost,0.0019306644156522658,0.0019306644156522658
277,total_present_worth,demolition_cost,0.04891501245051001,0.04891501245051001
277,total_present_worth,crushing_cost,0.04158665527039467,0.04158665527039467
277,total_present_worth,recycled_aggregate_credit,-0.032927341784082936,0.032927341784082936
277,total_present_worth,discount_rate,-0.20738875402167375,0.20738875402167375
277,gwp_total_project_kgco2e,concrete_gwp_factor,0.9955814220134647,0.9955814220134647
277,gwp_total_project_kgco2e,stone_57_gwp_factor,0.02300547172693019,0.02300547172693019
277,gwp_total_project_kgco2e,rebar_gwp_factor,0.08044888485909156,0.08044888485909156
277,gwp_total_project_kgco2e,trucking_gwp_factor,0.040530383084436156,0.040530383084436156
277,gwp_total_project_kgco2e,demolition_gwp_factor,0.02227012740487605,0.02227012740487605
277,gwp_total_project_kgco2e,crushing_gwp_factor,0.02560967155417987,0.02560967155417987
277,demand_capacity_ratio_k,subgrade_k_pci,-1.0,1.0
278,total_present_worth,concrete_unit_cost,0.8665365532142947,0.8665365532142947
278,total_present_worth,stone_57_unit_cost,0.30125726810219894,0.30125726810219894
278,total_present_worth,rebar_unit_cost,0.29087906889359966,0.29087906889359966
278,total_present_worth,fiber_unit_cost,0.0015817386387446954,0.0015817386387446954
278,total_present_worth,demolition_cost,0.0500682421543313,0.0500682421543313
278,total_present_worth,crushing_cost,0.04206579736956232,0.04206579736956232
278,total_present_worth,recycled_aggregate_credit,-0.03449340691850136,0.03449340691850136
278,total_present_worth,discount_rate,-0.21221031735360818,0.21221031735360818
278,gwp_total_project_kgco2e,concrete_gwp_factor,0.9966735147602694,0.9966735147602694
278,gwp_total_project_kgco2e,stone_57_gwp_factor,0.023012323900884934,0.023012323900884934
278,gwp_total_project_kgco2e,rebar_gwp_factor,0.06609215169018086,0.06609215169018086
278,gwp_total_project_kgco2e,trucking_gwp_factor,0.039806306460754524,0.039806306460754524
278,gwp_total_project_kgco2e,demolition_gwp_factor,0.02227666486683067,0.02227666486683067
278,gwp_total_project_kgco2e,crushing_gwp_factor,0.025707555246827028,0.025707555246827028
278,demand_capacity_ratio_k,subgrade_k_pci,-1.0,1.0
279,total_present_worth,concrete_unit_cost,0.8781682941167074,0.8781682941167074
279,total_present_worth,stone_57_unit_cost,0.3052728716744612,0.3052728716744612
279,total_present_worth,rebar_unit_cost,0.24698178217220074,0.24698178217220074
279,total_present_worth,fiber_unit_cost,0.001320539634576216,0.001320539634576216
279,total_present_worth,demolition_cost,0.05073539507015016,0.05073539507015016
279,total_present_worth,crushing_cost,0.04228218258961688,0.04228218258961688
279,total_present_worth,recycled_aggregate_credit,-0.03546766677069907,0.03546766677069907
279,total_present_worth,discount_rate,-0.21499364272249616,0.21499364272249616
279,gwp_total_project_kgco2e,concrete_gwp_factor,0.9972734123743975,0.9972734123743975
279,gwp_total_project_kgco2e,stone_57_gwp_factor,0.023014956418645986,0.023014956418645986
279,gwp_total_project_kgco2e,rebar_gwp_factor,0.05649975962941591,0.05649975962941591
279,gwp_total_project_kgco2e,trucking_gwp_factor,0.03931513762231806,0.03931513762231806
279,gwp_total_project_kgco2e,demolition_gwp_factor,0.02227372718935749,0.02227372718935749
279,gwp_total_project_kgco2e,crushing_gwp_factor,0.02576804424080322,0.02576804424080322
279,demand_capacity_ratio_k,subgrade_k_pci,-1.0,1.0
280,total_present_worth,concrete_unit_cost,0.8879784356136875,0.8879784356136875
280,total_present_worth,stone_57_unit_cost,0.30872771181075515,0.30872771181075515
280,total_present_worth,rebar_unit_cost,0.2017527177876131,0.2017527177876131
280,total_present_worth,fiber_unit_cost,0.0010805512268642207,0.0010805512268642207
280,total_present_worth,demolition_cost,0.051328101792659245,0.051328101792659245
280,total_present_worth,crushing_cost,0.04240867389126748,0.04240867389126748
280,total_present_worth,recycled_aggregate_credit,-0.03637740167938296,0.03637740167938296
280,total_present_worth,discount_rate,-0.217406203469083,0.217406203469083
280,gwp_total_project_kgco2e,concrete_gwp_factor,0.9977703521886123,0.9977703521886123
280,gwp_total_project_kgco2e,stone_57_gwp_factor,0.023015133422582056,0.023015133422582056
280,gwp_total_project_kgco2e,rebar_gwp_factor,0.04688858397296344,0.04688858397296344
280,gwp_total_project_kgco2e,trucking_gwp_factor,0.03882046773367219,0.03882046773367219
280,gwp_total_project_kgco2e,demolition_gwp_factor,0.022274512672685803,0.022274512672685803
280,gwp_total_project_kgco2e,crushing_gwp_factor,0.025824244582233702,0.025824244582233702
280,demand_capacity_ratio_k,subgrade_k_pci,-1.0,1.0
281,total_present_worth,concrete_unit_cost,0.8930404145890563,0.8930404145890563
281,total_present_worth,stone_57_unit_cost,0.31053528338687014,0.31053528338687014
281,total_present_worth,rebar_unit_cost,0.17340935277902775,0.17340935277902775
281,total_present_worth,fiber_unit_cost,0.0009088250939315301,0.0009088250939315301
281,total_present_worth,demolition_cost,0.051623901028905565,0.051623901028905565
281,total_present_worth,crushing_cost,0.04243987255966395,0.04243987255966395
281,total_present_worth,recycled_aggregate_credit,-0.036910980730252396,0.036910980730252396
281,total_present_worth,discount_rate,-0.2186618321721961,0.2186618321721961
281,gwp_total_project_kgco2e,concrete_gwp_factor,0.9980246465199779,0.9980246465199779
281,gwp_total_project_kgco2e,stone_57_gwp_factor,0.023008412554163367,0.023008412554163367
281,gwp_total_project_kgco2e,rebar_gwp_factor,0.040982346970440946,0.040982346970440946
281,gwp_total_project_kgco2e,trucking_gwp_factor,0.03851376153306951,0.03851376153306951
281,gwp_total_project_kgco2e,demolition_gwp_factor,0.022269730730859895,0.022269730730859895
281,gwp_total_project_kgco2e,crushing_gwp_factor,0.02585377354547751,0.02585377354547751
281,demand_capacity_ratio_k,subgrade_k_pci,-1.0,1.0
282,total_present_worth,concrete_unit_cost,0.6958719329830528,0.6958719329830528
282,total_present_worth,stone_57_unit_cost,0.24738811295729127,0.24738811295729127
282,total_present_worth,rebar_unit_cost,0.6283820910205689,0.6283820910205689
282,total_present_worth,fiber_unit_cost,0.00334369962373748,0.00334369962373748
282,total_present_worth,demolition_cost,0.04096663392438665,0.04096663392438665
282,total_present_worth,crushing_cost,0.036742003231208804,0.036742003231208804
282,total_present_worth,recycled_aggregate_credit,-0.02374534518450614,0.02374534518450614
282,total_present_worth,discount_rate,-0.17407206933905803,0.17407206933905803
282,gwp_total_project_kgco2e,concrete_gwp_factor,0.9855836422610494,0.9855836422610494
282,gwp_total_project_kgco2e,stone_57_gwp_factor,0.022889481818531794,0.022889481818531794
282,gwp_total_project_kgco2e,rebar_gwp_factor,0.1582115216354126,0.1582115216354126
282,gwp_total_project_kgco2e,trucking_gwp_factor,0.044271017429996416,0.044271017429996416
282,gwp_total_project_kgco2e,demolition_gwp_factor,0.022123194089201277,0.022123194089201277
282,gwp_total_project_kgco2e,crushing_gwp_factor,0.02500754532750702,0.02500754532750702
282,demand_capacity_ratio_k,subgrade_k_pci,-1.0,1.0
283,total_present_worth,concrete_unit_cost,0.7720914310302766,0.7720914310302766
283,total_present_worth,stone_57_unit_cost,0.2708972239442629,0.2708972239442629
283,total_present_worth,rebar_unit_cost,0.5133989687427997,0.5133989687427997
283,total_present_worth,fiber_unit_cost,0.0027538703391815486,0.0027538703391815486
283,total_present_worth,demolition_cost,0.04496208540531284,0.04496208540531284
283,total_present_worth,crushing_cost,0.039404259719441705,0.039404259719441705
283,total_present_worth,recycled_aggregate_credit,-0.02814258498876104,0.02814258498876104
283,total_present_worth,discount_rate,-0.19081097347537668,0.19081097347537668
283,gwp_total_project_kgco2e,concrete_gwp_factor,0.9911706484749003,0.9911706484749003
283,gwp_total_project_kgco2e,stone_57_gwp_factor,0.022962216465184888,0.022962216465184888
283,gwp_total_project_kgco2e,rebar_gwp_factor,0.12147965314551987,0.12147965314551987
283,gwp_total_project_kgco2e,trucking_gwp_factor,0.04254707227711483,0.04254707227711483
283,gwp_total_project_kgco2e,demolition_gwp_factor,0.02222442609720977,0.02222442609720977
283,gwp_total_project_kgco2e,crushing_gwp_factor,0.025324227070417694,0.025324227070417694
283,demand_capacity_ratio_k,subgrade_k_pci,-1.0,1.0
284,total_present_worth,concrete_unit_cost,0.8146266492652106,0.8146266492652106
284,total_present_worth,stone_57_unit_cost,0.28420133774584055,0.28420133774584055
284,total_present_worth,rebar_unit_cost,0.4306795560319199,0.4306795560319199
284,total_present_worth,fiber_unit_cost,0.0023173077798389233,0.0023173077798389233
284,total_present_worth,demolition_cost,0.04721702921315881,0.04721702921315881
284,total_present_worth,crushing_cost,0.04072762726931506,0.04072762726931506
284,total_present_worth,recycled_aggregate_credit,-0.030792282226300916,0.030792282226300916
284,total_present_worth,discount_rate,-0.20023236502338954,0.20023236502338954
284,gwp_total_project_kgco2e,concrete_gwp_factor,0.9938054868090103,0.9938054868090103
284,gwp_total_project_kgco2e,stone_57_gwp_factor,0.022988542776555418,0.022988542776555418
284,gwp_total_project_kgco2e,rebar_gwp_factor,0.09918359057032945,0.09918359057032945
284,gwp_total_project_kgco2e,trucking_gwp_factor,0.041454533463909815,0.041454533463909815
284,gwp_total_project_kgco2e,demolition_gwp_factor,0.022259673332903872,0.022259673332903872
284,gwp_total_project_kgco2e,crushing_gwp_factor,0.025479981294255997,0.025479981294255997
284,demand_capacity_ratio_k,subgrade_k_pci,-1.0,1.0
285,total_present_worth,concrete_unit_cost,0.8400855321896983,0.8400855321896983
285,total_present_worth,stone_57_unit_cost,0.29239987744639995,0.29239987744639995
285,total_present_worth,rebar_unit_cost,0.36995644021665464,0.36995644021665464
285,total_present_worth,fiber_unit_cost,0.0020132878348213153,0.0020132878348213153
285,total_present_worth,demolition_cost,0.04859140847274857,0.04859140847274857
285,total_present_worth,crushing_cost,0.04143732755103893,0.04143732755103893
285,total_present_worth,recycled_aggregate_credit,-0.03250467275648987,0.03250467275648987
285,total_present_worth,discount_rate,-0.2060106218638651,0.2060106218638651
285,gwp_total_project_kgco2e,concrete_gwp_factor,0.9952535722985175,0.9952535722985175
285,gwp_total_project_kgco2e,stone_57_gwp_factor,0.023001177595952473,0.023001177595952473
285,gwp_total_project_kgco2e,rebar_gwp_factor,0.08424613294013045,0.08424613294013045
285,gwp_total_project_kgco2e,trucking_gwp_factor,0.040719638592831855,0.040719638592831855
285,gwp_total_project_kgco2e,demolition_gwp_factor,0.02226854125956342,0.02226854125956342
285,gwp_total_project_kgco2e,crushing_gwp_factor,0.02558467279052187,0.02558467279052187
285,demand_capacity_ratio_k,subgrade_k_pci,-1.0,1.0
286,total_present_worth,concrete_unit_cost,0.8623380820196233,0.8623380820196233
286,total_present_worth,stone_57_unit_cost,0.2998262051835145,0.2998262051835145
286,total_present_worth,rebar_unit_cost,0.30501967448437595,0.30501967448437595
286,total_present_worth,fiber_unit_cost,0.001665113946138046,0.001665113946138046
286,total_present_worth,demolition_cost,0.049828415559803364,0.049828415559803364
286,total_present_worth,crushing_cost,0.041970326097684134,0.041970326097684134
286,total_present_worth,recycled_aggregate_credit,-0.03415083083820433,0.03415083083820433
286,total_present_worth,discount_rate,-0.21120576526708235,0.21120576526708235
286,gwp_total_project_kgco2e,concrete_gwp_factor,0.9964534780952534,0.9964534780952534
286,gwp_total_project_kgco2e,stone_57_gwp_factor,0.023008088113139234,0.023008088113139234
286,gwp_total_project_kgco2e,rebar_gwp_factor,0.06924839194478737,0.06924839194478737
286,gwp_total_project_kgco2e,trucking_gwp_factor,0.039965076593042034,0.039965076593042034
286,gwp_total_project_kgco2e,demolition_gwp_factor,0.02227831846164733,0.02227831846164733
286,gwp_total_project_kgco2e,crushing_gwp_factor,0.025688122824099255,0.025688122824099255
286,demand_capacity_ratio_k,subgrade_k_pci,-1.0,1.0
287,total_present_worth,concrete_unit_cost,0.8741176815480152,0.8741176815480152
287,total_present_worth,stone_57_unit_cost,0.3038609171638164,0.3038609171638164
287,total_present_worth,rebar_unit_cost,0.26320189828259277,0.26320189828259277
287,total_present_worth,fiber_unit_cost,0.001427497706778999,0.001427497706778999
287,total_present_worth,demolition_cost,0.05050570393521029,0.05050570393521029
287,total_present_worth,crushing_cost,0.042214049465269625,0.042214049465269625
287,total_present_worth,recycled_aggregate_credit,-0.035114850760349946,0.035114850760349946
287,total_present_worth,discount_rate,-0.21401800870801282,0.21401800870801282
287,gwp_total_project_kgco2e,concrete_gwp_factor,0.9970654592647142,0.9970654592647142
287,gwp_total_project_kgco2e,stone_57_gwp_factor,0.02301359465096544,0.02301359465096544
287,gwp_total_project_kgco2e,rebar_gwp_factor,0.060016818845382736,0.060016818845382736
287,gwp_total_project_kgco2e,trucking_gwp_factor,0.039497904435031164,0.039497904435031164
287,gwp_total_project_kgco2e,demolition_gwp_factor,0.022276183770030475,0.022276183770030475
287,gwp_total_project_kgco2e,crushing_gwp_factor,0.0257457413480903,0.0257457413480903
287,demand_capacity_ratio_k,subgrade_k_pci,-1.0,1.0
288,total_present_worth,concrete_unit_cost,0.8881875836872111,0.8881875836872111
288,total_present_worth,stone_57_unit_cost,0.3088006878667843,0.3088006878667843
288,total_present_worth,rebar_unit_cost,0.2006697643121399,0.2006697643121399
288,total_present_worth,fiber_unit_cost,0.001075144747246058,0.001075144747246058
288,total_present_worth,demolition_cost,0.05133937699851975,0.05133937699851975
288,total_present_worth,crushing_cost,0.042412073848004835,0.042412073848004835
288,total_present_worth,recycled_aggregate_credit,-0.03639619206515048,0.03639619206515048
288,total_present_worth,discount_rate,-0.2174581438790439,0.2174581438790439
288,gwp_total_project_kgco2e,concrete_gwp_factor,0.9977808787774485,0.9977808787774485
288,gwp_total_project_kgco2e,stone_57_gwp_factor,0.023014340756149738,0.023014340756149738
288,gwp_total_project_kgco2e,rebar_gwp_factor,0.046660857844360346,0.046660857844360346
288,gwp_total_project_kgco2e,trucking_gwp_factor,0.038809220679235694,0.038809220679235694
288,gwp_total_project_kgco2e,demolition_gwp_factor,0.022274708444141887,0.022274708444141887
288,gwp_total_project_kgco2e,crushing_gwp_factor,0.02582543949989818,0.02582543949989818
288,demand_capacity_ratio_k,subgrade_k_pci,-1.0,1.0
289,total_present_worth,concrete_unit_cost,0.5710065903921786,0.5710065903921786
289,total_present_worth,stone_57_unit_cost,0.2069620150028488,0.2069620150028488
289,total_present_worth,rebar_unit_cost,0.766452579231029,0.766452579231029
289,total_present_worth,fiber_unit_cost,0.004088722333251489,0.004088722333251489
289,total_present_worth,demolition_cost,0.034209529544307817,0.034209529544307817
289,total_present_worth,crushing_cost,0.031864939189417976,0.031864939189417976
289,total_present_worth,recycled_aggregate_credit,-0.01676569203243428,0.01676569203243428
289,total_present_worth,discount_rate,-0.14525678315835389,0.14525678315835389
289,gwp_total_project_kgco2e,concrete_gwp_factor,0.9722865563140028,0.9722865563140028
289,gwp_total_project_kgco2e,stone_57_gwp_factor,0.022704240311577698,0.022704240311577698
289,gwp_total_project_kgco2e,rebar_gwp_factor,0.22133650426495063,0.22133650426495063
289,gwp_total_project_kgco2e,trucking_gwp_factor,0.047112259134172906,0.047112259134172906
289,gwp_total_project_kgco2e,demolition_gwp_factor,0.021884528262353816,0.021884528262353816
289,gwp_total_project_kgco2e,crushing_gwp_factor,0.024373506528149406,0.024373506528149406
289,demand_capacity_ratio_k,subgrade_k_pci,-1.0,1.0
290,total_present_worth,concrete_unit_cost,0.6711190469796796,0.6711190469796796
290,total_present_worth,stone_57_unit_cost,0.23962628100013855,0.23962628100013855
290,total_present_worth,rebar_unit_cost,0.6597577932335033,0.6597577932335033
290,total_present_worth,fiber_unit_cost,0.0034912953696525184,0.0034912953696525184
290,total_present_worth,demolition_cost,0.039660031100856016,0.039660031100856016
290,total_present_worth,crushing_cost,0.03582132504165653,0.03582132504165653
290,total_present_worth,recycled_aggregate_credit,-0.02234732647517893,0.02234732647517893
290,total_present_worth,discount_rate,-0.16853873154920537,0.16853873154920537
290,gwp_total_project_kgco2e,concrete_gwp_factor,0.9834504261819562,0.9834504261819562
290,gwp_total_project_kgco2e,stone_57_gwp_factor,0.02286086039714435,0.02286086039714435
290,gwp_total_project_kgco2e,rebar_gwp_factor,0.1700417751047527,0.1700417751047527
290,gwp_total_project_kgco2e,trucking_gwp_factor,0.04481538133005415,0.04481538133005415
290,gwp_total_project_kgco2e,demolition_gwp_factor,0.02208412964236965,0.02208412964236965
290,gwp_total_project_kgco2e,crushing_gwp_factor,0.024895631302246254,0.024895631302246254
290,demand_capacity_ratio_k,subgrade_k_pci,-1.0,1.0
291,total_present_worth,concrete_unit_cost,0.7370583473042954,0.7370583473042954
291,total_present_worth,stone_57_unit_cost,0.26011208595415686,0.26011208595415686
291,total_present_worth,rebar_unit_cost,0.5702917336651407,0.5702917336651407
291,total_present_worth,fiber_unit_cost,0.003039518514303807,0.003039518514303807
291,total_present_worth,demolition_cost,0.04312742904582697,0.04312742904582697
291,total_present_worth,crushing_cost,0.03821315652789326,0.03821315652789326
291,total_present_worth,recycled_aggregate_credit,-0.026102106983496843,0.026102106983496843
291,total_present_worth,discount_rate,-0.18313270694525396,0.18313270694525396
291,gwp_total_project_kgco2e,concrete_gwp_factor,0.9887606258698403,0.9887606258698403
291,gwp_total_project_kgco2e,stone_57_gwp_factor,0.02292982024325193,0.02292982024325193
291,gwp_total_project_kgco2e,rebar_gwp_factor,0.13859878764014352,0.13859878764014352
291,gwp_total_project_kgco2e,trucking_gwp_factor,0.043360202435008086,0.043360202435008086
291,gwp_total_project_kgco2e,demolition_gwp_factor,0.022181953103368787,0.022181953103368787
291,gwp_total_project_kgco2e,crushing_gwp_factor,0.025183086750233234,0.025183086750233234
291,demand_capacity_ratio_k,subgrade_k_pci,-1.0,1.0
292,total_present_worth,concrete_unit_cost,0.7802346813742058,0.7802346813742058
292,total_present_worth,stone_57_unit_cost,0.2734214851342326,0.2734214851342326
292,total_present_worth,rebar_unit_cost,0.4989124843593411,0.4989124843593411
292,total_present_worth,fiber_unit_cost,0.0026801134650400456,0.0026801134650400456
292,total_present_worth,demolition_cost,0.04539347027780539,0.04539347027780539
292,total_present_worth,crushing_cost,0.039669320185467725,0.039669320185467725
292,total_present_worth,recycled_aggregate_credit,-0.02863369410722948,0.02863369410722948
292,total_present_worth,discount_rate,-0.19259215288969572,0.19259215288969572
292,gwp_total_project_kgco2e,concrete_gwp_factor,0.9916975351558152,0.9916975351558152
292,gwp_total_project_kgco2e,stone_57_gwp_factor,0.022966472986050594,0.022966472986050594
292,gwp_total_project_kgco2e,rebar_gwp_factor,0.11738047202736819,0.11738047202736819
292,gwp_total_project_kgco2e,trucking_gwp_factor,0.042351882833996754,0.042351882833996754
292,gwp_total_project_kgco2e,demolition_gwp_factor,0.022233110275645247,0.022233110275645247
292,gwp_total_project_kgco2e,crushing_gwp_factor,0.02535116617225247,0.02535116617225247
292,demand_capacity_ratio_k,subgrade_k_pci,-1.0,1.0
293,total_present_worth,concrete_unit_cost,0.8202769482195669,0.8202769482195669
293,total_present_worth,stone_57_unit_cost,0.2860003498952322,0.2860003498952322
293,total_present_worth,rebar_unit_cost,0.41811703159883085,0.41811703159883085
293,total_present_worth,fiber_unit_cost,0.002253815272933526,0.002253815272933526
293,total_present_worth,demolition_cost,0.047518558490207426,0.047518558490207426
293,total_present_worth,crushing_cost,0.04088886471968355,0.04088886471968355
293,total_present_worth,recycled_aggregate_credit,-0.0311539973385416,0.0311539973385416
293,total_present_worth,discount_rate,-0.2015064227729559,0.2015064227729559
293,gwp_total_project_kgco2e,concrete_gwp_factor,0.9941341062322777,0.9941341062322777
293,gwp_total_project_kgco2e,stone_57_gwp_factor,0.022994635056173857,0.022994635056173857
293,gwp_total_project_kgco2e,rebar_gwp_factor,0.09601078782202034,0.09601078782202034
293,gwp_total_project_kgco2e,trucking_gwp_factor,0.04129792376909517,0.04129792376909517
293,gwp_total_project_kgco2e,demolition_gwp_factor,0.022264884500713955,0.022264884500713955
293,gwp_total_project_kgco2e,crushing_gwp_factor,0.025505830954298335,0.025505830954298335
293,demand_capacity_ratio_k,subgrade_k_pci,-1.0,1.0
294,total_present_worth,concrete_unit_cost,0.8423496349296759,0.8423496349296759
294,total_present_worth,stone_57_unit_cost,0.2931422221750489,0.2931422221750489
294,total_present_worth,rebar_unit_cost,0.363962439923281,0.363962439923281
294,total_present_worth,fiber_unit_cost,0.0019802710042801084,0.0019802710042801084
294,total_present_worth,demolition_cost,0.04871505208636603,0.04871505208636603
294,total_present_worth,crushing_cost,0.041495938129814385,0.041495938129814385
294,total_present_worth,recycled_aggregate_credit,-0.032660929463432374,0.032660929463432374
294,total_present_worth,discount_rate,-0.20653236892656732,0.20653236892656732
294,gwp_total_project_kgco2e,concrete_gwp_factor,0.9953781019989514,0.9953781019989514
294,gwp_total_project_kgco2e,stone_57_gwp_factor,0.023003211904017284,0.023003211904017284
294,gwp_total_project_kgco2e,rebar_gwp_factor,0.08282634678500253,0.08282634678500253
294,gwp_total_project_kgco2e,trucking_gwp_factor,0.04064847983763539,0.04064847983763539
294,gwp_total_project_kgco2e,demolition_gwp_factor,0.02227057150990023,0.02227057150990023
294,gwp_total_project_kgco2e,crushing_gwp_factor,0.025594365480829745,0.025594365480829745
294,demand_capacity_ratio_k,subgrade_k_pci,-1.0,1.0
295,total_present_worth,concrete_unit_cost,0.86956998327746,0.86956998327746
295,total_present_worth,stone_57_unit_cost,0.3022940058661016,0.3022940058661016
295,total_present_worth,rebar_unit_cost,0.28017344237725345,0.28017344237725345
295,total_present_worth,fiber_unit_cost,0.001522327585856931,0.001522327585856931
295,total_present_worth,demolition_cost,0.050238778495999524,0.050238778495999524
295,total_present_worth,crushing_cost,0.04213280819218113,0.04213280819218113
295,total_present_worth,recycled_aggregate_credit,-0.03473541202259817,0.03473541202259817
295,total_present_worth,discount_rate,-0.21293112554532065,0.21293112554532065
295,gwp_total_project_kgco2e,concrete_gwp_factor,0.9968312876208445,0.9968312876208445
295,gwp_total_project_kgco2e,stone_57_gwp_factor,0.02301261916501305,0.02301261916501305
295,gwp_total_project_kgco2e,rebar_gwp_factor,0.06372331239134534,0.06372331239134534
295,gwp_total_project_kgco2e,trucking_gwp_factor,0.03968679481117072,0.03968679481117072
295,gwp_total_project_kgco2e,demolition_gwp_factor,0.02227562814305425,0.02227562814305425
295,gwp_total_project_kgco2e,crushing_gwp_factor,0.02572319846545728,0.02572319846545728
295,demand_capacity_ratio_k,subgrade_k_pci,-1.0,1.0
296,total_present_worth,concrete_unit_cost,0.898006984887235,0.898006984887235
296,total_present_worth,stone_57_unit_cost,0.25890287926548117,0.25890287926548117
296,total_present_worth,rebar_unit_cost,0.22699668883851068,0.22699668883851068
296,total_present_worth,fiber_unit_cost,0.0011043551051137422,0.0011043551051137422
296,total_present_worth,demolition_cost,0.05209986030154395,0.05209986030154395
296,total_present_worth,crushing_cost,0.04285037571931616,0.04285037571931616
296,total_present_worth,recycled_aggregate_credit,-0.03618977362567591,0.03618977362567591
296,total_present_worth,discount_rate,-0.219984648024069,0.219984648024069
296,gwp_total_project_kgco2e,concrete_gwp_factor,0.9977314238204367,0.9977314238204367
296,gwp_total_project_kgco2e,stone_57_gwp_factor,0.019053676059781473,0.019053676059781473
296,gwp_total_project_kgco2e,rebar_gwp_factor,0.051447130953058855,0.051447130953058855
296,gwp_total_project_kgco2e,trucking_gwp_factor,0.03683781529819113,0.03683781529819113
296,gwp_total_project_kgco2e,demolition_gwp_factor,0.022256885250022757,0.022256885250022757
296,gwp_total_project_kgco2e,crushing_gwp_factor,0.02582429903391372,0.02582429903391372
296,demand_capacity_ratio_k,subgrade_k_pci,-1.0,1.0
297,total_present_worth,concrete_unit_cost,0.9082454532170263,0.9082454532170263
297,total_present_worth,stone_57_unit_cost,0.26207161779887667,0.26207161779887667
297,total_present_worth,rebar_unit_cost,0.17426705178625085,0.17426705178625085
297,total_present_worth,fiber_unit_cost,0.0008013825550405531,0.0008013825550405531
297,total_present_worth,demolition_cost,0.05275261600010905,0.05275261600010905
297,total_present_worth,crushing_cost,0.04294803372239522,0.04294803372239522
297,total_present_worth,recycled_aggregate_credit,-0.03725221000005289,0.03725221000005289
297,total_present_worth,discount_rate,-0.2226372333465168,0.2226372333465168
297,gwp_total_project_kgco2e,concrete_gwp_factor,0.9982235963120895,0.9982235963120895
297,gwp_total_project_kgco2e,stone_57_gwp_factor,0.01904762014669105,0.01904762014669105
297,gwp_total_project_kgco2e,rebar_gwp_factor,0.040561602121056646,0.040561602121056646
297,gwp_total_project_kgco2e,trucking_gwp_factor,0.036275003012846,0.036275003012846
297,gwp_total_project_kgco2e,demolition_gwp_factor,0.022253082757605232,0.022253082757605232
297,gwp_total_project_kgco2e,crushing_gwp_factor,0.02588631846929853,0.02588631846929853
297,demand_capacity_ratio_k,subgrade_k_pci,-1.0,1.0
298,total_present_worth,concrete_unit_cost,0.9130987364213357,0.9130987364213357
298,total_present_worth,stone_57_unit_cost,0.26358681985327476,0.26358681985327476
298,total_present_worth,rebar_unit_cost,0.1419412489136085,0.1419412489136085
298,total_present_worth,fiber_unit_cost,0.0006219827168247931,0.0006219827168247931
298,total_present_worth,demolition_cost,0.053066218983466494,0.053066218983466494
298,total_present_worth,crushing_cost,0.042952120109756846,0.042952120109756846
298,total_present_worth,recycled_aggregate_credit,-0.03783586461030235,0.03783586461030235
298,total_present_worth,discount_rate,-0.223917143541215,0.223917143541215
298,gwp_total_project_kgco2e,concrete_gwp_factor,0.9984554877389983,0.9984554877389983
298,gwp_total_project_kgco2e,stone_57_gwp_factor,0.019037802660319122,0.019037802660319122
298,gwp_total_project_kgco2e,rebar_gwp_factor,0.03402484661652194,0.03402484661652194
298,gwp_total_project_kgco2e,trucking_gwp_factor,0.0359277434833631,0.0359277434833631
298,gwp_total_project_kgco2e,demolition_gwp_factor,0.022252734502917097,0.022252734502917097
298,gwp_total_project_kgco2e,crushing_gwp_factor,0.025922757393889106,0.025922757393889106
298,demand_capacity_ratio_k,subgrade_k_pci,-1.0,1.0
299,total_present_worth,concrete_unit_cost,0.9157714553568687,0.9157714553568687
299,total_present_worth,stone_57_unit_cost,0.26442856884717947,0.26442856884717947
299,total_present_worth,rebar_unit_cost,0.12013764377592706,0.12013764377592706
299,total_present_worth,fiber_unit_cost,0.0004937082008694833,0.0004937082008694833
299,total_present_worth,demolition_cost,0.053241975094160794,0.053241975094160794
299,total_present_worth,crushing_cost,0.042914699884013884,0.042914699884013884
299,total_present_worth,recycled_aggregate_credit,-0.03820141351537657,0.03820141351537657
299,total_present_worth,discount_rate,-0.2246408552537013,0.2246408552537013
299,gwp_total_project_kgco2e,concrete_gwp_factor,0.9985832000753054,0.9985832000753054
299,gwp_total_project_kgco2e,stone_57_gwp_factor,0.01903647408991859,0.01903647408991859
299,gwp_total_project_kgco2e,rebar_gwp_factor,0.029658582447415437,0.029658582447415437
299,gwp_total_project_kgco2e,trucking_gwp_factor,0.035703593167273444,0.035703593167273444
299,gwp_total_project_kgco2e,demolition_gwp_factor,0.02225163948304466,0.02225163948304466
299,gwp_total_project_kgco2e,crushing_gwp_factor,0.025946451926794584,0.025946451926794584
299,demand_capacity_ratio_k,subgrade_k_pci,-1.0,1.0
300,total_present_worth,concrete_unit_cost,0.8459902794019162,0.8459902794019162
300,total_present_worth,stone_57_unit_cost,0.2440761967795185,0.2440761967795185
300,total_present_worth,rebar_unit_cost,0.391829894147772,0.391829894147772
300,total_present_worth,fiber_unit_cost,0.001968434166931374,0.001968434166931374
300,total_present_worth,demolition_cost,0.049046455836130584,0.049046455836130584
300,total_present_worth,crushing_cost,0.0416562179770145,0.0416562179770145
300,total_present_worth,recycled_aggregate_credit,-0.032161905939648766,0.032161905939648766
300,total_present_worth,discount_rate,-0.20735240092654428,0.20735240092654428
300,gwp_total_project_kgco2e,concrete_gwp_factor,0.9950787310434396,0.9950787310434396
300,gwp_total_project_kgco2e,stone_57_gwp_factor,0.019052352019524942,0.019052352019524942
300,gwp_total_project_kgco2e,rebar_gwp_factor,0.08823851654051142,0.08823851654051142
300,gwp_total_project_kgco2e,trucking_gwp_factor,0.03870686802012275,0.03870686802012275
300,gwp_total_project_kgco2e,demolition_gwp_factor,0.022250067564260026,0.022250067564260026
300,gwp_total_project_kgco2e,crushing_gwp_factor,0.025590595290780244,0.025590595290780244
300,demand_capacity_ratio_k,subgrade_k_pci,-1.0,1.0
301,total_present_worth,concrete_unit_cost,0.8771965789917107,0.8771965789917107
301,total_present_worth,stone_57_unit_cost,0.25274310271940126,0.25274310271940126
301,total_present_worth,rebar_unit_cost,0.30543662090531065,0.30543662090531065
301,total_present_worth,fiber_unit_cost,0.001530070096740028,0.001530070096740028
301,total_present_worth,demolition_cost,0.050842725406641094,0.050842725406641094
301,total_present_worth,crushing_cost,0.04245471690382989,0.04245471690382989
301,total_present_worth,recycled_aggregate_credit,-0.03441562590003826,0.03441562590003826
301,total_present_worth,discount_rate,-0.21477505578591047,0.21477505578591047
301,gwp_total_project_kgco2e,concrete_gwp_factor,0.9967044356730178,0.9967044356730178
301,gwp_total_project_kgco2e,stone_57_gwp_factor,0.019051506684132604,0.019051506684132604
301,gwp_total_project_kgco2e,rebar_gwp_factor,0.06832769002739507,0.06832769002739507
301,gwp_total_project_kgco2e,trucking_gwp_factor,0.03770107980020043,0.03770107980020043
301,gwp_total_project_kgco2e,demolition_gwp_factor,0.022263080414185236,0.022263080414185236
301,gwp_total_project_kgco2e,crushing_gwp_factor,0.025720567705936226,0.025720567705936226
301,demand_capacity_ratio_k,subgrade_k_pci,-1.0,1.0
302,total_present_worth,concrete_unit_cost,0.8925766245529029,0.8925766245529029
302,total_present_worth,stone_57_unit_cost,0.2572576363159591,0.2572576363159591
302,total_present_worth,rebar_unit_cost,0.25013947697138383,0.25013947697138383
302,total_present_worth,fiber_unit_cost,0.0012343651902857462,0.0012343651902857462
302,total_present_worth,demolition_cost,0.05175839376419136,0.05175839376419136
302,total_present_worth,crushing_cost,0.042771046423220424,0.042771046423220424
302,total_present_worth,recycled_aggregate_credit,-0.03569376371325351,0.03569376371325351
302,total_present_worth,discount_rate,-0.2186068859389651,0.2186068859389651
302,gwp_total_project_kgco2e,concrete_gwp_factor,0.9974672402924268,0.9974672402924268
302,gwp_total_project_kgco2e,stone_57_gwp_factor,0.01905457309050183,0.01905457309050183
302,gwp_total_project_kgco2e,rebar_gwp_factor,0.056333847116709544,0.056333847116709544
302,gwp_total_project_kgco2e,trucking_gwp_factor,0.03708575533857831,0.03708575533857831
302,gwp_total_project_kgco2e,demolition_gwp_factor,0.022257793499975122,0.022257793499975122
302,gwp_total_project_kgco2e,crushing_gwp_factor,0.025796833546414738,0.025796833546414738
302,demand_capacity_ratio_k,subgrade_k_pci,-1.0,1.0
303,total_present_worth,concrete_unit_cost,0.9012091222336357,0.9012091222336357
303,total_present_worth,stone_57_unit_cost,0.25989132662686854,0.25989132662686854
303,total_present_worth,rebar_unit_cost,0.2120216862819287,0.2120216862819287
303,total_present_worth,fiber_unit_cost,0.001018951997975581,0.001018951997975581
303,total_present_worth,demolition_cost,0.05230765541519507,0.05230765541519507
303,total_present_worth,crushing_cost,0.04289431992486974,0.04289431992486974
303,total_present_worth,recycled_aggregate_credit,-0.036502593527145036,0.036502593527145036
303,total_present_worth,discount_rate,-0.2208144113754896,0.2208144113754896
303,gwp_total_project_kgco2e,concrete_gwp_factor,0.9978863752298747,0.9978863752298747
303,gwp_total_project_kgco2e,stone_57_gwp_factor,0.01905212207658085,0.01905212207658085
303,gwp_total_project_kgco2e,rebar_gwp_factor,0.04832339818352136,0.04832339818352136
303,gwp_total_project_kgco2e,trucking_gwp_factor,0.036674733142733895,0.036674733142733895
303,gwp_total_project_kgco2e,demolition_gwp_factor,0.0222577385973831,0.0222577385973831
303,gwp_total_project_kgco2e,crushing_gwp_factor,0.02584189118579276,0.02584189118579276
303,demand_capacity_ratio_k,subgrade_k_pci,-1.0,1.0
304,total_present_worth,concrete_unit_cost,0.9084509079664524,0.9084509079664524
304,total_present_worth,stone_57_unit_cost,0.26213361238830946,0.26213361238830946
304,total_present_worth,rebar_unit_cost,0.1730297217797719,0.1730297217797719
304,total_present_worth,fiber_unit_cost,0.0007940797361576319,0.0007940797361576319
304,total_present_worth,demolition_cost,0.052764731196273895,0.052764731196273895
304,total_present_worth,crushing_cost,0.04294943142076378,0.04294943142076378
304,total_present_worth,recycled_aggregate_credit,-0.03727450456716581,0.03727450456716581
304,total_present_worth,discount_rate,-0.22269309734886972,0.22269309734886972
304,gwp_total_project_kgco2e,concrete_gwp_factor,0.9982334235373734,0.9982334235373734
304,gwp_total_project_kgco2e,stone_57_gwp_factor,0.019047411068482966,0.019047411068482966
304,gwp_total_project_kgco2e,rebar_gwp_factor,0.04030965567829987,0.04030965567829987
304,gwp_total_project_kgco2e,trucking_gwp_factor,0.03626083432186434,0.03626083432186434
304,gwp_total_project_kgco2e,demolition_gwp_factor,0.022253350302213343,0.022253350302213343
304,gwp_total_project_kgco2e,crushing_gwp_factor,0.025888969465811592,0.025888969465811592
304,demand_capacity_ratio_k,subgrade_k_pci,-1.0,1.0
305,total_present_worth,concrete_unit_cost,0.9121740700919737,0.9121740700919737
305,total_present_worth,stone_57_unit_cost,0.2632932052853813,0.2632932052853813
305,total_present_worth,rebar_unit_cost,0.1486964913668706,0.1486964913668706
305,total_present_worth,fiber_unit_cost,0.0006619730092567892,0.0006619730092567892
305,total_present_worth,demolition_cost,0.05300092188267237,0.05300092188267237
305,total_present_worth,crushing_cost,0.042953115039069255,0.042953115039069255
305,total_present_worth,recycled_aggregate_credit,-0.03772144770865658,0.03772144770865658
305,total_present_worth,discount_rate,-0.22367125615131017,0.22367125615131017
305,gwp_total_project_kgco2e,concrete_gwp_factor,0.9984113099629486,0.9984113099629486
305,gwp_total_project_kgco2e,stone_57_gwp_factor,0.019039095132607643,0.019039095132607643
305,gwp_total_project_kgco2e,rebar_gwp_factor,0.03538345870679339,0.03538345870679339
305,gwp_total_project_kgco2e,trucking_gwp_factor,0.0360012491308805,0.0360012491308805
305,gwp_total_project_kgco2e,demolition_gwp_factor,0.022251091496516436,0.022251091496516436
305,gwp_total_project_kgco2e,crushing_gwp_factor,0.02591357505580543,0.02591357505580543
305,demand_capacity_ratio_k,subgrade_k_pci,-1.0,1.0
306,total_present_worth,concrete_unit_cost,0.9165252388449462,0.9165252388449462
306,total_present_worth,stone_57_unit_cost,0.26466340354951334,0.26466340354951334
306,total_present_worth,rebar_unit_cost,0.11316976297137991,0.11316976297137991
306,total_present_worth,fiber_unit_cost,0.0004618405475447362,0.0004618405475447362
306,total_present_worth,demolition_cost,0.05329308828077324,0.05329308828077324
306,total_present_worth,crushing_cost,0.04290315599095327,0.04290315599095327
306,total_present_worth,recycled_aggregate_credit,-0.03831195393596478,0.03831195393596478
306,total_present_worth,discount_rate,-0.22484845481842478,0.22484845481842478
306,gwp_total_project_kgco2e,concrete_gwp_factor,0.9986192787095918,0.9986192787095918
306,gwp_total_project_kgco2e,stone_57_gwp_factor,0.01903509141228604,0.01903509141228604
306,gwp_total_project_kgco2e,rebar_gwp_factor,0.0282707527812283,0.0282707527812283
306,gwp_total_project_kgco2e,trucking_gwp_factor,0.03563263655111706,0.03563263655111706
306,gwp_total_project_kgco2e,demolition_gwp_factor,0.022251863030084744,0.022251863030084744
306,gwp_total_project_kgco2e,crushing_gwp_factor,0.025954896887725964,0.025954896887725964
306,demand_capacity_ratio_k,subgrade_k_pci,-1.0,1.0
307,total_present_worth,concrete_unit_cost,0.7568099026598759,0.7568099026598759
307,total_present_worth,stone_57_unit_cost,0.22108869768011552,0.22108869768011552
307,total_present_worth,rebar_unit_cost,0.5601441452337537,0.5601441452337537
307,total_present_worth,fiber_unit_cost,0.0028375908325270365,0.0028375908325270365
307,total_present_worth,demolition_cost,0.044279705808719885,0.044279705808719885
307,total_present_worth,crushing_cost,0.03883127126196451,0.03883127126196451
307,total_present_worth,recycled_aggregate_credit,-0.026705484870362197,0.026705484870362197
307,total_present_worth,discount_rate,-0.18748891537831214,0.18748891537831214
307,gwp_total_project_kgco2e,concrete_gwp_factor,0.9896966720146307,0.9896966720146307
307,gwp_total_project_kgco2e,stone_57_gwp_factor,0.019013480578005393,0.019013480578005393
307,gwp_total_project_kgco2e,rebar_gwp_factor,0.1335635249096174,0.1335635249096174
307,gwp_total_project_kgco2e,trucking_gwp_factor,0.04092618943281848,0.04092618943281848
307,gwp_total_project_kgco2e,demolition_gwp_factor,0.022179029465511618,0.022179029465511618
307,gwp_total_project_kgco2e,crushing_gwp_factor,0.025255090202518034,0.025255090202518034
307,demand_capacity_ratio_k,subgrade_k_pci,-1.0,1.0
308,total_present_worth,concrete_unit_cost,0.8197579726315832,0.8197579726315832
308,total_present_worth,stone_57_unit_cost,0.23711289981167719,0.23711289981167719
308,total_present_worth,rebar_unit_cost,0.44984023065180817,0.44984023065180817
308,total_present_worth,fiber_unit_cost,0.0022636438220574578,0.0022636438220574578
308,total_present_worth,demolition_cost,0.047611659710916666,0.047611659710916666
308,total_present_worth,crushing_cost,0.04087132372898854,0.04087132372898854
308,total_present_worth,recycled_aggregate_credit,-0.030451169749044472,0.030451169749044472
308,total_present_worth,discount_rate,-0.2013703193602969,0.2013703193602969
308,gwp_total_project_kgco2e,concrete_gwp_factor,0.993619884983816,0.993619884983816
308,gwp_total_project_kgco2e,stone_57_gwp_factor,0.019041934339328777,0.019041934339328777
308,gwp_total_project_kgco2e,rebar_gwp_factor,0.1026687671592755,0.1026687671592755
308,gwp_total_project_kgco2e,trucking_gwp_factor,0.03942039696616817,0.03942039696616817
308,gwp_total_project_kgco2e,demolition_gwp_factor,0.02223773215388709,0.02223773215388709
308,gwp_total_project_kgco2e,crushing_gwp_factor,0.025488650874739463,0.025488650874739463
308,demand_capacity_ratio_k,subgrade_k_pci,-1.0,1.0
309,total_present_worth,concrete_unit_cost,0.8531630404401452,0.8531630404401452
309,total_present_worth,stone_57_unit_cost,0.246027432597035,0.246027432597035
309,total_present_worth,rebar_unit_cost,0.37403203492583686,0.37403203492583686
309,total_present_worth,fiber_unit_cost,0.0018765932511186376,0.0018765932511186376
309,total_present_worth,demolition_cost,0.049454602441253846,0.049454602441253846
309,total_present_worth,crushing_cost,0.041857357620902945,0.041857357620902945
309,total_present_worth,recycled_aggregate_credit,-0.03266244395204098,0.03266244395204098
309,total_present_worth,discount_rate,-0.20902797051447392,0.20902797051447392
309,gwp_total_project_kgco2e,concrete_gwp_factor,0.9954621633108249,0.9954621633108249
309,gwp_total_project_kgco2e,stone_57_gwp_factor,0.019052386621668957,0.019052386621668957
309,gwp_total_project_kgco2e,rebar_gwp_factor,0.08400302309164923,0.08400302309164923
309,gwp_total_project_kgco2e,trucking_gwp_factor,0.03849135961702855,0.03849135961702855
309,gwp_total_project_kgco2e,demolition_gwp_factor,0.022253907492741566,0.022253907492741566
309,gwp_total_project_kgco2e,crushing_gwp_factor,0.025618386906119357,0.025618386906119357
309,demand_capacity_ratio_k,subgrade_k_pci,-1.0,1.0
310,total_present_worth,concrete_unit_cost,0.8726645834415458,0.8726645834415458
310,total_present_worth,stone_57_unit_cost,0.25144954225696386,0.25144954225696386
310,total_present_worth,rebar_unit_cost,0.31968598632201845,0.31968598632201845
310,total_present_worth,fiber_unit_cost,0.00160785022653114,0.00160785022653114
310,total_present_worth,demolition_cost,0.05057932811527173,0.05057932811527173
310,total_present_worth,crushing_cost,0.042354188809101675,0.042354188809101675
310,total_present_worth,recycled_aggregate_credit,-0.03407059188258824,0.03407059188258824
310,total_present_worth,discount_rate,-0.21367744120737261,0.21367744120737261
310,gwp_total_project_kgco2e,concrete_gwp_factor,0.9964753704648942,0.9964753704648942
310,gwp_total_project_kgco2e,stone_57_gwp_factor,0.019049629788803858,0.019049629788803858
310,gwp_total_project_kgco2e,rebar_gwp_factor,0.07150274458482511,0.07150274458482511
310,gwp_total_project_kgco2e,trucking_gwp_factor,0.037861880331528756,0.037861880331528756
310,gwp_total_project_kgco2e,demolition_gwp_factor,0.022257460962982985,0.022257460962982985
310,gwp_total_project_kgco2e,crushing_gwp_factor,0.025704314273097724,0.025704314273097724
310,demand_capacity_ratio_k,subgrade_k_pci,-1.0,1.0
311,total_present_worth,concrete_unit_cost,0.8894417255237766,0.8894417255237766
311,total_present_worth,stone_57_unit_cost,0.2563259323082904,0.2563259323082904
311,total_present_worth,rebar_unit_cost,0.26247752601078306,0.26247752601078306
311,total_present_worth,fiber_unit_cost,0.001299466707303787,0.001299466707303787
311,total_present_worth,demolition_cost,0.05156629705477052,0.05156629705477052
311,total_present_worth,crushing_cost,0.04271194973606078,0.04271194973606078
311,total_present_worth,recycled_aggregate_credit,-0.035418809998903525,0.035418809998903525
311,total_present_worth,discount_rate,-0.21781586193034275,0.21781586193034275
311,gwp_total_project_kgco2e,concrete_gwp_factor,0.9973133239670853,0.9973133239670853
311,gwp_total_project_kgco2e,stone_57_gwp_factor,0.019055457824870184,0.019055457824870184
311,gwp_total_project_kgco2e,rebar_gwp_factor,0.05897096898688439,0.05897096898688439
311,gwp_total_project_kgco2e,trucking_gwp_factor,0.037223775345609514,0.037223775345609514
311,gwp_total_project_kgco2e,demolition_gwp_factor,0.022258931736167574,0.022258931736167574
311,gwp_total_project_kgco2e,crushing_gwp_factor,0.025781922173320766,0.025781922173320766
311,demand_capacity_ratio_k,subgrade_k_pci,-1.0,1.0
312,total_present_worth,concrete_unit_cost,0.898210140030484,0.898210140030484
312,total_present_worth,stone_57_unit_cost,0.2589661015300825,0.2589661015300825
312,total_present_worth,rebar_unit_cost,0.22607844188236742,0.22607844188236742
312,total_present_worth,fiber_unit_cost,0.0010981529760552612,0.0010981529760552612
312,total_present_worth,demolition_cost,0.05211160916094064,0.05211160916094064
312,total_present_worth,crushing_cost,0.04285375340712551,0.04285375340712551
312,total_present_worth,recycled_aggregate_credit,-0.036208061973203226,0.036208061973203226
312,total_present_worth,discount_rate,-0.22003694383683067,0.22003694383683067
312,gwp_total_project_kgco2e,concrete_gwp_factor,0.9977412677393525,0.9977412677393525
312,gwp_total_project_kgco2e,stone_57_gwp_factor,0.019053706589221484,0.019053706589221484
312,gwp_total_project_kgco2e,rebar_gwp_factor,0.051255004089462,0.051255004089462
312,gwp_total_project_kgco2e,trucking_gwp_factor,0.03682745247364298,0.03682745247364298
312,gwp_total_project_kgco2e,demolition_gwp_factor,0.022256836820230736,0.022256836820230736
312,gwp_total_project_kgco2e,crushing_gwp_factor,0.02582601855903441,0.02582601855903441
312,demand_capacity_ratio_k,subgrade_k_pci,-1.0,1.0
313,total_present_worth,concrete_unit_cost,0.9086047152197619,0.9086047152197619
313,total_present_worth,stone_57_unit_cost,0.26217975475885597,0.26217975475885597
313,total_present_worth,rebar_unit_cost,0.17209826562634334,0.17209826562634334
313,total_present_worth,fiber_unit_cost,0.0007888513393235406,0.0007888513393235406
313,total_present_worth,demolition_cost,0.052774372953589756,0.052774372953589756
313,total_present_worth,crushing_cost,0.04295133844847654,0.04295133844847654
313,total_present_worth,recycled_aggregate_credit,-0.03729194568752478,0.03729194568752478
313,total_present_worth,discount_rate,-0.22273376384669585,0.22273376384669585
313,gwp_total_project_kgco2e,concrete_gwp_factor,0.9982408100483843,0.9982408100483843
313,gwp_total_project_kgco2e,stone_57_gwp_factor,0.01904663597360266,0.01904663597360266
313,gwp_total_project_kgco2e,rebar_gwp_factor,0.04011994463982398,0.04011994463982398
313,gwp_total_project_kgco2e,trucking_gwp_factor,0.036251220000772494,0.036251220000772494
313,gwp_total_project_kgco2e,demolition_gwp_factor,0.022253256024165304,0.022253256024165304
313,gwp_total_project_kgco2e,crushing_gwp_factor,0.025888602365555444,0.025888602365555444
313,demand_capacity_ratio_k,subgrade_k_pci,-1.0,1.0
314,total_present_worth,concrete_unit_cost,0.6421854200278823,0.6421854200278823
314,total_present_worth,stone_57_unit_cost,0.19167752335014301,0.19167752335014301
314,total_present_worth,rebar_unit_cost,0.7060339720522376,0.7060339720522376
314,total_present_worth,fiber_unit_cost,0.0036038890129935558,0.0036038890129935558
314,total_present_worth,demolition_cost,0.03822019341717608,0.03822019341717608
314,total_present_worth,crushing_cost,0.034637798849791124,0.034637798849791124
314,total_present_worth,recycled_aggregate_credit,-0.020321742750208698,0.020321742750208698
314,total_present_worth,discount_rate,-0.1620206256689469,0.1620206256689469
314,gwp_total_project_kgco2e,concrete_gwp_factor,0.980305075761946,0.980305075761946
314,gwp_total_project_kgco2e,stone_57_gwp_factor,0.01893302865128521,0.01893302865128521
314,gwp_total_project_kgco2e,rebar_gwp_factor,0.18698556653377024,0.18698556653377024
314,gwp_total_project_kgco2e,trucking_gwp_factor,0.04340720663009889,0.04340720663009889
314,gwp_total_project_kgco2e,demolition_gwp_factor,0.022010807398628325,0.022010807398628325
314,gwp_total_project_kgco2e,crushing_gwp_factor,0.024760495717840197,0.024760495717840197
314,demand_capacity_ratio_k,subgrade_k_pci,-1.0,1.0
315,total_present_worth,concrete_unit_cost,0.7353298482730439,0.7353298482730439
315,total_present_worth,stone_57_unit_cost,0.21567760266697505,0.21567760266697505
315,total_present_worth,rebar_unit_cost,0.5916942092028857,0.5916942092028857
315,total_present_worth,fiber_unit_cost,0.0030104761102601905,0.0030104761102601905
315,total_present_worth,demolition_cost,0.04316726623093091,0.04316726623093091
315,total_present_worth,crushing_cost,0.03807735946873495,0.03807735946873495
315,total_present_worth,recycled_aggregate_credit,-0.025490663019188266,0.025490663019188266
315,total_present_worth,discount_rate,-0.18279976479672524,0.18279976479672524
315,gwp_total_project_kgco2e,concrete_gwp_factor,0.98819466919819,0.98819466919819
315,gwp_total_project_kgco2e,stone_57_gwp_factor,0.018996231566990495,0.018996231566990495
315,gwp_total_project_kgco2e,rebar_gwp_factor,0.1435477109594991,0.1435477109594991
315,gwp_total_project_kgco2e,trucking_gwp_factor,0.04139359317566144,0.04139359317566144
315,gwp_total_project_kgco2e,demolition_gwp_factor,0.022150829167324335,0.022150829167324335
315,gwp_total_project_kgco2e,crushing_gwp_factor,0.025166354898994544,0.025166354898994544
315,demand_capacity_ratio_k,subgrade_k_pci,-1.0,1.0
316,total_present_worth,concrete_unit_cost,0.7913768261111428,0.7913768261111428
316,total_present_worth,stone_57_unit_cost,0.22980277046846512,0.22980277046846512
316,total_present_worth,rebar_unit_cost,0.5035241862084497,0.5035241862084497
316,total_present_worth,fiber_unit_cost,0.0025426139435130455,0.0025426139435130455
316,total_present_worth,demolition_cost,0.046107418268362975,0.046107418268362975
316,total_present_worth,crushing_cost,0.0399787399390635,0.0399787399390635
316,total_present_worth,recycled_aggregate_credit,-0.028714517356093806,0.028714517356093806
316,total_present_worth,discount_rate,-0.1950586984419916,0.1950586984419916
316,gwp_total_project_kgco2e,concrete_gwp_factor,0.9919312731147886,0.9919312731147886
316,gwp_total_project_kgco2e,stone_57_gwp_factor,0.019030022097244012,0.019030022097244012
316,gwp_total_project_kgco2e,rebar_gwp_factor,0.11703875242979149,0.11703875242979149
316,gwp_total_project_kgco2e,trucking_gwp_factor,0.0401269865844668,0.0401269865844668
316,gwp_total_project_kgco2e,demolition_gwp_factor,0.02221804458427922,0.02221804458427922
316,gwp_total_project_kgco2e,crushing_gwp_factor,0.025381700079720685,0.025381700079720685
316,demand_capacity_ratio_k,subgrade_k_pci,-1.0,1.0
317,total_present_worth,concrete_unit_cost,0.8262395042082878,0.8262395042082878
317,total_present_worth,stone_57_unit_cost,0.23881171895021272,0.23881171895021272
317,total_present_worth,rebar_unit_cost,0.43638425663868174,0.43638425663868174
317,total_present_worth,fiber_unit_cost,0.002190854508780342,0.002190854508780342
317,total_present_worth,demolition_cost,0.0479639885084016,0.0479639885084016
317,total_present_worth,crushing_cost,0.0410682501336113,0.0410682501336113
317,total_present_worth,recycled_aggregate_credit,-0.03086016163628007,0.03086016163628007
317,total_present_worth,discount_rate,-0.20283689161567625,0.20283689161567625
317,gwp_total_project_kgco2e,concrete_gwp_factor,0.9939886841631956,0.9939886841631956
317,gwp_total_project_kgco2e,stone_57_gwp_factor,0.019044910802145966,0.019044910802145966
317,gwp_total_project_kgco2e,rebar_gwp_factor,0.09923376295655752,0.09923376295655752
317,gwp_total_project_kgco2e,trucking_gwp_factor,0.03924842588213137,0.03924842588213137
317,gwp_total_project_kgco2e,demolition_gwp_factor,0.02224069547824028,0.02224069547824028
317,gwp_total_project_kgco2e,crushing_gwp_factor,0.02551168162025267,0.02551168162025267
317,demand_capacity_ratio_k,subgrade_k_pci,-1.0,1.0
318,total_present_worth,concrete_unit_cost,0.8575256122767383,0.8575256122767383
318,total_present_worth,stone_57_unit_cost,0.2472171975083589,0.2472171975083589
318,total_present_worth,rebar_unit_cost,0.3627070752423629,0.3627070752423629
318,total_present_worth,fiber_unit_cost,0.0018166988842146798,0.0018166988842146798
318,total_present_worth,demolition_cost,0.049698741288487495,0.049698741288487495
318,total_present_worth,crushing_cost,0.0419692430368197,0.0419692430368197
318,total_present_worth,recycled_aggregate_credit,-0.032965783200034314,0.032965783200034314
318,total_present_worth,discount_rate,-0.21005102443124513,0.21005102443124513
318,gwp_total_project_kgco2e,concrete_gwp_factor,0.995692439997765,0.995692439997765
318,gwp_total_project_kgco2e,stone_57_gwp_factor,0.01905044813283618,0.01905044813283618
318,gwp_total_project_kgco2e,rebar_gwp_factor,0.08134611135321045,0.08134611135321045
318,gwp_total_project_kgco2e,trucking_gwp_factor,0.03835882494247953,0.03835882494247953
318,gwp_total_project_kgco2e,demolition_gwp_factor,0.022253517832005413,0.022253517832005413
318,gwp_total_project_kgco2e,crushing_gwp_factor,0.025636046097390418,0.025636046097390418
318,demand_capacity_ratio_k,subgrade_k_pci,-1.0,1.0
319,total_present_worth,concrete_unit_cost,0.8743816320772088,0.8743816320772088
319,total_present_worth,stone_57_unit_cost,0.25193855289165545,0.25193855289165545
319,total_present_worth,rebar_unit_cost,0.3143741979534617,0.3143741979534617
319,total_present_worth,fiber_unit_cost,0.001578292193815317,0.001578292193815317
319,total_present_worth,demolition_cost,0.05067895325223959,0.05067895325223959
319,total_present_worth,crushing_cost,0.04239085339609234,0.04239085339609234
319,total_present_worth,recycled_aggregate_credit,-0.03419913562871966,0.03419913562871966
319,total_present_worth,discount_rate,-0.21409096826526425,0.21409096826526425
319,gwp_total_project_kgco2e,concrete_gwp_factor,0.9965624319437131,0.9965624319437131
319,gwp_total_project_kgco2e,stone_57_gwp_factor,0.019050379780260154,0.019050379780260154
319,gwp_total_project_kgco2e,rebar_gwp_factor,0.07031373667065349,0.07031373667065349
319,gwp_total_project_kgco2e,trucking_gwp_factor,0.03780227950238492,0.03780227950238492
319,gwp_total_project_kgco2e,demolition_gwp_factor,0.02226157143492063,0.02226157143492063
319,gwp_total_project_kgco2e,crushing_gwp_factor,0.025710751980588305,0.025710751980588305
319,demand_capacity_ratio_k,subgrade_k_pci,-1.0,1.0
320,total_present_worth,concrete_unit_cost,0.8948345240457098,0.8948345240457098
320,total_present_worth,stone_57_unit_cost,0.2579341589190457,0.2579341589190457
320,total_present_worth,rebar_unit_cost,0.24081886402880756,0.24081886402880756
320,total_present_worth,fiber_unit_cost,0.001173217498933287,0.001173217498933287
320,total_present_worth,demolition_cost,0.05189704752837482,0.05189704752837482
320,total_present_worth,crushing_cost,0.04281078530595632,0.04281078530595632
320,total_present_worth,recycled_aggregate_credit,-0.03589903307707962,0.03589903307707962
320,total_present_worth,discount_rate,-0.21918021602685953,0.21918021602685953
320,gwp_total_project_kgco2e,concrete_gwp_factor,0.9975774673269671,0.9975774673269671
320,gwp_total_project_kgco2e,stone_57_gwp_factor,0.01905139835206856,0.01905139835206856
320,gwp_total_project_kgco2e,rebar_gwp_factor,0.054356010449134406,0.054356010449134406
320,gwp_total_project_kgco2e,trucking_gwp_factor,0.03698546690362619,0.03698546690362619
320,gwp_total_project_kgco2e,demolition_gwp_factor,0.02225789765296716,0.02225789765296716
320,gwp_total_project_kgco2e,crushing_gwp_factor,0.025807788166419116,0.025807788166419116
320,demand_capacity_ratio_k,subgrade_k_pci,-1.0,1.0
321,total_present_worth,concrete_unit_cost,0.6168820206104009,0.6168820206104009
321,total_present_worth,stone_57_unit_cost,0.45182929607602773,0.45182929607602773
321,total_present_worth,rebar_unit_cost,0.5984452919820981,0.5984452919820981
321,total_present_worth,fiber_unit_cost,0.0040907503217323,0.0040907503217323
321,total_present_worth,demolition_cost,0.036075935381694374,0.036075935381694374
321,total_present_worth,crushing_cost,0.03389771678968709,0.03389771678968709
321,total_present_worth,recycled_aggregate_credit,-0.02229082592830833,0.02229082592830833
321,total_present_worth,discount_rate,-0.15594499343206247,0.15594499343206247
321,gwp_total_project_kgco2e,concrete_gwp_factor,0.982322131695937,0.982322131695937
321,gwp_total_project_kgco2e,stone_57_gwp_factor,0.04624189461222476,0.04624189461222476
321,gwp_total_project_kgco2e,rebar_gwp_factor,0.1672392044896157,0.1672392044896157
321,gwp_total_project_kgco2e,trucking_gwp_factor,0.057772551016485034,0.057772551016485034
321,gwp_total_project_kgco2e,demolition_gwp_factor,0.022175835385958336,0.022175835385958336
321,gwp_total_project_kgco2e,crushing_gwp_factor,0.024736397076870562,0.024736397076870562
321,demand_capacity_ratio_k,subgrade_k_pci,-1.0,1.0
322,total_present_worth,concrete_unit_cost,0.6762974908757671,0.6762974908757671
322,total_present_worth,stone_57_unit_cost,0.49302728067660295,0.49302728067660295
322,total_present_worth,rebar_unit_cost,0.4852807226827203,0.4852807226827203
322,total_present_worth,fiber_unit_cost,0.0035396580151438634,0.0035396580151438634
322,total_present_worth,demolition_cost,0.039187747522875106,0.039187747522875106
322,total_present_worth,crushing_cost,0.03603863621799946,0.03603863621799946
322,total_present_worth,recycled_aggregate_credit,-0.026218731637463494,0.026218731637463494
322,total_present_worth,discount_rate,-0.16954937042300747,0.16954937042300747
322,gwp_total_project_kgco2e,concrete_gwp_factor,0.9886078392519552,0.9886078392519552
322,gwp_total_project_kgco2e,stone_57_gwp_factor,0.046473397905661365,0.046473397905661365
322,gwp_total_project_kgco2e,rebar_gwp_factor,0.1284079541846432,0.1284079541846432
322,gwp_total_project_kgco2e,trucking_gwp_factor,0.056039983565904006,0.056039983565904006
322,gwp_total_project_kgco2e,demolition_gwp_factor,0.022288809371219527,0.022288809371219527
322,gwp_total_project_kgco2e,crushing_gwp_factor,0.025084736154577895,0.025084736154577895
322,demand_capacity_ratio_k,subgrade_k_pci,-1.0,1.0
323,total_present_worth,concrete_unit_cost,0.4890242652873217,0.4890242652873217
323,total_present_worth,stone_57_unit_cost,0.36098688209146673,0.36098688209146673
323,total_present_worth,rebar_unit_cost,0.769519797262592,0.769519797262592
323,total_present_worth,fiber_unit_cost,0.004875365610942147,0.004875365610942147
323,total_present_worth,demolition_cost,0.029069997985548,0.029069997985548
323,total_present_worth,crushing_cost,0.02864704130710682,0.02864704130710682
323,total_present_worth,recycled_aggregate_credit,-0.014323674620225471,0.014323674620225471
323,total_present_worth,discount_rate,-0.12529308643907122,0.12529308643907122
323,gwp_total_project_kgco2e,concrete_gwp_factor,0.9620124985717811,0.9620124985717811
323,gwp_total_project_kgco2e,stone_57_gwp_factor,0.04549321595074129,0.04549321595074129
323,gwp_total_project_kgco2e,rebar_gwp_factor,0.2534141575983257,0.2534141575983257
323,gwp_total_project_kgco2e,trucking_gwp_factor,0.06130015079322406,0.06130015079322406
323,gwp_total_project_kgco2e,demolition_gwp_factor,0.021827977122427192,0.021827977122427192
323,gwp_total_project_kgco2e,crushing_gwp_factor,0.02384001548028801,0.02384001548028801
323,demand_capacity_ratio_k,subgrade_k_pci,-1.0,1.0
324,total_present_worth,concrete_unit_cost,0.5735355988051902,0.5735355988051902
324,total_present_worth,stone_57_unit_cost,0.42139679392270274,0.42139679392270274
324,total_present_worth,rebar_unit_cost,0.6649791050275917,0.6649791050275917
324,total_present_worth,fiber_unit_cost,0.004389463419963786,0.004389463419963786
324,total_present_worth,demolition_cost,0.03375619140428648,0.03375619140428648
324,total_present_worth,crushing_cost,0.032191250094348506,0.032191250094348506
324,total_present_worth,recycled_aggregate_credit,-0.019520912538080366,0.019520912538080366
324,total_present_worth,discount_rate,-0.14579116385616964,0.14579116385616964
324,gwp_total_project_kgco2e,concrete_gwp_factor,0.9767377202503431,0.9767377202503431
324,gwp_total_project_kgco2e,stone_57_gwp_factor,0.04603481806980594,0.04603481806980594
324,gwp_total_project_kgco2e,rebar_gwp_factor,0.1950459410816344,0.1950459410816344
324,gwp_total_project_kgco2e,trucking_gwp_factor,0.058970139421412056,0.058970139421412056
324,gwp_total_project_kgco2e,demolition_gwp_factor,0.022084979837473994,0.022084979837473994
324,gwp_total_project_kgco2e,crushing_gwp_factor,0.024465714196602293,0.024465714196602293
324,demand_capacity_ratio_k,subgrade_k_pci,-1.0,1.0
325,total_present_worth,concrete_unit_cost,0.6297320630414289,0.6297320630414289
325,total_present_worth,stone_57_unit_cost,0.4607850520358341,0.4607850520358341
325,total_present_worth,rebar_unit_cost,0.5764817194115527,0.5764817194115527
325,total_present_worth,fiber_unit_cost,0.003983755316889503,0.003983755316889503
325,total_present_worth,demolition_cost,0.03676128746968052,0.03676128746968052
325,total_present_worth,crushing_cost,0.034377262541110905,0.034377262541110905
325,total_present_worth,recycled_aggregate_credit,-0.02311560670985424,0.02311560670985424
325,total_present_worth,discount_rate,-0.15892176874233332,0.15892176874233332
325,gwp_total_project_kgco2e,concrete_gwp_factor,0.9837988694053595,0.9837988694053595
325,gwp_total_project_kgco2e,stone_57_gwp_factor,0.04629729231858292,0.04629729231858292
325,gwp_total_project_kgco2e,rebar_gwp_factor,0.1590192249142637,0.1590192249142637
325,gwp_total_project_kgco2e,trucking_gwp_factor,0.05741076265374831,0.05741076265374831
325,gwp_total_project_kgco2e,demolition_gwp_factor,0.0222017411276647,0.0222017411276647
325,gwp_total_project_kgco2e,crushing_gwp_factor,0.024816704598182682,0.024816704598182682
325,demand_capacity_ratio_k,subgrade_k_pci,-1.0,1.0
326,total_present_worth,concrete_unit_cost,0.6670783207505754,0.6670783207505754
326,total_present_worth,stone_57_unit_cost,0.4866838659809136,0.4866838659809136
326,total_present_worth,rebar_unit_cost,0.5050418158285768,0.5050418158285768
326,total_present_worth,fiber_unit_cost,0.0036334116652933647,0.0036334116652933647
326,total_present_worth,demolition_cost,0.03871776839407911,0.03871776839407911
326,total_present_worth,crushing_cost,0.03572520719470608,0.03572520719470608
326,total_present_worth,recycled_aggregate_credit,-0.025585584676762238,0.025585584676762238
326,total_present_worth,discount_rate,-0.16745769435937302,0.16745769435937302
326,gwp_total_project_kgco2e,concrete_gwp_factor,0.9877163134835987,0.9877163134835987
326,gwp_total_project_kgco2e,stone_57_gwp_factor,0.046441116920688454,0.046441116920688454
326,gwp_total_project_kgco2e,rebar_gwp_factor,0.1346410017297604,0.1346410017297604
326,gwp_total_project_kgco2e,trucking_gwp_factor,0.0563222467534729,0.0563222467534729
326,gwp_total_project_kgco2e,demolition_gwp_factor,0.02227677295918271,0.02227677295918271
326,gwp_total_project_kgco2e,crushing_gwp_factor,0.02503487006873395,0.02503487006873395
326,demand_capacity_ratio_k,subgrade_k_pci,-1.0,1.0
327,total_present_worth,concrete_unit_cost,0.3796169965545348,0.3796169965545348
327,total_present_worth,stone_57_unit_cost,0.2811361249795585,0.2811361249795585
327,total_present_worth,rebar_unit_cost,0.8690655557865702,0.8690655557865702
327,total_present_worth,fiber_unit_cost,0.005392637479533055,0.005392637479533055
327,total_present_worth,demolition_cost,0.022762268409392907,0.022762268409392907
327,total_present_worth,crushing_cost,0.023827157167802867,0.023827157167802867
327,total_present_worth,recycled_aggregate_credit,-0.007847662453219066,0.007847662453219066
327,total_present_worth,discount_rate,-0.09758075577469169,0.09758075577469169
327,gwp_total_project_kgco2e,concrete_gwp_factor,0.9283260806433626,0.9283260806433626
327,gwp_total_project_kgco2e,stone_57_gwp_factor,0.04430115225826446,0.04430115225826446
327,gwp_total_project_kgco2e,rebar_gwp_factor,0.3500717853804127,0.3500717853804127
327,gwp_total_project_kgco2e,trucking_gwp_factor,0.06468726482702691,0.06468726482702691
327,gwp_total_project_kgco2e,demolition_gwp_factor,0.021210997788420397,0.021210997788420397
327,gwp_total_project_kgco2e,crushing_gwp_factor,0.022601706184816685,0.022601706184816685
327,demand_capacity_ratio_k,subgrade_k_pci,-1.0,1.0
328,total_present_worth,concrete_unit_cost,0.4650878978153152,0.4650878978153152
328,total_present_worth,stone_57_unit_cost,0.34363952296241584,0.34363952296241584
328,total_present_worth,rebar_unit_cost,0.7943676394280511,0.7943676394280511
328,total_present_worth,fiber_unit_cost,0.0050138525983575415,0.0050138525983575415
328,total_present_worth,demolition_cost,0.02771661797390265,0.02771661797390265
328,total_present_worth,crushing_cost,0.02761814995911126,0.02761814995911126
328,total_present_worth,recycled_aggregate_credit,-0.012875834612318336,0.012875834612318336
328,total_present_worth,discount_rate,-0.11932309966416026,0.11932309966416026
328,gwp_total_project_kgco2e,concrete_gwp_factor,0.9564837424652496,0.9564837424652496
328,gwp_total_project_kgco2e,stone_57_gwp_factor,0.04529831050183133,0.04529831050183133
328,gwp_total_project_kgco2e,rebar_gwp_factor,0.2718946822318939,0.2718946822318939
328,gwp_total_project_kgco2e,trucking_gwp_factor,0.0619922217969889,0.0619922217969889
328,gwp_total_project_kgco2e,demolition_gwp_factor,0.021734837186165937,0.021734837186165937
328,gwp_total_project_kgco2e,crushing_gwp_factor,0.02361744208909498,0.02361744208909498
328,demand_capacity_ratio_k,subgrade_k_pci,-1.0,1.0
329,total_present_worth,concrete_unit_cost,0.5324312594169086,0.5324312594169086
329,total_present_worth,stone_57_unit_cost,0.3921771758749509,0.3921771758749509
329,total_present_worth,rebar_unit_cost,0.7194044026208178,0.7194044026208178
329,total_present_worth,fiber_unit_cost,0.004628960091291584,0.004628960091291584
329,total_present_worth,demolition_cost,0.03149912637112765,0.03149912637112765
329,total_present_worth,crushing_cost,0.030486479160002595,0.030486479160002595
329,total_present_worth,recycled_aggregate_credit,-0.016964161861985665,0.016964161861985665
329,total_present_worth,discount_rate,-0.1359342594814208,0.1359342594814208
329,gwp_total_project_kgco2e,concrete_gwp_factor,0.9703483184126515,0.9703483184126515
329,gwp_total_project_kgco2e,stone_57_gwp_factor,0.045797158535982874,0.045797158535982874
329,gwp_total_project_kgco2e,rebar_gwp_factor,0.22240306727670522,0.22240306727670522
329,gwp_total_project_kgco2e,trucking_gwp_factor,0.06009528317245411,0.06009528317245411
329,gwp_total_project_kgco2e,demolition_gwp_factor,0.021969626126547855,0.021969626126547855
329,gwp_total_project_kgco2e,crushing_gwp_factor,0.02417766044896707,0.02417766044896707
329,demand_capacity_ratio_k,subgrade_k_pci,-1.0,1.0
330,total_present_worth,concrete_unit_cost,0.5837327333145812,0.5837327333145812
330,total_present_worth,stone_57_unit_cost,0.42858448113703385,0.42858448113703385
330,total_present_worth,rebar_unit_cost,0.6502667819279468,0.6502667819279468
330,total_present_worth,fiber_unit_cost,0.004323233464801294,0.004323233464801294
330,total_present_worth,demolition_cost,0.03430311690786525,0.03430311690786525
330,total_present_worth,crushing_cost,0.03259836773825535,0.03259836773825535
330,total_present_worth,recycled_aggregate_credit,-0.020166399252194562,0.020166399252194562
330,total_present_worth,discount_rate,-0.1481929668206547,0.1481929668206547
330,gwp_total_project_kgco2e,concrete_gwp_factor,0.9781450854195461,0.9781450854195461
330,gwp_total_project_kgco2e,stone_57_gwp_factor,0.04608845844950739,0.04608845844950739
330,gwp_total_project_kgco2e,rebar_gwp_factor,0.18844762809592308,0.18844762809592308
330,gwp_total_project_kgco2e,trucking_gwp_factor,0.058694932290005976,0.058694932290005976
330,gwp_total_project_kgco2e,demolition_gwp_factor,0.022107371688202954,0.022107371688202954
330,gwp_total_project_kgco2e,crushing_gwp_factor,0.02453645188207058,0.02453645188207058
330,demand_capacity_ratio_k,subgrade_k_pci,-1.0,1.0
331,total_present_worth,concrete_unit_cost,0.6377767956481347,0.6377767956481347
331,total_present_worth,stone_57_unit_cost,0.4663802671749362,0.4663802671749362
331,total_present_worth,rebar_unit_cost,0.5621154277462221,0.5621154277462221
331,total_present_worth,fiber_unit_cost,0.003918205885663282,0.003918205885663282
331,total_present_worth,demolition_cost,0.0371832474329213,0.0371832474329213
331,total_present_worth,crushing_cost,0.03467430343358173,0.03467430343358173
331,total_present_worth,recycled_aggregate_credit,-0.023637956930927184,0.023637956930927184
331,total_present_worth,discount_rate,-0.16076930367161849,0.16076930367161849
331,gwp_total_project_kgco2e,concrete_gwp_factor,0.9846880763946114,0.9846880763946114
331,gwp_total_project_kgco2e,stone_57_gwp_factor,0.046327582051299034,0.046327582051299034
331,gwp_total_project_kgco2e,rebar_gwp_factor,0.15384799976179522,0.15384799976179522
331,gwp_total_project_kgco2e,trucking_gwp_factor,0.05718065956504827,0.05718065956504827
331,gwp_total_project_kgco2e,demolition_gwp_factor,0.0222152449293661,0.0222152449293661
331,gwp_total_project_kgco2e,crushing_gwp_factor,0.02486251465080901,0.02486251465080901
331,demand_capacity_ratio_k,subgrade_k_pci,-1.0,1.0
332,total_present_worth,concrete_unit_cost,0.6705497032482198,0.6705497032482198
332,total_present_worth,stone_57_unit_cost,0.4890736367601415,0.4890736367601415
332,total_present_worth,rebar_unit_cost,0.49771626044398254,0.49771626044398254
332,total_present_worth,fiber_unit_cost,0.0036021503801288604,0.0036021503801288604
332,total_present_worth,demolition_cost,0.038900215610600086,0.038900215610600086
332,total_present_worth,crushing_cost,0.035840507731424213,0.035840507731424213
332,total_present_worth,recycled_aggregate_credit,-0.02582431827384973,0.02582431827384973
332,total_present_worth,discount_rate,-0.16824618173032624,0.16824618173032624
332,gwp_total_project_kgco2e,concrete_gwp_factor,0.9880557326934624,0.9880557326934624
332,gwp_total_project_kgco2e,stone_57_gwp_factor,0.04645579781314232,0.04645579781314232
332,gwp_total_project_kgco2e,rebar_gwp_factor,0.13230419528700169,0.13230419528700169
332,gwp_total_project_kgco2e,trucking_gwp_factor,0.05621509704040605,0.05621509704040605
332,gwp_total_project_kgco2e,demolition_gwp_factor,0.022280129030672054,0.022280129030672054
332,gwp_total_project_kgco2e,crushing_gwp_factor,0.025055986155110396,0.025055986155110396
332,demand_capacity_ratio_k,subgrade_k_pci,-1.0,1.0
333,total_present_worth,concrete_unit_cost,0.8062366929485107,0.8062366929485107
333,total_present_worth,stone_57_unit_cost,0.42839737826707097,0.42839737826707097
333,total_present_worth,rebar_unit_cost,0.3061526295219491,0.3061526295219491
333,total_present_worth,fiber_unit_cost,0.002098090852775236,0.002098090852775236
333,total_present_worth,demolition_cost,0.046311310952924525,0.046311310952924525
333,total_present_worth,crushing_cost,0.04015594053209438,0.04015594053209438
333,total_present_worth,recycled_aggregate_credit,-0.03280464718825787,0.03280464718825787
333,total_present_worth,discount_rate,-0.1984024906238361,0.1984024906238361
333,gwp_total_project_kgco2e,concrete_gwp_factor,0.9954503872521323,0.9954503872521323
333,gwp_total_project_kgco2e,stone_57_gwp_factor,0.03485044769368418,0.03485044769368418
333,gwp_total_project_kgco2e,rebar_gwp_factor,0.07340364173710545,0.07340364173710545
333,gwp_total_project_kgco2e,trucking_gwp_factor,0.046821263901032514,0.046821263901032514
333,gwp_total_project_kgco2e,demolition_gwp_factor,0.02231354295206142,0.02231354295206142
333,gwp_total_project_kgco2e,crushing_gwp_factor,0.025569858859923945,0.025569858859923945
333,demand_capacity_ratio_k,subgrade_k_pci,-1.0,1.0
334,total_present_worth,concrete_unit_cost,0.824042413165009,0.824042413165009
334,total_present_worth,stone_57_unit_cost,0.4372341087261897,0.4372341087261897
334,total_present_worth,rebar_unit_cost,0.23597402927618163,0.23597402927618163
334,total_present_worth,fiber_unit_cost,0.001673484704157394,0.001673484704157394
334,total_present_worth,demolition_cost,0.04723228953473292,0.04723228953473292
334,total_present_worth,crushing_cost,0.04043207685191684,0.04043207685191684
334,total_present_worth,recycled_aggregate_credit,-0.03430545588009019,0.03430545588009019
334,total_present_worth,discount_rate,-0.20238896683717114,0.20238896683717114
334,gwp_total_project_kgco2e,concrete_gwp_factor,0.9965454881239943,0.9965454881239943
334,gwp_total_project_kgco2e,stone_57_gwp_factor,0.034880847489056344,0.034880847489056344
334,gwp_total_project_kgco2e,rebar_gwp_factor,0.057139428243559776,0.057139428243559776
334,gwp_total_project_kgco2e,trucking_gwp_factor,0.04599534232383814,0.04599534232383814
334,gwp_total_project_kgco2e,demolition_gwp_factor,0.02232093845625638,0.02232093845625638
334,gwp_total_project_kgco2e,crushing_gwp_factor,0.025667812834459125,0.025667812834459125
334,demand_capacity_ratio_k,subgrade_k_pci,-1.0,1.0
335,total_present_worth,concrete_unit_cost,0.7218814549414886,0.7218814549414886
335,total_present_worth,stone_57_unit_cost,0.38722176837248873,0.38722176837248873
335,total_present_worth,rebar_unit_cost,0.5130250127636741,0.5130250127636741
335,total_present_worth,fiber_unit_cost,0.0032352835071821134,0.0032352835071821134
335,total_present_worth,demolition_cost,0.0419547336580619,0.0419547336580619
335,total_present_worth,crushing_cost,0.03773386563544555,0.03773386563544555
335,total_present_worth,recycled_aggregate_credit,-0.026991486629132595,0.026991486629132595
335,total_present_worth,discount_rate,-0.1797359559884705,0.1797359559884705
335,gwp_total_project_kgco2e,concrete_gwp_factor,0.9895680665992513,0.9895680665992513
335,gwp_total_project_kgco2e,stone_57_gwp_factor,0.03473013088048405,0.03473013088048405
335,gwp_total_project_kgco2e,rebar_gwp_factor,0.12808878776857952,0.12808878776857952
335,gwp_total_project_kgco2e,trucking_gwp_factor,0.049458552875239425,0.049458552875239425
335,gwp_total_project_kgco2e,demolition_gwp_factor,0.022253391431877358,0.022253391431877358
335,gwp_total_project_kgco2e,crushing_gwp_factor,0.0251857429325703,0.0251857429325703
335,demand_capacity_ratio_k,subgrade_k_pci,-1.0,1.0
336,total_present_worth,concrete_unit_cost,0.7712628577857211,0.7712628577857211
336,total_present_worth,stone_57_unit_cost,0.41123407903070175,0.41123407903070175
336,total_present_worth,rebar_unit_cost,0.4074026766406571,0.4074026766406571
336,total_present_worth,fiber_unit_cost,0.0026864922548345974,0.0026864922548345974
336,total_present_worth,demolition_cost,0.04449745069079098,0.04449745069079098
336,total_present_worth,crushing_cost,0.039276881891102754,0.039276881891102754
336,total_present_worth,recycled_aggregate_credit,-0.0302384936578554,0.0302384936578554
336,total_present_worth,discount_rate,-0.19062795893187084,0.19062795893187084
336,gwp_total_project_kgco2e,concrete_gwp_factor,0.9931696778957,0.9931696778957
336,gwp_total_project_kgco2e,stone_57_gwp_factor,0.03481558844218224,0.03481558844218224
336,gwp_total_project_kgco2e,rebar_gwp_factor,0.09853619547163847,0.09853619547163847
336,gwp_total_project_kgco2e,trucking_gwp_factor,0.048047488574323,0.048047488574323
336,gwp_total_project_kgco2e,demolition_gwp_factor,0.02230559511666624,0.02230559511666624
336,gwp_total_project_kgco2e,crushing_gwp_factor,0.02539677478289471,0.02539677478289471
336,demand_capacity_ratio_k,subgrade_k_pci,-1.0,1.0
337,total_present_worth,concrete_unit_cost,0.7969531937009894,0.7969531937009894
337,total_present_worth,stone_57_unit_cost,0.42382309295394527,0.42382309295394527
337,total_present_worth,rebar_unit_cost,0.3364643413255618,0.3364643413255618
337,total_present_worth,fiber_unit_cost,0.0022726099098690443,0.0022726099098690443
337,total_present_worth,demolition_cost,0.04582514405125806,0.04582514405125806
337,total_present_worth,crushing_cost,0.03994792962301917,0.03994792962301917
337,total_present_worth,recycled_aggregate_credit,-0.03208655292592262,0.03208655292592262
337,total_present_worth,discount_rate,-0.19632572058079178,0.19632572058079178
337,gwp_total_project_kgco2e,concrete_gwp_factor,0.9948630120010813,0.9948630120010813
337,gwp_total_project_kgco2e,stone_57_gwp_factor,0.034841788504336724,0.034841788504336724
337,gwp_total_project_kgco2e,rebar_gwp_factor,0.0806882215696513,0.0806882215696513
337,gwp_total_project_kgco2e,trucking_gwp_factor,0.04718136019868055,0.04718136019868055
337,gwp_total_project_kgco2e,demolition_gwp_factor,0.022313312313405328,0.022313312313405328
337,gwp_total_project_kgco2e,crushing_gwp_factor,0.02551719486291088,0.02551719486291088
337,demand_capacity_ratio_k,subgrade_k_pci,-1.0,1.0
338,total_present_worth,concrete_unit_cost,0.8117710996052525,0.8117710996052525
338,total_present_worth,stone_57_unit_cost,0.43113373644339753,0.43113373644339753
338,total_present_worth,rebar_unit_cost,0.28637153692629264,0.28637153692629264
338,total_present_worth,fiber_unit_cost,0.0019824711307449886,0.0019824711307449886
338,total_present_worth,demolition_cost,0.04660156686587263,0.04660156686587263
338,total_present_worth,crushing_cost,0.04025655855059863,0.04025655855059863
338,total_present_worth,recycled_aggregate_credit,-0.03325005000101203,0.03325005000101203
338,total_present_worth,discount_rate,-0.19963542283640737,0.19963542283640737
338,gwp_total_project_kgco2e,concrete_gwp_factor,0.9957952519287502,0.9957952519287502
338,gwp_total_project_kgco2e,stone_57_gwp_factor,0.034856622619798654,0.034856622619798654
338,gwp_total_project_kgco2e,rebar_gwp_factor,0.06873867051354347,0.06873867051354347
338,gwp_total_project_kgco2e,trucking_gwp_factor,0.04658549646519421,0.04658549646519421
338,gwp_total_project_kgco2e,demolition_gwp_factor,0.02231560461187024,0.02231560461187024
338,gwp_total_project_kgco2e,crushing_gwp_factor,0.02559940302793576,0.02559940302793576
338,demand_capacity_ratio_k,subgrade_k_pci,-1.0,1.0
339,total_present_worth,concrete_unit_cost,0.8244043217256019,0.8244043217256019
339,total_present_worth,stone_57_unit_cost,0.437414868726582,0.437414868726582
339,total_present_worth,rebar_unit_cost,0.23431058031420424,0.23431058031420424
339,total_present_worth,fiber_unit_cost,0.001661991904888797,0.001661991904888797
339,total_present_worth,demolition_cost,0.04725208572690084,0.04725208572690084
339,total_present_worth,crushing_cost,0.040435203348814085,0.040435203348814085
339,total_present_worth,recycled_aggregate_credit,-0.03433787290272715,0.03433787290272715
339,total_present_worth,discount_rate,-0.20246697457118476,0.20246697457118476
339,gwp_total_project_kgco2e,concrete_gwp_factor,0.996567423827555,0.996567423827555
339,gwp_total_project_kgco2e,stone_57_gwp_factor,0.03488216769152087,0.03488216769152087
339,gwp_total_project_kgco2e,rebar_gwp_factor,0.05676107867851244,0.05676107867851244
339,gwp_total_project_kgco2e,trucking_gwp_factor,0.045976198446102484,0.045976198446102484
339,gwp_total_project_kgco2e,demolition_gwp_factor,0.02232012740409605,0.02232012740409605
339,gwp_total_project_kgco2e,crushing_gwp_factor,0.025670330868572136,0.025670330868572136
339,demand_capacity_ratio_k,subgrade_k_pci,-1.0,1.0
340,total_present_worth,concrete_unit_cost,0.6006128258806612,0.6006128258806612
340,total_present_worth,stone_57_unit_cost,0.3271797447871919,0.3271797447871919
340,total_present_worth,rebar_unit_cost,0.6934834407173294,0.6934834407173294
340,total_present_worth,fiber_unit_cost,0.004093297799717319,0.004093297799717319
340,total_present_worth,demolition_cost,0.035539267715815705,0.035539267715815705
340,total_present_worth,crushing_cost,0.033218606027847444,0.033218606027847444
340,total_present_worth,recycled_aggregate_credit,-0.019675275117886113,0.019675275117886113
340,total_present_worth,discount_rate,-0.15221767567213104,0.15221767567213104
340,gwp_total_project_kgco2e,concrete_gwp_factor,0.9777697781425,0.9777697781425
340,gwp_total_project_kgco2e,stone_57_gwp_factor,0.0344292550646837,0.0344292550646837
340,gwp_total_project_kgco2e,rebar_gwp_factor,0.19458359389792945,0.19458359389792945
340,gwp_total_project_kgco2e,trucking_gwp_factor,0.05244865004251546,0.05244865004251546
340,gwp_total_project_kgco2e,demolition_gwp_factor,0.02205241873803697,0.02205241873803697
340,gwp_total_project_kgco2e,crushing_gwp_factor,0.024565357966498145,0.024565357966498145
340,demand_capacity_ratio_k,subgrade_k_pci,-1.0,1.0
341,total_present_worth,concrete_unit_cost,0.6832385964756316,0.6832385964756316
341,total_present_worth,stone_57_unit_cost,0.3683561708215505,0.3683561708215505
341,total_present_worth,rebar_unit_cost,0.5794587967448076,0.5794587967448076
341,total_present_worth,fiber_unit_cost,0.003552714207629086,0.003552714207629086
341,total_present_worth,demolition_cost,0.03994471057386589,0.03994471057386589
341,total_present_worth,crushing_cost,0.03639090540361236,0.03639090540361236
341,total_present_worth,recycled_aggregate_credit,-0.024601416039600567,0.024601416039600567
341,total_present_worth,discount_rate,-0.17111791623419287,0.17111791623419287
341,gwp_total_project_kgco2e,concrete_gwp_factor,0.9863501580650681,0.9863501580650681
341,gwp_total_project_kgco2e,stone_57_gwp_factor,0.03464670495805068,0.03464670495805068
341,gwp_total_project_kgco2e,rebar_gwp_factor,0.14939089951617238,0.14939089951617238
341,gwp_total_project_kgco2e,trucking_gwp_factor,0.050432893165645164,0.050432893165645164
341,gwp_total_project_kgco2e,demolition_gwp_factor,0.022194317306925726,0.022194317306925726
341,gwp_total_project_kgco2e,crushing_gwp_factor,0.024996549180494623,0.024996549180494623
341,demand_capacity_ratio_k,subgrade_k_pci,-1.0,1.0
342,total_present_worth,concrete_unit_cost,0.7329058483578984,0.7329058483578984
342,total_present_worth,stone_57_unit_cost,0.39257561221053433,0.39257561221053433
342,total_present_worth,rebar_unit_cost,0.4918727247315331,0.4918727247315331
342,total_present_worth,fiber_unit_cost,0.0031287875140835154,0.0031287875140835154
342,total_present_worth,demolition_cost,0.04253236258792495,0.04253236258792495
342,total_present_worth,crushing_cost,0.03810308036992923,0.03810308036992923
342,total_present_worth,recycled_aggregate_credit,-0.02769940022528776,0.02769940022528776
342,total_present_worth,discount_rate,-0.18218067133349025,0.18218067133349025
342,gwp_total_project_kgco2e,concrete_gwp_factor,0.9904168297760388,0.9904168297760388
342,gwp_total_project_kgco2e,stone_57_gwp_factor,0.03475005673121203,0.03475005673121203
342,gwp_total_project_kgco2e,rebar_gwp_factor,0.1218137124735895,0.1218137124735895
342,gwp_total_project_kgco2e,trucking_gwp_factor,0.04916132665419253,0.04916132665419253
342,gwp_total_project_kgco2e,demolition_gwp_factor,0.02227056481783623,0.02227056481783623
342,gwp_total_project_kgco2e,crushing_gwp_factor,0.025231756660620705,0.025231756660620705
342,demand_capacity_ratio_k,subgrade_k_pci,-1.0,1.0
343,total_present_worth,concrete_unit_cost,0.7638632013281054,0.7638632013281054
343,total_present_worth,stone_57_unit_cost,0.40763026794148416,0.40763026794148416
343,total_present_worth,rebar_unit_cost,0.42530225589072895,0.42530225589072895
343,total_present_worth,fiber_unit_cost,0.002778004931095203,0.002778004931095203
343,total_present_worth,demolition_cost,0.04412085349553635,0.04412085349553635
343,total_present_worth,crushing_cost,0.039067541200971015,0.039067541200971015
343,total_present_worth,recycled_aggregate_credit,-0.029731399777332565,0.029731399777332565
343,total_present_worth,discount_rate,-0.1889952766778359,0.1889952766778359
343,gwp_total_project_kgco2e,concrete_gwp_factor,0.9926610371898326,0.9926610371898326
343,gwp_total_project_kgco2e,stone_57_gwp_factor,0.03480341086204936,0.03480341086204936
343,gwp_total_project_kgco2e,rebar_gwp_factor,0.1032592550832237,0.1032592550832237
343,gwp_total_project_kgco2e,trucking_gwp_factor,0.04827606609659043,0.04827606609659043
343,gwp_total_project_kgco2e,demolition_gwp_factor,0.02230252624856901,0.02230252624856901
343,gwp_total_project_kgco2e,crushing_gwp_factor,0.02536455768611383,0.02536455768611383
343,demand_capacity_ratio_k,subgrade_k_pci,-1.0,1.0
344,total_present_worth,concrete_unit_cost,0.7916407569638884,0.7916407569638884
344,total_present_worth,stone_57_unit_cost,0.4212078195329311,0.4212078195329311
344,total_present_worth,rebar_unit_cost,0.35249720766314296,0.35249720766314296
344,total_present_worth,fiber_unit_cost,0.0023656246851702497,0.0023656246851702497
344,total_present_worth,demolition_cost,0.04554610797482645,0.04554610797482645
344,total_present_worth,crushing_cost,0.039817692081783075,0.039817692081783075
344,total_present_worth,recycled_aggregate_credit,-0.0316929893670772,0.0316929893670772
344,total_present_worth,discount_rate,-0.1951485233596771,0.1951485233596771
344,gwp_total_project_kgco2e,concrete_gwp_factor,0.994522044127953,0.994522044127953
344,gwp_total_project_kgco2e,stone_57_gwp_factor,0.03483338101690935,0.03483338101690935
344,gwp_total_project_kgco2e,rebar_gwp_factor,0.08461118397144449,0.08461118397144449
344,gwp_total_project_kgco2e,trucking_gwp_factor,0.04737064239037226,0.04737064239037226
344,gwp_total_project_kgco2e,demolition_gwp_factor,0.022315712509534284,0.022315712509534284
344,gwp_total_project_kgco2e,crushing_gwp_factor,0.025493585002197436,0.025493585002197436
344,demand_capacity_ratio_k,subgrade_k_pci,-1.0,1.0
345,total_present_worth,concrete_unit_cost,0.8065852250305701,0.8065852250305701
345,total_present_worth,stone_57_unit_cost,0.4285713543752365,0.4285713543752365
345,total_present_worth,rebar_unit_cost,0.3049478780860432,0.3049478780860432
345,total_present_worth,fiber_unit_cost,0.0020909401547243764,0.0020909401547243764
345,total_present_worth,demolition_cost,0.04633121648640449,0.04633121648640449
345,total_present_worth,crushing_cost,0.04016185169014474,0.04016185169014474
345,total_present_worth,recycled_aggregate_credit,-0.0328319841556608,0.0328319841556608
345,total_present_worth,discount_rate,-0.19847839580650148,0.19847839580650148
345,gwp_total_project_kgco2e,concrete_gwp_factor,0.9954722903179969,0.9954722903179969
345,gwp_total_project_kgco2e,stone_57_gwp_factor,0.03485069022866028,0.03485069022866028
345,gwp_total_project_kgco2e,rebar_gwp_factor,0.07311680903507073,0.07311680903507073
345,gwp_total_project_kgco2e,trucking_gwp_factor,0.04680644241638658,0.04680644241638658
345,gwp_total_project_kgco2e,demolition_gwp_factor,0.02231371725830149,0.02231371725830149
345,gwp_total_project_kgco2e,crushing_gwp_factor,0.025573453996757384,0.025573453996757384
345,demand_capacity_ratio_k,subgrade_k_pci,-1.0,1.0
346,total_present_worth,concrete_unit_cost,0.4796711537537885,0.4796711537537885
346,total_present_worth,stone_57_unit_cost,0.2641312412387085,0.2641312412387085
346,total_present_worth,rebar_unit_cost,0.8166053138629942,0.8166053138629942
346,total_present_worth,fiber_unit_cost,0.004821715915688687,0.004821715915688687
346,total_present_worth,demolition_cost,0.028785355769850144,0.028785355769850144
346,total_present_worth,crushing_cost,0.028172328184644935,0.028172328184644935
346,total_present_worth,recycled_aggregate_credit,-0.012698356805367343,0.012698356805367343
346,total_present_worth,discount_rate,-0.12286296820862491,0.12286296820862491
346,gwp_total_project_kgco2e,concrete_gwp_factor,0.9576135779023734,0.9576135779023734
346,gwp_total_project_kgco2e,stone_57_gwp_factor,0.03392794308781118,0.03392794308781118
346,gwp_total_project_kgco2e,rebar_gwp_factor,0.2712932196984373,0.2712932196984373
346,gwp_total_project_kgco2e,trucking_gwp_factor,0.055607217262530886,0.055607217262530886
346,gwp_total_project_kgco2e,demolition_gwp_factor,0.021695297656550126,0.021695297656550126
346,gwp_total_project_kgco2e,crushing_gwp_factor,0.023717321515662932,0.023717321515662932
346,demand_capacity_ratio_k,subgrade_k_pci,-1.0,1.0
347,total_present_worth,concrete_unit_cost,0.575404775731058,0.575404775731058
347,total_present_worth,stone_57_unit_cost,0.3142958336751904,0.3142958336751904
347,total_present_worth,rebar_unit_cost,0.7227893188424277,0.7227893188424277
347,total_present_worth,fiber_unit_cost,0.00424677579443471,0.00424677579443471
347,total_present_worth,demolition_cost,0.03416244636262498,0.03416244636262498
347,total_present_worth,crushing_cost,0.0322009932379364,0.0322009932379364
347,total_present_worth,recycled_aggregate_credit,-0.018195657945390263,0.018195657945390263
347,total_present_worth,discount_rate,-0.1462544191919377,0.1462544191919377
347,gwp_total_project_kgco2e,concrete_gwp_factor,0.9745096559900599,0.9745096559900599
347,gwp_total_project_kgco2e,stone_57_gwp_factor,0.034338818225095526,0.034338818225095526
347,gwp_total_project_kgco2e,rebar_gwp_factor,0.20906650859866666,0.20906650859866666
347,gwp_total_project_kgco2e,trucking_gwp_factor,0.0530745031224138,0.0530745031224138
347,gwp_total_project_kgco2e,demolition_gwp_factor,0.021988007366171205,0.021988007366171205
347,gwp_total_project_kgco2e,crushing_gwp_factor,0.02440992679302797,0.02440992679302797
347,demand_capacity_ratio_k,subgrade_k_pci,-1.0,1.0
348,total_present_worth,concrete_unit_cost,0.6442786867043035,0.6442786867043035
348,total_present_worth,stone_57_unit_cost,0.34912492498701,0.34912492498701
348,total_present_worth,rebar_unit_cost,0.6371165141312307,0.6371165141312307
348,total_present_worth,fiber_unit_cost,0.003814093910869638,0.003814093910869638
348,total_present_worth,demolition_cost,0.03787795148158318,0.03787795148158318
348,total_present_worth,crushing_cost,0.034942678952217074,0.034942678952217074
348,total_present_worth,recycled_aggregate_credit,-0.02226189394653676,0.02226189394653676
348,total_present_worth,discount_rate,-0.16230953332941866,0.16230953332941866
348,gwp_total_project_kgco2e,concrete_gwp_factor,0.9826450024690901,0.9826450024690901
348,gwp_total_project_kgco2e,stone_57_gwp_factor,0.0345454973746502,0.0345454973746502
348,gwp_total_project_kgco2e,rebar_gwp_factor,0.1704832345287693,0.1704832345287693
348,gwp_total_project_kgco2e,trucking_gwp_factor,0.05137455958752583,0.05137455958752583
348,gwp_total_project_kgco2e,demolition_gwp_factor,0.022127409141426965,0.022127409141426965
348,gwp_total_project_kgco2e,crushing_gwp_factor,0.024802042755104822,0.024802042755104822
348,demand_capacity_ratio_k,subgrade_k_pci,-1.0,1.0
349,total_present_worth,concrete_unit_cost,0.6925353564411422,0.6925353564411422
349,total_present_worth,stone_57_unit_cost,0.37291489105755,0.37291489105755
349,total_present_worth,rebar_unit_cost,0.5644298657814519,0.5644298657814519
349,total_present_worth,fiber_unit_cost,0.003482292693648917,0.003482292693648917
349,total_present_worth,demolition_cost,0.04043301507940521,0.04043301507940521
349,total_present_worth,crushing_cost,0.03671994615859198,0.03671994615859198
349,total_present_worth,recycled_aggregate_credit,-0.025168284973043315,0.025168284973043315
349,total_present_worth,discount_rate,-0.1732008660823217,0.1732008660823217
349,gwp_total_project_kgco2e,concrete_gwp_factor,0.9871618595434728,0.9871618595434728
349,gwp_total_project_kgco2e,stone_57_gwp_factor,0.03467116933002847,0.03467116933002847
349,gwp_total_project_kgco2e,rebar_gwp_factor,0.14433069722787628,0.14433069722787628
349,gwp_total_project_kgco2e,trucking_gwp_factor,0.050202774177425115,0.050202774177425115
349,gwp_total_project_kgco2e,demolition_gwp_factor,0.022209772645299913,0.022209772645299913
349,gwp_total_project_kgco2e,crushing_gwp_factor,0.025046504414242603,0.025046504414242603
349,demand_capacity_ratio_k,subgrade_k_pci,-1.0,1.0
350,total_present_worth,concrete_unit_cost,0.7397127775119492,0.7397127775119492
350,total_present_worth,stone_57_unit_cost,0.39587558169671827,0.39587558169671827
350,total_present_worth,rebar_unit_cost,0.47822332450786537,0.47822332450786537
350,total_present_worth,fiber_unit_cost,0.003058326039815331,0.003058326039815331
350,total_present_worth,demolition_cost,0.04287604225964642,0.04287604225964642
350,total_present_worth,crushing_cost,0.03833012756320405,0.03833012756320405
350,total_present_worth,recycled_aggregate_credit,-0.02812641777573057,0.02812641777573057
350,total_present_worth,discount_rate,-0.18367976191315935,0.18367976191315935
350,gwp_total_project_kgco2e,concrete_gwp_factor,0.9909257751542264,0.9909257751542264
350,gwp_total_project_kgco2e,stone_57_gwp_factor,0.03476264448478506,0.03476264448478506
350,gwp_total_project_kgco2e,rebar_gwp_factor,0.11787635763985456,0.11787635763985456
350,gwp_total_project_kgco2e,trucking_gwp_factor,0.04897635187824654,0.04897635187824654
350,gwp_total_project_kgco2e,demolition_gwp_factor,0.02227879806862352,0.02227879806862352
350,gwp_total_project_kgco2e,crushing_gwp_factor,0.025258235297591296,0.025258235297591296
350,demand_capacity_ratio_k,subgrade_k_pci,-1.0,1.0
351,total_present_worth,concrete_unit_cost,0.7666608627812564,0.7666608627812564
351,total_present_worth,stone_57_unit_cost,0.40899049149111627,0.40899049149111627
351,total_present_worth,rebar_unit_cost,0.41864428540044973,0.41864428540044973
351,total_present_worth,fiber_unit_cost,0.002746484808810594,0.002746484808810594
351,total_present_worth,demolition_cost,0.044264552507465825,0.044264552507465825
351,total_present_worth,crushing_cost,0.03914670531860268,0.03914670531860268
351,total_present_worth,recycled_aggregate_credit,-0.029920229867488095,0.029920229867488095
351,total_present_worth,discount_rate,-0.18961147865596095,0.18961147865596095
351,gwp_total_project_kgco2e,concrete_gwp_factor,0.9928543418916378,0.9928543418916378
351,gwp_total_project_kgco2e,stone_57_gwp_factor,0.03480872009885149,0.03480872009885149
351,gwp_total_project_kgco2e,rebar_gwp_factor,0.10149194547493279,0.10149194547493279
351,gwp_total_project_kgco2e,trucking_gwp_factor,0.048191852148556744,0.048191852148556744
351,gwp_total_project_kgco2e,demolition_gwp_factor,0.02230419347999368,0.02230419347999368
351,gwp_total_project_kgco2e,crushing_gwp_factor,0.025376200591078486,0.025376200591078486
351,demand_capacity_ratio_k,subgrade_k_pci,-1.0,1.0
352,total_present_worth,concrete_unit_cost,0.8008004927064643,0.8008004927064643
352,total_present_worth,stone_57_unit_cost,0.4257112280466045,0.4257112280466045
352,total_present_worth,rebar_unit_cost,0.32429464015835785,0.32429464015835785
352,total_present_worth,fiber_unit_cost,0.002199659802831864,0.002199659802831864
352,total_present_worth,demolition_cost,0.04602561090746624,0.04602561090746624
352,total_present_worth,crushing_cost,0.04003593294228638,0.04003593294228638
352,total_present_worth,recycled_aggregate_credit,-0.032383929305657574,0.032383929305657574
352,total_present_worth,discount_rate,-0.19718472350561547,0.19718472350561547
352,gwp_total_project_kgco2e,concrete_gwp_factor,0.9951076294775312,0.9951076294775312
352,gwp_total_project_kgco2e,stone_57_gwp_factor,0.03484651424776261,0.03484651424776261
352,gwp_total_project_kgco2e,rebar_gwp_factor,0.07774189664332076,0.07774189664332076
352,gwp_total_project_kgco2e,trucking_gwp_factor,0.04703790002745517,0.04703790002745517
352,gwp_total_project_kgco2e,demolition_gwp_factor,0.022314450788253785,0.022314450788253785
352,gwp_total_project_kgco2e,crushing_gwp_factor,0.025535985740102397,0.025535985740102397
352,demand_capacity_ratio_k,subgrade_k_pci,-1.0,1.0
353,total_present_worth,concrete_unit_cost,0.8544178619435593,0.8544178619435593
353,total_present_worth,stone_57_unit_cost,0.3587455752215783,0.3587455752215783
353,total_present_worth,rebar_unit_cost,0.2587996443583039,0.2587996443583039
353,total_present_worth,fiber_unit_cost,0.001558781977967513,0.001558781977967513
353,total_present_worth,demolition_cost,0.04919372001148549,0.04919372001148549
353,total_present_worth,crushing_cost,0.04154658378337064,0.04154658378337064
353,total_present_worth,recycled_aggregate_credit,-0.03473320284400529,0.03473320284400529
353,total_present_worth,discount_rate,-0.2093448384737062,0.2093448384737062
353,gwp_total_project_kgco2e,concrete_gwp_factor,0.9967990396713918,0.9967990396713918
353,gwp_total_project_kgco2e,stone_57_gwp_factor,0.02775867387001547,0.02775867387001547
353,gwp_total_project_kgco2e,rebar_gwp_factor,0.06025592607859837,0.06025592607859837
353,gwp_total_project_kgco2e,trucking_gwp_factor,0.04216646988083459,0.04216646988083459
353,gwp_total_project_kgco2e,demolition_gwp_factor,0.0222932469386773,0.0222932469386773
353,gwp_total_project_kgco2e,crushing_gwp_factor,0.02570794799444318,0.02570794799444318
353,demand_capacity_ratio_k,subgrade_k_pci,-1.0,1.0
354,total_present_worth,concrete_unit_cost,0.867484735890098,0.867484735890098
354,total_present_worth,stone_57_unit_cost,0.364084981722338,0.364084981722338
354,total_present_worth,rebar_unit_cost,0.19887312831615725,0.19887312831615725
354,total_present_worth,fiber_unit_cost,0.0012050394878420157,0.0012050394878420157
354,total_present_worth,demolition_cost,0.049919998018271995,0.049919998018271995
354,total_present_worth,crushing_cost,0.041703656471113466,0.041703656471113466
354,total_present_worth,recycled_aggregate_credit,-0.035927601543139044,0.035927601543139044
354,total_present_worth,discount_rate,-0.21239394429426722,0.21239394429426722
354,gwp_total_project_kgco2e,concrete_gwp_factor,0.9975053615780423,0.9975053615780423
354,gwp_total_project_kgco2e,stone_57_gwp_factor,0.027762507424193006,0.027762507424193006
354,gwp_total_project_kgco2e,rebar_gwp_factor,0.047207213392962896,0.047207213392962896
354,gwp_total_project_kgco2e,trucking_gwp_factor,0.041500394607352165,0.041500394607352165
354,gwp_total_project_kgco2e,demolition_gwp_factor,0.022294309453141724,0.022294309453141724
354,gwp_total_project_kgco2e,crushing_gwp_factor,0.025780990255432398,0.025780990255432398
354,demand_capacity_ratio_k,subgrade_k_pci,-1.0,1.0
355,total_present_worth,concrete_unit_cost,0.8737099780861881,0.8737099780861881
355,total_present_worth,stone_57_unit_cost,0.3666476150947871,0.3666476150947871
355,total_present_worth,rebar_unit_cost,0.16196687874286675,0.16196687874286675
355,total_present_worth,fiber_unit_cost,0.0009936892514054757,0.0009936892514054757
355,total_present_worth,demolition_cost,0.05026885564650755,0.05026885564650755
355,total_present_worth,crushing_cost,0.041722798302513124,0.041722798302513124
355,total_present_worth,recycled_aggregate_credit,-0.036588593004811445,0.036588593004811445
355,total_present_worth,discount_rate,-0.2138596331904288,0.2138596331904288
355,gwp_total_project_kgco2e,concrete_gwp_factor,0.997837366138239,0.997837366138239
355,gwp_total_project_kgco2e,stone_57_gwp_factor,0.027763856192033542,0.027763856192033542
355,gwp_total_project_kgco2e,rebar_gwp_factor,0.039372214040836885,0.039372214040836885
355,gwp_total_project_kgco2e,trucking_gwp_factor,0.0410947406956059,0.0410947406956059
355,gwp_total_project_kgco2e,demolition_gwp_factor,0.022292960411509185,0.022292960411509185
355,gwp_total_project_kgco2e,crushing_gwp_factor,0.025831472501532587,0.025831472501532587
355,demand_capacity_ratio_k,subgrade_k_pci,-1.0,1.0
356,total_present_worth,concrete_unit_cost,0.789614971645446,0.789614971645446
356,total_present_worth,stone_57_unit_cost,0.3332956371839743,0.3332956371839743
356,total_present_worth,rebar_unit_cost,0.4425136148040775,0.4425136148040775
356,total_present_worth,fiber_unit_cost,0.002568908460067564,0.002568908460067564
356,total_present_worth,demolition_cost,0.04571785243771115,0.04571785243771115
356,total_present_worth,crushing_cost,0.03995834545867134,0.03995834545867134
356,total_present_worth,recycled_aggregate_credit,-0.030028572209867432,0.030028572209867432
356,total_present_worth,discount_rate,-0.19467784268837407,0.19467784268837407
356,gwp_total_project_kgco2e,concrete_gwp_factor,0.9929991529910878,0.9929991529910878
356,gwp_total_project_kgco2e,stone_57_gwp_factor,0.027713503311885403,0.027713503311885403
356,gwp_total_project_kgco2e,rebar_gwp_factor,0.10424882392045154,0.10424882392045154
356,gwp_total_project_kgco2e,trucking_gwp_factor,0.044357554866319024,0.044357554866319024
356,gwp_total_project_kgco2e,demolition_gwp_factor,0.02227359348967744,0.02227359348967744
356,gwp_total_project_kgco2e,crushing_gwp_factor,0.025409932425683974,0.025409932425683974
356,demand_capacity_ratio_k,subgrade_k_pci,-1.0,1.0
357,total_present_worth,concrete_unit_cost,0.8281742285165496,0.8281742285165496
357,total_present_worth,stone_57_unit_cost,0.3482464765175066,0.3482464765175066
357,total_present_worth,rebar_unit_cost,0.3470635455179615,0.3470635455179615
357,total_present_worth,fiber_unit_cost,0.0020764448803825782,0.0020764448803825782
357,total_present_worth,demolition_cost,0.04777035818362014,0.04777035818362014
357,total_present_worth,crushing_cost,0.04099519003812607,0.04099519003812607
357,total_present_worth,recycled_aggregate_credit,-0.03266816074042726,0.03266816074042726
357,total_present_worth,discount_rate,-0.20330682091393779,0.20330682091393779
357,gwp_total_project_kgco2e,concrete_gwp_factor,0.9953266123012028,0.9953266123012028
357,gwp_total_project_kgco2e,stone_57_gwp_factor,0.027746727174970693,0.027746727174970693
357,gwp_total_project_kgco2e,rebar_gwp_factor,0.0804532177592853,0.0804532177592853
357,gwp_total_project_kgco2e,trucking_gwp_factor,0.043188111326491245,0.043188111326491245
357,gwp_total_project_kgco2e,demolition_gwp_factor,0.022286231898034494,0.022286231898034494
357,gwp_total_project_kgco2e,crushing_gwp_factor,0.02557497779870999,0.02557497779870999
357,demand_capacity_ratio_k,subgrade_k_pci,-1.0,1.0
358,total_present_worth,concrete_unit_cost,0.8475207262243523,0.8475207262243523
358,total_present_worth,stone_57_unit_cost,0.3559657142166903,0.3559657142166903
358,total_present_worth,rebar_unit_cost,0.28498134662087254,0.28498134662087254
358,total_present_worth,fiber_unit_cost,0.0017075285794670115,0.0017075285794670115
358,total_present_worth,demolition_cost,0.048821002531528414,0.048821002531528414
358,total_present_worth,crushing_cost,0.041422620624153056,0.041422620624153056
358,total_present_worth,recycled_aggregate_credit,-0.03416059105884824,0.03416059105884824
358,total_present_worth,discount_rate,-0.20774970099030704,0.20774970099030704
358,gwp_total_project_kgco2e,concrete_gwp_factor,0.996419943103464,0.996419943103464
358,gwp_total_project_kgco2e,stone_57_gwp_factor,0.02775445009820578,0.02775445009820578
358,gwp_total_project_kgco2e,rebar_gwp_factor,0.06610397383146559,0.06610397383146559
358,gwp_total_project_kgco2e,trucking_gwp_factor,0.04246797010713119,0.04246797010713119
358,gwp_total_project_kgco2e,demolition_gwp_factor,0.02229411263768565,0.02229411263768565
358,gwp_total_project_kgco2e,crushing_gwp_factor,0.025671776403260713,0.025671776403260713
358,demand_capacity_ratio_k,subgrade_k_pci,-1.0,1.0
359,total_present_worth,concrete_unit_cost,0.8584984260297674,0.8584984260297674
359,total_present_worth,stone_57_unit_cost,0.36040755797459506,0.36040755797459506
359,total_present_worth,rebar_unit_cost,0.24182238157676095,0.24182238157676095
359,total_present_worth,fiber_unit_cost,0.0014648732082339494,0.0014648732082339494
359,total_present_worth,demolition_cost,0.04941727905330292,0.04941727905330292
359,total_present_worth,crushing_cost,0.04160810588096324,0.04160810588096324
359,total_present_worth,recycled_aggregate_credit,-0.03508186619713675,0.03508186619713675
359,total_present_worth,discount_rate,-0.2102883184064766,0.2102883184064766
359,gwp_total_project_kgco2e,concrete_gwp_factor,0.9970211170638965,0.9970211170638965
359,gwp_total_project_kgco2e,stone_57_gwp_factor,0.027758647225983462,0.027758647225983462
359,gwp_total_project_kgco2e,rebar_gwp_factor,0.056515008219790004,0.056515008219790004
359,gwp_total_project_kgco2e,trucking_gwp_factor,0.04197531763583014,0.04197531763583014
359,gwp_total_project_kgco2e,demolition_gwp_factor,0.022297599169527043,0.022297599169527043
359,gwp_total_project_kgco2e,crushing_gwp_factor,0.025731046756052423,0.025731046756052423
359,demand_capacity_ratio_k,subgrade_k_pci,-1.0,1.0
360,total_present_worth,concrete_unit_cost,0.8677487755156437,0.8677487755156437
360,total_present_worth,stone_57_unit_cost,0.3641915849266047,0.3641915849266047
360,total_present_worth,rebar_unit_cost,0.19745980987946393,0.19745980987946393
360,total_present_worth,fiber_unit_cost,0.0011966601368626642,0.0011966601368626642
360,total_present_worth,demolition_cost,0.049932967780229195,0.049932967780229195
360,total_present_worth,crushing_cost,0.04170543805620217,0.04170543805620217
360,total_present_worth,recycled_aggregate_credit,-0.035953676886509474,0.035953676886509474
360,total_present_worth,discount_rate,-0.21245748347594762,0.21245748347594762
360,gwp_total_project_kgco2e,concrete_gwp_factor,0.997519551977216,0.997519551977216
360,gwp_total_project_kgco2e,stone_57_gwp_factor,0.027763731704417496,0.027763731704417496
360,gwp_total_project_kgco2e,rebar_gwp_factor,0.04690343966845738,0.04690343966845738
360,gwp_total_project_kgco2e,trucking_gwp_factor,0.041483573693073435,0.041483573693073435
360,gwp_total_project_kgco2e,demolition_gwp_factor,0.022293860352469545,0.022293860352469545
360,gwp_total_project_kgco2e,crushing_gwp_factor,0.02578146560932059,0.02578146560932059
360,demand_capacity_ratio_k,subgrade_k_pci,-1.0,1.0
361,total_present_worth,concrete_unit_cost,0.8725194395756638,0.8725194395756638
361,total_present_worth,stone_57_unit_cost,0.36615527822252614,0.36615527822252614
361,total_present_worth,rebar_unit_cost,0.16968691353840276,0.16968691353840276
361,total_present_worth,fiber_unit_cost,0.001039437030559775,0.001039437030559775
361,total_present_worth,demolition_cost,0.050206869316338755,0.050206869316338755
361,total_present_worth,crushing_cost,0.041727416436946975,0.041727416436946975
361,total_present_worth,recycled_aggregate_credit,-0.03645519739515808,0.03645519739515808
361,total_present_worth,discount_rate,-0.21358499545790588,0.21358499545790588
361,gwp_total_project_kgco2e,concrete_gwp_factor,0.9977741437979897,0.9977741437979897
361,gwp_total_project_kgco2e,stone_57_gwp_factor,0.027765513584994208,0.027765513584994208
361,gwp_total_project_kgco2e,rebar_gwp_factor,0.041000385893072165,0.041000385893072165
361,gwp_total_project_kgco2e,trucking_gwp_factor,0.04117844594338338,0.04117844594338338
361,gwp_total_project_kgco2e,demolition_gwp_factor,0.022289536469555817,0.022289536469555817
361,gwp_total_project_kgco2e,crushing_gwp_factor,0.02582019373205608,0.02582019373205608
361,demand_capacity_ratio_k,subgrade_k_pci,-1.0,1.0
362,total_present_worth,concrete_unit_cost,0.6853646015009939,0.6853646015009939
362,total_present_worth,stone_57_unit_cost,0.29382925481148375,0.29382925481148375
362,total_present_worth,rebar_unit_cost,0.6197417751470647,0.6197417751470647
362,total_present_worth,fiber_unit_cost,0.003471919567244768,0.003471919567244768
362,total_present_worth,demolition_cost,0.0402677488757551,0.0402677488757551
362,total_present_worth,crushing_cost,0.03641817646864728,0.03641817646864728
362,total_present_worth,recycled_aggregate_credit,-0.023744038187417618,0.023744038187417618
362,total_present_worth,discount_rate,-0.1716669809172223,0.1716669809172223
362,gwp_total_project_kgco2e,concrete_gwp_factor,0.9853222040745129,0.9853222040745129
362,gwp_total_project_kgco2e,stone_57_gwp_factor,0.027578717018199486,0.027578717018199486
362,gwp_total_project_kgco2e,rebar_gwp_factor,0.15820137804654458,0.15820137804654458
362,gwp_total_project_kgco2e,trucking_gwp_factor,0.046893555231877423,0.046893555231877423
362,gwp_total_project_kgco2e,demolition_gwp_factor,0.02214356415055343,0.02214356415055343
362,gwp_total_project_kgco2e,crushing_gwp_factor,0.02497457474659783,0.02497457474659783
362,demand_capacity_ratio_k,subgrade_k_pci,-1.0,1.0
363,total_present_worth,concrete_unit_cost,0.757994924768382,0.757994924768382
363,total_present_worth,stone_57_unit_cost,0.3212946128650299,0.3212946128650299
363,total_present_worth,rebar_unit_cost,0.5051377949039753,0.5051377949039753
363,total_present_worth,fiber_unit_cost,0.0028828578335051438,0.0028828578335051438
363,total_present_worth,demolition_cost,0.04406342552818537,0.04406342552818537
363,total_present_worth,crushing_cost,0.03896872243126749,0.03896872243126749
363,total_present_worth,recycled_aggregate_credit,-0.028035756588174303,0.028035756588174303
363,total_present_worth,discount_rate,-0.18770322440488915,0.18770322440488915
363,gwp_total_project_kgco2e,concrete_gwp_factor,0.9909120167376769,0.9909120167376769
363,gwp_total_project_kgco2e,stone_57_gwp_factor,0.0276807500255363,0.0276807500255363
363,gwp_total_project_kgco2e,rebar_gwp_factor,0.1214737152369735,0.1214737152369735
363,gwp_total_project_kgco2e,trucking_gwp_factor,0.04518935569087575,0.04518935569087575
363,gwp_total_project_kgco2e,demolition_gwp_factor,0.02224266236492907,0.02224266236492907
363,gwp_total_project_kgco2e,crushing_gwp_factor,0.025290870984804353,0.025290870984804353
363,demand_capacity_ratio_k,subgrade_k_pci,-1.0,1.0
364,total_present_worth,concrete_unit_cost,0.7983906608113563,0.7983906608113563
364,total_present_worth,stone_57_unit_cost,0.33666317686634534,0.33666317686634534
364,total_present_worth,rebar_unit_cost,0.4230419262472008,0.4230419262472008
364,total_present_worth,fiber_unit_cost,0.002468619061275448,0.002468619061275448
364,total_present_worth,demolition_cost,0.04618373229268149,0.04618373229268149
364,total_present_worth,crushing_cost,0.04021414738008566,0.04021414738008566
364,total_present_worth,recycled_aggregate_credit,-0.030602926427569174,0.030602926427569174
364,total_present_worth,discount_rate,-0.1966267013883439,0.1966267013883439
364,gwp_total_project_kgco2e,concrete_gwp_factor,0.9935482856162674,0.9935482856162674
364,gwp_total_project_kgco2e,stone_57_gwp_factor,0.027723342222577337,0.027723342222577337
364,gwp_total_project_kgco2e,rebar_gwp_factor,0.09918493698280999,0.09918493698280999
364,gwp_total_project_kgco2e,trucking_gwp_factor,0.04410856516769143,0.04410856516769143
364,gwp_total_project_kgco2e,demolition_gwp_factor,0.022278710599087488,0.022278710599087488
364,gwp_total_project_kgco2e,crushing_gwp_factor,0.02544632642361853,0.02544632642361853
364,demand_capacity_ratio_k,subgrade_k_pci,-1.0,1.0
365,total_present_worth,concrete_unit_cost,0.8225114217555966,0.8225114217555966
365,total_present_worth,stone_57_unit_cost,0.3460265630609067,0.3460265630609067
365,total_present_worth,rebar_unit_cost,0.3629592107008637,0.3629592107008637
365,total_present_worth,fiber_unit_cost,0.0021587314414074927,0.0021587314414074927
365,total_present_worth,demolition_cost,0.047469829247691935,0.047469829247691935
365,total_present_worth,crushing_cost,0.04085471415323789,0.04085471415323789
365,total_present_worth,recycled_aggregate_credit,-0.03225585138512634,0.03225585138512634
365,total_present_worth,discount_rate,-0.2020225621530868,0.2020225621530868
365,gwp_total_project_kgco2e,concrete_gwp_factor,0.9949977958915992,0.9949977958915992
365,gwp_total_project_kgco2e,stone_57_gwp_factor,0.02774054949682422,0.02774054949682422
365,gwp_total_project_kgco2e,rebar_gwp_factor,0.08425432829923772,0.08425432829923772
365,gwp_total_project_kgco2e,trucking_gwp_factor,0.04337966225594387,0.04337966225594387
365,gwp_total_project_kgco2e,demolition_gwp_factor,0.02228309574324924,0.02228309574324924
365,gwp_total_project_kgco2e,crushing_gwp_factor,0.025550950543436386,0.025550950543436386
365,demand_capacity_ratio_k,subgrade_k_pci,-1.0,1.0
366,total_present_worth,concrete_unit_cost,0.843554473737678,0.843554473737678
366,total_present_worth,stone_57_unit_cost,0.35437243750229297,0.35437243750229297
366,total_present_worth,rebar_unit_cost,0.298902461576585,0.298902461576585
366,total_present_worth,fiber_unit_cost,0.0017931104955332445,0.0017931104955332445
366,total_present_worth,demolition_cost,0.048600582681168236,0.048600582681168236
366,total_present_worth,crushing_cost,0.04134086943016835,0.04134086943016835
366,total_present_worth,recycled_aggregate_credit,-0.033842576233921035,0.033842576233921035
366,total_present_worth,discount_rate,-0.2068310323685628,0.2068310323685628
366,gwp_total_project_kgco2e,concrete_gwp_factor,0.9961997076211999,0.9961997076211999
366,gwp_total_project_kgco2e,stone_57_gwp_factor,0.027751828940700732,0.027751828940700732
366,gwp_total_project_kgco2e,rebar_gwp_factor,0.06925765985544706,0.06925765985544706
366,gwp_total_project_kgco2e,trucking_gwp_factor,0.042626972078842786,0.042626972078842786
366,gwp_total_project_kgco2e,demolition_gwp_factor,0.02229144194341258,0.02229144194341258
366,gwp_total_project_kgco2e,crushing_gwp_factor,0.025654222937461692,0.025654222937461692
366,demand_capacity_ratio_k,subgrade_k_pci,-1.0,1.0
367,total_present_worth,concrete_unit_cost,0.8546773577657429,0.8546773577657429
367,total_present_worth,stone_57_unit_cost,0.35884856378344343,0.35884856378344343
367,total_present_worth,rebar_unit_cost,0.257757436365599,0.257757436365599
367,total_present_worth,fiber_unit_cost,0.0015551660536780665,0.0015551660536780665
367,total_present_worth,demolition_cost,0.04920709179725084,0.04920709179725084
367,total_present_worth,crushing_cost,0.04155130911226853,0.04155130911226853
367,total_present_worth,recycled_aggregate_credit,-0.03475381828490953,0.03475381828490953
367,total_present_worth,discount_rate,-0.2094077326910493,0.2094077326910493
367,gwp_total_project_kgco2e,concrete_gwp_factor,0.9968131331291894,0.9968131331291894
367,gwp_total_project_kgco2e,stone_57_gwp_factor,0.02775840210303936,0.02775840210303936
367,gwp_total_project_kgco2e,rebar_gwp_factor,0.06002702685533881,0.06002702685533881
367,gwp_total_project_kgco2e,trucking_gwp_factor,0.042153903192925564,0.042153903192925564
367,gwp_total_project_kgco2e,demolition_gwp_factor,0.022294201350421684,0.022294201350421684
367,gwp_total_project_kgco2e,crushing_gwp_factor,0.025708333297739333,0.025708333297739333
367,demand_capacity_ratio_k,subgrade_k_pci,-1.0,1.0
368,total_present_worth,concrete_unit_cost,0.8679450458677861,0.8679450458677861
368,total_present_worth,stone_57_unit_cost,0.36427331205895735,0.36427331205895735
368,total_present_worth,rebar_unit_cost,0.19639737440575897,0.19639737440575897
368,total_present_worth,fiber_unit_cost,0.0011917845671967138,0.0011917845671967138
368,total_present_worth,demolition_cost,0.04994645837559459,0.04994645837559459
368,total_present_worth,crushing_cost,0.041707487573259004,0.041707487573259004
368,total_present_worth,recycled_aggregate_credit,-0.03597354306248542,0.03597354306248542
368,total_present_worth,discount_rate,-0.21250368120338495,0.21250368120338495
368,gwp_total_project_kgco2e,concrete_gwp_factor,0.9975300935025961,0.9975300935025961
368,gwp_total_project_kgco2e,stone_57_gwp_factor,0.027764434314977778,0.027764434314977778
368,gwp_total_project_kgco2e,rebar_gwp_factor,0.046674974469069985,0.046674974469069985
368,gwp_total_project_kgco2e,trucking_gwp_factor,0.0414722489005249,0.0414722489005249
368,gwp_total_project_kgco2e,demolition_gwp_factor,0.022293847156981537,0.022293847156981537
368,gwp_total_project_kgco2e,crushing_gwp_factor,0.025783007787785205,0.025783007787785205
368,demand_capacity_ratio_k,subgrade_k_pci,-1.0,1.0
369,total_present_worth,concrete_unit_cost,0.5652178804526472,0.5652178804526472
369,total_present_worth,stone_57_unit_cost,0.24639898817219164,0.24639898817219164
369,total_present_worth,rebar_unit_cost,0.7587707613621645,0.7587707613621645
369,total_present_worth,fiber_unit_cost,0.004202525535409011,0.004202525535409011
369,total_present_worth,demolition_cost,0.033774891406437954,0.033774891406437954
369,total_present_worth,crushing_cost,0.031692757300805105,0.031692757300805105
369,total_present_worth,recycled_aggregate_credit,-0.01688064101676826,0.01688064101676826
369,total_present_worth,discount_rate,-0.1438452831639018,0.1438452831639018
369,gwp_total_project_kgco2e,concrete_gwp_factor,0.9720241103934818,0.9720241103934818
369,gwp_total_project_kgco2e,stone_57_gwp_factor,0.027328984560659596,0.027328984560659596
369,gwp_total_project_kgco2e,rebar_gwp_factor,0.22130744194148297,0.22130744194148297
369,gwp_total_project_kgco2e,trucking_gwp_factor,0.04970145110736858,0.04970145110736858
369,gwp_total_project_kgco2e,demolition_gwp_factor,0.021902986897753197,0.021902986897753197
369,gwp_total_project_kgco2e,crushing_gwp_factor,0.02433443252163777,0.02433443252163777
369,demand_capacity_ratio_k,subgrade_k_pci,-1.0,1.0
370,total_present_worth,concrete_unit_cost,0.6616879374741151,0.6616879374741151
370,total_present_worth,stone_57_unit_cost,0.2847307328470443,0.2847307328470443
370,total_present_worth,rebar_unit_cost,0.6511500919071481,0.6511500919071481
370,total_present_worth,fiber_unit_cost,0.00362577504145031,0.00362577504145031
370,total_present_worth,demolition_cost,0.039022288448696915,0.039022288448696915
370,total_present_worth,crushing_cost,0.035536015852422415,0.035536015852422415
370,total_present_worth,recycled_aggregate_credit,-0.02237529480511012,0.02237529480511012
370,total_present_worth,discount_rate,-0.16635794137934287,0.16635794137934287
370,gwp_total_project_kgco2e,concrete_gwp_factor,0.9831897276135959,0.9831897276135959
370,gwp_total_project_kgco2e,stone_57_gwp_factor,0.02754462165847385,0.02754462165847385
370,gwp_total_project_kgco2e,rebar_gwp_factor,0.17001991842800798,0.17001991842800798
370,gwp_total_project_kgco2e,trucking_gwp_factor,0.04743268292550108,0.04743268292550108
370,gwp_total_project_kgco2e,demolition_gwp_factor,0.02210368287216947,0.02210368287216947
370,gwp_total_project_kgco2e,crushing_gwp_factor,0.024862042770392816,0.024862042770392816
370,demand_capacity_ratio_k,subgrade_k_pci,-1.0,1.0
371,total_present_worth,concrete_unit_cost,0.7246482170127715,0.7246482170127715
371,total_present_worth,stone_57_unit_cost,0.30872104044224047,0.30872104044224047
371,total_present_worth,rebar_unit_cost,0.5617693920139879,0.5617693920139879
371,total_present_worth,fiber_unit_cost,0.0031901920649560767,0.0031901920649560767
371,total_present_worth,demolition_cost,0.04233284574406915,0.04233284574406915
371,total_present_worth,crushing_cost,0.037847302127970925,0.037847302127970925
371,total_present_worth,recycled_aggregate_credit,-0.026029049874379623,0.026029049874379623
371,total_present_worth,discount_rate,-0.18037047571175258,0.18037047571175258
371,gwp_total_project_kgco2e,concrete_gwp_factor,0.9885014315185687,0.9885014315185687
371,gwp_total_project_kgco2e,stone_57_gwp_factor,0.027638374048815355,0.027638374048815355
371,gwp_total_project_kgco2e,rebar_gwp_factor,0.13858435635277774,0.13858435635277774
371,gwp_total_project_kgco2e,trucking_gwp_factor,0.0459979970322872,0.0459979970322872
371,gwp_total_project_kgco2e,demolition_gwp_factor,0.022195202951854082,0.022195202951854082
371,gwp_total_project_kgco2e,crushing_gwp_factor,0.025149733192491894,0.025149733192491894
371,demand_capacity_ratio_k,subgrade_k_pci,-1.0,1.0
372,total_present_worth,concrete_unit_cost,0.7657362577859105,0.7657362577859105
372,total_present_worth,stone_57_unit_cost,0.3242162481855265,0.3242162481855265
372,total_present_worth,rebar_unit_cost,0.49074268797386517,0.49074268797386517
372,total_present_worth,fiber_unit_cost,0.00281247459002099,0.00281247459002099
372,total_present_worth,demolition_cost,0.044465545318010224,0.044465545318010224
372,total_present_worth,crushing_cost,0.039216856889318745,0.039216856889318745
372,total_present_worth,recycled_aggregate_credit,-0.028514773998797913,0.028514773998797913
372,total_present_worth,discount_rate,-0.18940888724526359,0.18940888724526359
372,gwp_total_project_kgco2e,concrete_gwp_factor,0.9914392038437758,0.9914392038437758
372,gwp_total_project_kgco2e,stone_57_gwp_factor,0.027689951244899983,0.027689951244899983
372,gwp_total_project_kgco2e,rebar_gwp_factor,0.11737806061594323,0.11737806061594323
372,gwp_total_project_kgco2e,trucking_gwp_factor,0.04498952813092382,0.04498952813092382
372,gwp_total_project_kgco2e,demolition_gwp_factor,0.022250180588900072,0.022250180588900072
372,gwp_total_project_kgco2e,crushing_gwp_factor,0.02531712245131085,0.02531712245131085
372,demand_capacity_ratio_k,subgrade_k_pci,-1.0,1.0
373,total_present_worth,concrete_unit_cost,0.8037493203379158,0.8037493203379158
373,total_present_worth,stone_57_unit_cost,0.3387277065319071,0.3387277065319071
373,total_present_worth,rebar_unit_cost,0.41059787164289513,0.41059787164289513
373,total_present_worth,fiber_unit_cost,0.0024083578983393433,0.0024083578983393433
373,total_present_worth,demolition_cost,0.04647160144335665,0.04647160144335665
373,total_present_worth,crushing_cost,0.04036483208459394,0.04036483208459394
373,total_present_worth,recycled_aggregate_credit,-0.03096003730358402,0.03096003730358402
373,total_present_worth,discount_rate,-0.19781778561711863,0.19781778561711863
373,gwp_total_project_kgco2e,concrete_gwp_factor,0.9938777677885593,0.9938777677885593
373,gwp_total_project_kgco2e,stone_57_gwp_factor,0.027727088527730842,0.027727088527730842
373,gwp_total_project_kgco2e,rebar_gwp_factor,0.09600990700752396,0.09600990700752396
373,gwp_total_project_kgco2e,trucking_gwp_factor,0.04395101079207641,0.04395101079207641
373,gwp_total_project_kgco2e,demolition_gwp_factor,0.02228478916740992,0.02228478916740992
373,gwp_total_project_kgco2e,crushing_gwp_factor,0.025470315979692126,0.025470315979692126
373,demand_capacity_ratio_k,subgrade_k_pci,-1.0,1.0
374,total_present_worth,concrete_unit_cost,0.8246570164034949,0.8246570164034949
374,total_present_worth,stone_57_unit_cost,0.34686965297138794,0.34686965297138794
374,total_present_worth,rebar_unit_cost,0.35703195275574084,0.35703195275574084
374,total_present_worth,fiber_unit_cost,0.0021274945829629984,0.0021274945829629984
374,total_present_worth,demolition_cost,0.04758497072085799,0.04758497072085799
374,total_present_worth,crushing_cost,0.0409082514417073,0.0409082514417073
374,total_present_worth,recycled_aggregate_credit,-0.03241144646410058,0.03241144646410058
374,total_present_worth,discount_rate,-0.20250367969394695,0.20250367969394695
374,gwp_total_project_kgco2e,concrete_gwp_factor,0.9951228633735691,0.9951228633735691
374,gwp_total_project_kgco2e,stone_57_gwp_factor,0.027744491277081795,0.027744491277081795
374,gwp_total_project_kgco2e,rebar_gwp_factor,0.08282930494033174,0.08282930494033174
374,gwp_total_project_kgco2e,trucking_gwp_factor,0.04330968745463588,0.04330968745463588
374,gwp_total_project_kgco2e,demolition_gwp_factor,0.02228314595460926,0.02228314595460926
374,gwp_total_project_kgco2e,crushing_gwp_factor,0.025559583179087835,0.025559583179087835
374,demand_capacity_ratio_k,subgrade_k_pci,-1.0,1.0
375,total_present_worth,concrete_unit_cost,0.8503894096376917,0.8503894096376917
375,total_present_worth,stone_57_unit_cost,0.35711556749097423,0.35711556749097423
375,total_present_worth,rebar_unit_cost,0.27443644788657456,0.27443644788657456
375,total_present_worth,fiber_unit_cost,0.0016410676387044272,0.0016410676387044272
375,total_present_worth,demolition_cost,0.048971755286404704,0.048971755286404704
375,total_present_worth,crushing_cost,0.041474255483981703,0.041474255483981703
375,total_present_worth,recycled_aggregate_credit,-0.03438869076789947,0.03438869076789947
375,total_present_worth,discount_rate,-0.20840908601760744,0.20840908601760744
375,gwp_total_project_kgco2e,concrete_gwp_factor,0.9965783888439755,0.9965783888439755
375,gwp_total_project_kgco2e,stone_57_gwp_factor,0.02775494036790198,0.02775494036790198
375,gwp_total_project_kgco2e,rebar_gwp_factor,0.06373356758693344,0.06373356758693344
375,gwp_total_project_kgco2e,trucking_gwp_factor,0.04234421076359369,0.04234421076359369
375,gwp_total_project_kgco2e,demolition_gwp_factor,0.022293526826197414,0.022293526826197414
375,gwp_total_project_kgco2e,crushing_gwp_factor,0.02568904289241962,0.02568904289241962
375,demand_capacity_ratio_k,subgrade_k_pci,-1.0,1.0
376,total_present_worth,concrete_unit_cost,0.8835477570949872,0.8835477570949872
376,total_present_worth,stone_57_unit_cost,0.30716627439262656,0.30716627439262656
376,total_present_worth,rebar_unit_cost,0.22341365785832545,0.22341365785832545
376,total_present_worth,fiber_unit_cost,0.0011936629898854653,0.0011936629898854653
376,total_present_worth,demolition_cost,0.05105831848471133,0.05105831848471133
376,total_present_worth,crushing_cost,0.042361060549296434,0.042361060549296434
376,total_present_worth,recycled_aggregate_credit,-0.035955449999022185,0.035955449999022185
376,total_present_worth,discount_rate,-0.21630854365966506,0.21630854365966506
376,gwp_total_project_kgco2e,concrete_gwp_factor,0.9975470316608108,0.9975470316608108
376,gwp_total_project_kgco2e,stone_57_gwp_factor,0.023011415279220567,0.023011415279220567
376,gwp_total_project_kgco2e,rebar_gwp_factor,0.05146180465789672,0.05146180465789672
376,gwp_total_project_kgco2e,trucking_gwp_factor,0.039057134475526854,0.039057134475526854
376,gwp_total_project_kgco2e,demolition_gwp_factor,0.022274286319853714,0.022274286319853714
376,gwp_total_project_kgco2e,crushing_gwp_factor,0.02579617127822247,0.02579617127822247
376,demand_capacity_ratio_k,subgrade_k_pci,-1.0,1.0
377,total_present_worth,concrete_unit_cost,0.893359905751328,0.893359905751328
377,total_present_worth,stone_57_unit_cost,0.31064855891398746,0.31064855891398746
377,total_present_worth,rebar_unit_cost,0.17145033172870813,0.17145033172870813
377,total_present_worth,fiber_unit_cost,0.0008940967368696387,0.0008940967368696387
377,total_present_worth,demolition_cost,0.05164542816155417,0.05164542816155417
377,total_present_worth,crushing_cost,0.04243894751796759,0.04243894751796759
377,total_present_worth,recycled_aggregate_credit,-0.036943861328441546,0.036943861328441546
377,total_present_worth,discount_rate,-0.2187421927803905,0.2187421927803905
377,gwp_total_project_kgco2e,concrete_gwp_factor,0.9980406417290405,0.9980406417290405
377,gwp_total_project_kgco2e,stone_57_gwp_factor,0.02300847040049939,0.02300847040049939
377,gwp_total_project_kgco2e,rebar_gwp_factor,0.0405779990179272,0.0405779990179272
377,gwp_total_project_kgco2e,trucking_gwp_factor,0.0384909866135404,0.0384909866135404
377,gwp_total_project_kgco2e,demolition_gwp_factor,0.022270371753100152,0.022270371753100152
377,gwp_total_project_kgco2e,crushing_gwp_factor,0.02585528873171812,0.02585528873171812
377,demand_capacity_ratio_k,subgrade_k_pci,-1.0,1.0
378,total_present_worth,concrete_unit_cost,0.8980046056812179,0.8980046056812179
378,total_present_worth,stone_57_unit_cost,0.31231149590335666,0.31231149590335666
378,total_present_worth,rebar_unit_cost,0.13964225342244893,0.13964225342244893
378,total_present_worth,fiber_unit_cost,0.0007162290521264916,0.0007162290521264916
378,total_present_worth,demolition_cost,0.05192372472627349,0.05192372472627349
378,total_present_worth,crushing_cost,0.04241542407127018,0.04241542407127018
378,total_present_worth,recycled_aggregate_credit,-0.03751008938998004,0.03751008938998004
378,total_present_worth,discount_rate,-0.21991515433149655,0.21991515433149655
378,gwp_total_project_kgco2e,concrete_gwp_factor,0.9982727849878532,0.9982727849878532
378,gwp_total_project_kgco2e,stone_57_gwp_factor,0.02300344213716938,0.02300344213716938
378,gwp_total_project_kgco2e,rebar_gwp_factor,0.03404271891550509,0.03404271891550509
378,gwp_total_project_kgco2e,trucking_gwp_factor,0.03815461104710184,0.03815461104710184
378,gwp_total_project_kgco2e,demolition_gwp_factor,0.022268818294155526,0.022268818294155526
378,gwp_total_project_kgco2e,crushing_gwp_factor,0.02589529628091812,0.02589529628091812
378,demand_capacity_ratio_k,subgrade_k_pci,-1.0,1.0
379,total_present_worth,concrete_unit_cost,0.9005642727788498,0.9005642727788498
379,total_present_worth,stone_57_unit_cost,0.31322778285812314,0.31322778285812314
379,total_present_worth,rebar_unit_cost,0.11821194703771679,0.11821194703771679
379,total_present_worth,fiber_unit_cost,0.00058707484209083,0.00058707484209083
379,total_present_worth,demolition_cost,0.052083809254945525,0.052083809254945525
379,total_present_worth,crushing_cost,0.042372317868244934,0.042372317868244934
379,total_present_worth,recycled_aggregate_credit,-0.03786377960484152,0.03786377960484152
379,total_present_worth,discount_rate,-0.22055855589761264,0.22055855589761264
379,gwp_total_project_kgco2e,concrete_gwp_factor,0.9984013359818885,0.9984013359818885
379,gwp_total_project_kgco2e,stone_57_gwp_factor,0.023001213333584486,0.023001213333584486
379,gwp_total_project_kgco2e,rebar_gwp_factor,0.029676229997342495,0.029676229997342495
379,gwp_total_project_kgco2e,trucking_gwp_factor,0.03792422997782569,0.03792422997782569
379,gwp_total_project_kgco2e,demolition_gwp_factor,0.022268314696491327,0.022268314696491327
379,gwp_total_project_kgco2e,crushing_gwp_factor,0.025920337154976138,0.025920337154976138
379,demand_capacity_ratio_k,subgrade_k_pci,-1.0,1.0
380,total_present_worth,concrete_unit_cost,0.8335634848625455,0.8335634848625455
380,total_present_worth,stone_57_unit_cost,0.29027657370772664,0.29027657370772664
380,total_present_worth,rebar_unit_cost,0.3866176082740711,0.3866176082740711
380,total_present_worth,fiber_unit_cost,0.0021006302558162523,0.0021006302558162523
380,total_present_worth,demolition_cost,0.048229678508635875,0.048229678508635875
380,total_present_worth,crushing_cost,0.041263858202873545,0.041263858202873545
380,total_present_worth,recycled_aggregate_credit,-0.032049455693427785,0.032049455693427785
380,total_present_worth,discount_rate,-0.20450690596674667,0.20450690596674667
380,gwp_total_project_kgco2e,concrete_gwp_factor,0.9948905231467562,0.9948905231467562
380,gwp_total_project_kgco2e,stone_57_gwp_factor,0.022998959613295587,0.022998959613295587
380,gwp_total_project_kgco2e,rebar_gwp_factor,0.0882462047872985,0.0882462047872985
380,gwp_total_project_kgco2e,trucking_gwp_factor,0.040919398099535764,0.040919398099535764
380,gwp_total_project_kgco2e,demolition_gwp_factor,0.022267100822570843,0.022267100822570843
380,gwp_total_project_kgco2e,crushing_gwp_factor,0.0255592409080797,0.0255592409080797
380,demand_capacity_ratio_k,subgrade_k_pci,-1.0,1.0
381,total_present_worth,concrete_unit_cost,0.8635736330552856,0.8635736330552856
381,total_present_worth,stone_57_unit_cost,0.30024234586848103,0.30024234586848103
381,total_present_worth,rebar_unit_cost,0.30094205460383283,0.30094205460383283
381,total_present_worth,fiber_unit_cost,0.001640714627408286,0.001640714627408286
381,total_present_worth,demolition_cost,0.049900252651672104,0.049900252651672104
381,total_present_worth,crushing_cost,0.04200159022416064,0.04200159022416064
381,total_present_worth,recycled_aggregate_credit,-0.03425139368176456,0.03425139368176456
381,total_present_worth,discount_rate,-0.21149777793994443,0.21149777793994443
381,gwp_total_project_kgco2e,concrete_gwp_factor,0.9965182579196314,0.9965182579196314
381,gwp_total_project_kgco2e,stone_57_gwp_factor,0.02300693937214678,0.02300693937214678
381,gwp_total_project_kgco2e,rebar_gwp_factor,0.06833726466842291,0.06833726466842291
381,gwp_total_project_kgco2e,trucking_gwp_factor,0.03991838685795136,0.03991838685795136
381,gwp_total_project_kgco2e,demolition_gwp_factor,0.022278036334927215,0.022278036334927215
381,gwp_total_project_kgco2e,crushing_gwp_factor,0.025694527133765813,0.025694527133765813
381,demand_capacity_ratio_k,subgrade_k_pci,-1.0,1.0
382,total_present_worth,concrete_unit_cost,0.8783393545795918,0.8783393545795918
382,total_present_worth,stone_57_unit_cost,0.30533433271202176,0.30533433271202176
382,total_present_worth,rebar_unit_cost,0.24626944312282778,0.24626944312282778
382,total_present_worth,fiber_unit_cost,0.001316584986190634,0.001316584986190634
382,total_present_worth,demolition_cost,0.050747448769674984,0.050747448769674984
382,total_present_worth,crushing_cost,0.042284007189809604,0.042284007189809604
382,total_present_worth,recycled_aggregate_credit,-0.03548156490612863,0.03548156490612863
382,total_present_worth,discount_rate,-0.2150341869715701,0.2150341869715701
382,gwp_total_project_kgco2e,concrete_gwp_factor,0.997282169819361,0.997282169819361
382,gwp_total_project_kgco2e,stone_57_gwp_factor,0.023015250413174104,0.023015250413174104
382,gwp_total_project_kgco2e,rebar_gwp_factor,0.05634635358909854,0.05634635358909854
382,gwp_total_project_kgco2e,trucking_gwp_factor,0.03930677960484272,0.03930677960484272
382,gwp_total_project_kgco2e,demolition_gwp_factor,0.022273927108013573,0.022273927108013573
382,gwp_total_project_kgco2e,crushing_gwp_factor,0.025768907543171567,0.025768907543171567
382,demand_capacity_ratio_k,subgrade_k_pci,-1.0,1.0
383,total_present_worth,concrete_unit_cost,0.886622459152345,0.886622459152345
383,total_present_worth,stone_57_unit_cost,0.3082470789620509,0.3082470789620509
383,total_present_worth,rebar_unit_cost,0.20864868169155548,0.20864868169155548
383,total_present_worth,fiber_unit_cost,0.0011173411616309365,0.0011173411616309365
383,total_present_worth,demolition_cost,0.05124707843813084,0.05124707843813084
383,total_present_worth,crushing_cost,0.0423962483701105,0.0423962483701105
383,total_present_worth,recycled_aggregate_credit,-0.03624041855779217,0.03624041855779217
383,total_present_worth,discount_rate,-0.21706519912255395,0.21706519912255395
383,gwp_total_project_kgco2e,concrete_gwp_factor,0.997702261930569,0.997702261930569
383,gwp_total_project_kgco2e,stone_57_gwp_factor,0.02301302274306121,0.02301302274306121
383,gwp_total_project_kgco2e,rebar_gwp_factor,0.04833771750541509,0.04833771750541509
383,gwp_total_project_kgco2e,trucking_gwp_factor,0.03889355906006943,0.03889355906006943
383,gwp_total_project_kgco2e,demolition_gwp_factor,0.022275801979854327,0.022275801979854327
383,gwp_total_project_kgco2e,crushing_gwp_factor,0.025815399985494165,0.025815399985494165
383,demand_capacity_ratio_k,subgrade_k_pci,-1.0,1.0
384,total_present_worth,concrete_unit_cost,0.8935563572477906,0.8935563572477906
384,total_present_worth,stone_57_unit_cost,0.3107196221604158,0.3107196221604158
384,total_present_worth,rebar_unit_cost,0.17023179736006075,0.17023179736006075
384,total_present_worth,fiber_unit_cost,0.0008861611085464646,0.0008861611085464646
384,total_present_worth,demolition_cost,0.05165826364744731,0.05165826364744731
384,total_present_worth,crushing_cost,0.042436982807118794,0.042436982807118794
384,total_present_worth,recycled_aggregate_credit,-0.036967081642754834,0.036967081642754834
384,total_present_worth,discount_rate,-0.21879035904739985,0.21879035904739985
384,gwp_total_project_kgco2e,concrete_gwp_factor,0.9980504347313802,0.9980504347313802
384,gwp_total_project_kgco2e,stone_57_gwp_factor,0.02301001196408401,0.02301001196408401
384,gwp_total_project_kgco2e,rebar_gwp_factor,0.04032581842176233,0.04032581842176233
384,gwp_total_project_kgco2e,trucking_gwp_factor,0.0384787223409915,0.0384787223409915
384,gwp_total_project_kgco2e,demolition_gwp_factor,0.02227047659758019,0.02227047659758019
384,gwp_total_project_kgco2e,crushing_gwp_factor,0.025855275120166117,0.025855275120166117
384,demand_capacity_ratio_k,subgrade_k_pci,-1.0,1.0
385,total_present_worth,concrete_unit_cost,0.8971168513877747,0.8971168513877747
385,total_present_worth,stone_57_unit_cost,0.3119971471156789,0.3119971471156789
385,total_present_worth,rebar_unit_cost,0.14628343365288138,0.14628343365288138
385,total_present_worth,fiber_unit_cost,0.0007505872814522349,0.0007505872814522349
385,total_present_worth,demolition_cost,0.0518739802210696,0.0518739802210696
385,total_present_worth,crushing_cost,0.04242508450433004,0.04242508450433004
385,total_present_worth,recycled_aggregate_credit,-0.03738818162724327,0.03738818162724327
385,total_present_worth,discount_rate,-0.2196914672377966,0.2196914672377966
385,gwp_total_project_kgco2e,concrete_gwp_factor,0.9982283479673554,0.9982283479673554
385,gwp_total_project_kgco2e,stone_57_gwp_factor,0.02300406497172963,0.02300406497172963
385,gwp_total_project_kgco2e,rebar_gwp_factor,0.03540281950132913,0.03540281950132913
385,gwp_total_project_kgco2e,trucking_gwp_factor,0.038224369432153744,0.038224369432153744
385,gwp_total_project_kgco2e,demolition_gwp_factor,0.02227177856590071,0.02227177856590071
385,gwp_total_project_kgco2e,crushing_gwp_factor,0.025889778461075912,0.025889778461075912
385,demand_capacity_ratio_k,subgrade_k_pci,-1.0,1.0
386,total_present_worth,concrete_unit_cost,0.9012853059874901,0.9012853059874901
386,total_present_worth,stone_57_unit_cost,0.3134904887562442,0.3134904887562442
386,total_present_worth,rebar_unit_cost,0.11135814237427126,0.11135814237427126
386,total_present_worth,fiber_unit_cost,0.000547279759802912,0.000547279759802912
386,total_present_worth,demolition_cost,0.052122971786609185,0.052122971786609185
386,total_present_worth,crushing_cost,0.042352107287756846,0.042352107287756846
386,total_present_worth,recycled_aggregate_credit,-0.03796796990008319,0.03796796990008319
386,total_present_worth,discount_rate,-0.2207415590896464,0.2207415590896464
386,gwp_total_project_kgco2e,concrete_gwp_factor,0.998437735186191,0.998437735186191
386,gwp_total_project_kgco2e,stone_57_gwp_factor,0.02299917132718367,0.02299917132718367
386,gwp_total_project_kgco2e,rebar_gwp_factor,0.028281507635888603,0.028281507635888603
386,gwp_total_project_kgco2e,trucking_gwp_factor,0.037854911624037965,0.037854911624037965
386,gwp_total_project_kgco2e,demolition_gwp_factor,0.022268080392075236,0.022268080392075236
386,gwp_total_project_kgco2e,crushing_gwp_factor,0.025927683052899074,0.025927683052899074
386,demand_capacity_ratio_k,subgrade_k_pci,-1.0,1.0
387,total_present_worth,concrete_unit_cost,0.747517484969727,0.747517484969727
387,total_present_worth,stone_57_unit_cost,0.2633254492828022,0.2633254492828022
387,total_present_worth,rebar_unit_cost,0.5541359910129504,0.5541359910129504
387,total_present_worth,fiber_unit_cost,0.002964364186593746,0.002964364186593746
387,total_present_worth,demolition_cost,0.043676710079038686,0.043676710079038686
387,total_present_worth,crushing_cost,0.0385734989944054,0.0385734989944054
387,total_present_worth,recycled_aggregate_credit,-0.026706210053402485,0.026706210053402485
387,total_present_worth,discount_rate,-0.18542341825265057,0.18542341825265057
387,gwp_total_project_kgco2e,concrete_gwp_factor,0.9895051985050501,0.9895051985050501
387,gwp_total_project_kgco2e,stone_57_gwp_factor,0.02293977471211991,0.02293977471211991
387,gwp_total_project_kgco2e,rebar_gwp_factor,0.13355733139310294,0.13355733139310294
387,gwp_total_project_kgco2e,trucking_gwp_factor,0.0431262350885465,0.0431262350885465
387,gwp_total_project_kgco2e,demolition_gwp_factor,0.02219929455489572,0.02219929455489572
387,gwp_total_project_kgco2e,crushing_gwp_factor,0.025228837413227536,0.025228837413227536
387,demand_capacity_ratio_k,subgrade_k_pci,-1.0,1.0
388,total_present_worth,concrete_unit_cost,0.8082810017852965,0.8082810017852965
388,total_present_worth,stone_57_unit_cost,0.28220055071835226,0.28220055071835226
388,total_present_worth,rebar_unit_cost,0.44426209526448884,0.44426209526448884
388,total_present_worth,fiber_unit_cost,0.002390316071132127,0.002390316071132127
388,total_present_worth,demolition_cost,0.04687158393142064,0.04687158393142064
388,total_present_worth,crushing_cost,0.0405354891739102,0.0405354891739102
388,total_present_worth,recycled_aggregate_credit,-0.03038462236450585,0.03038462236450585
388,total_present_worth,discount_rate,-0.1988138576492273,0.1988138576492273
388,gwp_total_project_kgco2e,concrete_gwp_factor,0.9934303130505882,0.9934303130505882
388,gwp_total_project_kgco2e,stone_57_gwp_factor,0.022987482269642992,0.022987482269642992
388,gwp_total_project_kgco2e,rebar_gwp_factor,0.10267291957361317,0.10267291957361317
388,gwp_total_project_kgco2e,trucking_gwp_factor,0.041627568839851026,0.041627568839851026
388,gwp_total_project_kgco2e,demolition_gwp_factor,0.022256749346950704,0.022256749346950704
388,gwp_total_project_kgco2e,crushing_gwp_factor,0.025458422640679372,0.025458422640679372
388,demand_capacity_ratio_k,subgrade_k_pci,-1.0,1.0
389,total_present_worth,concrete_unit_cost,0.8404681672030992,0.8404681672030992
389,total_present_worth,stone_57_unit_cost,0.2925236500343855,0.2925236500343855
389,total_present_worth,rebar_unit_cost,0.36895191453458887,0.36895191453458887
389,total_present_worth,fiber_unit_cost,0.0020078568239391427,0.0020078568239391427
389,total_present_worth,demolition_cost,0.04861377533150951,0.04861377533150951
389,total_present_worth,crushing_cost,0.0414485115765794,0.0414485115765794
389,total_present_worth,recycled_aggregate_credit,-0.0325304979292362,0.0325304979292362
389,total_present_worth,discount_rate,-0.2060992829101402,0.2060992829101402
389,gwp_total_project_kgco2e,concrete_gwp_factor,0.995274689168158,0.995274689168158
389,gwp_total_project_kgco2e,stone_57_gwp_factor,0.023001816569840728,0.023001816569840728
389,gwp_total_project_kgco2e,rebar_gwp_factor,0.08400706410019483,0.08400706410019483
389,gwp_total_project_kgco2e,trucking_gwp_factor,0.04070754743247502,0.04070754743247502
389,gwp_total_project_kgco2e,demolition_gwp_factor,0.022268678053035472,0.022268678053035472
389,gwp_total_project_kgco2e,crushing_gwp_factor,0.02558645094841058,0.02558645094841058
389,demand_capacity_ratio_k,subgrade_k_pci,-1.0,1.0
390,total_present_worth,concrete_unit_cost,0.8592166633969027,0.8592166633969027
390,total_present_worth,stone_57_unit_cost,0.2987705879691723,0.2987705879691723
390,total_present_worth,rebar_unit_cost,0.31506333131805736,0.31506333131805736
390,total_present_worth,fiber_unit_cost,0.0017213873417445552,0.0017213873417445552
390,total_present_worth,demolition_cost,0.04965255940261302,0.04965255940261302
390,total_present_worth,crushing_cost,0.04189720243579888,0.04189720243579888
390,total_present_worth,recycled_aggregate_credit,-0.03390460779352984,0.03390460779352984
390,total_present_worth,discount_rate,-0.2104708351340134,0.2104708351340134
390,gwp_total_project_kgco2e,concrete_gwp_factor,0.9962884606339394,0.9962884606339394
390,gwp_total_project_kgco2e,stone_57_gwp_factor,0.02300884884555554,0.02300884884555554
390,gwp_total_project_kgco2e,rebar_gwp_factor,0.07151233253558094,0.07151233253558094
390,gwp_total_project_kgco2e,trucking_gwp_factor,0.0400822528474569,0.0400822528474569
390,gwp_total_project_kgco2e,demolition_gwp_factor,0.02227805768532723,0.02227805768532723
390,gwp_total_project_kgco2e,crushing_gwp_factor,0.025672904119773163,0.025672904119773163
390,demand_capacity_ratio_k,subgrade_k_pci,-1.0,1.0
391,total_present_worth,concrete_unit_cost,0.8753310731785164,0.8753310731785164
391,total_present_worth,stone_57_unit_cost,0.3042857154143863,0.3042857154143863
391,total_present_worth,rebar_unit_cost,0.25846032420805615,0.25846032420805615
391,total_present_worth,fiber_unit_cost,0.0013959364083663745,0.0013959364083663745
391,total_present_worth,demolition_cost,0.05056997716806799,0.05056997716806799
391,total_present_worth,crushing_cost,0.04223386391836555,0.04223386391836555
391,total_present_worth,recycled_aggregate_credit,-0.03521617563194247,0.03521617563194247
391,total_present_worth,discount_rate,-0.21430978907388237,0.21430978907388237
391,gwp_total_project_kgco2e,concrete_gwp_factor,0.9971278115477472,0.9971278115477472
391,gwp_total_project_kgco2e,stone_57_gwp_factor,0.023015213483126084,0.023015213483126084
391,gwp_total_project_kgco2e,rebar_gwp_factor,0.05898605044135442,0.05898605044135442
391,gwp_total_project_kgco2e,trucking_gwp_factor,0.03944489197808196,0.03944489197808196
391,gwp_total_project_kgco2e,demolition_gwp_factor,0.022276626243342652,0.022276626243342652
391,gwp_total_project_kgco2e,crushing_gwp_factor,0.025750213289596084,0.025750213289596084
391,demand_capacity_ratio_k,subgrade_k_pci,-1.0,1.0
392,total_present_worth,concrete_unit_cost,0.8837426652631932,0.8837426652631932
392,total_present_worth,stone_57_unit_cost,0.30723476018353396,0.30723476018353396
392,total_present_worth,rebar_unit_cost,0.22251127592775652,0.22251127592775652
392,total_present_worth,fiber_unit_cost,0.001188389601115356,0.001188389601115356
392,total_present_worth,demolition_cost,0.05107097715271639,0.05107097715271639
392,total_present_worth,crushing_cost,0.04236332011406533,0.04236332011406533
392,total_present_worth,recycled_aggregate_credit,-0.03597411120018165,0.03597411120018165
392,total_present_worth,discount_rate,-0.2163546457823822,0.2163546457823822
392,gwp_total_project_kgco2e,concrete_gwp_factor,0.9975568893602389,0.9975568893602389
392,gwp_total_project_kgco2e,stone_57_gwp_factor,0.023010776066964313,0.023010776066964313
392,gwp_total_project_kgco2e,rebar_gwp_factor,0.05127054206809222,0.05127054206809222
392,gwp_total_project_kgco2e,trucking_gwp_factor,0.039046750502178706,0.039046750502178706
392,gwp_total_project_kgco2e,demolition_gwp_factor,0.022274751373325907,0.022274751373325907
392,gwp_total_project_kgco2e,crushing_gwp_factor,0.025797769955855112,0.025797769955855112
392,demand_capacity_ratio_k,subgrade_k_pci,-1.0,1.0
393,total_present_worth,concrete_unit_cost,0.893702317426729,0.893702317426729
393,total_present_worth,stone_57_unit_cost,0.3107735839376535,0.3107735839376535
393,total_present_worth,rebar_unit_cost,0.1693164435244306,0.1693164435244306
393,total_present_worth,fiber_unit_cost,0.0008827685896971075,0.0008827685896971075
393,total_present_worth,demolition_cost,0.05166674613823471,0.05166674613823471
393,total_present_worth,crushing_cost,0.042437102626254844,0.042437102626254844
393,total_present_worth,recycled_aggregate_credit,-0.03698451931901781,0.03698451931901781
393,total_present_worth,discount_rate,-0.21882799180107587,0.21882799180107587
393,gwp_total_project_kgco2e,concrete_gwp_factor,0.9980578000282152,0.9980578000282152
393,gwp_total_project_kgco2e,stone_57_gwp_factor,0.02300982648757193,0.02300982648757193
393,gwp_total_project_kgco2e,rebar_gwp_factor,0.04013581467890233,0.04013581467890233
393,gwp_total_project_kgco2e,trucking_gwp_factor,0.03846896482946759,0.03846896482946759
393,gwp_total_project_kgco2e,demolition_gwp_factor,0.02227064940967626,0.02227064940967626
393,gwp_total_project_kgco2e,crushing_gwp_factor,0.02585577069146231,0.02585577069146231
393,demand_capacity_ratio_k,subgrade_k_pci,-1.0,1.0
394,total_present_worth,concrete_unit_cost,0.6364442929297777,0.6364442929297777
394,total_present_worth,stone_57_unit_cost,0.22854213799596088,0.22854213799596088
394,total_present_worth,rebar_unit_cost,0.700062493139033,0.700062493139033
394,total_present_worth,fiber_unit_cost,0.0036977835615751137,0.0036977835615751137
394,total_present_worth,demolition_cost,0.03780458360174583,0.03780458360174583
394,total_present_worth,crushing_cost,0.03449040659901216,0.03449040659901216
394,total_present_worth,recycled_aggregate_credit,-0.02039521535567809,0.02039521535567809
394,total_present_worth,discount_rate,-0.16065550649097252,0.16065550649097252
394,gwp_total_project_kgco2e,concrete_gwp_factor,0.9801106970610043,0.9801106970610043
394,gwp_total_project_kgco2e,stone_57_gwp_factor,0.02281939209562376,0.02281939209562376
394,gwp_total_project_kgco2e,rebar_gwp_factor,0.18697196295264482,0.18697196295264482
394,gwp_total_project_kgco2e,trucking_gwp_factor,0.045585331060314135,0.045585331060314135
394,gwp_total_project_kgco2e,demolition_gwp_factor,0.022027604179179042,0.022027604179179042
394,gwp_total_project_kgco2e,crushing_gwp_factor,0.024730523027908215,0.024730523027908215
394,demand_capacity_ratio_k,subgrade_k_pci,-1.0,1.0
395,total_present_worth,concrete_unit_cost,0.7267498321327801,0.7267498321327801
395,total_present_worth,stone_57_unit_cost,0.25693903989163963,0.25693903989163963
395,total_present_worth,rebar_unit_cost,0.5856157458613503,0.5856157458613503
395,total_present_worth,fiber_unit_cost,0.0031252033080980818,0.0031252033080980818
395,total_present_worth,demolition_cost,0.04258486040000995,0.04258486040000995
395,total_present_worth,crushing_cost,0.037853852175717545,0.037853852175717545
395,total_present_worth,recycled_aggregate_credit,-0.025504727136985893,0.025504727136985893
395,total_present_worth,discount_rate,-0.18087231767865464,0.18087231767865464
395,gwp_total_project_kgco2e,concrete_gwp_factor,0.9880027796350732,0.9880027796350732
395,gwp_total_project_kgco2e,stone_57_gwp_factor,0.02291633002593453,0.02291633002593453
395,gwp_total_project_kgco2e,rebar_gwp_factor,0.14353897275389563,0.14353897275389563
395,gwp_total_project_kgco2e,trucking_gwp_factor,0.04359077949942032,0.04359077949942032
395,gwp_total_project_kgco2e,demolition_gwp_factor,0.022167616276547047,0.022167616276547047
395,gwp_total_project_kgco2e,crushing_gwp_factor,0.0251420088898328,0.0251420088898328
395,demand_capacity_ratio_k,subgrade_k_pci,-1.0,1.0
396,total_present_worth,concrete_unit_cost,0.7809051894155301,0.7809051894155301
396,total_present_worth,stone_57_unit_cost,0.2736306895106043,0.2736306895106043
396,total_present_worth,rebar_unit_cost,0.4976944138002938,0.4976944138002938
396,total_present_worth,fiber_unit_cost,0.002671970234412788,0.002671970234412788
396,total_present_worth,demolition_cost,0.04543068864300428,0.04543068864300428
396,total_present_worth,crushing_cost,0.03969065901085227,0.03969065901085227
396,total_present_worth,recycled_aggregate_credit,-0.028674328743981736,0.028674328743981736
396,total_present_worth,discount_rate,-0.1927395295897695,0.1927395295897695
396,gwp_total_project_kgco2e,concrete_gwp_factor,0.9917404412875441,0.9917404412875441
396,gwp_total_project_kgco2e,stone_57_gwp_factor,0.02296677182598671,0.02296677182598671
396,gwp_total_project_kgco2e,rebar_gwp_factor,0.11704037952217616,0.11704037952217616
396,gwp_total_project_kgco2e,trucking_gwp_factor,0.042334413730309765,0.042334413730309765
396,gwp_total_project_kgco2e,demolition_gwp_factor,0.022233421128445372,0.022233421128445372
396,gwp_total_project_kgco2e,crushing_gwp_factor,0.02535380773522953,0.02535380773522953
396,demand_capacity_ratio_k,subgrade_k_pci,-1.0,1.0
397,total_present_worth,concrete_unit_cost,0.8145339083316376,0.8145339083316376
397,total_present_worth,stone_57_unit_cost,0.28417226933827694,0.28417226933827694
397,total_present_worth,rebar_unit_cost,0.4308810477977605,0.4308810477977605
397,total_present_worth,fiber_unit_cost,0.0023186824851514735,0.0023186824851514735
397,total_present_worth,demolition_cost,0.04721200971194081,0.04721200971194081
397,total_present_worth,crushing_cost,0.0407252389845781,0.0407252389845781
397,total_present_worth,recycled_aggregate_credit,-0.03078616114236247,0.03078616114236247
397,total_present_worth,discount_rate,-0.2002126100449496,0.2002126100449496
397,gwp_total_project_kgco2e,concrete_gwp_factor,0.9938001247788322,0.9938001247788322
397,gwp_total_project_kgco2e,stone_57_gwp_factor,0.022988623009419454,0.022988623009419454
397,gwp_total_project_kgco2e,rebar_gwp_factor,0.09923433850478174,0.09923433850478174
397,gwp_total_project_kgco2e,trucking_gwp_factor,0.041456939058790776,0.041456939058790776
397,gwp_total_project_kgco2e,demolition_gwp_factor,0.022260064999848027,0.022260064999848027
397,gwp_total_project_kgco2e,crushing_gwp_factor,0.025479845094831942,0.025479845094831942
397,demand_capacity_ratio_k,subgrade_k_pci,-1.0,1.0
398,total_present_worth,concrete_unit_cost,0.8446639987241696,0.8446639987241696
398,total_present_worth,stone_57_unit_cost,0.2939079235957072,0.2939079235957072
398,total_present_worth,rebar_unit_cost,0.35771231451786895,0.35771231451786895
398,total_present_worth,fiber_unit_cost,0.0019512025833724812,0.0019512025833724812
398,total_present_worth,demolition_cost,0.04883832465777534,0.04883832465777534
398,total_present_worth,crushing_cost,0.04155345054001339,0.04155345054001339
398,total_present_worth,recycled_aggregate_credit,-0.03282611389082645,0.03282611389082645
398,total_present_worth,discount_rate,-0.20706379718997714,0.20706379718997714
398,gwp_total_project_kgco2e,concrete_gwp_factor,0.995504803899162,0.995504803899162
398,gwp_total_project_kgco2e,stone_57_gwp_factor,0.02300533596142614,0.02300533596142614
398,gwp_total_project_kgco2e,rebar_gwp_factor,0.08135288270898916,0.08135288270898916
398,gwp_total_project_kgco2e,trucking_gwp_factor,0.04057613998051846,0.04057613998051846
398,gwp_total_project_kgco2e,demolition_gwp_factor,0.022270483350796195,0.022270483350796195
398,gwp_total_project_kgco2e,crushing_gwp_factor,0.02560329578531332,0.02560329578531332
398,demand_capacity_ratio_k,subgrade_k_pci,-1.0,1.0
399,total_present_worth,concrete_unit_cost,0.8608676214908112,0.8608676214908112
399,total_present_worth,stone_57_unit_cost,0.2993254964640182,0.2993254964640182
399,total_present_worth,rebar_unit_cost,0.30979846577057535,0.30979846577057535
399,total_present_worth,fiber_unit_cost,0.0016937428535094973,0.0016937428535094973
399,total_present_worth,demolition_cost,0.04974546580908219,0.04974546580908219
399,total_present_worth,crushing_cost,0.041935257754726105,0.041935257754726105
399,total_present_worth,recycled_aggregate_credit,-0.03403580187723032,0.03403580187723032
399,total_present_worth,discount_rate,-0.21086011243355196,0.21086011243355196
399,gwp_total_project_kgco2e,concrete_gwp_factor,0.9963758567171104,0.9963758567171104
399,gwp_total_project_kgco2e,stone_57_gwp_factor,0.0230087526793795,0.0230087526793795
399,gwp_total_project_kgco2e,rebar_gwp_factor,0.07032371631542549,0.07032371631542549
399,gwp_total_project_kgco2e,trucking_gwp_factor,0.04002133206640854,0.04002133206640854
399,gwp_total_project_kgco2e,demolition_gwp_factor,0.022278088642543235,0.022278088642543235
399,gwp_total_project_kgco2e,crushing_gwp_factor,0.025679779933631915,0.025679779933631915
399,demand_capacity_ratio_k,subgrade_k_pci,-1.0,1.0
400,total_present_worth,concrete_unit_cost,0.8805055960404263,0.8805055960404263
400,total_present_worth,stone_57_unit_cost,0.30609178190547676,0.30609178190547676
400,total_present_worth,rebar_unit_cost,0.23705852873603944,0.23705852873603944
400,total_present_worth,fiber_unit_cost,0.0012661675056264672,0.0012661675056264672
400,total_present_worth,demolition_cost,0.05088131432985652,0.05088131432985652
400,total_present_worth,crushing_cost,0.04232029205254412,0.04232029205254412
400,total_present_worth,recycled_aggregate_credit,-0.03567505103411003,0.03567505103411003
400,total_present_worth,discount_rate,-0.21556334771737534,0.21556334771737534
400,gwp_total_project_kgco2e,concrete_gwp_factor,0.997392595541933,0.997392595541933
400,gwp_total_project_kgco2e,stone_57_gwp_factor,0.023014211214325685,0.023014211214325685
400,gwp_total_project_kgco2e,rebar_gwp_factor,0.054368919526995574,0.054368919526995574
400,gwp_total_project_kgco2e,trucking_gwp_factor,0.03920565689667426,0.03920565689667426
400,gwp_total_project_kgco2e,demolition_gwp_factor,0.022274759258669903,0.022274759258669903
400,gwp_total_project_kgco2e,crushing_gwp_factor,0.025779595955079837,0.025779595955079837
400,demand_capacity_ratio_k,subgrade_k_pci,-1.0,1.0
401,total_present_worth,concrete_unit_cost,0.9352202303399763,0.9352202303399763
401,total_present_worth,stone_57_unit_cost,0.21526183126645676,0.21526183126645676
401,total_present_worth,rebar_unit_cost,0.00714289938343316,0.00714289938343316
401,total_present_worth,fiber_unit_cost,0.004644799903809921,0.004644799903809921
401,total_present_worth,demolition_cost,0.054794971184285994,0.054794971184285994
401,total_present_worth,crushing_cost,0.042913083717293236,0.042913083717293236
401,total_present_worth,recycled_aggregate_credit,-0.04001142627366858,0.04001142627366858
401,total_present_worth,discount_rate,-0.23032319403905507,0.23032319403905507
401,gwp_total_project_kgco2e,concrete_gwp_factor,0.9990579319084553,0.9990579319084553
401,gwp_total_project_kgco2e,stone_57_gwp_factor,0.015057858126887144,0.015057858126887144
401,gwp_total_project_kgco2e,rebar_gwp_factor,0.007388835941163535,0.007388835941163535
401,gwp_total_project_kgco2e,trucking_gwp_factor,0.032315593871102236,0.032315593871102236
401,gwp_total_project_kgco2e,demolition_gwp_factor,0.02222076783298431,0.02222076783298431
401,gwp_total_project_kgco2e,crushing_gwp_factor,0.02609093993978038,0.02609093993978038
401,demand_capacity_ratio_k,subgrade_k_pci,-1.0,1.0
402,total_present_worth,concrete_unit_cost,0.9352169531652229,0.9352169531652229
402,total_present_worth,stone_57_unit_cost,0.21526059872437628,0.21526059872437628
402,total_present_worth,rebar_unit_cost,0.007145456529194184,0.007145456529194184
402,total_present_worth,fiber_unit_cost,0.005290118660932049,0.005290118660932049
402,total_present_worth,demolition_cost,0.054795788716734316,0.054795788716734316
402,total_present_worth,crushing_cost,0.042919301410543724,0.042919301410543724
402,total_present_worth,recycled_aggregate_credit,-0.04000189094963276,0.04000189094963276
402,total_present_worth,discount_rate,-0.2303218276514203,0.2303218276514203
402,gwp_total_project_kgco2e,concrete_gwp_factor,0.9990579319084553,0.9990579319084553
402,gwp_total_project_kgco2e,stone_57_gwp_factor,0.015057858126887144,0.015057858126887144
402,gwp_total_project_kgco2e,rebar_gwp_factor,0.007388835941163535,0.007388835941163535
402,gwp_total_project_kgco2e,trucking_gwp_factor,0.032315593871102236,0.032315593871102236
402,gwp_total_project_kgco2e,demolition_gwp_factor,0.02222076783298431,0.02222076783298431
402,gwp_total_project_kgco2e,crushing_gwp_factor,0.02609093993978038,0.02609093993978038
402,demand_capacity_ratio_k,subgrade_k_pci,-1.0,1.0
403,total_present_worth,concrete_unit_cost,0.9352009789991685,0.9352009789991685
403,total_present_worth,stone_57_unit_cost,0.21525811863243927,0.21525811863243927
403,total_present_worth,rebar_unit_cost,0.007156790922606717,0.007156790922606717
403,total_present_worth,fiber_unit_cost,0.007701632757320653,0.007701632757320653
403,total_present_worth,demolition_cost,0.05479612731987046,0.05479612731987046
403,total_present_worth,crushing_cost,0.042940377196600155,0.042940377196600155
403,total_present_worth,recycled_aggregate_credit,-0.03997521756187809,0.03997521756187809
403,total_present_worth,discount_rate,-0.23031566810545584,0.23031566810545584
403,gwp_total_project_kgco2e,concrete_gwp_factor,0.9990579319084553,0.9990579319084553
403,gwp_total_project_kgco2e,stone_57_gwp_factor,0.015057858126887144,0.015057858126887144
403,gwp_total_project_kgco2e,rebar_gwp_factor,0.007388835941163535,0.007388835941163535
403,gwp_total_project_kgco2e,trucking_gwp_factor,0.032315593871102236,0.032315593871102236
403,gwp_total_project_kgco2e,demolition_gwp_factor,0.02222076783298431,0.02222076783298431
403,gwp_total_project_kgco2e,crushing_gwp_factor,0.02609093993978038,0.02609093993978038
403,demand_capacity_ratio_k,subgrade_k_pci,-1.0,1.0
404,total_present_worth,concrete_unit_cost,0.9351794867246959,0.9351794867246959
404,total_present_worth,stone_57_unit_cost,0.21525357658702943,0.21525357658702943
404,total_present_worth,rebar_unit_cost,0.007168989999923597,0.007168989999923597
404,total_present_worth,fiber_unit_cost,0.010112793918157118,0.010112793918157118
404,total_present_worth,demolition_cost,0.05479697315935879,0.05479697315935879
404,total_present_worth,crushing_cost,0.04295326048367731,0.04295326048367731
404,total_present_worth,recycled_aggregate_credit,-0.03994992877252398,0.03994992877252398
404,total_present_worth,discount_rate,-0.23030695004553425,0.23030695004553425
404,gwp_total_project_kgco2e,concrete_gwp_factor,0.9990579319084553,0.9990579319084553
404,gwp_total_project_kgco2e,stone_57_gwp_factor,0.015057858126887144,0.015057858126887144
404,gwp_total_project_kgco2e,rebar_gwp_factor,0.007388835941163535,0.007388835941163535
404,gwp_total_project_kgco2e,trucking_gwp_factor,0.032315593871102236,0.032315593871102236
404,gwp_total_project_kgco2e,demolition_gwp_factor,0.02222076783298431,0.02222076783298431
404,gwp_total_project_kgco2e,crushing_gwp_factor,0.02609093993978038,0.02609093993978038
404,demand_capacity_ratio_k,subgrade_k_pci,-1.0,1.0
405,total_present_worth,concrete_unit_cost,0.9351525078300931,0.9351525078300931
405,total_present_worth,stone_57_unit_cost,0.21524569814072228,0.21524569814072228
405,total_present_worth,rebar_unit_cost,0.007186257098490503,0.007186257098490503
405,total_present_worth,fiber_unit_cost,0.012527801182195122,0.012527801182195122
405,total_present_worth,demolition_cost,0.054800362668704146,0.054800362668704146
405,total_present_worth,crushing_cost,0.04297036934477215,0.04297036934477215
405,total_present_worth,recycled_aggregate_credit,-0.03992692108630677,0.03992692108630677
405,total_present_worth,discount_rate,-0.23029610825152833,0.23029610825152833
405,gwp_total_project_kgco2e,concrete_gwp_factor,0.9990579319084553,0.9990579319084553
405,gwp_total_project_kgco2e,stone_57_gwp_factor,0.015057858126887144,0.015057858126887144
405,gwp_total_project_kgco2e,rebar_gwp_factor,0.007388835941163535,0.007388835941163535
405,gwp_total_project_kgco2e,trucking_gwp_factor,0.032315593871102236,0.032315593871102236
405,gwp_total_project_kgco2e,demolition_gwp_factor,0.02222076783298431,0.02222076783298431
405,gwp_total_project_kgco2e,crushing_gwp_factor,0.02609093993978038,0.02609093993978038
405,demand_capacity_ratio_k,subgrade_k_pci,-1.0,1.0
406,total_present_worth,concrete_unit_cost,0.9351198340597761,0.9351198340597761
406,total_present_worth,stone_57_unit_cost,0.2152396516860319,0.2152396516860319
406,total_present_worth,rebar_unit_cost,0.007199752496543901,0.007199752496543901
406,total_present_worth,fiber_unit_cost,0.014935460441398186,0.014935460441398186
406,total_present_worth,demolition_cost,0.05480207652358483,0.05480207652358483
406,total_present_worth,crushing_cost,0.04298490972874596,0.04298490972874596
406,total_present_worth,recycled_aggregate_credit,-0.03990296125912919,0.03990296125912919
406,total_present_worth,discount_rate,-0.23028064920412109,0.23028064920412109
406,gwp_total_project_kgco2e,concrete_gwp_factor,0.9990579319084553,0.9990579319084553
406,gwp_total_project_kgco2e,stone_57_gwp_factor,0.015057858126887144,0.015057858126887144
406,gwp_total_project_kgco2e,rebar_gwp_factor,0.007388835941163535,0.007388835941163535
406,gwp_total_project_kgco2e,trucking_gwp_factor,0.032315593871102236,0.032315593871102236
406,gwp_total_project_kgco2e,demolition_gwp_factor,0.02222076783298431,0.02222076783298431
406,gwp_total_project_kgco2e,crushing_gwp_factor,0.02609093993978038,0.02609093993978038
406,demand_capacity_ratio_k,subgrade_k_pci,-1.0,1.0
407,total_present_worth,concrete_unit_cost,0.9350800823471201,0.9350800823471201
407,total_present_worth,stone_57_unit_cost,0.21523034036743613,0.21523034036743613
407,total_present_worth,rebar_unit_cost,0.007209405447171763,0.007209405447171763
407,total_present_worth,fiber_unit_cost,0.01734972190860389,0.01734972190860389
407,total_present_worth,demolition_cost,0.05480345542496138,0.05480345542496138
407,total_present_worth,crushing_cost,0.04299739260635096,0.04299739260635096
407,total_present_worth,recycled_aggregate_credit,-0.03987428341892572,0.03987428341892572
407,total_present_worth,discount_rate,-0.23027099833667758,0.23027099833667758
407,gwp_total_project_kgco2e,concrete_gwp_factor,0.9990579319084553,0.9990579319084553
407,gwp_total_project_kgco2e,stone_57_gwp_factor,0.015057858126887144,0.015057858126887144
407,gwp_total_project_kgco2e,rebar_gwp_factor,0.007388835941163535,0.007388835941163535
407,gwp_total_project_kgco2e,trucking_gwp_factor,0.032315593871102236,0.032315593871102236
407,gwp_total_project_kgco2e,demolition_gwp_factor,0.02222076783298431,0.02222076783298431
407,gwp_total_project_kgco2e,crushing_gwp_factor,0.02609093993978038,0.02609093993978038
407,demand_capacity_ratio_k,subgrade_k_pci,-1.0,1.0
408,total_present_worth,concrete_unit_cost,0.9457590016279357,0.9457590016279357
408,total_present_worth,stone_57_unit_cost,0.16236621510753851,0.16236621510753851
408,total_present_worth,rebar_unit_cost,0.007001468754736589,0.007001468754736589
408,total_present_worth,fiber_unit_cost,0.0046885944981634375,0.0046885944981634375
408,total_present_worth,demolition_cost,0.05579821123886329,0.05579821123886329
408,total_present_worth,crushing_cost,0.043272123581788856,0.043272123581788856
408,total_present_worth,recycled_aggregate_credit,-0.040219663244983876,0.040219663244983876
408,total_present_worth,discount_rate,-0.23377685587084954,0.23377685587084954
408,gwp_total_project_kgco2e,concrete_gwp_factor,0.9991905688526683,0.9991905688526683
408,gwp_total_project_kgco2e,stone_57_gwp_factor,0.011091733190900694,0.011091733190900694
408,gwp_total_project_kgco2e,rebar_gwp_factor,0.007368485417059396,0.007368485417059396
408,gwp_total_project_kgco2e,trucking_gwp_factor,0.030089808378755925,0.030089808378755925
408,gwp_total_project_kgco2e,demolition_gwp_factor,0.02221070160370028,0.02221070160370028
408,gwp_total_project_kgco2e,crushing_gwp_factor,0.026113904367725566,0.026113904367725566
408,demand_capacity_ratio_k,subgrade_k_pci,-1.0,1.0
409,total_present_worth,concrete_unit_cost,0.9457561301831665,0.9457561301831665
409,total_present_worth,stone_57_unit_cost,0.1623652397875701,0.1623652397875701
409,total_present_worth,rebar_unit_cost,0.00700579600456232,0.00700579600456232
409,total_present_worth,fiber_unit_cost,0.005345072184410029,0.005345072184410029
409,total_present_worth,demolition_cost,0.05579878465867152,0.05579878465867152
409,total_present_worth,crushing_cost,0.04327579420620632,0.04327579420620632
409,total_present_worth,recycled_aggregate_credit,-0.040212996338069205,0.040212996338069205
409,total_present_worth,discount_rate,-0.23377391524410757,0.23377391524410757
409,gwp_total_project_kgco2e,concrete_gwp_factor,0.9991905688526683,0.9991905688526683
409,gwp_total_project_kgco2e,stone_57_gwp_factor,0.011091733190900694,0.011091733190900694
409,gwp_total_project_kgco2e,rebar_gwp_factor,0.007368485417059396,0.007368485417059396
409,gwp_total_project_kgco2e,trucking_gwp_factor,0.030089808378755925,0.030089808378755925
409,gwp_total_project_kgco2e,demolition_gwp_factor,0.02221070160370028,0.02221070160370028
409,gwp_total_project_kgco2e,crushing_gwp_factor,0.026113904367725566,0.026113904367725566
409,demand_capacity_ratio_k,subgrade_k_pci,-1.0,1.0
410,total_present_worth,concrete_unit_cost,0.9457392885152238,0.9457392885152238
410,total_present_worth,stone_57_unit_cost,0.16236062627611228,0.16236062627611228
410,total_present_worth,rebar_unit_cost,0.007017331908406933,0.007017331908406933
410,total_present_worth,fiber_unit_cost,0.007791534131660614,0.007791534131660614
410,total_present_worth,demolition_cost,0.05580222337300889,0.05580222337300889
410,total_present_worth,crushing_cost,0.04329595024803839,0.04329595024803839
410,total_present_worth,recycled_aggregate_credit,-0.04018695119706678,0.04018695119706678
410,total_present_worth,discount_rate,-0.233768668888209,0.233768668888209
410,gwp_total_project_kgco2e,concrete_gwp_factor,0.9991905688526683,0.9991905688526683
410,gwp_total_project_kgco2e,stone_57_gwp_factor,0.011091733190900694,0.011091733190900694
410,gwp_total_project_kgco2e,rebar_gwp_factor,0.007368485417059396,0.007368485417059396
410,gwp_total_project_kgco2e,trucking_gwp_factor,0.030089808378755925,0.030089808378755925
410,gwp_total_project_kgco2e,demolition_gwp_factor,0.02221070160370028,0.02221070160370028
410,gwp_total_project_kgco2e,crushing_gwp_factor,0.026113904367725566,0.026113904367725566
410,demand_capacity_ratio_k,subgrade_k_pci,-1.0,1.0
411,total_present_worth,concrete_unit_cost,0.9457177380739672,0.9457177380739672
411,total_present_worth,stone_57_unit_cost,0.16235682042052674,0.16235682042052674
411,total_present_worth,rebar_unit_cost,0.0070309936020763976,0.0070309936020763976
411,total_present_worth,fiber_unit_cost,0.010241554958752622,0.010241554958752622
411,total_present_worth,demolition_cost,0.05580603317525042,0.05580603317525042
411,total_present_worth,crushing_cost,0.04331115620145246,0.04331115620145246
411,total_present_worth,recycled_aggregate_credit,-0.040156631895870654,0.040156631895870654
411,total_present_worth,discount_rate,-0.2337575390509545,0.2337575390509545
411,gwp_total_project_kgco2e,concrete_gwp_factor,0.9991905688526683,0.9991905688526683
411,gwp_total_project_kgco2e,stone_57_gwp_factor,0.011091733190900694,0.011091733190900694
411,gwp_total_project_kgco2e,rebar_gwp_factor,0.007368485417059396,0.007368485417059396
411,gwp_total_project_kgco2e,trucking_gwp_factor,0.030089808378755925,0.030089808378755925
411,gwp_total_project_kgco2e,demolition_gwp_factor,0.02221070160370028,0.02221070160370028
411,gwp_total_project_kgco2e,crushing_gwp_factor,0.026113904367725566,0.026113904367725566
411,demand_capacity_ratio_k,subgrade_k_pci,-1.0,1.0
412,total_present_worth,concrete_unit_cost,0.9456901889194921,0.9456901889194921
412,total_present_worth,stone_57_unit_cost,0.16234880799997953,0.16234880799997953
412,total_present_worth,rebar_unit_cost,0.007044810888993925,0.007044810888993925
412,total_present_worth,fiber_unit_cost,0.012691769857236709,0.012691769857236709
412,total_present_worth,demolition_cost,0.055805363002226153,0.055805363002226153
412,total_present_worth,crushing_cost,0.04332642734741057,0.04332642734741057
412,total_present_worth,recycled_aggregate_credit,-0.04013076977666031,0.04013076977666031
412,total_present_worth,discount_rate,-0.2337457106476186,0.2337457106476186
412,gwp_total_project_kgco2e,concrete_gwp_factor,0.9991905688526683,0.9991905688526683
412,gwp_total_project_kgco2e,stone_57_gwp_factor,0.011091733190900694,0.011091733190900694
412,gwp_total_project_kgco2e,rebar_gwp_factor,0.007368485417059396,0.007368485417059396
412,gwp_total_project_kgco2e,trucking_gwp_factor,0.030089808378755925,0.030089808378755925
412,gwp_total_project_kgco2e,demolition_gwp_factor,0.02221070160370028,0.02221070160370028
412,gwp_total_project_kgco2e,crushing_gwp_factor,0.026113904367725566,0.026113904367725566
412,demand_capacity_ratio_k,subgrade_k_pci,-1.0,1.0
413,total_present_worth,concrete_unit_cost,0.9456569219618148,0.9456569219618148
413,total_present_worth,stone_57_unit_cost,0.16233826944829532,0.16233826944829532
413,total_present_worth,rebar_unit_cost,0.007059117612423647,0.007059117612423647
413,total_present_worth,fiber_unit_cost,0.015136396388358559,0.015136396388358559
413,total_present_worth,demolition_cost,0.05580496709016199,0.05580496709016199
413,total_present_worth,crushing_cost,0.043344639106905856,0.043344639106905856
413,total_present_worth,recycled_aggregate_credit,-0.04010277964061711,0.04010277964061711
413,total_present_worth,discount_rate,-0.23373245423511183,0.23373245423511183
413,gwp_total_project_kgco2e,concrete_gwp_factor,0.9991905688526683,0.9991905688526683
413,gwp_total_project_kgco2e,stone_57_gwp_factor,0.011091733190900694,0.011091733190900694
413,gwp_total_project_kgco2e,rebar_gwp_factor,0.007368485417059396,0.007368485417059396
413,gwp_total_project_kgco2e,trucking_gwp_factor,0.030089808378755925,0.030089808378755925
413,gwp_total_project_kgco2e,demolition_gwp_factor,0.02221070160370028,0.02221070160370028
413,gwp_total_project_kgco2e,crushing_gwp_factor,0.026113904367725566,0.026113904367725566
413,demand_capacity_ratio_k,subgrade_k_pci,-1.0,1.0
414,total_present_worth,concrete_unit_cost,0.9456178064102473,0.9456178064102473
414,total_present_worth,stone_57_unit_cost,0.16232816006758727,0.16232816006758727
414,total_present_worth,rebar_unit_cost,0.007069349649643741,0.007069349649643741
414,total_present_worth,fiber_unit_cost,0.01758995093292398,0.01758995093292398
414,total_present_worth,demolition_cost,0.05580358256683344,0.05580358256683344
414,total_present_worth,crushing_cost,0.04336421837785769,0.04336421837785769
414,total_present_worth,recycled_aggregate_credit,-0.04007890258924757,0.04007890258924757
414,total_present_worth,discount_rate,-0.2337158307539742,0.2337158307539742
414,gwp_total_project_kgco2e,concrete_gwp_factor,0.9991905688526683,0.9991905688526683
414,gwp_total_project_kgco2e,stone_57_gwp_factor,0.011091733190900694,0.011091733190900694
414,gwp_total_project_kgco2e,rebar_gwp_factor,0.007368485417059396,0.007368485417059396
414,gwp_total_project_kgco2e,trucking_gwp_factor,0.030089808378755925,0.030089808378755925
414,gwp_total_project_kgco2e,demolition_gwp_factor,0.02221070160370028,0.02221070160370028
414,gwp_total_project_kgco2e,crushing_gwp_factor,0.026113904367725566,0.026113904367725566
414,demand_capacity_ratio_k,subgrade_k_pci,-1.0,1.0
415,total_present_worth,concrete_unit_cost,0.9507500096541561,0.9507500096541561
415,total_present_worth,stone_57_unit_cost,0.1298002573323681,0.1298002573323681
415,total_present_worth,rebar_unit_cost,0.006911996053996799,0.006911996053996799
415,total_present_worth,fiber_unit_cost,0.004711410767484565,0.004711410767484565
415,total_present_worth,demolition_cost,0.05630830491433132,0.05630830491433132
415,total_present_worth,crushing_cost,0.04342553443372222,0.04342553443372222
415,total_present_worth,recycled_aggregate_credit,-0.040279407987727764,0.040279407987727764
415,total_present_worth,discount_rate,-0.23554127070087874,0.23554127070087874
415,gwp_total_project_kgco2e,concrete_gwp_factor,0.9992590667721197,0.9992590667721197
415,gwp_total_project_kgco2e,stone_57_gwp_factor,0.00871054838604422,0.00871054838604422
415,gwp_total_project_kgco2e,rebar_gwp_factor,0.007357678994271072,0.007357678994271072
415,gwp_total_project_kgco2e,trucking_gwp_factor,0.028753123325933255,0.028753123325933255
415,gwp_total_project_kgco2e,demolition_gwp_factor,0.02220121751256049,0.02220121751256049
415,gwp_total_project_kgco2e,crushing_gwp_factor,0.02612989003381196,0.02612989003381196
415,demand_capacity_ratio_k,subgrade_k_pci,-1.0,1.0
416,total_present_worth,concrete_unit_cost,0.950747191256011,0.950747191256011
416,total_present_worth,stone_57_unit_cost,0.12979857339444742,0.12979857339444742
416,total_present_worth,rebar_unit_cost,0.00691769864494308,0.00691769864494308
416,total_present_worth,fiber_unit_cost,0.005369280758339714,0.005369280758339714
416,total_present_worth,demolition_cost,0.0563077164311631,0.0563077164311631
416,total_present_worth,crushing_cost,0.04342894134105158,0.04342894134105158
416,total_present_worth,recycled_aggregate_credit,-0.04027407793428563,0.04027407793428563
416,total_present_worth,discount_rate,-0.23553783011472776,0.23553783011472776
416,gwp_total_project_kgco2e,concrete_gwp_factor,0.9992590667721197,0.9992590667721197
416,gwp_total_project_kgco2e,stone_57_gwp_factor,0.00871054838604422,0.00871054838604422
416,gwp_total_project_kgco2e,rebar_gwp_factor,0.007357678994271072,0.007357678994271072
416,gwp_total_project_kgco2e,trucking_gwp_factor,0.028753123325933255,0.028753123325933255
416,gwp_total_project_kgco2e,demolition_gwp_factor,0.02220121751256049,0.02220121751256049
416,gwp_total_project_kgco2e,crushing_gwp_factor,0.02612989003381196,0.02612989003381196
416,demand_capacity_ratio_k,subgrade_k_pci,-1.0,1.0
417,total_present_worth,concrete_unit_cost,0.9507306844065003,0.9507306844065003
417,total_present_worth,stone_57_unit_cost,0.12979585504433433,0.12979585504433433
417,total_present_worth,rebar_unit_cost,0.006927815028755127,0.006927815028755127
417,total_present_worth,fiber_unit_cost,0.007834042065373617,0.007834042065373617
417,total_present_worth,demolition_cost,0.05631265797567707,0.05631265797567707
417,total_present_worth,crushing_cost,0.04344803508528322,0.04344803508528322
417,total_present_worth,recycled_aggregate_credit,-0.040251187598660476,0.040251187598660476
417,total_present_worth,discount_rate,-0.23552743859845077,0.23552743859845077
417,gwp_total_project_kgco2e,concrete_gwp_factor,0.9992590667721197,0.9992590667721197
417,gwp_total_project_kgco2e,stone_57_gwp_factor,0.00871054838604422,0.00871054838604422
417,gwp_total_project_kgco2e,rebar_gwp_factor,0.007357678994271072,0.007357678994271072
417,gwp_total_project_kgco2e,trucking_gwp_factor,0.028753123325933255,0.028753123325933255
417,gwp_total_project_kgco2e,demolition_gwp_factor,0.02220121751256049,0.02220121751256049
417,gwp_total_project_kgco2e,crushing_gwp_factor,0.02612989003381196,0.02612989003381196
417,demand_capacity_ratio_k,subgrade_k_pci,-1.0,1.0
418,total_present_worth,concrete_unit_cost,0.9507085735116755,0.9507085735116755
418,total_present_worth,stone_57_unit_cost,0.12978885036525956,0.12978885036525956
418,total_present_worth,rebar_unit_cost,0.006937013922902806,0.006937013922902806
418,total_present_worth,fiber_unit_cost,0.010303605762521444,0.010303605762521444
418,total_present_worth,demolition_cost,0.05631689242518276,0.05631689242518276
418,total_present_worth,crushing_cost,0.043463791745769524,0.043463791745769524
418,total_present_worth,recycled_aggregate_credit,-0.040221697767608686,0.040221697767608686
418,total_present_worth,discount_rate,-0.23551833310950437,0.23551833310950437
418,gwp_total_project_kgco2e,concrete_gwp_factor,0.9992590667721197,0.9992590667721197
418,gwp_total_project_kgco2e,stone_57_gwp_factor,0.00871054838604422,0.00871054838604422
418,gwp_total_project_kgco2e,rebar_gwp_factor,0.007357678994271072,0.007357678994271072
418,gwp_total_project_kgco2e,trucking_gwp_factor,0.028753123325933255,0.028753123325933255
418,gwp_total_project_kgco2e,demolition_gwp_factor,0.02220121751256049,0.02220121751256049
418,gwp_total_project_kgco2e,crushing_gwp_factor,0.02612989003381196,0.02612989003381196
418,demand_capacity_ratio_k,subgrade_k_pci,-1.0,1.0
419,total_present_worth,concrete_unit_cost,0.9506801067522401,0.9506801067522401
419,total_present_worth,stone_57_unit_cost,0.12978312745600926,0.12978312745600926
419,total_present_worth,rebar_unit_cost,0.00694807398901923,0.00694807398901923
419,total_present_worth,fiber_unit_cost,0.012773346038901338,0.012773346038901338
419,total_present_worth,demolition_cost,0.0563182535290233,0.0563182535290233
419,total_present_worth,crushing_cost,0.043479596032239845,0.043479596032239845
419,total_present_worth,recycled_aggregate_credit,-0.04019558174817424,0.04019558174817424
419,total_present_worth,discount_rate,-0.23550517040283778,0.23550517040283778
419,gwp_total_project_kgco2e,concrete_gwp_factor,0.9992590667721197,0.9992590667721197
419,gwp_total_project_kgco2e,stone_57_gwp_factor,0.00871054838604422,0.00871054838604422
419,gwp_total_project_kgco2e,rebar_gwp_factor,0.007357678994271072,0.007357678994271072
419,gwp_total_project_kgco2e,trucking_gwp_factor,0.028753123325933255,0.028753123325933255
419,gwp_total_project_kgco2e,demolition_gwp_factor,0.02220121751256049,0.02220121751256049
419,gwp_total_project_kgco2e,crushing_gwp_factor,0.02612989003381196,0.02612989003381196
419,demand_capacity_ratio_k,subgrade_k_pci,-1.0,1.0
420,total_present_worth,concrete_unit_cost,0.9506458613959705,0.9506458613959705
420,total_present_worth,stone_57_unit_cost,0.12977617693571847,0.12977617693571847
420,total_present_worth,rebar_unit_cost,0.0069597420307198985,0.0069597420307198985
420,total_present_worth,fiber_unit_cost,0.015241959806160783,0.015241959806160783
420,total_present_worth,demolition_cost,0.05631766682876707,0.05631766682876707
420,total_present_worth,crushing_cost,0.04349669126450269,0.04349669126450269
420,total_present_worth,recycled_aggregate_credit,-0.04016505770854603,0.04016505770854603
420,total_present_worth,discount_rate,-0.2354922258371156,0.2354922258371156
420,gwp_total_project_kgco2e,concrete_gwp_factor,0.9992590667721197,0.9992590667721197
420,gwp_total_project_kgco2e,stone_57_gwp_factor,0.00871054838604422,0.00871054838604422
420,gwp_total_project_kgco2e,rebar_gwp_factor,0.007357678994271072,0.007357678994271072
420,gwp_total_project_kgco2e,trucking_gwp_factor,0.028753123325933255,0.028753123325933255
420,gwp_total_project_kgco2e,demolition_gwp_factor,0.02220121751256049,0.02220121751256049
420,gwp_total_project_kgco2e,crushing_gwp_factor,0.02612989003381196,0.02612989003381196
420,demand_capacity_ratio_k,subgrade_k_pci,-1.0,1.0
421,total_present_worth,concrete_unit_cost,0.9506050310565941,0.9506050310565941
421,total_present_worth,stone_57_unit_cost,0.12976871522272349,0.12976871522272349
421,total_present_worth,rebar_unit_cost,0.006972964135013186,0.006972964135013186
421,total_present_worth,fiber_unit_cost,0.017707213971146885,0.017707213971146885
421,total_present_worth,demolition_cost,0.05632145923580859,0.05632145923580859
421,total_present_worth,crushing_cost,0.04350993250985198,0.04350993250985198
421,total_present_worth,recycled_aggregate_credit,-0.04013460188229384,0.04013460188229384
421,total_present_worth,discount_rate,-0.23547818898324724,0.23547818898324724
421,gwp_total_project_kgco2e,concrete_gwp_factor,0.9992590667721197,0.9992590667721197
421,gwp_total_project_kgco2e,stone_57_gwp_factor,0.00871054838604422,0.00871054838604422
421,gwp_total_project_kgco2e,rebar_gwp_factor,0.007357678994271072,0.007357678994271072
421,gwp_total_project_kgco2e,trucking_gwp_factor,0.028753123325933255,0.028753123325933255
421,gwp_total_project_kgco2e,demolition_gwp_factor,0.02220121751256049,0.02220121751256049
421,gwp_total_project_kgco2e,crushing_gwp_factor,0.02612989003381196,0.02612989003381196
421,demand_capacity_ratio_k,subgrade_k_pci,-1.0,1.0
422,total_present_worth,concrete_unit_cost,0.9534936783447255,0.9534936783447255
422,total_present_worth,stone_57_unit_cost,0.10780436000660974,0.10780436000660974
422,total_present_worth,rebar_unit_cost,0.006854336670389735,0.006854336670389735
422,total_present_worth,fiber_unit_cost,0.00472797194205119,0.00472797194205119
422,total_present_worth,demolition_cost,0.05661932955186374,0.05661932955186374
422,total_present_worth,crushing_cost,0.043493787717909516,0.043493787717909516
422,total_present_worth,recycled_aggregate_credit,-0.04027276900788511,0.04027276900788511
422,total_present_worth,discount_rate,-0.2365533280033397,0.2365533280033397
422,gwp_total_project_kgco2e,concrete_gwp_factor,0.9993003371459283,0.9993003371459283
422,gwp_total_project_kgco2e,stone_57_gwp_factor,0.007121656044736663,0.007121656044736663
422,gwp_total_project_kgco2e,rebar_gwp_factor,0.007350184016604075,0.007350184016604075
422,gwp_total_project_kgco2e,trucking_gwp_factor,0.027857256065766906,0.027857256065766906
422,gwp_total_project_kgco2e,demolition_gwp_factor,0.022190763548492306,0.022190763548492306
422,gwp_total_project_kgco2e,crushing_gwp_factor,0.02614169392588068,0.02614169392588068
422,demand_capacity_ratio_k,subgrade_k_pci,-1.0,1.0
423,total_present_worth,concrete_unit_cost,0.9534904907825162,0.9534904907825162
423,total_present_worth,stone_57_unit_cost,0.10780412606872167,0.10780412606872167
423,total_present_worth,rebar_unit_cost,0.006858739298935496,0.006858739298935496
423,total_present_worth,fiber_unit_cost,0.005390103000044042,0.005390103000044042
423,total_present_worth,demolition_cost,0.05661975444373591,0.05661975444373591
423,total_present_worth,crushing_cost,0.043499220798455696,0.043499220798455696
423,total_present_worth,recycled_aggregate_credit,-0.04026632947956253,0.04026632947956253
423,total_present_worth,discount_rate,-0.23655096600080688,0.23655096600080688
423,gwp_total_project_kgco2e,concrete_gwp_factor,0.9993003371459283,0.9993003371459283
423,gwp_total_project_kgco2e,stone_57_gwp_factor,0.007121656044736663,0.007121656044736663
423,gwp_total_project_kgco2e,rebar_gwp_factor,0.007350184016604075,0.007350184016604075
423,gwp_total_project_kgco2e,trucking_gwp_factor,0.027857256065766906,0.027857256065766906
423,gwp_total_project_kgco2e,demolition_gwp_factor,0.022190763548492306,0.022190763548492306
423,gwp_total_project_kgco2e,crushing_gwp_factor,0.02614169392588068,0.02614169392588068
423,demand_capacity_ratio_k,subgrade_k_pci,-1.0,1.0
424,total_present_worth,concrete_unit_cost,0.9534737232804296,0.9534737232804296
424,total_present_worth,stone_57_unit_cost,0.1078012514568165,0.1078012514568165
424,total_present_worth,rebar_unit_cost,0.006870725873052291,0.006870725873052291
424,total_present_worth,fiber_unit_cost,0.007867479718922992,0.007867479718922992
424,total_present_worth,demolition_cost,0.05661962391032785,0.05661962391032785
424,total_present_worth,crushing_cost,0.0435152316213421,0.0435152316213421
424,total_present_worth,recycled_aggregate_credit,-0.040244456674433784,0.040244456674433784
424,total_present_worth,discount_rate,-0.23654343342842366,0.23654343342842366
424,gwp_total_project_kgco2e,concrete_gwp_factor,0.9993003371459283,0.9993003371459283
424,gwp_total_project_kgco2e,stone_57_gwp_factor,0.007121656044736663,0.007121656044736663
424,gwp_total_project_kgco2e,rebar_gwp_factor,0.007350184016604075,0.007350184016604075
424,gwp_total_project_kgco2e,trucking_gwp_factor,0.027857256065766906,0.027857256065766906
424,gwp_total_project_kgco2e,demolition_gwp_factor,0.022190763548492306,0.022190763548492306
424,gwp_total_project_kgco2e,crushing_gwp_factor,0.02614169392588068,0.02614169392588068
424,demand_capacity_ratio_k,subgrade_k_pci,-1.0,1.0
425,total_present_worth,concrete_unit_cost,0.9534505898965163,0.9534505898965163
425,total_present_worth,stone_57_unit_cost,0.10779638934299056,0.10779638934299056
425,total_present_worth,rebar_unit_cost,0.006879373329759749,0.006879373329759749
425,total_present_worth,fiber_unit_cost,0.010347558121355023,0.010347558121355023
425,total_present_worth,demolition_cost,0.056623600152569446,0.056623600152569446
425,total_present_worth,crushing_cost,0.043532390262372954,0.043532390262372954
425,total_present_worth,recycled_aggregate_credit,-0.04021691394168677,0.04021691394168677
425,total_present_worth,discount_rate,-0.23653280881368222,0.23653280881368222
425,gwp_total_project_kgco2e,concrete_gwp_factor,0.9993003371459283,0.9993003371459283
425,gwp_total_project_kgco2e,stone_57_gwp_factor,0.007121656044736663,0.007121656044736663
425,gwp_total_project_kgco2e,rebar_gwp_factor,0.007350184016604075,0.007350184016604075
425,gwp_total_project_kgco2e,trucking_gwp_factor,0.027857256065766906,0.027857256065766906
425,gwp_total_project_kgco2e,demolition_gwp_factor,0.022190763548492306,0.022190763548492306
425,gwp_total_project_kgco2e,crushing_gwp_factor,0.02614169392588068,0.02614169392588068
425,demand_capacity_ratio_k,subgrade_k_pci,-1.0,1.0
426,total_present_worth,concrete_unit_cost,0.9534216079632567,0.9534216079632567
426,total_present_worth,stone_57_unit_cost,0.10778959665850783,0.10778959665850783
426,total_present_worth,rebar_unit_cost,0.006893610126405445,0.006893610126405445
426,total_present_worth,fiber_unit_cost,0.012828691746763477,0.012828691746763477
426,total_present_worth,demolition_cost,0.056626296952698524,0.056626296952698524
426,total_present_worth,crushing_cost,0.04355105333207643,0.04355105333207643
426,total_present_worth,recycled_aggregate_credit,-0.040191892221740765,0.040191892221740765
426,total_present_worth,discount_rate,-0.2365206826472897,0.2365206826472897
426,gwp_total_project_kgco2e,concrete_gwp_factor,0.9993003371459283,0.9993003371459283
426,gwp_total_project_kgco2e,stone_57_gwp_factor,0.007121656044736663,0.007121656044736663
426,gwp_total_project_kgco2e,rebar_gwp_factor,0.007350184016604075,0.007350184016604075
426,gwp_total_project_kgco2e,trucking_gwp_factor,0.027857256065766906,0.027857256065766906
426,gwp_total_project_kgco2e,demolition_gwp_factor,0.022190763548492306,0.022190763548492306
426,gwp_total_project_kgco2e,crushing_gwp_factor,0.02614169392588068,0.02614169392588068
426,demand_capacity_ratio_k,subgrade_k_pci,-1.0,1.0
427,total_present_worth,concrete_unit_cost,0.9533867366466668,0.9533867366466668
427,total_present_worth,stone_57_unit_cost,0.10778537060497015,0.10778537060497015
427,total_present_worth,rebar_unit_cost,0.0069059231019623695,0.0069059231019623695
427,total_present_worth,fiber_unit_cost,0.015304476301225792,0.015304476301225792
427,total_present_worth,demolition_cost,0.056623866992921545,0.056623866992921545
427,total_present_worth,crushing_cost,0.04356842418849938,0.04356842418849938
427,total_present_worth,recycled_aggregate_credit,-0.040165163568322074,0.040165163568322074
427,total_present_worth,discount_rate,-0.23650547318236298,0.23650547318236298
427,gwp_total_project_kgco2e,concrete_gwp_factor,0.9993003371459283,0.9993003371459283
427,gwp_total_project_kgco2e,stone_57_gwp_factor,0.007121656044736663,0.007121656044736663
427,gwp_total_project_kgco2e,rebar_gwp_factor,0.007350184016604075,0.007350184016604075
427,gwp_total_project_kgco2e,trucking_gwp_factor,0.027857256065766906,0.027857256065766906
427,gwp_total_project_kgco2e,demolition_gwp_factor,0.022190763548492306,0.022190763548492306
427,gwp_total_project_kgco2e,crushing_gwp_factor,0.02614169392588068,0.02614169392588068
427,demand_capacity_ratio_k,subgrade_k_pci,-1.0,1.0
428,total_present_worth,concrete_unit_cost,0.9533467668458189,0.9533467668458189
428,total_present_worth,stone_57_unit_cost,0.1077757114284543,0.1077757114284543
428,total_present_worth,rebar_unit_cost,0.006918026468047212,0.006918026468047212
428,total_present_worth,fiber_unit_cost,0.017780669878952268,0.017780669878952268
428,total_present_worth,demolition_cost,0.056623484674073396,0.056623484674073396
428,total_present_worth,crushing_cost,0.04358803888738722,0.04358803888738722
428,total_present_worth,recycled_aggregate_credit,-0.04013968680539987,0.04013968680539987
428,total_present_worth,discount_rate,-0.23648593116504346,0.23648593116504346
428,gwp_total_project_kgco2e,concrete_gwp_factor,0.9993003371459283,0.9993003371459283
428,gwp_total_project_kgco2e,stone_57_gwp_factor,0.007121656044736663,0.007121656044736663
428,gwp_total_project_kgco2e,rebar_gwp_factor,0.007350184016604075,0.007350184016604075
428,gwp_total_project_kgco2e,trucking_gwp_factor,0.027857256065766906,0.027857256065766906
428,gwp_total_project_kgco2e,demolition_gwp_factor,0.022190763548492306,0.022190763548492306
428,gwp_total_project_kgco2e,crushing_gwp_factor,0.02614169392588068,0.02614169392588068
428,demand_capacity_ratio_k,subgrade_k_pci,-1.0,1.0
429,total_present_worth,concrete_unit_cost,0.9066030553077613,0.9066030553077613
429,total_present_worth,stone_57_unit_cost,0.3152929667002292,0.3152929667002292
429,total_present_worth,rebar_unit_cost,0.007385665065770266,0.007385665065770266
429,total_present_worth,fiber_unit_cost,0.00459282248756513,0.00459282248756513
429,total_present_worth,demolition_cost,0.05248184511606474,0.05248184511606474
429,total_present_worth,crushing_cost,0.041894240796821705,0.041894240796821705
429,total_present_worth,recycled_aggregate_credit,-0.039291331689956535,0.039291331689956535
429,total_present_worth,discount_rate,-0.22213394747221987,0.22213394747221987
429,gwp_total_project_kgco2e,concrete_gwp_factor,0.9987229741741772,0.9987229741741772
429,gwp_total_project_kgco2e,stone_57_gwp_factor,0.022991674514092675,0.022991674514092675
429,gwp_total_project_kgco2e,rebar_gwp_factor,0.007433556482205423,0.007433556482205423
429,gwp_total_project_kgco2e,trucking_gwp_factor,0.0367670011035068,0.0367670011035068
429,gwp_total_project_kgco2e,demolition_gwp_factor,0.022250698552676283,0.022250698552676283
429,gwp_total_project_kgco2e,crushing_gwp_factor,0.026041891094640758,0.026041891094640758
429,demand_capacity_ratio_k,subgrade_k_pci,-1.0,1.0
430,total_present_worth,concrete_unit_cost,0.9065997902124959,0.9065997902124959
430,total_present_worth,stone_57_unit_cost,0.3152926977896371,0.3152926977896371
430,total_present_worth,rebar_unit_cost,0.007388861051979545,0.007388861051979545
430,total_present_worth,fiber_unit_cost,0.005214778812069912,0.005214778812069912
430,total_present_worth,demolition_cost,0.05248163973971266,0.05248163973971266
430,total_present_worth,crushing_cost,0.041900157544760064,0.041900157544760064
430,total_present_worth,recycled_aggregate_credit,-0.03928511417785805,0.03928511417785805
430,total_present_worth,discount_rate,-0.2221322889315765,0.2221322889315765
430,gwp_total_project_kgco2e,concrete_gwp_factor,0.9987229741741772,0.9987229741741772
430,gwp_total_project_kgco2e,stone_57_gwp_factor,0.022991674514092675,0.022991674514092675
430,gwp_total_project_kgco2e,rebar_gwp_factor,0.007433556482205423,0.007433556482205423
430,gwp_total_project_kgco2e,trucking_gwp_factor,0.0367670011035068,0.0367670011035068
430,gwp_total_project_kgco2e,demolition_gwp_factor,0.022250698552676283,0.022250698552676283
430,gwp_total_project_kgco2e,crushing_gwp_factor,0.026041891094640758,0.026041891094640758
430,demand_capacity_ratio_k,subgrade_k_pci,-1.0,1.0
431,total_present_worth,concrete_unit_cost,0.9065831522345693,0.9065831522345693
431,total_present_worth,stone_57_unit_cost,0.3152903418200362,0.3152903418200362
431,total_present_worth,rebar_unit_cost,0.007400794101104319,0.007400794101104319
431,total_present_worth,fiber_unit_cost,0.007539693847335879,0.007539693847335879
431,total_present_worth,demolition_cost,0.05247988281183996,0.05247988281183996
431,total_present_worth,crushing_cost,0.04191819615164728,0.04191819615164728
431,total_present_worth,recycled_aggregate_credit,-0.039259973354359996,0.039259973354359996
431,total_present_worth,discount_rate,-0.22213084946067763,0.22213084946067763
431,gwp_total_project_kgco2e,concrete_gwp_factor,0.9987229741741772,0.9987229741741772
431,gwp_total_project_kgco2e,stone_57_gwp_factor,0.022991674514092675,0.022991674514092675
431,gwp_total_project_kgco2e,rebar_gwp_factor,0.007433556482205423,0.007433556482205423
431,gwp_total_project_kgco2e,trucking_gwp_factor,0.0367670011035068,0.0367670011035068
431,gwp_total_project_kgco2e,demolition_gwp_factor,0.022250698552676283,0.022250698552676283
431,gwp_total_project_kgco2e,crushing_gwp_factor,0.026041891094640758,0.026041891094640758
431,demand_capacity_ratio_k,subgrade_k_pci,-1.0,1.0
432,total_present_worth,concrete_unit_cost,0.9065629693446092,0.9065629693446092
432,total_present_worth,stone_57_unit_cost,0.31528574737014636,0.31528574737014636
432,total_present_worth,rebar_unit_cost,0.007413611460277446,0.007413611460277446
432,total_present_worth,fiber_unit_cost,0.009866990250058796,0.009866990250058796
432,total_present_worth,demolition_cost,0.05247652151843061,0.05247652151843061
432,total_present_worth,crushing_cost,0.041936005193350404,0.041936005193350404
432,total_present_worth,recycled_aggregate_credit,-0.03923418010209368,0.03923418010209368
432,total_present_worth,discount_rate,-0.22212319767880617,0.22212319767880617
432,gwp_total_project_kgco2e,concrete_gwp_factor,0.9987229741741772,0.9987229741741772
432,gwp_total_project_kgco2e,stone_57_gwp_factor,0.022991674514092675,0.022991674514092675
432,gwp_total_project_kgco2e,rebar_gwp_factor,0.007433556482205423,0.007433556482205423
432,gwp_total_project_kgco2e,trucking_gwp_factor,0.0367670011035068,0.0367670011035068
432,gwp_total_project_kgco2e,demolition_gwp_factor,0.022250698552676283,0.022250698552676283
432,gwp_total_project_kgco2e,crushing_gwp_factor,0.026041891094640758,0.026041891094640758
432,demand_capacity_ratio_k,subgrade_k_pci,-1.0,1.0
433,total_present_worth,concrete_unit_cost,0.9065384773074474,0.9065384773074474
433,total_present_worth,stone_57_unit_cost,0.3152754172348462,0.3152754172348462
433,total_present_worth,rebar_unit_cost,0.007425783807738315,0.007425783807738315
433,total_present_worth,fiber_unit_cost,0.012193927014701572,0.012193927014701572
433,total_present_worth,demolition_cost,0.05247270798802909,0.05247270798802909
433,total_present_worth,crushing_cost,0.041948520623691414,0.041948520623691414
433,total_present_worth,recycled_aggregate_credit,-0.03920604537046642,0.03920604537046642
433,total_present_worth,discount_rate,-0.22211798254849158,0.22211798254849158
433,gwp_total_project_kgco2e,concrete_gwp_factor,0.9987229741741772,0.9987229741741772
433,gwp_total_project_kgco2e,stone_57_gwp_factor,0.022991674514092675,0.022991674514092675
433,gwp_total_project_kgco2e,rebar_gwp_factor,0.007433556482205423,0.007433556482205423
433,gwp_total_project_kgco2e,trucking_gwp_factor,0.0367670011035068,0.0367670011035068
433,gwp_total_project_kgco2e,demolition_gwp_factor,0.022250698552676283,0.022250698552676283
433,gwp_total_project_kgco2e,crushing_gwp_factor,0.026041891094640758,0.026041891094640758
433,demand_capacity_ratio_k,subgrade_k_pci,-1.0,1.0
434,total_present_worth,concrete_unit_cost,0.906507516112811,0.906507516112811
434,total_present_worth,stone_57_unit_cost,0.3152667609344267,0.3152667609344267
434,total_present_worth,rebar_unit_cost,0.007440453149088182,0.007440453149088182
434,total_present_worth,fiber_unit_cost,0.014522403741936963,0.014522403741936963
434,total_present_worth,demolition_cost,0.052469987707643995,0.052469987707643995
434,total_present_worth,crushing_cost,0.041965350574354146,0.041965350574354146
434,total_present_worth,recycled_aggregate_credit,-0.039178492746647406,0.039178492746647406
434,total_present_worth,discount_rate,-0.22210914541391374,0.22210914541391374
434,gwp_total_project_kgco2e,concrete_gwp_factor,0.9987229741741772,0.9987229741741772
434,gwp_total_project_kgco2e,stone_57_gwp_factor,0.022991674514092675,0.022991674514092675
434,gwp_total_project_kgco2e,rebar_gwp_factor,0.007433556482205423,0.007433556482205423
434,gwp_total_project_kgco2e,trucking_gwp_factor,0.0367670011035068,0.0367670011035068
434,gwp_total_project_kgco2e,demolition_gwp_factor,0.022250698552676283,0.022250698552676283
434,gwp_total_project_kgco2e,crushing_gwp_factor,0.026041891094640758,0.026041891094640758
434,demand_capacity_ratio_k,subgrade_k_pci,-1.0,1.0
435,total_present_worth,concrete_unit_cost,0.9064712987654365,0.9064712987654365
435,total_present_worth,stone_57_unit_cost,0.3152552584179421,0.3152552584179421
435,total_present_worth,rebar_unit_cost,0.007453902711749562,0.007453902711749562
435,total_present_worth,fiber_unit_cost,0.01684684705825874,0.01684684705825874
435,total_present_worth,demolition_cost,0.05246913991647566,0.05246913991647566
435,total_present_worth,crushing_cost,0.04198458751688984,0.04198458751688984
435,total_present_worth,recycled_aggregate_credit,-0.03915060731511625,0.03915060731511625
435,total_present_worth,discount_rate,-0.2220997698323268,0.2220997698323268
435,gwp_total_project_kgco2e,concrete_gwp_factor,0.9987229741741772,0.9987229741741772
435,gwp_total_project_kgco2e,stone_57_gwp_factor,0.022991674514092675,0.022991674514092675
435,gwp_total_project_kgco2e,rebar_gwp_factor,0.007433556482205423,0.007433556482205423
435,gwp_total_project_kgco2e,trucking_gwp_factor,0.0367670011035068,0.0367670011035068
435,gwp_total_project_kgco2e,demolition_gwp_factor,0.022250698552676283,0.022250698552676283
435,gwp_total_project_kgco2e,crushing_gwp_factor,0.026041891094640758,0.026041891094640758
435,demand_capacity_ratio_k,subgrade_k_pci,-1.0,1.0
436,total_present_worth,concrete_unit_cost,0.928962328401857,0.928962328401857
436,total_present_worth,stone_57_unit_cost,0.24101914439195965,0.24101914439195965
436,total_present_worth,rebar_unit_cost,0.007199343976703738,0.007199343976703738
436,total_present_worth,fiber_unit_cost,0.004636503460830602,0.004636503460830602
436,total_present_worth,demolition_cost,0.054245870255330356,0.054245870255330356
436,total_present_worth,crushing_cost,0.04269455868670983,0.04269455868670983
436,total_present_worth,recycled_aggregate_credit,-0.039876753132302704,0.039876753132302704
436,total_present_worth,discount_rate,-0.22841280692285892,0.22841280692285892
436,gwp_total_project_kgco2e,concrete_gwp_factor,0.9989826547889692,0.9989826547889692
436,gwp_total_project_kgco2e,stone_57_gwp_factor,0.017045039872706017,0.017045039872706017
436,gwp_total_project_kgco2e,rebar_gwp_factor,0.007400747947952299,0.007400747947952299
436,gwp_total_project_kgco2e,trucking_gwp_factor,0.03343077457356431,0.03343077457356431
436,gwp_total_project_kgco2e,demolition_gwp_factor,0.022230574555548232,0.022230574555548232
436,gwp_total_project_kgco2e,crushing_gwp_factor,0.026081974768000792,0.026081974768000792
436,demand_capacity_ratio_k,subgrade_k_pci,-1.0,1.0
437,total_present_worth,concrete_unit_cost,0.9289585935654396,0.9289585935654396
437,total_present_worth,stone_57_unit_cost,0.24101848515554342,0.24101848515554342
437,total_present_worth,rebar_unit_cost,0.0072025684897930285,0.0072025684897930285
437,total_present_worth,fiber_unit_cost,0.005275477944958191,0.005275477944958191
437,total_present_worth,demolition_cost,0.05424578020406631,0.05424578020406631
437,total_present_worth,crushing_cost,0.04269892799672758,0.04269892799672758
437,total_present_worth,recycled_aggregate_credit,-0.03987132556599654,0.03987132556599654
437,total_present_worth,discount_rate,-0.22841275231729083,0.22841275231729083
437,gwp_total_project_kgco2e,concrete_gwp_factor,0.9989826547889692,0.9989826547889692
437,gwp_total_project_kgco2e,stone_57_gwp_factor,0.017045039872706017,0.017045039872706017
437,gwp_total_project_kgco2e,rebar_gwp_factor,0.007400747947952299,0.007400747947952299
437,gwp_total_project_kgco2e,trucking_gwp_factor,0.03343077457356431,0.03343077457356431
437,gwp_total_project_kgco2e,demolition_gwp_factor,0.022230574555548232,0.022230574555548232
437,gwp_total_project_kgco2e,crushing_gwp_factor,0.026081974768000792,0.026081974768000792
437,demand_capacity_ratio_k,subgrade_k_pci,-1.0,1.0
438,total_present_worth,concrete_unit_cost,0.9289437582563135,0.9289437582563135
438,total_present_worth,stone_57_unit_cost,0.2410144865887898,0.2410144865887898
438,total_present_worth,rebar_unit_cost,0.007216406249670564,0.007216406249670564
438,total_present_worth,fiber_unit_cost,0.007669302419227721,0.007669302419227721
438,total_present_worth,demolition_cost,0.054249632307171856,0.054249632307171856
438,total_present_worth,crushing_cost,0.04271268540105309,0.04271268540105309
438,total_present_worth,recycled_aggregate_credit,-0.03984752822352302,0.03984752822352302
438,total_present_worth,discount_rate,-0.22840423349077763,0.22840423349077763
438,gwp_total_project_kgco2e,concrete_gwp_factor,0.9989826547889692,0.9989826547889692
438,gwp_total_project_kgco2e,stone_57_gwp_factor,0.017045039872706017,0.017045039872706017
438,gwp_total_project_kgco2e,rebar_gwp_factor,0.007400747947952299,0.007400747947952299
438,gwp_total_project_kgco2e,trucking_gwp_factor,0.03343077457356431,0.03343077457356431
438,gwp_total_project_kgco2e,demolition_gwp_factor,0.022230574555548232,0.022230574555548232
438,gwp_total_project_kgco2e,crushing_gwp_factor,0.026081974768000792,0.026081974768000792
438,demand_capacity_ratio_k,subgrade_k_pci,-1.0,1.0
439,total_present_worth,concrete_unit_cost,0.9289223239923371,0.9289223239923371
439,total_present_worth,stone_57_unit_cost,0.24101163125349268,0.24101163125349268
439,total_present_worth,rebar_unit_cost,0.0072321345111488545,0.0072321345111488545
439,total_present_worth,fiber_unit_cost,0.010062009712984805,0.010062009712984805
439,total_present_worth,demolition_cost,0.05424942368246777,0.05424942368246777
439,total_present_worth,crushing_cost,0.04272967984925187,0.04272967984925187
439,total_present_worth,recycled_aggregate_credit,-0.03981782646728714,0.03981782646728714
439,total_present_worth,discount_rate,-0.228395019483239,0.228395019483239
439,gwp_total_project_kgco2e,concrete_gwp_factor,0.9989826547889692,0.9989826547889692
439,gwp_total_project_kgco2e,stone_57_gwp_factor,0.017045039872706017,0.017045039872706017
439,gwp_total_project_kgco2e,rebar_gwp_factor,0.007400747947952299,0.007400747947952299
439,gwp_total_project_kgco2e,trucking_gwp_factor,0.03343077457356431,0.03343077457356431
439,gwp_total_project_kgco2e,demolition_gwp_factor,0.022230574555548232,0.022230574555548232
439,gwp_total_project_kgco2e,crushing_gwp_factor,0.026081974768000792,0.026081974768000792
439,demand_capacity_ratio_k,subgrade_k_pci,-1.0,1.0
440,total_present_worth,concrete_unit_cost,0.928894665849254,0.928894665849254
440,total_present_worth,stone_57_unit_cost,0.24100744110741099,0.24100744110741099
440,total_present_worth,rebar_unit_cost,0.007248259222963304,0.007248259222963304
440,total_present_worth,fiber_unit_cost,0.012452144310900859,0.012452144310900859
440,total_present_worth,demolition_cost,0.05424893888822758,0.05424893888822758
440,total_present_worth,crushing_cost,0.04274716431351487,0.04274716431351487
440,total_present_worth,recycled_aggregate_credit,-0.039789361437003755,0.039789361437003755
440,total_present_worth,discount_rate,-0.22838639826888557,0.22838639826888557
440,gwp_total_project_kgco2e,concrete_gwp_factor,0.9989826547889692,0.9989826547889692
440,gwp_total_project_kgco2e,stone_57_gwp_factor,0.017045039872706017,0.017045039872706017
440,gwp_total_project_kgco2e,rebar_gwp_factor,0.007400747947952299,0.007400747947952299
440,gwp_total_project_kgco2e,trucking_gwp_factor,0.03343077457356431,0.03343077457356431
440,gwp_total_project_kgco2e,demolition_gwp_factor,0.022230574555548232,0.022230574555548232
440,gwp_total_project_kgco2e,crushing_gwp_factor,0.026081974768000792,0.026081974768000792
440,demand_capacity_ratio_k,subgrade_k_pci,-1.0,1.0
441,total_present_worth,concrete_unit_cost,0.9288612730065846,0.9288612730065846
441,total_present_worth,stone_57_unit_cost,0.24100107892379247,0.24100107892379247
441,total_present_worth,rebar_unit_cost,0.007261056145944423,0.007261056145944423
441,total_present_worth,fiber_unit_cost,0.014839428274831774,0.014839428274831774
441,total_present_worth,demolition_cost,0.05425034256374814,0.05425034256374814
441,total_present_worth,crushing_cost,0.04276155735640062,0.04276155735640062
441,total_present_worth,recycled_aggregate_credit,-0.03975885929334355,0.03975885929334355
441,total_present_worth,discount_rate,-0.22837557067390368,0.22837557067390368
441,gwp_total_project_kgco2e,concrete_gwp_factor,0.9989826547889692,0.9989826547889692
441,gwp_total_project_kgco2e,stone_57_gwp_factor,0.017045039872706017,0.017045039872706017
441,gwp_total_project_kgco2e,rebar_gwp_factor,0.007400747947952299,0.007400747947952299
441,gwp_total_project_kgco2e,trucking_gwp_factor,0.03343077457356431,0.03343077457356431
441,gwp_total_project_kgco2e,demolition_gwp_factor,0.022230574555548232,0.022230574555548232
441,gwp_total_project_kgco2e,crushing_gwp_factor,0.026081974768000792,0.026081974768000792
441,demand_capacity_ratio_k,subgrade_k_pci,-1.0,1.0
442,total_present_worth,concrete_unit_cost,0.9288221368958489,0.9288221368958489
442,total_present_worth,stone_57_unit_cost,0.24099104605738844,0.24099104605738844
442,total_present_worth,rebar_unit_cost,0.007274004345917602,0.007274004345917602
442,total_present_worth,fiber_unit_cost,0.017230829417260334,0.017230829417260334
442,total_present_worth,demolition_cost,0.054252079393060836,0.054252079393060836
442,total_present_worth,crushing_cost,0.042780878640024354,0.042780878640024354
442,total_present_worth,recycled_aggregate_credit,-0.039731164006900466,0.039731164006900466
442,total_present_worth,discount_rate,-0.22836495796786624,0.22836495796786624
442,gwp_total_project_kgco2e,concrete_gwp_factor,0.9989826547889692,0.9989826547889692
442,gwp_total_project_kgco2e,stone_57_gwp_factor,0.017045039872706017,0.017045039872706017
442,gwp_total_project_kgco2e,rebar_gwp_factor,0.007400747947952299,0.007400747947952299
442,gwp_total_project_kgco2e,trucking_gwp_factor,0.03343077457356431,0.03343077457356431
442,gwp_total_project_kgco2e,demolition_gwp_factor,0.022230574555548232,0.022230574555548232
442,gwp_total_project_kgco2e,crushing_gwp_factor,0.026081974768000792,0.026081974768000792
442,demand_capacity_ratio_k,subgrade_k_pci,-1.0,1.0
443,total_present_worth,concrete_unit_cost,0.9397592543395837,0.9397592543395837
443,total_present_worth,stone_57_unit_cost,0.19431761898860708,0.19431761898860708
443,total_present_worth,rebar_unit_cost,0.007079641001615857,0.007079641001615857
443,total_present_worth,fiber_unit_cost,0.004662411805672965,0.004662411805672965
443,total_present_worth,demolition_cost,0.05521006129766803,0.05521006129766803
443,total_present_worth,crushing_cost,0.04307501423620601,0.04307501423620601
443,total_present_worth,recycled_aggregate_credit,-0.04011136075671655,0.04011136075671655
443,total_present_worth,discount_rate,-0.23176745390963735,0.23176745390963735
443,gwp_total_project_kgco2e,concrete_gwp_factor,0.9991137282042215,0.9991137282042215
443,gwp_total_project_kgco2e,stone_57_gwp_factor,0.013471830664236734,0.013471830664236734
443,gwp_total_project_kgco2e,rebar_gwp_factor,0.007379036730503615,0.007379036730503615
443,gwp_total_project_kgco2e,trucking_gwp_factor,0.03142633524796254,0.03142633524796254
443,gwp_total_project_kgco2e,demolition_gwp_factor,0.022215219960630094,0.022215219960630094
443,gwp_total_project_kgco2e,crushing_gwp_factor,0.026100647879400262,0.026100647879400262
443,demand_capacity_ratio_k,subgrade_k_pci,-1.0,1.0
444,total_present_worth,concrete_unit_cost,0.9397563608418866,0.9397563608418866
444,total_present_worth,stone_57_unit_cost,0.19431697277910281,0.19431697277910281
444,total_present_worth,rebar_unit_cost,0.007083186059281274,0.007083186059281274
444,total_present_worth,fiber_unit_cost,0.005309539351979816,0.005309539351979816
444,total_present_worth,demolition_cost,0.055209734006307895,0.055209734006307895
444,total_present_worth,crushing_cost,0.043079128948943654,0.043079128948943654
444,total_present_worth,recycled_aggregate_credit,-0.04010586303332234,0.04010586303332234
444,total_present_worth,discount_rate,-0.23176447068246328,0.23176447068246328
444,gwp_total_project_kgco2e,concrete_gwp_factor,0.9991137282042215,0.9991137282042215
444,gwp_total_project_kgco2e,stone_57_gwp_factor,0.013471830664236734,0.013471830664236734
444,gwp_total_project_kgco2e,rebar_gwp_factor,0.007379036730503615,0.007379036730503615
444,gwp_total_project_kgco2e,trucking_gwp_factor,0.03142633524796254,0.03142633524796254
444,gwp_total_project_kgco2e,demolition_gwp_factor,0.022215219960630094,0.022215219960630094
444,gwp_total_project_kgco2e,crushing_gwp_factor,0.026100647879400262,0.026100647879400262
444,demand_capacity_ratio_k,subgrade_k_pci,-1.0,1.0
445,total_present_worth,concrete_unit_cost,0.9397399865027121,0.9397399865027121
445,total_present_worth,stone_57_unit_cost,0.19431541731635016,0.19431541731635016
445,total_present_worth,rebar_unit_cost,0.007097693750167077,0.007097693750167077
445,total_present_worth,fiber_unit_cost,0.007736160664054465,0.007736160664054465
445,total_present_worth,demolition_cost,0.05521332953770133,0.05521332953770133
445,total_present_worth,crushing_cost,0.043094466665813784,0.043094466665813784
445,total_present_worth,recycled_aggregate_credit,-0.04008005441894402,0.04008005441894402
445,total_present_worth,discount_rate,-0.2317577890195698,0.2317577890195698
445,gwp_total_project_kgco2e,concrete_gwp_factor,0.9991137282042215,0.9991137282042215
445,gwp_total_project_kgco2e,stone_57_gwp_factor,0.013471830664236734,0.013471830664236734
445,gwp_total_project_kgco2e,rebar_gwp_factor,0.007379036730503615,0.007379036730503615
445,gwp_total_project_kgco2e,trucking_gwp_factor,0.03142633524796254,0.03142633524796254
445,gwp_total_project_kgco2e,demolition_gwp_factor,0.022215219960630094,0.022215219960630094
445,gwp_total_project_kgco2e,crushing_gwp_factor,0.026100647879400262,0.026100647879400262
445,demand_capacity_ratio_k,subgrade_k_pci,-1.0,1.0
446,total_present_worth,concrete_unit_cost,0.9397178975316951,0.9397178975316951
446,total_present_worth,stone_57_unit_cost,0.19431028785356413,0.19431028785356413
446,total_present_worth,rebar_unit_cost,0.007110399942492161,0.007110399942492161
446,total_present_worth,fiber_unit_cost,0.010162459658432984,0.010162459658432984
446,total_present_worth,demolition_cost,0.05521514687491807,0.05521514687491807
446,total_present_worth,crushing_cost,0.043115295388286116,0.043115295388286116
446,total_present_worth,recycled_aggregate_credit,-0.040053371729557356,0.040053371729557356
446,total_present_worth,discount_rate,-0.23175030785739467,0.23175030785739467
446,gwp_total_project_kgco2e,concrete_gwp_factor,0.9991137282042215,0.9991137282042215
446,gwp_total_project_kgco2e,stone_57_gwp_factor,0.013471830664236734,0.013471830664236734
446,gwp_total_project_kgco2e,rebar_gwp_factor,0.007379036730503615,0.007379036730503615
446,gwp_total_project_kgco2e,trucking_gwp_factor,0.03142633524796254,0.03142633524796254
446,gwp_total_project_kgco2e,demolition_gwp_factor,0.022215219960630094,0.022215219960630094
446,gwp_total_project_kgco2e,crushing_gwp_factor,0.026100647879400262,0.026100647879400262
446,demand_capacity_ratio_k,subgrade_k_pci,-1.0,1.0
447,total_present_worth,concrete_unit_cost,0.9396894924932518,0.9396894924932518
447,total_present_worth,stone_57_unit_cost,0.19430328597010535,0.19430328597010535
447,total_present_worth,rebar_unit_cost,0.007125572095362229,0.007125572095362229
447,total_present_worth,fiber_unit_cost,0.012589397264203758,0.012589397264203758
447,total_present_worth,demolition_cost,0.05522132283120853,0.05522132283120853
447,total_present_worth,crushing_cost,0.04313261339085305,0.04313261339085305
447,total_present_worth,recycled_aggregate_credit,-0.04002464948378586,0.04002464948378586
447,total_present_worth,discount_rate,-0.2317420037147219,0.2317420037147219
447,gwp_total_project_kgco2e,concrete_gwp_factor,0.9991137282042215,0.9991137282042215
447,gwp_total_project_kgco2e,stone_57_gwp_factor,0.013471830664236734,0.013471830664236734
447,gwp_total_project_kgco2e,rebar_gwp_factor,0.007379036730503615,0.007379036730503615
447,gwp_total_project_kgco2e,trucking_gwp_factor,0.03142633524796254,0.03142633524796254
447,gwp_total_project_kgco2e,demolition_gwp_factor,0.022215219960630094,0.022215219960630094
447,gwp_total_project_kgco2e,crushing_gwp_factor,0.026100647879400262,0.026100647879400262
447,demand_capacity_ratio_k,subgrade_k_pci,-1.0,1.0
448,total_present_worth,concrete_unit_cost,0.939657330867095,0.939657330867095
448,total_present_worth,stone_57_unit_cost,0.1942954233859742,0.1942954233859742
448,total_present_worth,rebar_unit_cost,0.007140341991528137,0.007140341991528137
448,total_present_worth,fiber_unit_cost,0.015017988565975197,0.015017988565975197
448,total_present_worth,demolition_cost,0.055220461782824186,0.055220461782824186
448,total_present_worth,crushing_cost,0.043147587518379035,0.043147587518379035
448,total_present_worth,recycled_aggregate_credit,-0.03999756452051103,0.03999756452051103
448,total_present_worth,discount_rate,-0.2317262680011701,0.2317262680011701
448,gwp_total_project_kgco2e,concrete_gwp_factor,0.9991137282042215,0.9991137282042215
448,gwp_total_project_kgco2e,stone_57_gwp_factor,0.013471830664236734,0.013471830664236734
448,gwp_total_project_kgco2e,rebar_gwp_factor,0.007379036730503615,0.007379036730503615
448,gwp_total_project_kgco2e,trucking_gwp_factor,0.03142633524796254,0.03142633524796254
448,gwp_total_project_kgco2e,demolition_gwp_factor,0.022215219960630094,0.022215219960630094
448,gwp_total_project_kgco2e,crushing_gwp_factor,0.026100647879400262,0.026100647879400262
448,demand_capacity_ratio_k,subgrade_k_pci,-1.0,1.0
449,total_present_worth,concrete_unit_cost,0.9396188523337997,0.9396188523337997
449,total_present_worth,stone_57_unit_cost,0.1942877336816191,0.1942877336816191
449,total_present_worth,rebar_unit_cost,0.007152721710509089,0.007152721710509089
449,total_present_worth,fiber_unit_cost,0.017446626366114652,0.017446626366114652
449,total_present_worth,demolition_cost,0.0552217377510807,0.0552217377510807
449,total_present_worth,crushing_cost,0.04316519935649808,0.04316519935649808
449,total_present_worth,recycled_aggregate_credit,-0.0399692593838917,0.0399692593838917
449,total_present_worth,discount_rate,-0.2317085374559503,0.2317085374559503
449,gwp_total_project_kgco2e,concrete_gwp_factor,0.9991137282042215,0.9991137282042215
449,gwp_total_project_kgco2e,stone_57_gwp_factor,0.013471830664236734,0.013471830664236734
449,gwp_total_project_kgco2e,rebar_gwp_factor,0.007379036730503615,0.007379036730503615
449,gwp_total_project_kgco2e,trucking_gwp_factor,0.03142633524796254,0.03142633524796254
449,gwp_total_project_kgco2e,demolition_gwp_factor,0.022215219960630094,0.022215219960630094
449,gwp_total_project_kgco2e,crushing_gwp_factor,0.026100647879400262,0.026100647879400262
449,demand_capacity_ratio_k,subgrade_k_pci,-1.0,1.0
450,total_present_worth,concrete_unit_cost,0.9457590016279357,0.9457590016279357
450,total_present_worth,stone_57_unit_cost,0.16236621510753851,0.16236621510753851
450,total_present_worth,rebar_unit_cost,0.007001468754736589,0.007001468754736589
450,total_present_worth,fiber_unit_cost,0.0046885944981634375,0.0046885944981634375
450,total_present_worth,demolition_cost,0.05579821123886329,0.05579821123886329
450,total_present_worth,crushing_cost,0.043272123581788856,0.043272123581788856
450,total_present_worth,recycled_aggregate_credit,-0.040219663244983876,0.040219663244983876
450,total_present_worth,discount_rate,-0.23377685587084954,0.23377685587084954
450,gwp_total_project_kgco2e,concrete_gwp_factor,0.9991905688526683,0.9991905688526683
450,gwp_total_project_kgco2e,stone_57_gwp_factor,0.011091733190900694,0.011091733190900694
450,gwp_total_project_kgco2e,rebar_gwp_factor,0.007368485417059396,0.007368485417059396
450,gwp_total_project_kgco2e,trucking_gwp_factor,0.030089808378755925,0.030089808378755925
450,gwp_total_project_kgco2e,demolition_gwp_factor,0.02221070160370028,0.02221070160370028
450,gwp_total_project_kgco2e,crushing_gwp_factor,0.026113904367725566,0.026113904367725566
450,demand_capacity_ratio_k,subgrade_k_pci,-1.0,1.0
451,total_present_worth,concrete_unit_cost,0.9457561301831665,0.9457561301831665
451,total_present_worth,stone_57_unit_cost,0.1623652397875701,0.1623652397875701
451,total_present_worth,rebar_unit_cost,0.00700579600456232,0.00700579600456232
451,total_present_worth,fiber_unit_cost,0.005345072184410029,0.005345072184410029
451,total_present_worth,demolition_cost,0.05579878465867152,0.05579878465867152
451,total_present_worth,crushing_cost,0.04327579420620632,0.04327579420620632
451,total_present_worth,recycled_aggregate_credit,-0.040212996338069205,0.040212996338069205
451,total_present_worth,discount_rate,-0.23377391524410757,0.23377391524410757
451,gwp_total_project_kgco2e,concrete_gwp_factor,0.9991905688526683,0.9991905688526683
451,gwp_total_project_kgco2e,stone_57_gwp_factor,0.011091733190900694,0.011091733190900694
451,gwp_total_project_kgco2e,rebar_gwp_factor,0.007368485417059396,0.007368485417059396
451,gwp_total_project_kgco2e,trucking_gwp_factor,0.030089808378755925,0.030089808378755925
451,gwp_total_project_kgco2e,demolition_gwp_factor,0.02221070160370028,0.02221070160370028
451,gwp_total_project_kgco2e,crushing_gwp_factor,0.026113904367725566,0.026113904367725566
451,demand_capacity_ratio_k,subgrade_k_pci,-1.0,1.0
452,total_present_worth,concrete_unit_cost,0.9457392885152238,0.9457392885152238
452,total_present_worth,stone_57_unit_cost,0.16236062627611228,0.16236062627611228
452,total_present_worth,rebar_unit_cost,0.007017331908406933,0.007017331908406933
452,total_present_worth,fiber_unit_cost,0.007791534131660614,0.007791534131660614
452,total_present_worth,demolition_cost,0.05580222337300889,0.05580222337300889
452,total_present_worth,crushing_cost,0.04329595024803839,0.04329595024803839
452,total_present_worth,recycled_aggregate_credit,-0.04018695119706678,0.04018695119706678
452,total_present_worth,discount_rate,-0.233768668888209,0.233768668888209
452,gwp_total_project_kgco2e,concrete_gwp_factor,0.9991905688526683,0.9991905688526683
452,gwp_total_project_kgco2e,stone_57_gwp_factor,0.011091733190900694,0.011091733190900694
452,gwp_total_project_kgco2e,rebar_gwp_factor,0.007368485417059396,0.007368485417059396
452,gwp_total_project_kgco2e,trucking_gwp_factor,0.030089808378755925,0.030089808378755925
452,gwp_total_project_kgco2e,demolition_gwp_factor,0.02221070160370028,0.02221070160370028
452,gwp_total_project_kgco2e,crushing_gwp_factor,0.026113904367725566,0.026113904367725566
452,demand_capacity_ratio_k,subgrade_k_pci,-1.0,1.0
453,total_present_worth,concrete_unit_cost,0.9457177380739672,0.9457177380739672
453,total_present_worth,stone_57_unit_cost,0.16235682042052674,0.16235682042052674
453,total_present_worth,rebar_unit_cost,0.0070309936020763976,0.0070309936020763976
453,total_present_worth,fiber_unit_cost,0.010241554958752622,0.010241554958752622
453,total_present_worth,demolition_cost,0.05580603317525042,0.05580603317525042
453,total_present_worth,crushing_cost,0.04331115620145246,0.04331115620145246
453,total_present_worth,recycled_aggregate_credit,-0.040156631895870654,0.040156631895870654
453,total_present_worth,discount_rate,-0.2337575390509545,0.2337575390509545
453,gwp_total_project_kgco2e,concrete_gwp_factor,0.9991905688526683,0.9991905688526683
453,gwp_total_project_kgco2e,stone_57_gwp_factor,0.011091733190900694,0.011091733190900694
453,gwp_total_project_kgco2e,rebar_gwp_factor,0.007368485417059396,0.007368485417059396
453,gwp_total_project_kgco2e,trucking_gwp_factor,0.030089808378755925,0.030089808378755925
453,gwp_total_project_kgco2e,demolition_gwp_factor,0.02221070160370028,0.02221070160370028
453,gwp_total_project_kgco2e,crushing_gwp_factor,0.026113904367725566,0.026113904367725566
453,demand_capacity_ratio_k,subgrade_k_pci,-1.0,1.0
454,total_present_worth,concrete_unit_cost,0.9456901889194921,0.9456901889194921
454,total_present_worth,stone_57_unit_cost,0.16234880799997953,0.16234880799997953
454,total_present_worth,rebar_unit_cost,0.007044810888993925,0.007044810888993925
454,total_present_worth,fiber_unit_cost,0.012691769857236709,0.012691769857236709
454,total_present_worth,demolition_cost,0.055805363002226153,0.055805363002226153
454,total_present_worth,crushing_cost,0.04332642734741057,0.04332642734741057
454,total_present_worth,recycled_aggregate_credit,-0.04013076977666031,0.04013076977666031
454,total_present_worth,discount_rate,-0.2337457106476186,0.2337457106476186
454,gwp_total_project_kgco2e,concrete_gwp_factor,0.9991905688526683,0.9991905688526683
454,gwp_total_project_kgco2e,stone_57_gwp_factor,0.011091733190900694,0.011091733190900694
454,gwp_total_project_kgco2e,rebar_gwp_factor,0.007368485417059396,0.007368485417059396
454,gwp_total_project_kgco2e,trucking_gwp_factor,0.030089808378755925,0.030089808378755925
454,gwp_total_project_kgco2e,demolition_gwp_factor,0.02221070160370028,0.02221070160370028
454,gwp_total_project_kgco2e,crushing_gwp_factor,0.026113904367725566,0.026113904367725566
454,demand_capacity_ratio_k,subgrade_k_pci,-1.0,1.0
455,total_present_worth,concrete_unit_cost,0.9456569219618148,0.9456569219618148
455,total_present_worth,stone_57_unit_cost,0.16233826944829532,0.16233826944829532
455,total_present_worth,rebar_unit_cost,0.007059117612423647,0.007059117612423647
455,total_present_worth,fiber_unit_cost,0.015136396388358559,0.015136396388358559
455,total_present_worth,demolition_cost,0.05580496709016199,0.05580496709016199
455,total_present_worth,crushing_cost,0.043344639106905856,0.043344639106905856
455,total_present_worth,recycled_aggregate_credit,-0.04010277964061711,0.04010277964061711
455,total_present_worth,discount_rate,-0.23373245423511183,0.23373245423511183
455,gwp_total_project_kgco2e,concrete_gwp_factor,0.9991905688526683,0.9991905688526683
455,gwp_total_project_kgco2e,stone_57_gwp_factor,0.011091733190900694,0.011091733190900694
455,gwp_total_project_kgco2e,rebar_gwp_factor,0.007368485417059396,0.007368485417059396
455,gwp_total_project_kgco2e,trucking_gwp_factor,0.030089808378755925,0.030089808378755925
455,gwp_total_project_kgco2e,demolition_gwp_factor,0.02221070160370028,0.02221070160370028
455,gwp_total_project_kgco2e,crushing_gwp_factor,0.026113904367725566,0.026113904367725566
455,demand_capacity_ratio_k,subgrade_k_pci,-1.0,1.0
456,total_present_worth,concrete_unit_cost,0.9456178064102473,0.9456178064102473
456,total_present_worth,stone_57_unit_cost,0.16232816006758727,0.16232816006758727
456,total_present_worth,rebar_unit_cost,0.007069349649643741,0.007069349649643741
456,total_present_worth,fiber_unit_cost,0.01758995093292398,0.01758995093292398
456,total_present_worth,demolition_cost,0.05580358256683344,0.05580358256683344
456,total_present_worth,crushing_cost,0.04336421837785769,0.04336421837785769
456,total_present_worth,recycled_aggregate_credit,-0.04007890258924757,0.04007890258924757
456,total_present_worth,discount_rate,-0.2337158307539742,0.2337158307539742
456,gwp_total_project_kgco2e,concrete_gwp_factor,0.9991905688526683,0.9991905688526683
456,gwp_total_project_kgco2e,stone_57_gwp_factor,0.011091733190900694,0.011091733190900694
456,gwp_total_project_kgco2e,rebar_gwp_factor,0.007368485417059396,0.007368485417059396
456,gwp_total_project_kgco2e,trucking_gwp_factor,0.030089808378755925,0.030089808378755925
456,gwp_total_project_kgco2e,demolition_gwp_factor,0.02221070160370028,0.02221070160370028
456,gwp_total_project_kgco2e,crushing_gwp_factor,0.026113904367725566,0.026113904367725566
456,demand_capacity_ratio_k,subgrade_k_pci,-1.0,1.0
457,total_present_worth,concrete_unit_cost,0.8696010829807044,0.8696010829807044
457,total_present_worth,stone_57_unit_cost,0.4069758887627264,0.4069758887627264
457,total_present_worth,rebar_unit_cost,0.007539947249607979,0.007539947249607979
457,total_present_worth,fiber_unit_cost,0.00457714904391086,0.00457714904391086
457,total_present_worth,demolition_cost,0.049887711074675094,0.049887711074675094
457,total_present_worth,crushing_cost,0.04062117283816847,0.04062117283816847
457,total_present_worth,recycled_aggregate_credit,-0.03823058469439624,0.03823058469439624
457,total_present_worth,discount_rate,-0.21294755843674587,0.21294755843674587
457,gwp_total_project_kgco2e,concrete_gwp_factor,0.9982960722728225,0.9982960722728225
457,gwp_total_project_kgco2e,stone_57_gwp_factor,0.03091291946810917,0.03091291946810917
457,gwp_total_project_kgco2e,rebar_gwp_factor,0.007471490282220597,0.007471490282220597
457,gwp_total_project_kgco2e,trucking_gwp_factor,0.04120612855523446,0.04120612855523446
457,gwp_total_project_kgco2e,demolition_gwp_factor,0.02228181762411273,0.02228181762411273
457,gwp_total_project_kgco2e,crushing_gwp_factor,0.025981630015608652,0.025981630015608652
457,demand_capacity_ratio_k,subgrade_k_pci,-1.0,1.0
458,total_present_worth,concrete_unit_cost,0.8695981348426872,0.8695981348426872
458,total_present_worth,stone_57_unit_cost,0.40697609941696644,0.40697609941696644
458,total_present_worth,rebar_unit_cost,0.007545420180522168,0.007545420180522168
458,total_present_worth,fiber_unit_cost,0.005173922398901569,0.005173922398901569
458,total_present_worth,demolition_cost,0.04988763380398706,0.04988763380398706
458,total_present_worth,crushing_cost,0.04062620607948249,0.04062620607948249
458,total_present_worth,recycled_aggregate_credit,-0.038222613340729045,0.038222613340729045
458,total_present_worth,discount_rate,-0.2129453497536054,0.2129453497536054
458,gwp_total_project_kgco2e,concrete_gwp_factor,0.9982960722728225,0.9982960722728225
458,gwp_total_project_kgco2e,stone_57_gwp_factor,0.03091291946810917,0.03091291946810917
458,gwp_total_project_kgco2e,rebar_gwp_factor,0.007471490282220597,0.007471490282220597
458,gwp_total_project_kgco2e,trucking_gwp_factor,0.04120612855523446,0.04120612855523446
458,gwp_total_project_kgco2e,demolition_gwp_factor,0.02228181762411273,0.02228181762411273
458,gwp_total_project_kgco2e,crushing_gwp_factor,0.025981630015608652,0.025981630015608652
458,demand_capacity_ratio_k,subgrade_k_pci,-1.0,1.0
459,total_present_worth,concrete_unit_cost,0.8695809031714803,0.8695809031714803
459,total_present_worth,stone_57_unit_cost,0.40697879522781555,0.40697879522781555
459,total_present_worth,rebar_unit_cost,0.0075601527215520626,0.0075601527215520626
459,total_present_worth,fiber_unit_cost,0.007400214066800086,0.007400214066800086
459,total_present_worth,demolition_cost,0.04988783199752314,0.04988783199752314
459,total_present_worth,crushing_cost,0.040642786542561114,0.040642786542561114
459,total_present_worth,recycled_aggregate_credit,-0.0382009889659364,0.0382009889659364
459,total_present_worth,discount_rate,-0.21293994458749846,0.21293994458749846
459,gwp_total_project_kgco2e,concrete_gwp_factor,0.9982960722728225,0.9982960722728225
459,gwp_total_project_kgco2e,stone_57_gwp_factor,0.03091291946810917,0.03091291946810917
459,gwp_total_project_kgco2e,rebar_gwp_factor,0.007471490282220597,0.007471490282220597
459,gwp_total_project_kgco2e,trucking_gwp_factor,0.04120612855523446,0.04120612855523446
459,gwp_total_project_kgco2e,demolition_gwp_factor,0.02228181762411273,0.02228181762411273
459,gwp_total_project_kgco2e,crushing_gwp_factor,0.025981630015608652,0.025981630015608652
459,demand_capacity_ratio_k,subgrade_k_pci,-1.0,1.0
460,total_present_worth,concrete_unit_cost,0.8695612567810727,0.8695612567810727
460,total_present_worth,stone_57_unit_cost,0.4069762726052865,0.4069762726052865
460,total_present_worth,rebar_unit_cost,0.007577543813527018,0.007577543813527018
460,total_present_worth,fiber_unit_cost,0.009636913072334765,0.009636913072334765
460,total_present_worth,demolition_cost,0.04988617596440248,0.04988617596440248
460,total_present_worth,crushing_cost,0.040660414923688167,0.040660414923688167
460,total_present_worth,recycled_aggregate_credit,-0.03817656386727063,0.03817656386727063
460,total_present_worth,discount_rate,-0.2129319022503622,0.2129319022503622
460,gwp_total_project_kgco2e,concrete_gwp_factor,0.9982960722728225,0.9982960722728225
460,gwp_total_project_kgco2e,stone_57_gwp_factor,0.03091291946810917,0.03091291946810917
460,gwp_total_project_kgco2e,rebar_gwp_factor,0.007471490282220597,0.007471490282220597
460,gwp_total_project_kgco2e,trucking_gwp_factor,0.04120612855523446,0.04120612855523446
460,gwp_total_project_kgco2e,demolition_gwp_factor,0.02228181762411273,0.02228181762411273
460,gwp_total_project_kgco2e,crushing_gwp_factor,0.025981630015608652,0.025981630015608652
460,demand_capacity_ratio_k,subgrade_k_pci,-1.0,1.0
461,total_present_worth,concrete_unit_cost,0.869537478271111,0.869537478271111
461,total_present_worth,stone_57_unit_cost,0.40696875307811553,0.40696875307811553
461,total_present_worth,rebar_unit_cost,0.007590876064764351,0.007590876064764351
461,total_present_worth,fiber_unit_cost,0.01186727328340291,0.01186727328340291
461,total_present_worth,demolition_cost,0.04988691464600277,0.04988691464600277
461,total_present_worth,crushing_cost,0.040678537503311414,0.040678537503311414
461,total_present_worth,recycled_aggregate_credit,-0.038154689898429885,0.038154689898429885
461,total_present_worth,discount_rate,-0.2129251299908765,0.2129251299908765
461,gwp_total_project_kgco2e,concrete_gwp_factor,0.9982960722728225,0.9982960722728225
461,gwp_total_project_kgco2e,stone_57_gwp_factor,0.03091291946810917,0.03091291946810917
461,gwp_total_project_kgco2e,rebar_gwp_factor,0.007471490282220597,0.007471490282220597
461,gwp_total_project_kgco2e,trucking_gwp_factor,0.04120612855523446,0.04120612855523446
461,gwp_total_project_kgco2e,demolition_gwp_factor,0.02228181762411273,0.02228181762411273
461,gwp_total_project_kgco2e,crushing_gwp_factor,0.025981630015608652,0.025981630015608652
461,demand_capacity_ratio_k,subgrade_k_pci,-1.0,1.0
462,total_present_worth,concrete_unit_cost,0.8695079714696592,0.8695079714696592
462,total_present_worth,stone_57_unit_cost,0.40695974938815993,0.40695974938815993
462,total_present_worth,rebar_unit_cost,0.007605293838210119,0.007605293838210119
462,total_present_worth,fiber_unit_cost,0.014101617693384649,0.014101617693384649
462,total_present_worth,demolition_cost,0.049884651205233874,0.049884651205233874
462,total_present_worth,crushing_cost,0.04069853511883941,0.04069853511883941
462,total_present_worth,recycled_aggregate_credit,-0.038131046445012425,0.038131046445012425
462,total_present_worth,discount_rate,-0.21291882376070376,0.21291882376070376
462,gwp_total_project_kgco2e,concrete_gwp_factor,0.9982960722728225,0.9982960722728225
462,gwp_total_project_kgco2e,stone_57_gwp_factor,0.03091291946810917,0.03091291946810917
462,gwp_total_project_kgco2e,rebar_gwp_factor,0.007471490282220597,0.007471490282220597
462,gwp_total_project_kgco2e,trucking_gwp_factor,0.04120612855523446,0.04120612855523446
462,gwp_total_project_kgco2e,demolition_gwp_factor,0.02228181762411273,0.02228181762411273
462,gwp_total_project_kgco2e,crushing_gwp_factor,0.025981630015608652,0.025981630015608652
462,demand_capacity_ratio_k,subgrade_k_pci,-1.0,1.0
463,total_present_worth,concrete_unit_cost,0.8694719033381568,0.8694719033381568
463,total_present_worth,stone_57_unit_cost,0.4069530932993893,0.4069530932993893
463,total_present_worth,rebar_unit_cost,0.0076231176042012485,0.0076231176042012485
463,total_present_worth,fiber_unit_cost,0.016336651379910663,0.016336651379910663
463,total_present_worth,demolition_cost,0.049883316259857334,0.049883316259857334
463,total_present_worth,crushing_cost,0.040714063908061635,0.040714063908061635
463,total_present_worth,recycled_aggregate_credit,-0.03810727347165891,0.03810727347165891
463,total_present_worth,discount_rate,-0.21291259587737923,0.21291259587737923
463,gwp_total_project_kgco2e,concrete_gwp_factor,0.9982960722728225,0.9982960722728225
463,gwp_total_project_kgco2e,stone_57_gwp_factor,0.03091291946810917,0.03091291946810917
463,gwp_total_project_kgco2e,rebar_gwp_factor,0.007471490282220597,0.007471490282220597
463,gwp_total_project_kgco2e,trucking_gwp_factor,0.04120612855523446,0.04120612855523446
463,gwp_total_project_kgco2e,demolition_gwp_factor,0.02228181762411273,0.02228181762411273
463,gwp_total_project_kgco2e,crushing_gwp_factor,0.025981630015608652,0.025981630015608652
463,demand_capacity_ratio_k,subgrade_k_pci,-1.0,1.0
464,total_present_worth,concrete_unit_cost,0.9066030553077613,0.9066030553077613
464,total_present_worth,stone_57_unit_cost,0.3152929667002292,0.3152929667002292
464,total_present_worth,rebar_unit_cost,0.007385665065770266,0.007385665065770266
464,total_present_worth,fiber_unit_cost,0.00459282248756513,0.00459282248756513
464,total_present_worth,demolition_cost,0.05248184511606474,0.05248184511606474
464,total_present_worth,crushing_cost,0.041894240796821705,0.041894240796821705
464,total_present_worth,recycled_aggregate_credit,-0.039291331689956535,0.039291331689956535
464,total_present_worth,discount_rate,-0.22213394747221987,0.22213394747221987
464,gwp_total_project_kgco2e,concrete_gwp_factor,0.9987229741741772,0.9987229741741772
464,gwp_total_project_kgco2e,stone_57_gwp_factor,0.022991674514092675,0.022991674514092675
464,gwp_total_project_kgco2e,rebar_gwp_factor,0.007433556482205423,0.007433556482205423
464,gwp_total_project_kgco2e,trucking_gwp_factor,0.0367670011035068,0.0367670011035068
464,gwp_total_project_kgco2e,demolition_gwp_factor,0.022250698552676283,0.022250698552676283
464,gwp_total_project_kgco2e,crushing_gwp_factor,0.026041891094640758,0.026041891094640758
464,demand_capacity_ratio_k,subgrade_k_pci,-1.0,1.0
465,total_present_worth,concrete_unit_cost,0.9065997902124959,0.9065997902124959
465,total_present_worth,stone_57_unit_cost,0.3152926977896371,0.3152926977896371
465,total_present_worth,rebar_unit_cost,0.007388861051979545,0.007388861051979545
465,total_present_worth,fiber_unit_cost,0.005214778812069912,0.005214778812069912
465,total_present_worth,demolition_cost,0.05248163973971266,0.05248163973971266
465,total_present_worth,crushing_cost,0.041900157544760064,0.041900157544760064
465,total_present_worth,recycled_aggregate_credit,-0.03928511417785805,0.03928511417785805
465,total_present_worth,discount_rate,-0.2221322889315765,0.2221322889315765
465,gwp_total_project_kgco2e,concrete_gwp_factor,0.9987229741741772,0.9987229741741772
465,gwp_total_project_kgco2e,stone_57_gwp_factor,0.022991674514092675,0.022991674514092675
465,gwp_total_project_kgco2e,rebar_gwp_factor,0.007433556482205423,0.007433556482205423
465,gwp_total_project_kgco2e,trucking_gwp_factor,0.0367670011035068,0.0367670011035068
465,gwp_total_project_kgco2e,demolition_gwp_factor,0.022250698552676283,0.022250698552676283
465,gwp_total_project_kgco2e,crushing_gwp_factor,0.026041891094640758,0.026041891094640758
465,demand_capacity_ratio_k,subgrade_k_pci,-1.0,1.0
466,total_present_worth,concrete_unit_cost,0.9065831522345693,0.9065831522345693
466,total_present_worth,stone_57_unit_cost,0.3152903418200362,0.3152903418200362
466,total_present_worth,rebar_unit_cost,0.007400794101104319,0.007400794101104319
466,total_present_worth,fiber_unit_cost,0.007539693847335879,0.007539693847335879
466,total_present_worth,demolition_cost,0.05247988281183996,0.05247988281183996
466,total_present_worth,crushing_cost,0.04191819615164728,0.04191819615164728
466,total_present_worth,recycled_aggregate_credit,-0.039259973354359996,0.039259973354359996
466,total_present_worth,discount_rate,-0.22213084946067763,0.22213084946067763
466,gwp_total_project_kgco2e,concrete_gwp_factor,0.9987229741741772,0.9987229741741772
466,gwp_total_project_kgco2e,stone_57_gwp_factor,0.022991674514092675,0.022991674514092675
466,gwp_total_project_kgco2e,rebar_gwp_factor,0.007433556482205423,0.007433556482205423
466,gwp_total_project_kgco2e,trucking_gwp_factor,0.0367670011035068,0.0367670011035068
466,gwp_total_project_kgco2e,demolition_gwp_factor,0.022250698552676283,0.022250698552676283
466,gwp_total_project_kgco2e,crushing_gwp_factor,0.026041891094640758,0.026041891094640758
466,demand_capacity_ratio_k,subgrade_k_pci,-1.0,1.0
467,total_present_worth,concrete_unit_cost,0.9065629693446092,0.9065629693446092
467,total_present_worth,stone_57_unit_cost,0.31528574737014636,0.31528574737014636
467,total_present_worth,rebar_unit_cost,0.007413611460277446,0.007413611460277446
467,total_present_worth,fiber_unit_cost,0.009866990250058796,0.009866990250058796
467,total_present_worth,demolition_cost,0.05247652151843061,0.05247652151843061
467,total_present_worth,crushing_cost,0.041936005193350404,0.041936005193350404
467,total_present_worth,recycled_aggregate_credit,-0.03923418010209368,0.03923418010209368
467,total_present_worth,discount_rate,-0.22212319767880617,0.22212319767880617
467,gwp_total_project_kgco2e,concrete_gwp_factor,0.9987229741741772,0.9987229741741772
467,gwp_total_project_kgco2e,stone_57_gwp_factor,0.022991674514092675,0.022991674514092675
467,gwp_total_project_kgco2e,rebar_gwp_factor,0.007433556482205423,0.007433556482205423
467,gwp_total_project_kgco2e,trucking_gwp_factor,0.0367670011035068,0.0367670011035068
467,gwp_total_project_kgco2e,demolition_gwp_factor,0.022250698552676283,0.022250698552676283
467,gwp_total_project_kgco2e,crushing_gwp_factor,0.026041891094640758,0.026041891094640758
467,demand_capacity_ratio_k,subgrade_k_pci,-1.0,1.0
468,total_present_worth,concrete_unit_cost,0.9065384773074474,0.9065384773074474
468,total_present_worth,stone_57_unit_cost,0.3152754172348462,0.3152754172348462
468,total_present_worth,rebar_unit_cost,0.007425783807738315,0.007425783807738315
468,total_present_worth,fiber_unit_cost,0.012193927014701572,0.012193927014701572
468,total_present_worth,demolition_cost,0.05247270798802909,0.05247270798802909
468,total_present_worth,crushing_cost,0.041948520623691414,0.041948520623691414
468,total_present_worth,recycled_aggregate_credit,-0.03920604537046642,0.03920604537046642
468,total_present_worth,discount_rate,-0.22211798254849158,0.22211798254849158
468,gwp_total_project_kgco2e,concrete_gwp_factor,0.9987229741741772,0.9987229741741772
468,gwp_total_project_kgco2e,stone_57_gwp_factor,0.022991674514092675,0.022991674514092675
468,gwp_total_project_kgco2e,rebar_gwp_factor,0.007433556482205423,0.007433556482205423
468,gwp_total_project_kgco2e,trucking_gwp_factor,0.0367670011035068,0.0367670011035068
468,gwp_total_project_kgco2e,demolition_gwp_factor,0.022250698552676283,0.022250698552676283
468,gwp_total_project_kgco2e,crushing_gwp_factor,0.026041891094640758,0.026041891094640758
468,demand_capacity_ratio_k,subgrade_k_pci,-1.0,1.0
469,total_present_worth,concrete_unit_cost,0.906507516112811,0.906507516112811
469,total_present_worth,stone_57_unit_cost,0.3152667609344267,0.3152667609344267
469,total_present_worth,rebar_unit_cost,0.007440453149088182,0.007440453149088182
469,total_present_worth,fiber_unit_cost,0.014522403741936963,0.014522403741936963
469,total_present_worth,demolition_cost,0.052469987707643995,0.052469987707643995
469,total_present_worth,crushing_cost,0.041965350574354146,0.041965350574354146
469,total_present_worth,recycled_aggregate_credit,-0.039178492746647406,0.039178492746647406
469,total_present_worth,discount_rate,-0.22210914541391374,0.22210914541391374
469,gwp_total_project_kgco2e,concrete_gwp_factor,0.9987229741741772,0.9987229741741772
469,gwp_total_project_kgco2e,stone_57_gwp_factor,0.022991674514092675,0.022991674514092675
469,gwp_total_project_kgco2e,rebar_gwp_factor,0.007433556482205423,0.007433556482205423
469,gwp_total_project_kgco2e,trucking_gwp_factor,0.0367670011035068,0.0367670011035068
469,gwp_total_project_kgco2e,demolition_gwp_factor,0.022250698552676283,0.022250698552676283
469,gwp_total_project_kgco2e,crushing_gwp_factor,0.026041891094640758,0.026041891094640758
469,demand_capacity_ratio_k,subgrade_k_pci,-1.0,1.0
470,total_present_worth,concrete_unit_cost,0.9064712987654365,0.9064712987654365
470,total_present_worth,stone_57_unit_cost,0.3152552584179421,0.3152552584179421
470,total_present_worth,rebar_unit_cost,0.007453902711749562,0.007453902711749562
470,total_present_worth,fiber_unit_cost,0.01684684705825874,0.01684684705825874
470,total_present_worth,demolition_cost,0.05246913991647566,0.05246913991647566
470,total_present_worth,crushing_cost,0.04198458751688984,0.04198458751688984
470,total_present_worth,recycled_aggregate_credit,-0.03915060731511625,0.03915060731511625
470,total_present_worth,discount_rate,-0.2220997698323268,0.2220997698323268
470,gwp_total_project_kgco2e,concrete_gwp_factor,0.9987229741741772,0.9987229741741772
470,gwp_total_project_kgco2e,stone_57_gwp_factor,0.022991674514092675,0.022991674514092675
470,gwp_total_project_kgco2e,rebar_gwp_factor,0.007433556482205423,0.007433556482205423
470,gwp_total_project_kgco2e,trucking_gwp_factor,0.0367670011035068,0.0367670011035068
470,gwp_total_project_kgco2e,demolition_gwp_factor,0.022250698552676283,0.022250698552676283
470,gwp_total_project_kgco2e,crushing_gwp_factor,0.026041891094640758,0.026041891094640758
470,demand_capacity_ratio_k,subgrade_k_pci,-1.0,1.0
471,total_present_worth,concrete_unit_cost,0.9249090728651316,0.9249090728651316
471,total_present_worth,stone_57_unit_cost,0.25623689205481476,0.25623689205481476
471,total_present_worth,rebar_unit_cost,0.007233569245645428,0.007233569245645428
471,total_present_worth,fiber_unit_cost,0.00462722372153089,0.00462722372153089
471,total_present_worth,demolition_cost,0.053921408346112566,0.053921408346112566
471,total_present_worth,crushing_cost,0.04254557633954623,0.04254557633954623
471,total_present_worth,recycled_aggregate_credit,-0.0397772431482949,0.0397772431482949
471,total_present_worth,discount_rate,-0.22721539014301542,0.22721539014301542
471,gwp_total_project_kgco2e,concrete_gwp_factor,0.9989348730821982,0.9989348730821982
471,gwp_total_project_kgco2e,stone_57_gwp_factor,0.018233603808093444,0.018233603808093444
471,gwp_total_project_kgco2e,rebar_gwp_factor,0.007406088781522436,0.007406088781522436
471,gwp_total_project_kgco2e,trucking_gwp_factor,0.034099087022887636,0.034099087022887636
471,gwp_total_project_kgco2e,demolition_gwp_factor,0.02223403888134162,0.02223403888134162
471,gwp_total_project_kgco2e,crushing_gwp_factor,0.02607441613993377,0.02607441613993377
471,demand_capacity_ratio_k,subgrade_k_pci,-1.0,1.0
472,total_present_worth,concrete_unit_cost,0.9249057818574504,0.9249057818574504
472,total_present_worth,stone_57_unit_cost,0.2562366622180467,0.2562366622180467
472,total_present_worth,rebar_unit_cost,0.00723782432507113,0.00723782432507113
472,total_present_worth,fiber_unit_cost,0.005261089775992436,0.005261089775992436
472,total_present_worth,demolition_cost,0.05392130228310452,0.05392130228310452
472,total_present_worth,crushing_cost,0.04254973360197989,0.04254973360197989
472,total_present_worth,recycled_aggregate_credit,-0.03977150923254861,0.03977150923254861
472,total_present_worth,discount_rate,-0.22721370635418,0.22721370635418
472,gwp_total_project_kgco2e,concrete_gwp_factor,0.9989348730821982,0.9989348730821982
472,gwp_total_project_kgco2e,stone_57_gwp_factor,0.018233603808093444,0.018233603808093444
472,gwp_total_project_kgco2e,rebar_gwp_factor,0.007406088781522436,0.007406088781522436
472,gwp_total_project_kgco2e,trucking_gwp_factor,0.034099087022887636,0.034099087022887636
472,gwp_total_project_kgco2e,demolition_gwp_factor,0.02223403888134162,0.02223403888134162
472,gwp_total_project_kgco2e,crushing_gwp_factor,0.02607441613993377,0.02607441613993377
472,demand_capacity_ratio_k,subgrade_k_pci,-1.0,1.0
473,total_present_worth,concrete_unit_cost,0.9248886943166116,0.9248886943166116
473,total_present_worth,stone_57_unit_cost,0.2562367062955827,0.2562367062955827
473,total_present_worth,rebar_unit_cost,0.00724985160328394,0.00724985160328394
473,total_present_worth,fiber_unit_cost,0.007642787036049115,0.007642787036049115
473,total_present_worth,demolition_cost,0.05392304921516923,0.05392304921516923
473,total_present_worth,crushing_cost,0.04256518891741008,0.04256518891741008
473,total_present_worth,recycled_aggregate_credit,-0.03974678296604271,0.03974678296604271
473,total_present_worth,discount_rate,-0.22720991028002835,0.22720991028002835
473,gwp_total_project_kgco2e,concrete_gwp_factor,0.9989348730821982,0.9989348730821982
473,gwp_total_project_kgco2e,stone_57_gwp_factor,0.018233603808093444,0.018233603808093444
473,gwp_total_project_kgco2e,rebar_gwp_factor,0.007406088781522436,0.007406088781522436
473,gwp_total_project_kgco2e,trucking_gwp_factor,0.034099087022887636,0.034099087022887636
473,gwp_total_project_kgco2e,demolition_gwp_factor,0.02223403888134162,0.02223403888134162
473,gwp_total_project_kgco2e,crushing_gwp_factor,0.02607441613993377,0.02607441613993377
473,demand_capacity_ratio_k,subgrade_k_pci,-1.0,1.0
474,total_present_worth,concrete_unit_cost,0.9248670264087949,0.9248670264087949
474,total_present_worth,stone_57_unit_cost,0.25623034951042817,0.25623034951042817
474,total_present_worth,rebar_unit_cost,0.007264429835257773,0.007264429835257773
474,total_present_worth,fiber_unit_cost,0.010022348004360939,0.010022348004360939
474,total_present_worth,demolition_cost,0.0539212371119685,0.0539212371119685
474,total_present_worth,crushing_cost,0.04258317787069728,0.04258317787069728
474,total_present_worth,recycled_aggregate_credit,-0.03972004402209602,0.03972004402209602
474,total_present_worth,discount_rate,-0.22720576840480397,0.22720576840480397
474,gwp_total_project_kgco2e,concrete_gwp_factor,0.9989348730821982,0.9989348730821982
474,gwp_total_project_kgco2e,stone_57_gwp_factor,0.018233603808093444,0.018233603808093444
474,gwp_total_project_kgco2e,rebar_gwp_factor,0.007406088781522436,0.007406088781522436
474,gwp_total_project_kgco2e,trucking_gwp_factor,0.034099087022887636,0.034099087022887636
474,gwp_total_project_kgco2e,demolition_gwp_factor,0.02223403888134162,0.02223403888134162
474,gwp_total_project_kgco2e,crushing_gwp_factor,0.02607441613993377,0.02607441613993377
474,demand_capacity_ratio_k,subgrade_k_pci,-1.0,1.0
475,total_present_worth,concrete_unit_cost,0.9248401285299362,0.9248401285299362
475,total_present_worth,stone_57_unit_cost,0.25622204844178487,0.25622204844178487
475,total_present_worth,rebar_unit_cost,0.007281159734048465,0.007281159734048465
475,total_present_worth,fiber_unit_cost,0.012401264567104508,0.012401264567104508
475,total_present_worth,demolition_cost,0.053922715492385094,0.053922715492385094
475,total_present_worth,crushing_cost,0.04259983117300794,0.04259983117300794
475,total_present_worth,recycled_aggregate_credit,-0.03969154077238862,0.03969154077238862
475,total_present_worth,discount_rate,-0.2271987516089338,0.2271987516089338
475,gwp_total_project_kgco2e,concrete_gwp_factor,0.9989348730821982,0.9989348730821982
475,gwp_total_project_kgco2e,stone_57_gwp_factor,0.018233603808093444,0.018233603808093444
475,gwp_total_project_kgco2e,rebar_gwp_factor,0.007406088781522436,0.007406088781522436
475,gwp_total_project_kgco2e,trucking_gwp_factor,0.034099087022887636,0.034099087022887636
475,gwp_total_project_kgco2e,demolition_gwp_factor,0.02223403888134162,0.02223403888134162
475,gwp_total_project_kgco2e,crushing_gwp_factor,0.02607441613993377,0.02607441613993377
475,demand_capacity_ratio_k,subgrade_k_pci,-1.0,1.0
476,total_present_worth,concrete_unit_cost,0.9248082116159394,0.9248082116159394
476,total_present_worth,stone_57_unit_cost,0.2562152642964061,0.2562152642964061
476,total_present_worth,rebar_unit_cost,0.007295328621830132,0.007295328621830132
476,total_present_worth,fiber_unit_cost,0.014778552528151422,0.014778552528151422
476,total_present_worth,demolition_cost,0.05391952000412781,0.05391952000412781
476,total_present_worth,crushing_cost,0.04262082000072833,0.04262082000072833
476,total_present_worth,recycled_aggregate_credit,-0.03966517452857007,0.03966517452857007
476,total_present_worth,discount_rate,-0.22718585084834778,0.22718585084834778
476,gwp_total_project_kgco2e,concrete_gwp_factor,0.9989348730821982,0.9989348730821982
476,gwp_total_project_kgco2e,stone_57_gwp_factor,0.018233603808093444,0.018233603808093444
476,gwp_total_project_kgco2e,rebar_gwp_factor,0.007406088781522436,0.007406088781522436
476,gwp_total_project_kgco2e,trucking_gwp_factor,0.034099087022887636,0.034099087022887636
476,gwp_total_project_kgco2e,demolition_gwp_factor,0.02223403888134162,0.02223403888134162
476,gwp_total_project_kgco2e,crushing_gwp_factor,0.02607441613993377,0.02607441613993377
476,demand_capacity_ratio_k,subgrade_k_pci,-1.0,1.0
477,total_present_worth,concrete_unit_cost,0.9247707039534924,0.9247707039534924
477,total_present_worth,stone_57_unit_cost,0.25620546499752217,0.25620546499752217
477,total_present_worth,rebar_unit_cost,0.0073079121936431655,0.0073079121936431655
477,total_present_worth,fiber_unit_cost,0.01715887407191955,0.01715887407191955
477,total_present_worth,demolition_cost,0.05391392503926157,0.05391392503926157
477,total_present_worth,crushing_cost,0.04263688637315076,0.04263688637315076
477,total_present_worth,recycled_aggregate_credit,-0.03963702412043081,0.03963702412043081
477,total_present_worth,discount_rate,-0.22717295278564967,0.22717295278564967
477,gwp_total_project_kgco2e,concrete_gwp_factor,0.9989348730821982,0.9989348730821982
477,gwp_total_project_kgco2e,stone_57_gwp_factor,0.018233603808093444,0.018233603808093444
477,gwp_total_project_kgco2e,rebar_gwp_factor,0.007406088781522436,0.007406088781522436
477,gwp_total_project_kgco2e,trucking_gwp_factor,0.034099087022887636,0.034099087022887636
477,gwp_total_project_kgco2e,demolition_gwp_factor,0.02223403888134162,0.02223403888134162
477,gwp_total_project_kgco2e,crushing_gwp_factor,0.02607441613993377,0.02607441613993377
477,demand_capacity_ratio_k,subgrade_k_pci,-1.0,1.0
478,total_present_worth,concrete_unit_cost,0.9352202303399763,0.9352202303399763
478,total_present_worth,stone_57_unit_cost,0.21526183126645676,0.21526183126645676
478,total_present_worth,rebar_unit_cost,0.00714289938343316,0.00714289938343316
478,total_present_worth,fiber_unit_cost,0.004644799903809921,0.004644799903809921
478,total_present_worth,demolition_cost,0.054794971184285994,0.054794971184285994
478,total_present_worth,crushing_cost,0.042913083717293236,0.042913083717293236
478,total_present_worth,recycled_aggregate_credit,-0.04001142627366858,0.04001142627366858
478,total_present_worth,discount_rate,-0.23032319403905507,0.23032319403905507
478,gwp_total_project_kgco2e,concrete_gwp_factor,0.9990579319084553,0.9990579319084553
478,gwp_total_project_kgco2e,stone_57_gwp_factor,0.015057858126887144,0.015057858126887144
478,gwp_total_project_kgco2e,rebar_gwp_factor,0.007388835941163535,0.007388835941163535
478,gwp_total_project_kgco2e,trucking_gwp_factor,0.032315593871102236,0.032315593871102236
478,gwp_total_project_kgco2e,demolition_gwp_factor,0.02222076783298431,0.02222076783298431
478,gwp_total_project_kgco2e,crushing_gwp_factor,0.02609093993978038,0.02609093993978038
478,demand_capacity_ratio_k,subgrade_k_pci,-1.0,1.0
479,total_present_worth,concrete_unit_cost,0.9352169531652229,0.9352169531652229
479,total_present_worth,stone_57_unit_cost,0.21526059872437628,0.21526059872437628
479,total_present_worth,rebar_unit_cost,0.007145456529194184,0.007145456529194184
479,total_present_worth,fiber_unit_cost,0.005290118660932049,0.005290118660932049
479,total_present_worth,demolition_cost,0.054795788716734316,0.054795788716734316
479,total_present_worth,crushing_cost,0.042919301410543724,0.042919301410543724
479,total_present_worth,recycled_aggregate_credit,-0.04000189094963276,0.04000189094963276
479,total_present_worth,discount_rate,-0.2303218276514203,0.2303218276514203
479,gwp_total_project_kgco2e,concrete_gwp_factor,0.9990579319084553,0.9990579319084553
479,gwp_total_project_kgco2e,stone_57_gwp_factor,0.015057858126887144,0.015057858126887144
479,gwp_total_project_kgco2e,rebar_gwp_factor,0.007388835941163535,0.007388835941163535
479,gwp_total_project_kgco2e,trucking_gwp_factor,0.032315593871102236,0.032315593871102236
479,gwp_total_project_kgco2e,demolition_gwp_factor,0.02222076783298431,0.02222076783298431
479,gwp_total_project_kgco2e,crushing_gwp_factor,0.02609093993978038,0.02609093993978038
479,demand_capacity_ratio_k,subgrade_k_pci,-1.0,1.0
480,total_present_worth,concrete_unit_cost,0.9352009789991685,0.9352009789991685
480,total_present_worth,stone_57_unit_cost,0.21525811863243927,0.21525811863243927
480,total_present_worth,rebar_unit_cost,0.007156790922606717,0.007156790922606717
480,total_present_worth,fiber_unit_cost,0.007701632757320653,0.007701632757320653
480,total_present_worth,demolition_cost,0.05479612731987046,0.05479612731987046
480,total_present_worth,crushing_cost,0.042940377196600155,0.042940377196600155
480,total_present_worth,recycled_aggregate_credit,-0.03997521756187809,0.03997521756187809
480,total_present_worth,discount_rate,-0.23031566810545584,0.23031566810545584
480,gwp_total_project_kgco2e,concrete_gwp_factor,0.9990579319084553,0.9990579319084553
480,gwp_total_project_kgco2e,stone_57_gwp_factor,0.015057858126887144,0.015057858126887144
480,gwp_total_project_kgco2e,rebar_gwp_factor,0.007388835941163535,0.007388835941163535
480,gwp_total_project_kgco2e,trucking_gwp_factor,0.032315593871102236,0.032315593871102236
480,gwp_total_project_kgco2e,demolition_gwp_factor,0.02222076783298431,0.02222076783298431
480,gwp_total_project_kgco2e,crushing_gwp_factor,0.02609093993978038,0.02609093993978038
480,demand_capacity_ratio_k,subgrade_k_pci,-1.0,1.0
481,total_present_worth,concrete_unit_cost,0.9351794867246959,0.9351794867246959
481,total_present_worth,stone_57_unit_cost,0.21525357658702943,0.21525357658702943
481,total_present_worth,rebar_unit_cost,0.007168989999923597,0.007168989999923597
481,total_present_worth,fiber_unit_cost,0.010112793918157118,0.010112793918157118
481,total_present_worth,demolition_cost,0.05479697315935879,0.05479697315935879
481,total_present_worth,crushing_cost,0.04295326048367731,0.04295326048367731
481,total_present_worth,recycled_aggregate_credit,-0.03994992877252398,0.03994992877252398
481,total_present_worth,discount_rate,-0.23030695004553425,0.23030695004553425
481,gwp_total_project_kgco2e,concrete_gwp_factor,0.9990579319084553,0.9990579319084553
481,gwp_total_project_kgco2e,stone_57_gwp_factor,0.015057858126887144,0.015057858126887144
481,gwp_total_project_kgco2e,rebar_gwp_factor,0.007388835941163535,0.007388835941163535
481,gwp_total_project_kgco2e,trucking_gwp_factor,0.032315593871102236,0.032315593871102236
481,gwp_total_project_kgco2e,demolition_gwp_factor,0.02222076783298431,0.02222076783298431
481,gwp_total_project_kgco2e,crushing_gwp_factor,0.02609093993978038,0.02609093993978038
481,demand_capacity_ratio_k,subgrade_k_pci,-1.0,1.0
482,total_present_worth,concrete_unit_cost,0.9351525078300931,0.9351525078300931
482,total_present_worth,stone_57_unit_cost,0.21524569814072228,0.21524569814072228
482,total_present_worth,rebar_unit_cost,0.007186257098490503,0.007186257098490503
482,total_present_worth,fiber_unit_cost,0.012527801182195122,0.012527801182195122
482,total_present_worth,demolition_cost,0.054800362668704146,0.054800362668704146
482,total_present_worth,crushing_cost,0.04297036934477215,0.04297036934477215
482,total_present_worth,recycled_aggregate_credit,-0.03992692108630677,0.03992692108630677
482,total_present_worth,discount_rate,-0.23029610825152833,0.23029610825152833
482,gwp_total_project_kgco2e,concrete_gwp_factor,0.9990579319084553,0.9990579319084553
482,gwp_total_project_kgco2e,stone_57_gwp_factor,0.015057858126887144,0.015057858126887144
482,gwp_total_project_kgco2e,rebar_gwp_factor,0.007388835941163535,0.007388835941163535
482,gwp_total_project_kgco2e,trucking_gwp_factor,0.032315593871102236,0.032315593871102236
482,gwp_total_project_kgco2e,demolition_gwp_factor,0.02222076783298431,0.02222076783298431
482,gwp_total_project_kgco2e,crushing_gwp_factor,0.02609093993978038,0.02609093993978038
482,demand_capacity_ratio_k,subgrade_k_pci,-1.0,1.0
483,total_present_worth,concrete_unit_cost,0.9351198340597761,0.9351198340597761
483,total_present_worth,stone_57_unit_cost,0.2152396516860319,0.2152396516860319
483,total_present_worth,rebar_unit_cost,0.007199752496543901,0.007199752496543901
483,total_present_worth,fiber_unit_cost,0.014935460441398186,0.014935460441398186
483,total_present_worth,demolition_cost,0.05480207652358483,0.05480207652358483
483,total_present_worth,crushing_cost,0.04298490972874596,0.04298490972874596
483,total_present_worth,recycled_aggregate_credit,-0.03990296125912919,0.03990296125912919
483,total_present_worth,discount_rate,-0.23028064920412109,0.23028064920412109
483,gwp_total_project_kgco2e,concrete_gwp_factor,0.9990579319084553,0.9990579319084553
483,gwp_total_project_kgco2e,stone_57_gwp_factor,0.015057858126887144,0.015057858126887144
483,gwp_total_project_kgco2e,rebar_gwp_factor,0.007388835941163535,0.007388835941163535
483,gwp_total_project_kgco2e,trucking_gwp_factor,0.032315593871102236,0.032315593871102236
483,gwp_total_project_kgco2e,demolition_gwp_factor,0.02222076783298431,0.02222076783298431
483,gwp_total_project_kgco2e,crushing_gwp_factor,0.02609093993978038,0.02609093993978038
483,demand_capacity_ratio_k,subgrade_k_pci,-1.0,1.0
484,total_present_worth,concrete_unit_cost,0.9350800823471201,0.9350800823471201
484,total_present_worth,stone_57_unit_cost,0.21523034036743613,0.21523034036743613
484,total_present_worth,rebar_unit_cost,0.007209405447171763,0.007209405447171763
484,total_present_worth,fiber_unit_cost,0.01734972190860389,0.01734972190860389
484,total_present_worth,demolition_cost,0.05480345542496138,0.05480345542496138
484,total_present_worth,crushing_cost,0.04299739260635096,0.04299739260635096
484,total_present_worth,recycled_aggregate_credit,-0.03987428341892572,0.03987428341892572
484,total_present_worth,discount_rate,-0.23027099833667758,0.23027099833667758
484,gwp_total_project_kgco2e,concrete_gwp_factor,0.9990579319084553,0.9990579319084553
484,gwp_total_project_kgco2e,stone_57_gwp_factor,0.015057858126887144,0.015057858126887144
484,gwp_total_project_kgco2e,rebar_gwp_factor,0.007388835941163535,0.007388835941163535
484,gwp_total_project_kgco2e,trucking_gwp_factor,0.032315593871102236,0.032315593871102236
484,gwp_total_project_kgco2e,demolition_gwp_factor,0.02222076783298431,0.02222076783298431
484,gwp_total_project_kgco2e,crushing_gwp_factor,0.02609093993978038,0.02609093993978038
484,demand_capacity_ratio_k,subgrade_k_pci,-1.0,1.0
485,total_present_worth,concrete_unit_cost,0.826422519183305,0.826422519183305
485,total_present_worth,stone_57_unit_cost,0.4898255117015943,0.4898255117015943
485,total_present_worth,rebar_unit_cost,0.007561598691504639,0.007561598691504639
485,total_present_worth,fiber_unit_cost,0.004576498358310599,0.004576498358310599
485,total_present_worth,demolition_cost,0.047160630689328256,0.047160630689328256
485,total_present_worth,crushing_cost,0.03919219442652488,0.03919219442652488
485,total_present_worth,recycled_aggregate_credit,-0.037029707749371886,0.037029707749371886
485,total_present_worth,discount_rate,-0.20309033471127633,0.20309033471127633
485,gwp_total_project_kgco2e,concrete_gwp_factor,0.9977769584489669,0.9977769584489669
485,gwp_total_project_kgco2e,stone_57_gwp_factor,0.03883156609390063,0.03883156609390063
485,gwp_total_project_kgco2e,rebar_gwp_factor,0.007511344995100538,0.007511344995100538
485,gwp_total_project_kgco2e,trucking_gwp_factor,0.04563580958535833,0.04563580958535833
485,gwp_total_project_kgco2e,demolition_gwp_factor,0.022312221555452892,0.022312221555452892
485,gwp_total_project_kgco2e,crushing_gwp_factor,0.025920117247872052,0.025920117247872052
485,demand_capacity_ratio_k,subgrade_k_pci,-1.0,1.0
486,total_present_worth,concrete_unit_cost,0.8264191431034957,0.8264191431034957
486,total_present_worth,stone_57_unit_cost,0.4898260757206025,0.4898260757206025
486,total_present_worth,rebar_unit_cost,0.00756537125438615,0.00756537125438615
486,total_present_worth,fiber_unit_cost,0.005144336621321735,0.005144336621321735
486,total_present_worth,demolition_cost,0.04716013634136006,0.04716013634136006
486,total_present_worth,crushing_cost,0.0391967360770867,0.0391967360770867
486,total_present_worth,recycled_aggregate_credit,-0.037022609494681044,0.037022609494681044
486,total_present_worth,discount_rate,-0.20308922262140214,0.20308922262140214
486,gwp_total_project_kgco2e,concrete_gwp_factor,0.9977769584489669,0.9977769584489669
486,gwp_total_project_kgco2e,stone_57_gwp_factor,0.03883156609390063,0.03883156609390063
486,gwp_total_project_kgco2e,rebar_gwp_factor,0.007511344995100538,0.007511344995100538
486,gwp_total_project_kgco2e,trucking_gwp_factor,0.04563580958535833,0.04563580958535833
486,gwp_total_project_kgco2e,demolition_gwp_factor,0.022312221555452892,0.022312221555452892
486,gwp_total_project_kgco2e,crushing_gwp_factor,0.025920117247872052,0.025920117247872052
486,demand_capacity_ratio_k,subgrade_k_pci,-1.0,1.0
487,total_present_worth,concrete_unit_cost,0.8264065126991387,0.8264065126991387
487,total_present_worth,stone_57_unit_cost,0.48982110933772044,0.48982110933772044
487,total_present_worth,rebar_unit_cost,0.0075794815188077935,0.0075794815188077935
487,total_present_worth,fiber_unit_cost,0.0072767672103667075,0.0072767672103667075
487,total_present_worth,demolition_cost,0.04716147969297659,0.04716147969297659
487,total_present_worth,crushing_cost,0.039214298135557726,0.039214298135557726
487,total_present_worth,recycled_aggregate_credit,-0.03699681370407873,0.03699681370407873
487,total_present_worth,discount_rate,-0.20308685669731733,0.20308685669731733
487,gwp_total_project_kgco2e,concrete_gwp_factor,0.9977769584489669,0.9977769584489669
487,gwp_total_project_kgco2e,stone_57_gwp_factor,0.03883156609390063,0.03883156609390063
487,gwp_total_project_kgco2e,rebar_gwp_factor,0.007511344995100538,0.007511344995100538
487,gwp_total_project_kgco2e,trucking_gwp_factor,0.04563580958535833,0.04563580958535833
487,gwp_total_project_kgco2e,demolition_gwp_factor,0.022312221555452892,0.022312221555452892
487,gwp_total_project_kgco2e,crushing_gwp_factor,0.025920117247872052,0.025920117247872052
487,demand_capacity_ratio_k,subgrade_k_pci,-1.0,1.0
488,total_present_worth,concrete_unit_cost,0.8263891511820757,0.8263891511820757
488,total_present_worth,stone_57_unit_cost,0.48981576673496635,0.48981576673496635
488,total_present_worth,rebar_unit_cost,0.007594457395453784,0.007594457395453784
488,total_present_worth,fiber_unit_cost,0.009407641126771057,0.009407641126771057
488,total_present_worth,demolition_cost,0.04716491436676997,0.04716491436676997
488,total_present_worth,crushing_cost,0.039229734491659896,0.039229734491659896
488,total_present_worth,recycled_aggregate_credit,-0.03697131516346053,0.03697131516346053
488,total_present_worth,discount_rate,-0.2030807214719449,0.2030807214719449
488,gwp_total_project_kgco2e,concrete_gwp_factor,0.9977769584489669,0.9977769584489669
488,gwp_total_project_kgco2e,stone_57_gwp_factor,0.03883156609390063,0.03883156609390063
488,gwp_total_project_kgco2e,rebar_gwp_factor,0.007511344995100538,0.007511344995100538
488,gwp_total_project_kgco2e,trucking_gwp_factor,0.04563580958535833,0.04563580958535833
488,gwp_total_project_kgco2e,demolition_gwp_factor,0.022312221555452892,0.022312221555452892
488,gwp_total_project_kgco2e,crushing_gwp_factor,0.025920117247872052,0.025920117247872052
488,demand_capacity_ratio_k,subgrade_k_pci,-1.0,1.0
489,total_present_worth,concrete_unit_cost,0.8263660485948665,0.8263660485948665
489,total_present_worth,stone_57_unit_cost,0.4898111965475406,0.4898111965475406
489,total_present_worth,rebar_unit_cost,0.007609111595395646,0.007609111595395646
489,total_present_worth,fiber_unit_cost,0.01153837018551135,0.01153837018551135
489,total_present_worth,demolition_cost,0.04716242387841697,0.04716242387841697
489,total_present_worth,crushing_cost,0.03924512719771405,0.03924512719771405
489,total_present_worth,recycled_aggregate_credit,-0.036947601055579045,0.036947601055579045
489,total_present_worth,discount_rate,-0.20307404056725942,0.20307404056725942
489,gwp_total_project_kgco2e,concrete_gwp_factor,0.9977769584489669,0.9977769584489669
489,gwp_total_project_kgco2e,stone_57_gwp_factor,0.03883156609390063,0.03883156609390063
489,gwp_total_project_kgco2e,rebar_gwp_factor,0.007511344995100538,0.007511344995100538
489,gwp_total_project_kgco2e,trucking_gwp_factor,0.04563580958535833,0.04563580958535833
489,gwp_total_project_kgco2e,demolition_gwp_factor,0.022312221555452892,0.022312221555452892
489,gwp_total_project_kgco2e,crushing_gwp_factor,0.025920117247872052,0.025920117247872052
489,demand_capacity_ratio_k,subgrade_k_pci,-1.0,1.0
490,total_present_worth,concrete_unit_cost,0.8263371123738309,0.8263371123738309
490,total_present_worth,stone_57_unit_cost,0.4898055519340662,0.4898055519340662
490,total_present_worth,rebar_unit_cost,0.007623242041993297,0.007623242041993297
490,total_present_worth,fiber_unit_cost,0.013673306032605324,0.013673306032605324
490,total_present_worth,demolition_cost,0.04716330670900932,0.04716330670900932
490,total_present_worth,crushing_cost,0.039260961991928384,0.039260961991928384
490,total_present_worth,recycled_aggregate_credit,-0.036921356192432545,0.036921356192432545
490,total_present_worth,discount_rate,-0.20306900104801726,0.20306900104801726
490,gwp_total_project_kgco2e,concrete_gwp_factor,0.9977769584489669,0.9977769584489669
490,gwp_total_project_kgco2e,stone_57_gwp_factor,0.03883156609390063,0.03883156609390063
490,gwp_total_project_kgco2e,rebar_gwp_factor,0.007511344995100538,0.007511344995100538
490,gwp_total_project_kgco2e,trucking_gwp_factor,0.04563580958535833,0.04563580958535833
490,gwp_total_project_kgco2e,demolition_gwp_factor,0.022312221555452892,0.022312221555452892
490,gwp_total_project_kgco2e,crushing_gwp_factor,0.025920117247872052,0.025920117247872052
490,demand_capacity_ratio_k,subgrade_k_pci,-1.0,1.0
491,total_present_worth,concrete_unit_cost,0.8263056572748424,0.8263056572748424
491,total_present_worth,stone_57_unit_cost,0.48979409843815763,0.48979409843815763
491,total_present_worth,rebar_unit_cost,0.007638217274287287,0.007638217274287287
491,total_present_worth,fiber_unit_cost,0.015808255022483304,0.015808255022483304
491,total_present_worth,demolition_cost,0.04716329405755332,0.04716329405755332
491,total_present_worth,crushing_cost,0.03927940495580776,0.03927940495580776
491,total_present_worth,recycled_aggregate_credit,-0.03689881196992753,0.03689881196992753
491,total_present_worth,discount_rate,-0.20306421210792758,0.20306421210792758
491,gwp_total_project_kgco2e,concrete_gwp_factor,0.9977769584489669,0.9977769584489669
491,gwp_total_project_kgco2e,stone_57_gwp_factor,0.03883156609390063,0.03883156609390063
491,gwp_total_project_kgco2e,rebar_gwp_factor,0.007511344995100538,0.007511344995100538
491,gwp_total_project_kgco2e,trucking_gwp_factor,0.04563580958535833,0.04563580958535833
491,gwp_total_project_kgco2e,demolition_gwp_factor,0.022312221555452892,0.022312221555452892
491,gwp_total_project_kgco2e,crushing_gwp_factor,0.025920117247872052,0.025920117247872052
491,demand_capacity_ratio_k,subgrade_k_pci,-1.0,1.0
492,total_present_worth,concrete_unit_cost,0.8795133693271334,0.8795133693271334
492,total_present_worth,stone_57_unit_cost,0.3848860320318424,0.3848860320318424
492,total_present_worth,rebar_unit_cost,0.007518706284223483,0.007518706284223483
492,total_present_worth,fiber_unit_cost,0.004570346844676139,0.004570346844676139
492,total_present_worth,demolition_cost,0.05054080217823233,0.05054080217823233
492,total_present_worth,crushing_cost,0.04094838806300336,0.04094838806300336
492,total_present_worth,recycled_aggregate_credit,-0.03852710247777884,0.03852710247777884
492,total_present_worth,discount_rate,-0.21531024063444787,0.21531024063444787
492,gwp_total_project_kgco2e,concrete_gwp_factor,0.9984114134419246,0.9984114134419246
492,gwp_total_project_kgco2e,stone_57_gwp_factor,0.028937054729142826,0.028937054729142826
492,gwp_total_project_kgco2e,rebar_gwp_factor,0.007462498536969,0.007462498536969
492,gwp_total_project_kgco2e,trucking_gwp_factor,0.040095235130790094,0.040095235130790094
492,gwp_total_project_kgco2e,demolition_gwp_factor,0.022272134255308856,0.022272134255308856
492,gwp_total_project_kgco2e,crushing_gwp_factor,0.025997579724895033,0.025997579724895033
492,demand_capacity_ratio_k,subgrade_k_pci,-1.0,1.0
493,total_present_worth,concrete_unit_cost,0.8795101920510362,0.8795101920510362
493,total_present_worth,stone_57_unit_cost,0.3848856692047383,0.3848856692047383
493,total_present_worth,rebar_unit_cost,0.007523743283265497,0.007523743283265497
493,total_present_worth,fiber_unit_cost,0.005169770310579909,0.005169770310579909
493,total_present_worth,demolition_cost,0.05054084968642434,0.05054084968642434
493,total_present_worth,crushing_cost,0.040953424520029376,0.040953424520029376
493,total_present_worth,recycled_aggregate_credit,-0.038520748979088304,0.038520748979088304
493,total_present_worth,discount_rate,-0.21530928179935796,0.21530928179935796
493,gwp_total_project_kgco2e,concrete_gwp_factor,0.9984114134419246,0.9984114134419246
493,gwp_total_project_kgco2e,stone_57_gwp_factor,0.028937054729142826,0.028937054729142826
493,gwp_total_project_kgco2e,rebar_gwp_factor,0.007462498536969,0.007462498536969
493,gwp_total_project_kgco2e,trucking_gwp_factor,0.040095235130790094,0.040095235130790094
493,gwp_total_project_kgco2e,demolition_gwp_factor,0.022272134255308856,0.022272134255308856
493,gwp_total_project_kgco2e,crushing_gwp_factor,0.025997579724895033,0.025997579724895033
493,demand_capacity_ratio_k,subgrade_k_pci,-1.0,1.0
494,total_present_worth,concrete_unit_cost,0.8794977159272231,0.8794977159272231
494,total_present_worth,stone_57_unit_cost,0.3848791402432957,0.3848791402432957
494,total_present_worth,rebar_unit_cost,0.007535652716006262,0.007535652716006262
494,total_present_worth,fiber_unit_cost,0.007427645811547058,0.007427645811547058
494,total_present_worth,demolition_cost,0.050538078753463236,0.050538078753463236
494,total_present_worth,crushing_cost,0.040970638447940265,0.040970638447940265
494,total_present_worth,recycled_aggregate_credit,-0.03849444591142978,0.03849444591142978
494,total_present_worth,discount_rate,-0.2153041652718916,0.2153041652718916
494,gwp_total_project_kgco2e,concrete_gwp_factor,0.9984114134419246,0.9984114134419246
494,gwp_total_project_kgco2e,stone_57_gwp_factor,0.028937054729142826,0.028937054729142826
494,gwp_total_project_kgco2e,rebar_gwp_factor,0.007462498536969,0.007462498536969
494,gwp_total_project_kgco2e,trucking_gwp_factor,0.040095235130790094,0.040095235130790094
494,gwp_total_project_kgco2e,demolition_gwp_factor,0.022272134255308856,0.022272134255308856
494,gwp_total_project_kgco2e,crushing_gwp_factor,0.025997579724895033,0.025997579724895033
494,demand_capacity_ratio_k,subgrade_k_pci,-1.0,1.0
495,total_present_worth,concrete_unit_cost,0.8794763540553105,0.8794763540553105
495,total_present_worth,stone_57_unit_cost,0.3848758831767024,0.3848758831767024
495,total_present_worth,rebar_unit_cost,0.0075501664907960675,0.0075501664907960675
495,total_present_worth,fiber_unit_cost,0.009688409305859364,0.009688409305859364
495,total_present_worth,demolition_cost,0.05053932397925573,0.05053932397925573
495,total_present_worth,crushing_cost,0.0409909963586684,0.0409909963586684
495,total_present_worth,recycled_aggregate_credit,-0.03846786268687515,0.03846786268687515
495,total_present_worth,discount_rate,-0.21530050661914824,0.21530050661914824
495,gwp_total_project_kgco2e,concrete_gwp_factor,0.9984114134419246,0.9984114134419246
495,gwp_total_project_kgco2e,stone_57_gwp_factor,0.028937054729142826,0.028937054729142826
495,gwp_total_project_kgco2e,rebar_gwp_factor,0.007462498536969,0.007462498536969
495,gwp_total_project_kgco2e,trucking_gwp_factor,0.040095235130790094,0.040095235130790094
495,gwp_total_project_kgco2e,demolition_gwp_factor,0.022272134255308856,0.022272134255308856
495,gwp_total_project_kgco2e,crushing_gwp_factor,0.025997579724895033,0.025997579724895033
495,demand_capacity_ratio_k,subgrade_k_pci,-1.0,1.0
496,total_present_worth,concrete_unit_cost,0.8794512004979886,0.8794512004979886
496,total_present_worth,stone_57_unit_cost,0.38486837546329145,0.38486837546329145
496,total_present_worth,rebar_unit_cost,0.007567024567250811,0.007567024567250811
496,total_present_worth,fiber_unit_cost,0.01194664610388266,0.01194664610388266
496,total_present_worth,demolition_cost,0.050539364056759746,0.050539364056759746
496,total_present_worth,crushing_cost,0.041010690119124275,0.041010690119124275
496,total_present_worth,recycled_aggregate_credit,-0.038443264576721314,0.038443264576721314
496,total_present_worth,discount_rate,-0.21529660021550834,0.21529660021550834
496,gwp_total_project_kgco2e,concrete_gwp_factor,0.9984114134419246,0.9984114134419246
496,gwp_total_project_kgco2e,stone_57_gwp_factor,0.028937054729142826,0.028937054729142826
496,gwp_total_project_kgco2e,rebar_gwp_factor,0.007462498536969,0.007462498536969
496,gwp_total_project_kgco2e,trucking_gwp_factor,0.040095235130790094,0.040095235130790094
496,gwp_total_project_kgco2e,demolition_gwp_factor,0.022272134255308856,0.022272134255308856
496,gwp_total_project_kgco2e,crushing_gwp_factor,0.025997579724895033,0.025997579724895033
496,demand_capacity_ratio_k,subgrade_k_pci,-1.0,1.0
497,total_present_worth,concrete_unit_cost,0.8794232437218493,0.8794232437218493
497,total_present_worth,stone_57_unit_cost,0.3848557778005984,0.3848557778005984
497,total_present_worth,rebar_unit_cost,0.007582134699896855,0.007582134699896855
497,total_present_worth,fiber_unit_cost,0.014204382866417755,0.014204382866417755
497,total_present_worth,demolition_cost,0.05053760827205504,0.05053760827205504
497,total_present_worth,crushing_cost,0.04102564709461826,0.04102564709461826
497,total_present_worth,recycled_aggregate_credit,-0.03841617386467847,0.03841617386467847
497,total_present_worth,discount_rate,-0.21528964310490226,0.21528964310490226
497,gwp_total_project_kgco2e,concrete_gwp_factor,0.9984114134419246,0.9984114134419246
497,gwp_total_project_kgco2e,stone_57_gwp_factor,0.028937054729142826,0.028937054729142826
497,gwp_total_project_kgco2e,rebar_gwp_factor,0.007462498536969,0.007462498536969
497,gwp_total_project_kgco2e,trucking_gwp_factor,0.040095235130790094,0.040095235130790094
497,gwp_total_project_kgco2e,demolition_gwp_factor,0.022272134255308856,0.022272134255308856
497,gwp_total_project_kgco2e,crushing_gwp_factor,0.025997579724895033,0.025997579724895033
497,demand_capacity_ratio_k,subgrade_k_pci,-1.0,1.0
498,total_present_worth,concrete_unit_cost,0.8793892830022199,0.8793892830022199
498,total_present_worth,stone_57_unit_cost,0.38484627346104255,0.38484627346104255
498,total_present_worth,rebar_unit_cost,0.007597333069502934,0.007597333069502934
498,total_present_worth,fiber_unit_cost,0.016462653791481062,0.016462653791481062
498,total_present_worth,demolition_cost,0.050535197328534086,0.050535197328534086
498,total_present_worth,crushing_cost,0.04104297515107319,0.04104297515107319
498,total_present_worth,recycled_aggregate_credit,-0.03839248202889299,0.03839248202889299
498,total_present_worth,discount_rate,-0.2152780365525268,0.2152780365525268
498,gwp_total_project_kgco2e,concrete_gwp_factor,0.9984114134419246,0.9984114134419246
498,gwp_total_project_kgco2e,stone_57_gwp_factor,0.028937054729142826,0.028937054729142826
498,gwp_total_project_kgco2e,rebar_gwp_factor,0.007462498536969,0.007462498536969
498,gwp_total_project_kgco2e,trucking_gwp_factor,0.040095235130790094,0.040095235130790094
498,gwp_total_project_kgco2e,demolition_gwp_factor,0.022272134255308856,0.022272134255308856
498,gwp_total_project_kgco2e,crushing_gwp_factor,0.025997579724895033,0.025997579724895033
498,demand_capacity_ratio_k,subgrade_k_pci,-1.0,1.0
499,total_present_worth,concrete_unit_cost,0.9066030553077613,0.9066030553077613
499,total_present_worth,stone_57_unit_cost,0.3152929667002292,0.3152929667002292
499,total_present_worth,rebar_unit_cost,0.007385665065770266,0.007385665065770266
499,total_present_worth,fiber_unit_cost,0.00459282248756513,0.00459282248756513
499,total_present_worth,demolition_cost,0.05248184511606474,0.05248184511606474
499,total_present_worth,crushing_cost,0.041894240796821705,0.041894240796821705
499,total_present_worth,recycled_aggregate_credit,-0.039291331689956535,0.039291331689956535
499,total_present_worth,discount_rate,-0.22213394747221987,0.22213394747221987
499,gwp_total_project_kgco2e,concrete_gwp_factor,0.9987229741741772,0.9987229741741772
499,gwp_total_project_kgco2e,stone_57_gwp_factor,0.022991674514092675,0.022991674514092675
499,gwp_total_project_kgco2e,rebar_gwp_factor,0.007433556482205423,0.007433556482205423
499,gwp_total_project_kgco2e,trucking_gwp_factor,0.0367670011035068,0.0367670011035068
499,gwp_total_project_kgco2e,demolition_gwp_factor,0.022250698552676283,0.022250698552676283
499,gwp_total_project_kgco2e,crushing_gwp_factor,0.026041891094640758,0.026041891094640758
499,demand_capacity_ratio_k,subgrade_k_pci,-1.0,1.0
500,total_present_worth,concrete_unit_cost,0.9065997902124959,0.9065997902124959
500,total_present_worth,stone_57_unit_cost,0.3152926977896371,0.3152926977896371
500,total_present_worth,rebar_unit_cost,0.007388861051979545,0.007388861051979545
500,total_present_worth,fiber_unit_cost,0.005214778812069912,0.005214778812069912
500,total_present_worth,demolition_cost,0.05248163973971266,0.05248163973971266
500,total_present_worth,crushing_cost,0.041900157544760064,0.041900157544760064
500,total_present_worth,recycled_aggregate_credit,-0.03928511417785805,0.03928511417785805
500,total_present_worth,discount_rate,-0.2221322889315765,0.2221322889315765
500,gwp_total_project_kgco2e,concrete_gwp_factor,0.9987229741741772,0.9987229741741772
500,gwp_total_project_kgco2e,stone_57_gwp_factor,0.022991674514092675,0.022991674514092675
500,gwp_total_project_kgco2e,rebar_gwp_factor,0.007433556482205423,0.007433556482205423
500,gwp_total_project_kgco2e,trucking_gwp_factor,0.0367670011035068,0.0367670011035068
500,gwp_total_project_kgco2e,demolition_gwp_factor,0.022250698552676283,0.022250698552676283
500,gwp_total_project_kgco2e,crushing_gwp_factor,0.026041891094640758,0.026041891094640758
500,demand_capacity_ratio_k,subgrade_k_pci,-1.0,1.0
501,total_present_worth,concrete_unit_cost,0.9065831522345693,0.9065831522345693
501,total_present_worth,stone_57_unit_cost,0.3152903418200362,0.3152903418200362
501,total_present_worth,rebar_unit_cost,0.007400794101104319,0.007400794101104319
501,total_present_worth,fiber_unit_cost,0.007539693847335879,0.007539693847335879
501,total_present_worth,demolition_cost,0.05247988281183996,0.05247988281183996
501,total_present_worth,crushing_cost,0.04191819615164728,0.04191819615164728
501,total_present_worth,recycled_aggregate_credit,-0.039259973354359996,0.039259973354359996
501,total_present_worth,discount_rate,-0.22213084946067763,0.22213084946067763
501,gwp_total_project_kgco2e,concrete_gwp_factor,0.9987229741741772,0.9987229741741772
501,gwp_total_project_kgco2e,stone_57_gwp_factor,0.022991674514092675,0.022991674514092675
501,gwp_total_project_kgco2e,rebar_gwp_factor,0.007433556482205423,0.007433556482205423
501,gwp_total_project_kgco2e,trucking_gwp_factor,0.0367670011035068,0.0367670011035068
501,gwp_total_project_kgco2e,demolition_gwp_factor,0.022250698552676283,0.022250698552676283
501,gwp_total_project_kgco2e,crushing_gwp_factor,0.026041891094640758,0.026041891094640758
501,demand_capacity_ratio_k,subgrade_k_pci,-1.0,1.0
502,total_present_worth,concrete_unit_cost,0.9065629693446092,0.9065629693446092
502,total_present_worth,stone_57_unit_cost,0.31528574737014636,0.31528574737014636
502,total_present_worth,rebar_unit_cost,0.007413611460277446,0.007413611460277446
502,total_present_worth,fiber_unit_cost,0.009866990250058796,0.009866990250058796
502,total_present_worth,demolition_cost,0.05247652151843061,0.05247652151843061
502,total_present_worth,crushing_cost,0.041936005193350404,0.041936005193350404
502,total_present_worth,recycled_aggregate_credit,-0.03923418010209368,0.03923418010209368
502,total_present_worth,discount_rate,-0.22212319767880617,0.22212319767880617
502,gwp_total_project_kgco2e,concrete_gwp_factor,0.9987229741741772,0.9987229741741772
502,gwp_total_project_kgco2e,stone_57_gwp_factor,0.022991674514092675,0.022991674514092675
502,gwp_total_project_kgco2e,rebar_gwp_factor,0.007433556482205423,0.007433556482205423
502,gwp_total_project_kgco2e,trucking_gwp_factor,0.0367670011035068,0.0367670011035068
502,gwp_total_project_kgco2e,demolition_gwp_factor,0.022250698552676283,0.022250698552676283
502,gwp_total_project_kgco2e,crushing_gwp_factor,0.026041891094640758,0.026041891094640758
502,demand_capacity_ratio_k,subgrade_k_pci,-1.0,1.0
503,total_present_worth,concrete_unit_cost,0.9065384773074474,0.9065384773074474
503,total_present_worth,stone_57_unit_cost,0.3152754172348462,0.3152754172348462
503,total_present_worth,rebar_unit_cost,0.007425783807738315,0.007425783807738315
503,total_present_worth,fiber_unit_cost,0.012193927014701572,0.012193927014701572
503,total_present_worth,demolition_cost,0.05247270798802909,0.05247270798802909
503,total_present_worth,crushing_cost,0.041948520623691414,0.041948520623691414
503,total_present_worth,recycled_aggregate_credit,-0.03920604537046642,0.03920604537046642
503,total_present_worth,discount_rate,-0.22211798254849158,0.22211798254849158
503,gwp_total_project_kgco2e,concrete_gwp_factor,0.9987229741741772,0.9987229741741772
503,gwp_total_project_kgco2e,stone_57_gwp_factor,0.022991674514092675,0.022991674514092675
503,gwp_total_project_kgco2e,rebar_gwp_factor,0.007433556482205423,0.007433556482205423
503,gwp_total_project_kgco2e,trucking_gwp_factor,0.0367670011035068,0.0367670011035068
503,gwp_total_project_kgco2e,demolition_gwp_factor,0.022250698552676283,0.022250698552676283
503,gwp_total_project_kgco2e,crushing_gwp_factor,0.026041891094640758,0.026041891094640758
503,demand_capacity_ratio_k,subgrade_k_pci,-1.0,1.0
504,total_present_worth,concrete_unit_cost,0.906507516112811,0.906507516112811
504,total_present_worth,stone_57_unit_cost,0.3152667609344267,0.3152667609344267
504,total_present_worth,rebar_unit_cost,0.007440453149088182,0.007440453149088182
504,total_present_worth,fiber_unit_cost,0.014522403741936963,0.014522403741936963
504,total_present_worth,demolition_cost,0.052469987707643995,0.052469987707643995
504,total_present_worth,crushing_cost,0.041965350574354146,0.041965350574354146
504,total_present_worth,recycled_aggregate_credit,-0.039178492746647406,0.039178492746647406
504,total_present_worth,discount_rate,-0.22210914541391374,0.22210914541391374
504,gwp_total_project_kgco2e,concrete_gwp_factor,0.9987229741741772,0.9987229741741772
504,gwp_total_project_kgco2e,stone_57_gwp_factor,0.022991674514092675,0.022991674514092675
504,gwp_total_project_kgco2e,rebar_gwp_factor,0.007433556482205423,0.007433556482205423
504,gwp_total_project_kgco2e,trucking_gwp_factor,0.0367670011035068,0.0367670011035068
504,gwp_total_project_kgco2e,demolition_gwp_factor,0.022250698552676283,0.022250698552676283
504,gwp_total_project_kgco2e,crushing_gwp_factor,0.026041891094640758,0.026041891094640758
504,demand_capacity_ratio_k,subgrade_k_pci,-1.0,1.0
505,total_present_worth,concrete_unit_cost,0.9064712987654365,0.9064712987654365
505,total_present_worth,stone_57_unit_cost,0.3152552584179421,0.3152552584179421
505,total_present_worth,rebar_unit_cost,0.007453902711749562,0.007453902711749562
505,total_present_worth,fiber_unit_cost,0.01684684705825874,0.01684684705825874
505,total_present_worth,demolition_cost,0.05246913991647566,0.05246913991647566
505,total_present_worth,crushing_cost,0.04198458751688984,0.04198458751688984
505,total_present_worth,recycled_aggregate_credit,-0.03915060731511625,0.03915060731511625
505,total_present_worth,discount_rate,-0.2220997698323268,0.2220997698323268
505,gwp_total_project_kgco2e,concrete_gwp_factor,0.9987229741741772,0.9987229741741772
505,gwp_total_project_kgco2e,stone_57_gwp_factor,0.022991674514092675,0.022991674514092675
505,gwp_total_project_kgco2e,rebar_gwp_factor,0.007433556482205423,0.007433556482205423
505,gwp_total_project_kgco2e,trucking_gwp_factor,0.0367670011035068,0.0367670011035068
505,gwp_total_project_kgco2e,demolition_gwp_factor,0.022250698552676283,0.022250698552676283
505,gwp_total_project_kgco2e,crushing_gwp_factor,0.026041891094640758,0.026041891094640758
505,demand_capacity_ratio_k,subgrade_k_pci,-1.0,1.0
506,total_present_worth,concrete_unit_cost,0.9220866898514908,0.9220866898514908
506,total_present_worth,stone_57_unit_cost,0.26628102699451245,0.26628102699451245
506,total_present_worth,rebar_unit_cost,0.007260628741560252,0.007260628741560252
506,total_present_worth,fiber_unit_cost,0.004616434643158574,0.004616434643158574
506,total_present_worth,demolition_cost,0.05368668751427468,0.05368668751427468
506,total_present_worth,crushing_cost,0.042443870660817555,0.042443870660817555
506,total_present_worth,recycled_aggregate_credit,-0.0397017331917527,0.0397017331917527
506,total_present_worth,discount_rate,-0.22640251773578896,0.22640251773578896
506,gwp_total_project_kgco2e,concrete_gwp_factor,0.9989018930414489,0.9989018930414489
506,gwp_total_project_kgco2e,stone_57_gwp_factor,0.019025723020634287,0.019025723020634287
506,gwp_total_project_kgco2e,rebar_gwp_factor,0.007410271037364108,0.007410271037364108
506,gwp_total_project_kgco2e,trucking_gwp_factor,0.03454355437276142,0.03454355437276142
506,gwp_total_project_kgco2e,demolition_gwp_factor,0.02223534689132614,0.02223534689132614
506,gwp_total_project_kgco2e,crushing_gwp_factor,0.02607006603884403,0.02607006603884403
506,demand_capacity_ratio_k,subgrade_k_pci,-1.0,1.0
507,total_present_worth,concrete_unit_cost,0.9220837295175375,0.9220837295175375
507,total_present_worth,stone_57_unit_cost,0.2662802378529121,0.2662802378529121
507,total_present_worth,rebar_unit_cost,0.007263487265785395,0.007263487265785395
507,total_present_worth,fiber_unit_cost,0.005246893229650758,0.005246893229650758
507,total_present_worth,demolition_cost,0.05368580586957033,0.05368580586957033
507,total_present_worth,crushing_cost,0.04244829942248332,0.04244829942248332
507,total_present_worth,recycled_aggregate_credit,-0.03969489638288596,0.03969489638288596
507,total_present_worth,discount_rate,-0.2264009060117537,0.2264009060117537
507,gwp_total_project_kgco2e,concrete_gwp_factor,0.9989018930414489,0.9989018930414489
507,gwp_total_project_kgco2e,stone_57_gwp_factor,0.019025723020634287,0.019025723020634287
507,gwp_total_project_kgco2e,rebar_gwp_factor,0.007410271037364108,0.007410271037364108
507,gwp_total_project_kgco2e,trucking_gwp_factor,0.03454355437276142,0.03454355437276142
507,gwp_total_project_kgco2e,demolition_gwp_factor,0.02223534689132614,0.02223534689132614
507,gwp_total_project_kgco2e,crushing_gwp_factor,0.02607006603884403,0.02607006603884403
507,demand_capacity_ratio_k,subgrade_k_pci,-1.0,1.0
508,total_present_worth,concrete_unit_cost,0.9220678165013712,0.9220678165013712
508,total_present_worth,stone_57_unit_cost,0.26627675272027074,0.26627675272027074
508,total_present_worth,rebar_unit_cost,0.007278101533567241,0.007278101533567241
508,total_present_worth,fiber_unit_cost,0.007624743710761898,0.007624743710761898
508,total_present_worth,demolition_cost,0.05368666786547467,0.05368666786547467
508,total_present_worth,crushing_cost,0.0424682327482513,0.0424682327482513
508,total_present_worth,recycled_aggregate_credit,-0.03966668645820268,0.03966668645820268
508,total_present_worth,discount_rate,-0.2263979914736358,0.2263979914736358
508,gwp_total_project_kgco2e,concrete_gwp_factor,0.9989018930414489,0.9989018930414489
508,gwp_total_project_kgco2e,stone_57_gwp_factor,0.019025723020634287,0.019025723020634287
508,gwp_total_project_kgco2e,rebar_gwp_factor,0.007410271037364108,0.007410271037364108
508,gwp_total_project_kgco2e,trucking_gwp_factor,0.03454355437276142,0.03454355437276142
508,gwp_total_project_kgco2e,demolition_gwp_factor,0.02223534689132614,0.02223534689132614
508,gwp_total_project_kgco2e,crushing_gwp_factor,0.02607006603884403,0.02607006603884403
508,demand_capacity_ratio_k,subgrade_k_pci,-1.0,1.0
509,total_present_worth,concrete_unit_cost,0.9220451223915701,0.9220451223915701
509,total_present_worth,stone_57_unit_cost,0.26627488208510197,0.26627488208510197
509,total_present_worth,rebar_unit_cost,0.007290350443812141,0.007290350443812141
509,total_present_worth,fiber_unit_cost,0.009999616236831847,0.009999616236831847
509,total_present_worth,demolition_cost,0.05368709153795484,0.05368709153795484
509,total_present_worth,crushing_cost,0.0424865078539226,0.0424865078539226
509,total_present_worth,recycled_aggregate_credit,-0.03964112718049645,0.03964112718049645
509,total_present_worth,discount_rate,-0.2263920524953998,0.2263920524953998
509,gwp_total_project_kgco2e,concrete_gwp_factor,0.9989018930414489,0.9989018930414489
509,gwp_total_project_kgco2e,stone_57_gwp_factor,0.019025723020634287,0.019025723020634287
509,gwp_total_project_kgco2e,rebar_gwp_factor,0.007410271037364108,0.007410271037364108
509,gwp_total_project_kgco2e,trucking_gwp_factor,0.03454355437276142,0.03454355437276142
509,gwp_total_project_kgco2e,demolition_gwp_factor,0.02223534689132614,0.02223534689132614
509,gwp_total_project_kgco2e,crushing_gwp_factor,0.02607006603884403,0.02607006603884403
509,demand_capacity_ratio_k,subgrade_k_pci,-1.0,1.0
510,total_present_worth,concrete_unit_cost,0.9220185725300875,0.9220185725300875
510,total_present_worth,stone_57_unit_cost,0.2662686176622195,0.2662686176622195
510,total_present_worth,rebar_unit_cost,0.007303164829385265,0.007303164829385265
510,total_present_worth,fiber_unit_cost,0.01236852155006741,0.01236852155006741
510,total_present_worth,demolition_cost,0.05368754110086702,0.05368754110086702
510,total_present_worth,crushing_cost,0.04250263316151306,0.04250263316151306
510,total_present_worth,recycled_aggregate_credit,-0.03961663059658265,0.03961663059658265
510,total_present_worth,discount_rate,-0.22638327828123805,0.22638327828123805
510,gwp_total_project_kgco2e,concrete_gwp_factor,0.9989018930414489,0.9989018930414489
510,gwp_total_project_kgco2e,stone_57_gwp_factor,0.019025723020634287,0.019025723020634287
510,gwp_total_project_kgco2e,rebar_gwp_factor,0.007410271037364108,0.007410271037364108
510,gwp_total_project_kgco2e,trucking_gwp_factor,0.03454355437276142,0.03454355437276142
510,gwp_total_project_kgco2e,demolition_gwp_factor,0.02223534689132614,0.02223534689132614
510,gwp_total_project_kgco2e,crushing_gwp_factor,0.02607006603884403,0.02607006603884403
510,demand_capacity_ratio_k,subgrade_k_pci,-1.0,1.0
511,total_present_worth,concrete_unit_cost,0.9219860922973064,0.9219860922973064
511,total_present_worth,stone_57_unit_cost,0.2662600997808401,0.2662600997808401
511,total_present_worth,rebar_unit_cost,0.007314033170829614,0.007314033170829614
511,total_present_worth,fiber_unit_cost,0.014734402868965763,0.014734402868965763
511,total_present_worth,demolition_cost,0.05368728955331492,0.05368728955331492
511,total_present_worth,crushing_cost,0.042517083652238837,0.042517083652238837
511,total_present_worth,recycled_aggregate_credit,-0.03958987075727595,0.03958987075727595
511,total_present_worth,discount_rate,-0.22637432292342796,0.22637432292342796
511,gwp_total_project_kgco2e,concrete_gwp_factor,0.9989018930414489,0.9989018930414489
511,gwp_total_project_kgco2e,stone_57_gwp_factor,0.019025723020634287,0.019025723020634287
511,gwp_total_project_kgco2e,rebar_gwp_factor,0.007410271037364108,0.007410271037364108
511,gwp_total_project_kgco2e,trucking_gwp_factor,0.03454355437276142,0.03454355437276142
511,gwp_total_project_kgco2e,demolition_gwp_factor,0.02223534689132614,0.02223534689132614
511,gwp_total_project_kgco2e,crushing_gwp_factor,0.02607006603884403,0.02607006603884403
511,demand_capacity_ratio_k,subgrade_k_pci,-1.0,1.0
512,total_present_worth,concrete_unit_cost,0.9219502699605562,0.9219502699605562
512,total_present_worth,stone_57_unit_cost,0.26624833738409937,0.26624833738409937
512,total_present_worth,rebar_unit_cost,0.007329704721747882,0.007329704721747882
512,total_present_worth,fiber_unit_cost,0.01710448000360979,0.01710448000360979
512,total_present_worth,demolition_cost,0.05368647080973059,0.05368647080973059
512,total_present_worth,crushing_cost,0.04253497144293399,0.04253497144293399
512,total_present_worth,recycled_aggregate_credit,-0.039561770640176706,0.039561770640176706
512,total_present_worth,discount_rate,-0.2263583392883397,0.2263583392883397
512,gwp_total_project_kgco2e,concrete_gwp_factor,0.9989018930414489,0.9989018930414489
512,gwp_total_project_kgco2e,stone_57_gwp_factor,0.019025723020634287,0.019025723020634287
512,gwp_total_project_kgco2e,rebar_gwp_factor,0.007410271037364108,0.007410271037364108
512,gwp_total_project_kgco2e,trucking_gwp_factor,0.03454355437276142,0.03454355437276142
512,gwp_total_project_kgco2e,demolition_gwp_factor,0.02223534689132614,0.02223534689132614
512,gwp_total_project_kgco2e,crushing_gwp_factor,0.02607006603884403,0.02607006603884403
512,demand_capacity_ratio_k,subgrade_k_pci,-1.0,1.0
513,total_present_worth,concrete_unit_cost,0.7793801955741521,0.7793801955741521
513,total_present_worth,stone_57_unit_cost,0.5635327614961012,0.5635327614961012
513,total_present_worth,rebar_unit_cost,0.007484769198161908,0.007484769198161908
513,total_present_worth,fiber_unit_cost,0.004576388771814556,0.004576388771814556
513,total_present_worth,demolition_cost,0.04435621541182249,0.04435621541182249
513,total_present_worth,crushing_cost,0.03761832376701533,0.03761832376701533
513,total_present_worth,recycled_aggregate_credit,-0.035751106190684445,0.035751106190684445
513,total_present_worth,discount_rate,-0.1928238459702279,0.1928238459702279
513,gwp_total_project_kgco2e,concrete_gwp_factor,0.9971662955889466,0.9971662955889466
513,gwp_total_project_kgco2e,stone_57_gwp_factor,0.0467312289501805,0.0467312289501805
513,gwp_total_project_kgco2e,rebar_gwp_factor,0.007547644330219058,0.007547644330219058
513,gwp_total_project_kgco2e,trucking_gwp_factor,0.050062359921944945,0.050062359921944945
513,gwp_total_project_kgco2e,demolition_gwp_factor,0.022341076310120434,0.022341076310120434
513,gwp_total_project_kgco2e,crushing_gwp_factor,0.02585969684647188,0.02585969684647188
513,demand_capacity_ratio_k,subgrade_k_pci,-1.0,1.0
514,total_present_worth,concrete_unit_cost,0.7793771753751749,0.7793771753751749
514,total_present_worth,stone_57_unit_cost,0.5635328183320372,0.5635328183320372
514,total_present_worth,rebar_unit_cost,0.007488126791923251,0.007488126791923251
514,total_present_worth,fiber_unit_cost,0.005117216439102888,0.005117216439102888
514,total_present_worth,demolition_cost,0.04435713541227085,0.04435713541227085
514,total_present_worth,crushing_cost,0.03762225736759291,0.03762225736759291
514,total_present_worth,recycled_aggregate_credit,-0.03574594550917838,0.03574594550917838
514,total_present_worth,discount_rate,-0.19282274443876968,0.19282274443876968
514,gwp_total_project_kgco2e,concrete_gwp_factor,0.9971662955889466,0.9971662955889466
514,gwp_total_project_kgco2e,stone_57_gwp_factor,0.0467312289501805,0.0467312289501805
514,gwp_total_project_kgco2e,rebar_gwp_factor,0.007547644330219058,0.007547644330219058
514,gwp_total_project_kgco2e,trucking_gwp_factor,0.050062359921944945,0.050062359921944945
514,gwp_total_project_kgco2e,demolition_gwp_factor,0.022341076310120434,0.022341076310120434
514,gwp_total_project_kgco2e,crushing_gwp_factor,0.02585969684647188,0.02585969684647188
514,demand_capacity_ratio_k,subgrade_k_pci,-1.0,1.0
515,total_present_worth,concrete_unit_cost,0.7793647054204179,0.7793647054204179
515,total_present_worth,stone_57_unit_cost,0.5635295043614439,0.5635295043614439
515,total_present_worth,rebar_unit_cost,0.0075042395594176955,0.0075042395594176955
515,total_present_worth,fiber_unit_cost,0.0071454172310181675,0.0071454172310181675
515,total_present_worth,demolition_cost,0.04435743452983898,0.04435743452983898
515,total_present_worth,crushing_cost,0.03763771876068709,0.03763771876068709
515,total_present_worth,recycled_aggregate_credit,-0.03572200516731281,0.03572200516731281
515,total_present_worth,discount_rate,-0.1928191052478183,0.1928191052478183
515,gwp_total_project_kgco2e,concrete_gwp_factor,0.9971662955889466,0.9971662955889466
515,gwp_total_project_kgco2e,stone_57_gwp_factor,0.0467312289501805,0.0467312289501805
515,gwp_total_project_kgco2e,rebar_gwp_factor,0.007547644330219058,0.007547644330219058
515,gwp_total_project_kgco2e,trucking_gwp_factor,0.050062359921944945,0.050062359921944945
515,gwp_total_project_kgco2e,demolition_gwp_factor,0.022341076310120434,0.022341076310120434
515,gwp_total_project_kgco2e,crushing_gwp_factor,0.02585969684647188,0.02585969684647188
515,demand_capacity_ratio_k,subgrade_k_pci,-1.0,1.0
516,total_present_worth,concrete_unit_cost,0.7793469132491788,0.7793469132491788
516,total_present_worth,stone_57_unit_cost,0.5635258839966745,0.5635258839966745
516,total_present_worth,rebar_unit_cost,0.007520345299136139,0.007520345299136139
516,total_present_worth,fiber_unit_cost,0.009166131531474454,0.009166131531474454
516,total_present_worth,demolition_cost,0.04436004985592002,0.04436004985592002
516,total_present_worth,crushing_cost,0.037654826454037935,0.037654826454037935
516,total_present_worth,recycled_aggregate_credit,-0.03569784824551115,0.03569784824551115
516,total_present_worth,discount_rate,-0.19281649262269301,0.19281649262269301
516,gwp_total_project_kgco2e,concrete_gwp_factor,0.9971662955889466,0.9971662955889466
516,gwp_total_project_kgco2e,stone_57_gwp_factor,0.0467312289501805,0.0467312289501805
516,gwp_total_project_kgco2e,rebar_gwp_factor,0.007547644330219058,0.007547644330219058
516,gwp_total_project_kgco2e,trucking_gwp_factor,0.050062359921944945,0.050062359921944945
516,gwp_total_project_kgco2e,demolition_gwp_factor,0.022341076310120434,0.022341076310120434
516,gwp_total_project_kgco2e,crushing_gwp_factor,0.02585969684647188,0.02585969684647188
516,demand_capacity_ratio_k,subgrade_k_pci,-1.0,1.0
517,total_present_worth,concrete_unit_cost,0.7793227613644012,0.7793227613644012
517,total_present_worth,stone_57_unit_cost,0.5635228450452492,0.5635228450452492
517,total_present_worth,rebar_unit_cost,0.007537223959814891,0.007537223959814891
517,total_present_worth,fiber_unit_cost,0.011189107271963643,0.011189107271963643
517,total_present_worth,demolition_cost,0.04436417414667367,0.04436417414667367
517,total_present_worth,crushing_cost,0.037673518440861406,0.037673518440861406
517,total_present_worth,recycled_aggregate_credit,-0.03567517569529407,0.03567517569529407
517,total_present_worth,discount_rate,-0.19281264861742126,0.19281264861742126
517,gwp_total_project_kgco2e,concrete_gwp_factor,0.9971662955889466,0.9971662955889466
517,gwp_total_project_kgco2e,stone_57_gwp_factor,0.0467312289501805,0.0467312289501805
517,gwp_total_project_kgco2e,rebar_gwp_factor,0.007547644330219058,0.007547644330219058
517,gwp_total_project_kgco2e,trucking_gwp_factor,0.050062359921944945,0.050062359921944945
517,gwp_total_project_kgco2e,demolition_gwp_factor,0.022341076310120434,0.022341076310120434
517,gwp_total_project_kgco2e,crushing_gwp_factor,0.02585969684647188,0.02585969684647188
517,demand_capacity_ratio_k,subgrade_k_pci,-1.0,1.0
518,total_present_worth,concrete_unit_cost,0.7793004985394962,0.7793004985394962
518,total_present_worth,stone_57_unit_cost,0.563512270409853,0.563512270409853
518,total_present_worth,rebar_unit_cost,0.007554315160557727,0.007554315160557727
518,total_present_worth,fiber_unit_cost,0.013213134222917257,0.013213134222917257
518,total_present_worth,demolition_cost,0.04436441794990577,0.04436441794990577
518,total_present_worth,crushing_cost,0.0376872331232669,0.0376872331232669
518,total_present_worth,recycled_aggregate_credit,-0.03564869654789148,0.03564869654789148
518,total_present_worth,discount_rate,-0.19280724704430635,0.19280724704430635
518,gwp_total_project_kgco2e,concrete_gwp_factor,0.9971662955889466,0.9971662955889466
518,gwp_total_project_kgco2e,stone_57_gwp_factor,0.0467312289501805,0.0467312289501805
518,gwp_total_project_kgco2e,rebar_gwp_factor,0.007547644330219058,0.007547644330219058
518,gwp_total_project_kgco2e,trucking_gwp_factor,0.050062359921944945,0.050062359921944945
518,gwp_total_project_kgco2e,demolition_gwp_factor,0.022341076310120434,0.022341076310120434
518,gwp_total_project_kgco2e,crushing_gwp_factor,0.02585969684647188,0.02585969684647188
518,demand_capacity_ratio_k,subgrade_k_pci,-1.0,1.0
519,total_present_worth,concrete_unit_cost,0.7792750976756141,0.7792750976756141
519,total_present_worth,stone_57_unit_cost,0.5634983641724074,0.5634983641724074
519,total_present_worth,rebar_unit_cost,0.0075701057663560434,0.0075701057663560434
519,total_present_worth,fiber_unit_cost,0.015240208952304083,0.015240208952304083
519,total_present_worth,demolition_cost,0.044362863338577155,0.044362863338577155
519,total_present_worth,crushing_cost,0.037700209940552086,0.037700209940552086
519,total_present_worth,recycled_aggregate_credit,-0.03562570413277828,0.03562570413277828
519,total_present_worth,discount_rate,-0.1927997951263233,0.1927997951263233
519,gwp_total_project_kgco2e,concrete_gwp_factor,0.9971662955889466,0.9971662955889466
519,gwp_total_project_kgco2e,stone_57_gwp_factor,0.0467312289501805,0.0467312289501805
519,gwp_total_project_kgco2e,rebar_gwp_factor,0.007547644330219058,0.007547644330219058
519,gwp_total_project_kgco2e,trucking_gwp_factor,0.050062359921944945,0.050062359921944945
519,gwp_total_project_kgco2e,demolition_gwp_factor,0.022341076310120434,0.022341076310120434
519,gwp_total_project_kgco2e,crushing_gwp_factor,0.02585969684647188,0.02585969684647188
519,demand_capacity_ratio_k,subgrade_k_pci,-1.0,1.0
520,total_present_worth,concrete_unit_cost,0.848634811711774,0.848634811711774
520,total_present_worth,stone_57_unit_cost,0.44953930072387976,0.44953930072387976
520,total_present_worth,rebar_unit_cost,0.00756412084728165,0.00756412084728165
520,total_present_worth,fiber_unit_cost,0.004585888103530356,0.004585888103530356
520,total_present_worth,demolition_cost,0.048541776839448714,0.048541776839448714
520,total_present_worth,crushing_cost,0.03991025592818811,0.03991025592818811
520,total_present_worth,recycled_aggregate_credit,-0.037639801972399925,0.037639801972399925
520,total_present_worth,discount_rate,-0.20808062755935974,0.20808062755935974
520,gwp_total_project_kgco2e,concrete_gwp_factor,0.9980479684292672,0.9980479684292672
520,gwp_total_project_kgco2e,stone_57_gwp_factor,0.03487294858466918,0.03487294858466918
520,gwp_total_project_kgco2e,rebar_gwp_factor,0.00749329882955732,0.00749329882955732
520,gwp_total_project_kgco2e,trucking_gwp_factor,0.04342346408744938,0.04342346408744938
520,gwp_total_project_kgco2e,demolition_gwp_factor,0.022297121180726853,0.022297121180726853
520,gwp_total_project_kgco2e,crushing_gwp_factor,0.025952213016012887,0.025952213016012887
520,demand_capacity_ratio_k,subgrade_k_pci,-1.0,1.0
521,total_present_worth,concrete_unit_cost,0.8486314351486047,0.8486314351486047
521,total_present_worth,stone_57_unit_cost,0.4495381706386633,0.4495381706386633
521,total_present_worth,rebar_unit_cost,0.007567976986419191,0.007567976986419191
521,total_present_worth,fiber_unit_cost,0.005167146282290859,0.005167146282290859
521,total_present_worth,demolition_cost,0.048541701055320685,0.048541701055320685
521,total_present_worth,crushing_cost,0.03991514391871806,0.03991514391871806
521,total_present_worth,recycled_aggregate_credit,-0.03763467372113387,0.03763467372113387
521,total_present_worth,discount_rate,-0.20808215812494682,0.20808215812494682
521,gwp_total_project_kgco2e,concrete_gwp_factor,0.9980479684292672,0.9980479684292672
521,gwp_total_project_kgco2e,stone_57_gwp_factor,0.03487294858466918,0.03487294858466918
521,gwp_total_project_kgco2e,rebar_gwp_factor,0.00749329882955732,0.00749329882955732
521,gwp_total_project_kgco2e,trucking_gwp_factor,0.04342346408744938,0.04342346408744938
521,gwp_total_project_kgco2e,demolition_gwp_factor,0.022297121180726853,0.022297121180726853
521,gwp_total_project_kgco2e,crushing_gwp_factor,0.025952213016012887,0.025952213016012887
521,demand_capacity_ratio_k,subgrade_k_pci,-1.0,1.0
522,total_present_worth,concrete_unit_cost,0.8486166589919907,0.8486166589919907
522,total_present_worth,stone_57_unit_cost,0.44953748080474304,0.44953748080474304
522,total_present_worth,rebar_unit_cost,0.007583388309273356,0.007583388309273356
522,total_present_worth,fiber_unit_cost,0.007351878752892752,0.007351878752892752
522,total_present_worth,demolition_cost,0.04854289468850515,0.04854289468850515
522,total_present_worth,crushing_cost,0.039932733567109094,0.039932733567109094
522,total_present_worth,recycled_aggregate_credit,-0.037611675892100675,0.037611675892100675
522,total_present_worth,discount_rate,-0.2080767158041998,0.2080767158041998
522,gwp_total_project_kgco2e,concrete_gwp_factor,0.9980479684292672,0.9980479684292672
522,gwp_total_project_kgco2e,stone_57_gwp_factor,0.03487294858466918,0.03487294858466918
522,gwp_total_project_kgco2e,rebar_gwp_factor,0.00749329882955732,0.00749329882955732
522,gwp_total_project_kgco2e,trucking_gwp_factor,0.04342346408744938,0.04342346408744938
522,gwp_total_project_kgco2e,demolition_gwp_factor,0.022297121180726853,0.022297121180726853
522,gwp_total_project_kgco2e,crushing_gwp_factor,0.025952213016012887,0.025952213016012887
522,demand_capacity_ratio_k,subgrade_k_pci,-1.0,1.0
523,total_present_worth,concrete_unit_cost,0.8485986838915035,0.8485986838915035
523,total_present_worth,stone_57_unit_cost,0.4495317938514287,0.4495317938514287
523,total_present_worth,rebar_unit_cost,0.007596554816702622,0.007596554816702622
523,total_present_worth,fiber_unit_cost,0.009535610756038246,0.009535610756038246
523,total_present_worth,demolition_cost,0.048541856402520754,0.048541856402520754
523,total_present_worth,crushing_cost,0.03995103679396442,0.03995103679396442
523,total_present_worth,recycled_aggregate_credit,-0.03758563329029826,0.03758563329029826
523,total_present_worth,discount_rate,-0.20807184207959797,0.20807184207959797
523,gwp_total_project_kgco2e,concrete_gwp_factor,0.9980479684292672,0.9980479684292672
523,gwp_total_project_kgco2e,stone_57_gwp_factor,0.03487294858466918,0.03487294858466918
523,gwp_total_project_kgco2e,rebar_gwp_factor,0.00749329882955732,0.00749329882955732
523,gwp_total_project_kgco2e,trucking_gwp_factor,0.04342346408744938,0.04342346408744938
523,gwp_total_project_kgco2e,demolition_gwp_factor,0.022297121180726853,0.022297121180726853
523,gwp_total_project_kgco2e,crushing_gwp_factor,0.025952213016012887,0.025952213016012887
523,demand_capacity_ratio_k,subgrade_k_pci,-1.0,1.0
524,total_present_worth,concrete_unit_cost,0.848574643366534,0.848574643366534
524,total_present_worth,stone_57_unit_cost,0.4495244633142738,0.4495244633142738
524,total_present_worth,rebar_unit_cost,0.007612724783205091,0.007612724783205091
524,total_present_worth,fiber_unit_cost,0.011721492619088596,0.011721492619088596
524,total_present_worth,demolition_cost,0.04854035929077615,0.04854035929077615
524,total_present_worth,crushing_cost,0.03996880727573152,0.03996880727573152
524,total_present_worth,recycled_aggregate_credit,-0.0375617311044007,0.0375617311044007
524,total_present_worth,discount_rate,-0.20806984581474594,0.20806984581474594
524,gwp_total_project_kgco2e,concrete_gwp_factor,0.9980479684292672,0.9980479684292672
524,gwp_total_project_kgco2e,stone_57_gwp_factor,0.03487294858466918,0.03487294858466918
524,gwp_total_project_kgco2e,rebar_gwp_factor,0.00749329882955732,0.00749329882955732
524,gwp_total_project_kgco2e,trucking_gwp_factor,0.04342346408744938,0.04342346408744938
524,gwp_total_project_kgco2e,demolition_gwp_factor,0.022297121180726853,0.022297121180726853
524,gwp_total_project_kgco2e,crushing_gwp_factor,0.025952213016012887,0.025952213016012887
524,demand_capacity_ratio_k,subgrade_k_pci,-1.0,1.0
525,total_present_worth,concrete_unit_cost,0.8485464221399626,0.8485464221399626
525,total_present_worth,stone_57_unit_cost,0.44951512304812613,0.44951512304812613
525,total_present_worth,rebar_unit_cost,0.007626111565610445,0.007626111565610445
525,total_present_worth,fiber_unit_cost,0.013898818883319529,0.013898818883319529
525,total_present_worth,demolition_cost,0.048540036636504025,0.048540036636504025
525,total_present_worth,crushing_cost,0.039986171586394476,0.039986171586394476
525,total_present_worth,recycled_aggregate_credit,-0.03753401876874161,0.03753401876874161
525,total_present_worth,discount_rate,-0.20806616633619449,0.20806616633619449
525,gwp_total_project_kgco2e,concrete_gwp_factor,0.9980479684292672,0.9980479684292672
525,gwp_total_project_kgco2e,stone_57_gwp_factor,0.03487294858466918,0.03487294858466918
525,gwp_total_project_kgco2e,rebar_gwp_factor,0.00749329882955732,0.00749329882955732
525,gwp_total_project_kgco2e,trucking_gwp_factor,0.04342346408744938,0.04342346408744938
525,gwp_total_project_kgco2e,demolition_gwp_factor,0.022297121180726853,0.022297121180726853
525,gwp_total_project_kgco2e,crushing_gwp_factor,0.025952213016012887,0.025952213016012887
525,demand_capacity_ratio_k,subgrade_k_pci,-1.0,1.0
526,total_present_worth,concrete_unit_cost,0.8485130087485893,0.8485130087485893
526,total_present_worth,stone_57_unit_cost,0.44950702516041086,0.44950702516041086
526,total_present_worth,rebar_unit_cost,0.0076377161392150875,0.0076377161392150875
526,total_present_worth,fiber_unit_cost,0.016080765526560306,0.016080765526560306
526,total_present_worth,demolition_cost,0.04853806809506323,0.04853806809506323
526,total_present_worth,crushing_cost,0.03999912221679965,0.03999912221679965
526,total_present_worth,recycled_aggregate_credit,-0.03751117508786847,0.03751117508786847
526,total_present_worth,discount_rate,-0.20805603713699,0.20805603713699
526,gwp_total_project_kgco2e,concrete_gwp_factor,0.9980479684292672,0.9980479684292672
526,gwp_total_project_kgco2e,stone_57_gwp_factor,0.03487294858466918,0.03487294858466918
526,gwp_total_project_kgco2e,rebar_gwp_factor,0.00749329882955732,0.00749329882955732
526,gwp_total_project_kgco2e,trucking_gwp_factor,0.04342346408744938,0.04342346408744938
526,gwp_total_project_kgco2e,demolition_gwp_factor,0.022297121180726853,0.022297121180726853
526,gwp_total_project_kgco2e,crushing_gwp_factor,0.025952213016012887,0.025952213016012887
526,demand_capacity_ratio_k,subgrade_k_pci,-1.0,1.0
527,total_present_worth,concrete_unit_cost,0.885264378225946,0.885264378225946
527,total_present_worth,stone_57_unit_cost,0.3713544613449898,0.3713544613449898
527,total_present_worth,rebar_unit_cost,0.007492369419764949,0.007492369419764949
527,total_present_worth,fiber_unit_cost,0.0045711931009004775,0.0045711931009004775
527,total_present_worth,demolition_cost,0.05093855942210342,0.05093855942210342
527,total_present_worth,crushing_cost,0.04115482284148594,0.04115482284148594
527,total_present_worth,recycled_aggregate_credit,-0.03869320964939729,0.03869320964939729
527,total_present_worth,discount_rate,-0.21671422157619677,0.21671422157619677
527,gwp_total_project_kgco2e,concrete_gwp_factor,0.9984778470633913,0.9984778470633913
527,gwp_total_project_kgco2e,stone_57_gwp_factor,0.02774791948201117,0.02774791948201117
527,gwp_total_project_kgco2e,rebar_gwp_factor,0.007455261728454106,0.007455261728454106
527,gwp_total_project_kgco2e,trucking_gwp_factor,0.039431302091932525,0.039431302091932525
527,gwp_total_project_kgco2e,demolition_gwp_factor,0.022267361621162947,0.022267361621162947
527,gwp_total_project_kgco2e,crushing_gwp_factor,0.026007030690946814,0.026007030690946814
527,demand_capacity_ratio_k,subgrade_k_pci,-1.0,1.0
528,total_present_worth,concrete_unit_cost,0.8852611064918965,0.8852611064918965
528,total_present_worth,stone_57_unit_cost,0.3713551798175341,0.3713551798175341
528,total_present_worth,rebar_unit_cost,0.0074954971137822,0.0074954971137822
528,total_present_worth,fiber_unit_cost,0.005177338832214936,0.005177338832214936
528,total_present_worth,demolition_cost,0.05093817890863128,0.05093817890863128
528,total_present_worth,crushing_cost,0.041157893412527166,0.041157893412527166
528,total_present_worth,recycled_aggregate_credit,-0.03868565145899427,0.03868565145899427
528,total_present_worth,discount_rate,-0.21671259012665745,0.21671259012665745
528,gwp_total_project_kgco2e,concrete_gwp_factor,0.9984778470633913,0.9984778470633913
528,gwp_total_project_kgco2e,stone_57_gwp_factor,0.02774791948201117,0.02774791948201117
528,gwp_total_project_kgco2e,rebar_gwp_factor,0.007455261728454106,0.007455261728454106
528,gwp_total_project_kgco2e,trucking_gwp_factor,0.039431302091932525,0.039431302091932525
528,gwp_total_project_kgco2e,demolition_gwp_factor,0.022267361621162947,0.022267361621162947
528,gwp_total_project_kgco2e,crushing_gwp_factor,0.026007030690946814,0.026007030690946814
528,demand_capacity_ratio_k,subgrade_k_pci,-1.0,1.0
529,total_present_worth,concrete_unit_cost,0.8852450852992821,0.8852450852992821
529,total_present_worth,stone_57_unit_cost,0.37135531901436614,0.37135531901436614
529,total_present_worth,rebar_unit_cost,0.007510676087452272,0.007510676087452272
529,total_present_worth,fiber_unit_cost,0.007449490510659796,0.007449490510659796
529,total_present_worth,demolition_cost,0.05093557634018224,0.05093557634018224
529,total_present_worth,crushing_cost,0.04117464562373386,0.04117464562373386
529,total_present_worth,recycled_aggregate_credit,-0.03866097420788039,0.03866097420788039
529,total_present_worth,discount_rate,-0.21670783173098385,0.21670783173098385
529,gwp_total_project_kgco2e,concrete_gwp_factor,0.9984778470633913,0.9984778470633913
529,gwp_total_project_kgco2e,stone_57_gwp_factor,0.02774791948201117,0.02774791948201117
529,gwp_total_project_kgco2e,rebar_gwp_factor,0.007455261728454106,0.007455261728454106
529,gwp_total_project_kgco2e,trucking_gwp_factor,0.039431302091932525,0.039431302091932525
529,gwp_total_project_kgco2e,demolition_gwp_factor,0.022267361621162947,0.022267361621162947
529,gwp_total_project_kgco2e,crushing_gwp_factor,0.026007030690946814,0.026007030690946814
529,demand_capacity_ratio_k,subgrade_k_pci,-1.0,1.0
530,total_present_worth,concrete_unit_cost,0.885224830492842,0.885224830492842
530,total_present_worth,stone_57_unit_cost,0.37135103312873247,0.37135103312873247
530,total_present_worth,rebar_unit_cost,0.007526600146498641,0.007526600146498641
530,total_present_worth,fiber_unit_cost,0.00972429899832172,0.00972429899832172
530,total_present_worth,demolition_cost,0.050933410484085374,0.050933410484085374
530,total_present_worth,crushing_cost,0.041190896261628356,0.041190896261628356
530,total_present_worth,recycled_aggregate_credit,-0.03863336353804535,0.03863336353804535
530,total_present_worth,discount_rate,-0.21670273742415758,0.21670273742415758
530,gwp_total_project_kgco2e,concrete_gwp_factor,0.9984778470633913,0.9984778470633913
530,gwp_total_project_kgco2e,stone_57_gwp_factor,0.02774791948201117,0.02774791948201117
530,gwp_total_project_kgco2e,rebar_gwp_factor,0.007455261728454106,0.007455261728454106
530,gwp_total_project_kgco2e,trucking_gwp_factor,0.039431302091932525,0.039431302091932525
530,gwp_total_project_kgco2e,demolition_gwp_factor,0.022267361621162947,0.022267361621162947
530,gwp_total_project_kgco2e,crushing_gwp_factor,0.026007030690946814,0.026007030690946814
530,demand_capacity_ratio_k,subgrade_k_pci,-1.0,1.0
531,total_present_worth,concrete_unit_cost,0.8852001647292802,0.8852001647292802
531,total_present_worth,stone_57_unit_cost,0.3713426721271931,0.3713426721271931
531,total_present_worth,rebar_unit_cost,0.00754269993172108,0.00754269993172108
531,total_present_worth,fiber_unit_cost,0.01199852561087941,0.01199852561087941
531,total_present_worth,demolition_cost,0.05093281632693313,0.05093281632693313
531,total_present_worth,crushing_cost,0.04120634914768254,0.04120634914768254
531,total_present_worth,recycled_aggregate_credit,-0.038610315802068126,0.038610315802068126
531,total_present_worth,discount_rate,-0.21669679450824159,0.21669679450824159
531,gwp_total_project_kgco2e,concrete_gwp_factor,0.9984778470633913,0.9984778470633913
531,gwp_total_project_kgco2e,stone_57_gwp_factor,0.02774791948201117,0.02774791948201117
531,gwp_total_project_kgco2e,rebar_gwp_factor,0.007455261728454106,0.007455261728454106
531,gwp_total_project_kgco2e,trucking_gwp_factor,0.039431302091932525,0.039431302091932525
531,gwp_total_project_kgco2e,demolition_gwp_factor,0.022267361621162947,0.022267361621162947
531,gwp_total_project_kgco2e,crushing_gwp_factor,0.026007030690946814,0.026007030690946814
531,demand_capacity_ratio_k,subgrade_k_pci,-1.0,1.0
532,total_present_worth,concrete_unit_cost,0.8851706662207883,0.8851706662207883
532,total_present_worth,stone_57_unit_cost,0.37133262723659705,0.37133262723659705
532,total_present_worth,rebar_unit_cost,0.007556545531438618,0.007556545531438618
532,total_present_worth,fiber_unit_cost,0.014271265133708506,0.014271265133708506
532,total_present_worth,demolition_cost,0.05093250443819701,0.05093250443819701
532,total_present_worth,crushing_cost,0.04122492596695398,0.04122492596695398
532,total_present_worth,recycled_aggregate_credit,-0.03858389597392956,0.03858389597392956
532,total_present_worth,discount_rate,-0.2166891989095062,0.2166891989095062
532,gwp_total_project_kgco2e,concrete_gwp_factor,0.9984778470633913,0.9984778470633913
532,gwp_total_project_kgco2e,stone_57_gwp_factor,0.02774791948201117,0.02774791948201117
532,gwp_total_project_kgco2e,rebar_gwp_factor,0.007455261728454106,0.007455261728454106
532,gwp_total_project_kgco2e,trucking_gwp_factor,0.039431302091932525,0.039431302091932525
532,gwp_total_project_kgco2e,demolition_gwp_factor,0.022267361621162947,0.022267361621162947
532,gwp_total_project_kgco2e,crushing_gwp_factor,0.026007030690946814,0.026007030690946814
532,demand_capacity_ratio_k,subgrade_k_pci,-1.0,1.0
533,total_present_worth,concrete_unit_cost,0.8851364335342147,0.8851364335342147
533,total_present_worth,stone_57_unit_cost,0.37132004604894403,0.37132004604894403
533,total_present_worth,rebar_unit_cost,0.007570708773364285,0.007570708773364285
533,total_present_worth,fiber_unit_cost,0.016541339312824536,0.016541339312824536
533,total_present_worth,demolition_cost,0.05092854738961943,0.05092854738961943
533,total_present_worth,crushing_cost,0.041239487118415796,0.041239487118415796
533,total_present_worth,recycled_aggregate_credit,-0.03855597288015839,0.03855597288015839
533,total_present_worth,discount_rate,-0.2166811243087379,0.2166811243087379
533,gwp_total_project_kgco2e,concrete_gwp_factor,0.9984778470633913,0.9984778470633913
533,gwp_total_project_kgco2e,stone_57_gwp_factor,0.02774791948201117,0.02774791948201117
533,gwp_total_project_kgco2e,rebar_gwp_factor,0.007455261728454106,0.007455261728454106
533,gwp_total_project_kgco2e,trucking_gwp_factor,0.039431302091932525,0.039431302091932525
533,gwp_total_project_kgco2e,demolition_gwp_factor,0.022267361621162947,0.022267361621162947
533,gwp_total_project_kgco2e,crushing_gwp_factor,0.026007030690946814,0.026007030690946814
533,demand_capacity_ratio_k,subgrade_k_pci,-1.0,1.0
534,total_present_worth,concrete_unit_cost,0.9066030553077613,0.9066030553077613
534,total_present_worth,stone_57_unit_cost,0.3152929667002292,0.3152929667002292
534,total_present_worth,rebar_unit_cost,0.007385665065770266,0.007385665065770266
534,total_present_worth,fiber_unit_cost,0.00459282248756513,0.00459282248756513
534,total_present_worth,demolition_cost,0.05248184511606474,0.05248184511606474
534,total_present_worth,crushing_cost,0.041894240796821705,0.041894240796821705
534,total_present_worth,recycled_aggregate_credit,-0.039291331689956535,0.039291331689956535
534,total_present_worth,discount_rate,-0.22213394747221987,0.22213394747221987
534,gwp_total_project_kgco2e,concrete_gwp_factor,0.9987229741741772,0.9987229741741772
534,gwp_total_project_kgco2e,stone_57_gwp_factor,0.022991674514092675,0.022991674514092675
534,gwp_total_project_kgco2e,rebar_gwp_factor,0.007433556482205423,0.007433556482205423
534,gwp_total_project_kgco2e,trucking_gwp_factor,0.0367670011035068,0.0367670011035068
534,gwp_total_project_kgco2e,demolition_gwp_factor,0.022250698552676283,0.022250698552676283
534,gwp_total_project_kgco2e,crushing_gwp_factor,0.026041891094640758,0.026041891094640758
534,demand_capacity_ratio_k,subgrade_k_pci,-1.0,1.0
535,total_present_worth,concrete_unit_cost,0.9065997902124959,0.9065997902124959
535,total_present_worth,stone_57_unit_cost,0.3152926977896371,0.3152926977896371
535,total_present_worth,rebar_unit_cost,0.007388861051979545,0.007388861051979545
535,total_present_worth,fiber_unit_cost,0.005214778812069912,0.005214778812069912
535,total_present_worth,demolition_cost,0.05248163973971266,0.05248163973971266
535,total_present_worth,crushing_cost,0.041900157544760064,0.041900157544760064
535,total_present_worth,recycled_aggregate_credit,-0.03928511417785805,0.03928511417785805
535,total_present_worth,discount_rate,-0.2221322889315765,0.2221322889315765
535,gwp_total_project_kgco2e,concrete_gwp_factor,0.9987229741741772,0.9987229741741772
535,gwp_total_project_kgco2e,stone_57_gwp_factor,0.022991674514092675,0.022991674514092675
535,gwp_total_project_kgco2e,rebar_gwp_factor,0.007433556482205423,0.007433556482205423
535,gwp_total_project_kgco2e,trucking_gwp_factor,0.0367670011035068,0.0367670011035068
535,gwp_total_project_kgco2e,demolition_gwp_factor,0.022250698552676283,0.022250698552676283
535,gwp_total_project_kgco2e,crushing_gwp_factor,0.026041891094640758,0.026041891094640758
535,demand_capacity_ratio_k,subgrade_k_pci,-1.0,1.0
536,total_present_worth,concrete_unit_cost,0.9065831522345693,0.9065831522345693
536,total_present_worth,stone_57_unit_cost,0.3152903418200362,0.3152903418200362
536,total_present_worth,rebar_unit_cost,0.007400794101104319,0.007400794101104319
536,total_present_worth,fiber_unit_cost,0.007539693847335879,0.007539693847335879
536,total_present_worth,demolition_cost,0.05247988281183996,0.05247988281183996
536,total_present_worth,crushing_cost,0.04191819615164728,0.04191819615164728
536,total_present_worth,recycled_aggregate_credit,-0.039259973354359996,0.039259973354359996
536,total_present_worth,discount_rate,-0.22213084946067763,0.22213084946067763
536,gwp_total_project_kgco2e,concrete_gwp_factor,0.9987229741741772,0.9987229741741772
536,gwp_total_project_kgco2e,stone_57_gwp_factor,0.022991674514092675,0.022991674514092675
536,gwp_total_project_kgco2e,rebar_gwp_factor,0.007433556482205423,0.007433556482205423
536,gwp_total_project_kgco2e,trucking_gwp_factor,0.0367670011035068,0.0367670011035068
536,gwp_total_project_kgco2e,demolition_gwp_factor,0.022250698552676283,0.022250698552676283
536,gwp_total_project_kgco2e,crushing_gwp_factor,0.026041891094640758,0.026041891094640758
536,demand_capacity_ratio_k,subgrade_k_pci,-1.0,1.0
537,total_present_worth,concrete_unit_cost,0.9065629693446092,0.9065629693446092
537,total_present_worth,stone_57_unit_cost,0.31528574737014636,0.31528574737014636
537,total_present_worth,rebar_unit_cost,0.007413611460277446,0.007413611460277446
537,total_present_worth,fiber_unit_cost,0.009866990250058796,0.009866990250058796
537,total_present_worth,demolition_cost,0.05247652151843061,0.05247652151843061
537,total_present_worth,crushing_cost,0.041936005193350404,0.041936005193350404
537,total_present_worth,recycled_aggregate_credit,-0.03923418010209368,0.03923418010209368
537,total_present_worth,discount_rate,-0.22212319767880617,0.22212319767880617
537,gwp_total_project_kgco2e,concrete_gwp_factor,0.9987229741741772,0.9987229741741772
537,gwp_total_project_kgco2e,stone_57_gwp_factor,0.022991674514092675,0.022991674514092675
537,gwp_total_project_kgco2e,rebar_gwp_factor,0.007433556482205423,0.007433556482205423
537,gwp_total_project_kgco2e,trucking_gwp_factor,0.0367670011035068,0.0367670011035068
537,gwp_total_project_kgco2e,demolition_gwp_factor,0.022250698552676283,0.022250698552676283
537,gwp_total_project_kgco2e,crushing_gwp_factor,0.026041891094640758,0.026041891094640758
537,demand_capacity_ratio_k,subgrade_k_pci,-1.0,1.0
538,total_present_worth,concrete_unit_cost,0.9065384773074474,0.9065384773074474
538,total_present_worth,stone_57_unit_cost,0.3152754172348462,0.3152754172348462
538,total_present_worth,rebar_unit_cost,0.007425783807738315,0.007425783807738315
538,total_present_worth,fiber_unit_cost,0.012193927014701572,0.012193927014701572
538,total_present_worth,demolition_cost,0.05247270798802909,0.05247270798802909
538,total_present_worth,crushing_cost,0.041948520623691414,0.041948520623691414
538,total_present_worth,recycled_aggregate_credit,-0.03920604537046642,0.03920604537046642
538,total_present_worth,discount_rate,-0.22211798254849158,0.22211798254849158
538,gwp_total_project_kgco2e,concrete_gwp_factor,0.9987229741741772,0.9987229741741772
538,gwp_total_project_kgco2e,stone_57_gwp_factor,0.022991674514092675,0.022991674514092675
538,gwp_total_project_kgco2e,rebar_gwp_factor,0.007433556482205423,0.007433556482205423
538,gwp_total_project_kgco2e,trucking_gwp_factor,0.0367670011035068,0.0367670011035068
538,gwp_total_project_kgco2e,demolition_gwp_factor,0.022250698552676283,0.022250698552676283
538,gwp_total_project_kgco2e,crushing_gwp_factor,0.026041891094640758,0.026041891094640758
538,demand_capacity_ratio_k,subgrade_k_pci,-1.0,1.0
539,total_present_worth,concrete_unit_cost,0.906507516112811,0.906507516112811
539,total_present_worth,stone_57_unit_cost,0.3152667609344267,0.3152667609344267
539,total_present_worth,rebar_unit_cost,0.007440453149088182,0.007440453149088182
539,total_present_worth,fiber_unit_cost,0.014522403741936963,0.014522403741936963
539,total_present_worth,demolition_cost,0.052469987707643995,0.052469987707643995
539,total_present_worth,crushing_cost,0.041965350574354146,0.041965350574354146
539,total_present_worth,recycled_aggregate_credit,-0.039178492746647406,0.039178492746647406
539,total_present_worth,discount_rate,-0.22210914541391374,0.22210914541391374
539,gwp_total_project_kgco2e,concrete_gwp_factor,0.9987229741741772,0.9987229741741772
539,gwp_total_project_kgco2e,stone_57_gwp_factor,0.022991674514092675,0.022991674514092675
539,gwp_total_project_kgco2e,rebar_gwp_factor,0.007433556482205423,0.007433556482205423
539,gwp_total_project_kgco2e,trucking_gwp_factor,0.0367670011035068,0.0367670011035068
539,gwp_total_project_kgco2e,demolition_gwp_factor,0.022250698552676283,0.022250698552676283
539,gwp_total_project_kgco2e,crushing_gwp_factor,0.026041891094640758,0.026041891094640758
539,demand_capacity_ratio_k,subgrade_k_pci,-1.0,1.0
540,total_present_worth,concrete_unit_cost,0.9064712987654365,0.9064712987654365
540,total_present_worth,stone_57_unit_cost,0.3152552584179421,0.3152552584179421
540,total_present_worth,rebar_unit_cost,0.007453902711749562,0.007453902711749562
540,total_present_worth,fiber_unit_cost,0.01684684705825874,0.01684684705825874
540,total_present_worth,demolition_cost,0.05246913991647566,0.05246913991647566
540,total_present_worth,crushing_cost,0.04198458751688984,0.04198458751688984
540,total_present_worth,recycled_aggregate_credit,-0.03915060731511625,0.03915060731511625
540,total_present_worth,discount_rate,-0.2220997698323268,0.2220997698323268
540,gwp_total_project_kgco2e,concrete_gwp_factor,0.9987229741741772,0.9987229741741772
540,gwp_total_project_kgco2e,stone_57_gwp_factor,0.022991674514092675,0.022991674514092675
540,gwp_total_project_kgco2e,rebar_gwp_factor,0.007433556482205423,0.007433556482205423
540,gwp_total_project_kgco2e,trucking_gwp_factor,0.0367670011035068,0.0367670011035068
540,gwp_total_project_kgco2e,demolition_gwp_factor,0.022250698552676283,0.022250698552676283
540,gwp_total_project_kgco2e,crushing_gwp_factor,0.026041891094640758,0.026041891094640758
540,demand_capacity_ratio_k,subgrade_k_pci,-1.0,1.0
