alternative_id,module,subbase_thickness_in,pavement_thickness_in,bar_size,bar_spacing_in,fe3_psi,n_simulations,random_seed,total_present_worth_mean,total_present_worth_std,total_present_worth_p05,total_present_worth_p50,total_present_worth_p95,total_present_worth_min,total_present_worth_max,gwp_total_project_kgco2e_mean,gwp_total_project_kgco2e_std,gwp_total_project_kgco2e_p05,gwp_total_project_kgco2e_p50,gwp_total_project_kgco2e_p95,gwp_total_project_kgco2e_min,gwp_total_project_kgco2e_max,demand_capacity_ratio_k_mean,demand_capacity_ratio_k_std,demand_capacity_ratio_k_p05,demand_capacity_ratio_k_p50,demand_capacity_ratio_k_p95,demand_capacity_ratio_k_min,demand_capacity_ratio_k_max
1,SRC,4,6,#4,6.0,nan,50000,42,694489.569145156,53314.11622473577,605986.7473737902,694372.5431638495,782797.8203412069,546938.1488988833,868588.6216250403,665259.1096536752,51882.60009418407,586791.1782340051,661554.747818295,756694.1324795681,550159.4873017006,833772.2217901457,0.6632191860320511,0.017349105429911752,0.6384174501254439,0.661656073373944,0.6927449657070045,0.6362021932014537,0.6970651918297803
2,SRC,4,6,#4,8.0,nan,50000,42,618395.6541735261,47870.174048801455,539523.4955046134,618272.3925532156,696910.1502460097,485321.6308926475,780294.1320837676,646275.0021068658,51536.23023061404,568246.2767890188,642610.8920371153,737225.1975514641,535189.9090232836,809590.2097623195,0.8616616082975589,0.0225401472124168,0.8294389221932617,0.8596307952642497,0.900021823648341,0.826560836208841,0.9056347086003458
3,SRC,4,6,#5,6.0,nan,50000,42,869248.710071053,68496.48569358917,756479.3875824634,869220.4957971962,981951.8814494028,688448.1468747989,1072721.9668085848,708858.4740359943,53012.058459133325,628199.3370180333,705184.5925882456,801738.0450126773,584406.948148349,889309.2203716778,0.4665590375476775,0.012204686025626587,0.4491116019520205,0.4654594247006666,0.4873297263909967,0.44755322101228734,0.49036890345987777
4,SRC,4,6,#5,8.0,nan,50000,42,749880.4367816144,57796.52672083133,653951.7212471381,749838.1625416182,845736.6406875459,591790.5184263985,932860.6253067108,679078.1671790197,52190.94236844094,600048.9790024282,675404.9620552496,770862.0447019673,561014.407740145,851374.9779095538,0.5956390386241358,0.015581280965478608,0.5733645290159243,0.5942352026969722,0.6221562253862322,0.5713750004674435,0.6260362327632876
5,SRC,4,6,#5,10.0,nan,50000,42,678259.4728079514,52076.44494358892,591769.658422716,678227.2451986802,764419.3286628302,533795.9413573584,849756.2606953466,661209.983064835,51801.172248442,582852.6371165796,657459.8520306572,752673.359606616,546978.8834952225,828614.4324322793,0.7260339981223954,0.01899227381295491,0.6988832403338844,0.7243228399463619,0.758356223288016,0.6964581720076566,0.7630856266448123
6,SRC,4,6,#5,12.0,nan,50000,42,630512.1634921759,48671.68289528836,550114.742482669,630439.1285442592,710534.0355996503,495132.8899779983,794353.3509544372,649297.8603220452,51585.33362234842,571244.5217409204,645590.6179139668,740341.1475931663,537621.8673319409,813440.7354474297,0.8570328268219215,0.022419063233659626,0.8249832385684494,0.8550129231637759,0.8951869739755051,0.8221206134458817,0.9007697069309015
7,SRC,4,6,#6,6.0,nan,50000,42,1079558.8811875996,89424.47710593102,934877.7581494115,1079533.6649312004,1224214.0599195638,858745.3440991577,1322450.4399212075,761327.2017674162,54952.14256477444,676946.7891383871,757910.5505687809,857240.6228834075,625621.3264796085,956144.0400732354,0.36598529668713126,0.009573784401520197,0.3522989153741263,0.3651227217466273,0.3822785545750817,0.35107646662770897,0.3846625918173685
8,SRC,4,6,#6,8.0,nan,50000,42,908113.621561618,72206.03235096842,789476.4927729598,908074.1105552436,1026593.8252268551,719918.7384399981,1118871.3040121451,718554.5930989862,53324.31860368606,637356.4805705657,714898.6546175734,811980.5451875875,592023.2852825877,901660.1653516495,0.4559935987029236,0.011928305431863033,0.43894126811852663,0.4549188870824522,0.4762939259733731,0.4374181774147347,0.4792642795132354
9,SRC,4,6,#6,10.0,nan,50000,42,805246.4657860289,62609.82429204862,701580.3359726043,805193.9311635538,908809.5689010412,636622.7750445023,997103.8078357561,692891.027897928,52545.55060430215,613309.7608610153,689209.9170716302,785121.6449999833,571864.4605643753,868969.840518698,0.5484227462361814,0.014346153194900851,0.5279139364734483,0.5471301923494876,0.5728379162359828,0.5260821178055627,0.5764103555207828
10,SRC,4,6,#6,12.0,nan,50000,42,736668.3619356361,56694.051744232136,642539.9180826329,736594.2016302447,830746.2438735381,581092.1327808385,917530.1825933655,675781.984430556,52113.14521656311,596823.9806089,672128.684362389,767488.5592547164,558425.2440855668,847176.2906300636,0.6419133934903967,0.016791768656703378,0.6179084087198062,0.6404004955346299,0.670490663005159,0.6157643165109555,0.6746721026702396
11,SRC,4,6,#6,15.0,nan,50000,42,668090.2580852435,51320.61741027212,582900.3552646637,668140.507795865,752875.4229093815,525561.4905171746,837956.5573509748,658672.9409631839,51752.22927809236,580370.6488615059,654969.5731677976,749993.7559786814,544986.0276067585,825382.7407414292,0.7831216393088731,0.020485625523140972,0.7538360328458097,0.7812759337366855,0.8179853426936616,0.7512202827735226,0.8230866163520651
12,SRC,4,6,#6,18.0,nan,50000,42,625973.3527303723,48368.25704857452,546110.7779169785,625872.90190125,705416.8138611792,491457.61955544446,789086.806586372,648165.5060244801,51566.66967906485,570128.4662964978,644494.0007359327,739183.3294191661,536732.398872485,811998.3392127914,0.9249372114708574,0.024195369397954965,0.8903482717474142,0.9227572669010176,0.9661143862182339,0.8872588352456963,0.9721394500087296
13,SRC,4,8,#3,6.0,nan,50000,42,661996.614138923,55699.543442365626,572723.3942593158,662245.7076514362,751396.865353485,515901.68904669775,855941.5452864233,822480.3308526082,68263.89262474056,719368.2825934321,817494.0630191192,943300.8157149018,680535.4052724326,1030430.0529191724,0.711914660989854,0.01681380702662643,0.6878781708582034,0.7103997774299805,0.7405294367643699,0.6857312646338541,0.7447163643632135
14,SRC,4,8,#3,8.0,nan,50000,42,620649.7917405762,54202.2809639848,534741.3073937456,621063.8785638255,706613.7516118746,482421.3873989481,809638.9583838544,812165.0182100441,68180.30614143304,709129.29697586,807257.2682642716,932805.6777096638,671223.7101138027,1017290.3773364141,0.9419666765596411,0.022247113022177464,0.9101629029247668,0.939962265201846,0.9798281882179943,0.9073222336256914,0.9853681026085688
15,SRC,4,8,#4,6.0,nan,50000,42,802317.4851485997,63250.68765707872,697884.2004551123,802262.8666627666,906434.5101003307,629525.5376611626,1014167.2846957882,857487.9462092745,68700.20367298085,753484.1536365723,852619.7032259976,978698.0931388692,709610.8824593214,1075022.8563223903,0.40726792530480277,0.009618743199765415,0.39351727230670935,0.40640129968474564,0.42363769685374864,0.39228908290181785,0.42603292961129785
16,SRC,4,8,#4,8.0,nan,50000,42,726223.5701769697,58723.285467487025,630768.0955168538,726352.0759638947,821813.418422565,567909.0196549267,927866.6423298669,838503.8386624649,68434.45921660998,734975.8729004031,833416.1264645413,959419.5103983203,694132.3652706981,1050840.844294564,0.5352302312222429,0.012640922171872071,0.5171591661411461,0.5340913145480188,0.5567433336956094,0.5155450834738876,0.5598911410798877
17,SRC,4,8,#4,10.0,nan,50000,42,680567.2211939918,56490.50179920442,589767.881370881,680762.747646994,771719.5941832694,530939.1088511852,876737.9958266021,827113.3741343791,68308.12860310294,723862.7345928295,822071.1036305801,947926.2003654423,684717.6814856202,1036331.6370778682,0.6633256200713229,0.0156662442604978,0.6409296496066231,0.6619141291556956,0.6899874026190248,0.6389292723415708,0.6938885673201916
18,SRC,4,8,#4,12.0,nan,50000,42,650129.6552053399,55231.76939640536,561972.7283809427,650502.9969202301,738477.0730540679,506292.50164869096,842652.2314910924,819519.7311156552,68237.79588887474,716465.8983052755,814550.4445346652,940324.0353830223,677862.853970064,1026658.8322667377,0.7914856673592454,0.018693093434563567,0.7647626084375881,0.789801464615491,0.823298728869648,0.762375741585634,0.8279536311582847
19,SRC,4,8,#4,15.0,nan,50000,42,619692.089216688,54172.09429400835,533890.648478945,620112.4780776515,705617.286015906,481645.89444619656,808566.4671555826,811926.0880969315,68178.61423669435,708894.6642019615,807011.002358917,932558.9217732463,671008.0264545076,1016986.0274556072,0.9837891231202014,0.02323486420133274,0.9505732914408465,0.981695717757647,1.0233316507714099,0.94760649906023,1.0291175322214519
20,SRC,4,8,#5,6.0,nan,50000,42,977076.6260744968,76506.21634223359,850156.0408528897,977074.7354244918,1104109.370950753,771035.5356370783,1216946.5627297321,901087.3105915932,69567.37554055342,795800.93673509,896180.8968468192,1023486.3075612787,743858.3433059697,1130559.8549039224,0.275411185744611,0.006504586552053396,0.2661124332240601,0.274825138145999,0.2864810930772089,0.2652818814440077,0.2881008471823162
21,SRC,4,8,#5,8.0,nan,50000,42,857708.3527850583,67079.80555393535,746280.2993437309,857575.9912747978,968881.196392134,674377.9071886779,1078439.2883774587,871307.0037346189,68936.64297616182,767043.0774372001,866377.3631362256,992806.9680437472,720465.8028977658,1092625.6124417982,0.3587283521462128,0.008472348749750037,0.3466165486270707,0.3579650139079312,0.37314711878090034,0.34553473900258225,0.3752568795716113
22,SRC,4,8,#5,10.0,nan,50000,42,786087.3888113952,62208.64461987826,683640.7108846875,786112.0461445451,888519.977990256,616383.3301196377,995334.9237660946,853438.819620434,68637.76405903875,749479.5023299607,848572.8213646829,974630.0070290585,706430.2786528433,1069865.0669645239,0.4422776552511316,0.010445593489031008,0.42734496306424463,0.44133653240937437,0.46005461171595996,0.42601119554549594,0.46265574443957613
23,SRC,4,8,#5,12.0,nan,50000,42,738340.0794956195,59380.33136949418,641531.6040295843,738451.0067920808,835243.2476760357,577720.2787402775,941435.4172233155,841526.6968776442,68472.1681154973,737862.8770632554,836497.6844650452,962520.108680144,696628.489920925,1054691.3699796745,0.5259377830696343,0.01242145565628486,0.5081804604222282,0.5248186398004384,0.5470773838652665,0.5065944007974373,0.5501705403064433
24,SRC,4,8,#5,15.0,nan,50000,42,690592.7701798442,56946.5005444518,598797.5428571202,690810.9105713731,782644.1749111055,539057.2273609174,887965.1912006764,829614.5741348546,68333.73052067518,726307.2899486761,824550.2371809972,950510.3522765636,686792.0566189943,1039517.6729948247,0.6515353261722928,0.015387784302769348,0.6295374333122309,0.6501489238288953,0.6777232083570394,0.62757261179107,0.6815550317317391
25,SRC,4,8,#5,18.0,nan,50000,42,661266.3102557105,55669.89608782405,572045.1125693854,661494.8941796746,750604.7589763709,515310.3305604539,855123.7083389561,822298.1327429967,68262.23769405637,719191.3883562743,817302.3604108508,943140.9149071136,680370.9339360836,1030197.9684312815,0.7772027380566151,0.018355763091154897,0.750961915992893,0.7755489279652009,0.8084417099439305,0.7486181218735318,0.8130126111659134
26,SRC,4,8,#6,6.0,nan,50000,42,1187386.7971910432,95718.30698847653,1030312.5807089991,1187232.3296755394,1344196.7162961457,941332.732861437,1465918.7850732137,953556.0383230154,71068.96222176704,845251.3924329313,948682.8701275133,1078000.9110100607,785072.7216372294,1197394.67460548,0.20517633297491028,0.0048457988830773015,0.1982489311765787,0.20473973815430824,0.21342321295087713,0.19763018518005646,0.21462990035069515
27,SRC,4,8,#6,8.0,nan,50000,42,1015941.5375650616,79848.9228057625,883613.6960569534,1016043.0624800752,1147994.2770696837,802506.1272022775,1262339.6491641514,910783.4296545854,69807.89238384379,805193.0185048176,905830.7190943323,1033388.7627986531,751474.6804402085,1142910.7998838942,0.26418834536181063,0.006239528557286624,0.25526851142081974,0.26362617885080997,0.2748071606201696,0.2544718041269017,0.27636091071846114
28,SRC,4,8,#6,10.0,nan,50000,42,913074.3817894727,71275.93401866443,794518.6687166269,912896.9816074602,1031474.0139504148,719210.1638067816,1142682.470906504,885119.8644535273,69208.76716327578,780418.7693523108,880234.4097920049,1007051.0025740925,731315.8557219959,1110220.4750509425,0.32357852688270095,0.007642189727348967,0.31265349261326203,0.3228899839750142,0.3365844775949992,0.3116776835851626,0.33848751448809344
29,SRC,4,8,#6,12.0,nan,50000,42,844496.2779390799,66130.4547606446,734746.8756317949,844389.4256326588,953940.303031836,663679.5215431178,1063108.8456641133,868010.820986155,68876.97913379139,763797.2032062337,863144.1332574852,989504.5902038998,717876.6392431876,1088426.9251623082,0.3831452561901037,0.009049020555062789,0.3702090607806745,0.3823299612096085,0.39854543853738844,0.36905361760690886,0.40079880054187067
30,SRC,4,8,#6,15.0,nan,50000,42,775918.1740886873,61575.808450752025,674611.8909509187,775966.6597675413,877037.9260877749,608148.8792794539,983535.2204217227,850901.777518783,68600.22865682938,746963.2050472307,845951.0287053096,972058.9137046358,704369.9611446495,1066633.3752736738,0.4726638112785024,0.011163245465764852,0.4567051863787322,0.4716580297202782,0.4916621122232488,0.4552797839617521,0.49444195265196667
31,SRC,4,8,#6,18.0,nan,50000,42,733801.2687338163,59131.1828645533,637500.4496958533,733913.462942418,830261.2907090525,574045.0083177236,936352.5918079066,840394.3425800792,68457.83743156391,736729.1631499983,835338.7660184326,961317.3334676059,695693.4485548597,1053248.9737450362,0.5622907883168299,0.013280031056620654,0.5433060732588432,0.5610942894697557,0.5848915657827557,0.5416103846328312,0.5881985222891801
32,SRC,4,8,#6,24.0,nan,50000,42,673051.0183130982,56161.855503244966,582833.5830562472,673272.9885578102,763468.9978639506,524852.9158839581,868320.9127986248,825238.212317725,68289.72571219044,722021.0546833327,820220.6355260205,946081.5340910217,683024.9615638084,1033943.0504407224,0.7417021568325474,0.01751732000978245,0.7166599466488975,0.7401238884455102,0.7715142144740185,0.7144232108933746,0.7758763289249925
33,SRC,4,10,#3,6.0,nan,50000,42,769824.5301423669,67732.82837985008,662622.8186663726,770281.0051375694,877346.062475888,598489.077808977,1003937.2887855076,1014709.167408207,85236.6522613248,885989.5257692729,1008604.8287180767,1165633.3316903561,838890.260768399,1271680.6874514173,0.5279686854751436,0.011771209831994698,0.5111409338234048,0.5269081277902556,0.5480016577463191,0.5096379022008571,0.5509328917755494
34,SRC,4,10,#3,8.0,nan,50000,42,728477.7077440198,66501.37027729837,623814.2339508478,729004.531827428,833171.2637538891,565008.7761612274,957634.7018829387,1004393.8547656429,85167.74175868218,875817.4300398608,998412.1834874761,1155259.67961564,829578.5656097691,1258541.0118686587,0.7001839022223616,0.015610796361202578,0.6778671983319791,0.698777407029056,0.7267513201087478,0.675873901048274,0.7306386773277964
35,SRC,4,10,#3,10.0,nan,50000,42,703669.6143050117,65917.55520472024,600132.5257498663,703960.1907652792,807058.2979507598,544920.5951725775,929853.1497413974,998204.6671801044,85134.32966909918,869638.7019887294,992253.9480536173,1148882.2260074425,823991.5485145913,1250657.206519004,0.8724233249504748,0.01945092256953943,0.8446168973131258,0.8706708436249602,0.9055261069113616,0.8421332654582013,0.9103697217096286
36,SRC,4,10,#4,6.0,nan,50000,42,910145.4011520435,74084.39915499324,789163.6426521369,910298.1022886448,1031357.1292998934,712112.9264234419,1161076.7966677253,1049716.7827648735,85593.17797976773,920044.9979966304,1043444.7962345385,1200901.8583422129,868750.9450531808,1316273.490854635,0.2984449027140484,0.006653912759948526,0.28893267813944185,0.29784540118337677,0.30976894261456567,0.2880830593292587,0.31142588151786155
37,SRC,4,10,#4,8.0,nan,50000,42,834051.4861804136,70248.76623488656,721066.279569809,834372.4445741279,947192.7568530912,650496.408417206,1075862.385828951,1030732.675218064,85376.38859748034,901726.8611835657,1024434.5854347249,1181839.3205560667,853074.8215181126,1292091.4788268087,0.39395818455164494,0.008783408150837063,0.3814017002881155,0.39316682060971964,0.408906331296415,0.380280172391419,0.4110935512365755
38,SRC,4,10,#4,10.0,nan,50000,42,788395.1371974356,68387.21671754541,679725.8653968673,788741.2035637875,897465.0747769801,613526.4976134645,1024733.7393256864,1019342.210689978,85272.97337822082,890622.8468065072,1013191.5384021373,1170279.5236223345,843072.5369815866,1277582.2716101129,0.4895186735553433,0.01091395603872598,0.473916424986255,0.48853535237471674,0.5080927183487982,0.47252285361275764,0.5108104814157076
39,SRC,4,10,#4,12.0,nan,50000,42,757957.5712087838,67347.08192973319,651513.5739147684,758386.5077292871,864562.6965732066,588879.8904109702,990647.9749901766,1011748.5676712542,85215.18467480327,883001.9238923334,1005616.0181460748,1162609.0091738484,836217.7094660304,1267909.4667989826,0.5851023000135702,0.013045019782649027,0.5664535496873482,0.5839269751168549,0.6073031207713852,0.5647878689688899,0.6105515554220827
40,SRC,4,10,#4,15.0,nan,50000,42,727520.005220132,66476.63778303865,622954.9305711669,728019.0959672749,832161.3472164726,564233.2832084758,956562.2106546668,1004154.9246525303,85166.34139441159,875612.1424268386,998167.8918046451,1154991.0939863287,829362.8819504741,1258236.661987852,0.7285005585674244,0.01624212415155864,0.7052813283081655,0.7270371822591525,0.7561424090991151,0.7032074186110685,0.7601869778137621
41,SRC,4,10,#4,18.0,nan,50000,42,708823.4596582145,66029.04401126051,605118.9131051581,709180.4357317075,812463.1057689606,549093.8855746466,935624.7268181065,999490.4619049691,85140.78076339034,870946.8652313657,993546.3536339403,1150305.0226967782,825152.2431953428,1252295.055621224,0.871913870522143,0.01943956414025998,0.8441236805383399,0.8701624125637786,0.9049973220062097,0.8416414990082871,0.9098381083599162
42,SRC,4,10,#5,6.0,nan,50000,42,1084904.5420779404,85698.47101571629,942326.7363185873,1084749.0976600768,1227473.1507562867,853622.9243993575,1362525.22580048,1093316.1471471922,86299.02361508695,962844.3914912869,1087107.2154272376,1245659.2240783698,903309.7384635903,1371810.489436167,0.19886769913350402,0.004433811094685984,0.19252926213025703,0.19846822342141288,0.2064134328332,0.19196312165881613,0.20751752817644986
43,SRC,4,10,#5,8.0,nan,50000,42,965536.2687885019,77385.76312287756,837861.4294799115,965573.7811146484,1093173.1358016392,756965.2959509571,1224017.9514482063,1063535.840290218,85785.70605952253,933553.7023296464,1057436.2684928845,1215107.2961135386,879917.1980553863,1333876.2469740433,0.26094889997859755,0.005817928868853117,0.2526317717029264,0.2604247185851759,0.2708502108352452,0.25188889724971164,0.27229897534827513
44,SRC,4,10,#5,10.0,nan,50000,42,893915.3048148387,73194.73356544379,774806.8972286646,894279.2498137389,1013282.4049186617,698970.718881917,1142901.3867450387,1045667.656176033,85542.29482266011,916225.924341236,1039283.2348868267,1196849.6706266631,865407.37947027,1311115.7014967687,0.32310948255916855,0.007203816481063374,0.31281113290622586,0.3224604360262669,0.3353693825925133,0.31189129848575387,0.33716325699548494
45,SRC,4,10,#5,12.0,nan,50000,42,846167.9954990634,70800.4872867179,732062.5128874741,846524.5125645516,960430.4277998427,660307.6675025568,1089431.1607223996,1033755.5334332434,85407.19704882007,904682.0489535639,1027417.3053892164,1184892.8543490234,855570.9461683395,1295942.004511919,0.3853085159022561,0.008590561363801668,0.3730277193450359,0.3845345269918624,0.39992846406825605,0.37193081549492063,0.40206766183629883
46,SRC,4,10,#5,15.0,nan,50000,42,798420.686183288,68765.69537899537,688846.0865086672,798784.428865278,908379.1318315251,621644.6161231967,1035960.9346997606,1021843.4106904536,85293.96333251102,892997.5372274313,1015655.4954309473,1172823.4340552918,845330.3853611976,1280768.3075270695,0.47864468095024465,0.010671517325621277,0.4633890151464899,0.4776832029143727,0.49680612856070777,0.46202640006869417,0.49946352021159474
47,SRC,4,10,#5,18.0,nan,50000,42,769094.2262591544,67708.35214445382,661945.7091397945,769567.0135856511,876586.3000985426,597897.7193227331,1003119.4518380404,1014526.9692985956,85235.29187837621,885800.986317432,1008426.2250068387,1165442.4553308191,838725.7894320501,1271448.6029635263,0.5720055091283937,0.012753023158840873,0.5537741879992312,0.5708564924249533,0.5937093919884466,0.5521457914822717,0.596885114449629
48,SRC,4,10,#5,24.0,nan,50000,42,726799.722209625,66458.15173634698,622266.2302865953,727283.733424605,831376.1351670424,563650.0390541564,955755.595665802,1003975.226576269,85165.29403303246,875432.7632835845,997994.2243818275,1154798.0371532475,829200.6674093623,1258007.762049795,0.7587635911366762,0.016916846945401163,0.7345797983752955,0.7572394239280305,0.787553726612115,0.7324197352827471,0.7917663129257885
49,SRC,4,10,#6,6.0,nan,50000,42,1295214.7131944874,103231.99934422283,1124139.3790211151,1295401.3317337101,1465895.2429201745,1023920.1216237163,1609387.1302252198,1145784.8748786142,87523.80904582325,1013303.6001362215,1139668.8763528876,1299455.2661802487,944524.11679485,1438645.3091377248,0.14549440902062316,0.0032438386311160264,0.14085711925501485,0.14520214696448214,0.15101497404977476,0.1404429229140613,0.1518227457500986
50,SRC,4,10,#6,8.0,nan,50000,42,1123769.4535685056,88699.40274548907,976307.9570152218,1123486.5552096711,1271372.7592306447,885093.5159645567,1407621.5718408378,1103012.2662101844,86494.86148547979,972135.2540313042,1096884.4799518208,1255368.1582336505,910926.0755978291,1384161.434416139,0.18948882712003073,0.004224706514253033,0.18344931945361387,0.18910819122754086,0.1966786937235338,0.1829098789392119,0.1977307184240391
51,SRC,4,10,#6,10.0,nan,50000,42,1020902.2977929164,81056.28693308831,886286.6437158303,1020697.1829346642,1155184.107844925,801797.5525690609,1288261.1339772516,1077348.7010091261,86007.16456204613,947247.8435191932,1071153.6234766426,1229036.8439789277,890767.2508796166,1351471.1095831874,0.23360699112692107,0.005208333347083275,0.22616132145191745,0.23313773282335284,0.2424708546558475,0.22549628448178735,0.24376781938253594
52,SRC,4,10,#6,12.0,nan,50000,42,952324.1939425237,76562.73766863348,826263.614702367,952367.1033205497,1078330.4261689365,746266.9103053971,1208687.5087348612,1060239.657541754,85737.13865427279,930318.1327047638,1054086.627080943,1211664.5793377813,877328.0344008082,1329677.559694553,0.27778422039389317,0.006193277056443001,0.2689305061450007,0.2772262210318397,0.2883243219900947,0.2681397045710001,0.2898665546679078
53,SRC,4,10,#6,15.0,nan,50000,42,883746.0900921309,72656.37487619526,765735.1478534035,884121.2643537212,1002019.9229794197,690736.2680417332,1131513.3060869253,1043130.614074382,85511.69421826137,913818.2104871316,1036714.8828332021,1194322.6471375185,863312.417392064,1307884.0098059187,0.34410727022948695,0.007671968042841229,0.3331396658160389,0.34341604436721973,0.3571638995191833,0.332160054481253,0.3590743517258222
54,SRC,4,10,#6,18.0,nan,50000,42,841629.1847372601,70591.0723307122,727898.1827447949,841959.921957736,955518.1198239102,656632.397080003,1084348.3353069907,1032623.1791356782,85395.49127216378,903607.0337995813,1026325.4831260559,1183782.850536717,854635.9048022742,1294499.6082772808,0.41046754811748865,0.009151489039102893,0.3973848669834681,0.4096430209731158,0.4260421176627542,0.3962163399063462,0.4283209960849733
55,SRC,4,10,#6,24.0,nan,50000,42,780878.9343165419,68114.99059923712,672856.5443086543,781298.1737595822,889255.9594918723,607440.3046462374,1016316.6562977091,1017467.048873324,85257.87232613015,888773.5605190939,1011352.8905053912,1168388.1452522848,841379.8170597748,1275193.684972967,0.5432427070705734,0.012111748424764493,0.5259281321484357,0.5421514676777968,0.5638552289618467,0.524381618141245,0.5668712629670896
56,SRC,4,12,#3,6.0,nan,50000,42,877652.4461458107,80016.41800140023,751730.7473968162,878085.2165433064,1004022.074459516,681076.4665712564,1151933.0322845916,1206938.003963806,102221.2066106883,1052492.7022905054,1199698.421815468,1387905.5574279714,997245.1162643653,1512931.321983662,0.42012815717003715,0.009055416828015335,0.4071828178498055,0.4193122859007381,0.4355392250898779,0.40602655795450887,0.4377941798765129
57,SRC,4,12,#3,8.0,nan,50000,42,836305.6237474637,78971.96619441784,712380.7184296292,836708.8642607819,960008.5378093197,647596.1649235068,1105630.4453820228,1196622.691321242,102162.09995296078,1042273.8565628647,1189431.1280338953,1377522.3819990577,987933.4211057354,1499791.6464009034,0.5578575327048264,0.012024027438003565,0.5406683609486271,0.5567741967619043,0.5783207656002817,0.5391330477796633,0.5813149555686631
58,SRC,4,12,#3,10.0,nan,50000,42,811497.5303084557,78478.0996958341,688518.7787145494,811908.9180390837,934103.2023762433,627507.983934857,1077848.8932404814,1190433.5037357036,102133.25541522173,1036238.8628897304,1183140.639533719,1371251.0711747254,982346.4040105575,1492537.6361438734,0.6955983440304156,0.014992884534333365,0.6741649874691211,0.6942475212060442,0.7211141613871725,0.6722505895533643,0.7248476479166458
59,SRC,4,12,#3,12.0,nan,50000,42,794958.8013491167,78205.4141520159,672576.0070161403,795272.1779029435,916846.564628822,614115.8632757572,1059327.858479454,1186307.3786786778,102116.7865390848,1032019.093983922,1178976.2511946242,1367195.0770524275,978621.7259471054,1487841.075190776,0.8333448262191294,0.01796186386010314,0.8076671101173736,0.8317265055007301,0.863913436054802,0.8053736118477013,0.8683862495826032
60,SRC,4,12,#4,6.0,nan,50000,42,1017973.3171554869,85474.79813379922,879518.2531781043,1018558.6654299325,1156405.0021759628,794700.3151857213,1309072.5401668097,1241945.6193204725,102524.27316706255,1086912.4291925651,1234281.8300311523,1423265.225597498,1027693.4013005951,1557524.1253868798,0.23597434036659998,0.005086176625554493,0.2287033021017756,0.2355160880897382,0.244630310038391,0.22805386296890992,0.24589685563704114
61,SRC,4,12,#4,8.0,nan,50000,42,941879.4021838573,82164.1543968283,811164.0547660635,942277.2832509351,1072965.3405203624,733083.7971794854,1223858.1293280353,1222961.5117736626,102340.31752646275,1068407.7748609874,1215580.1032171696,1404102.6508857983,1011709.6337508874,1533342.1133590534,0.3122283854070643,0.006729751689208684,0.3026077438825149,0.31162205097133133,0.32368149268371627,0.30174844141954454,0.3253573167868649
62,SRC,4,12,#4,10.0,nan,50000,42,896223.0532008794,80573.19800041115,768990.4432150804,896624.0308038103,1023863.1731480064,696113.8863757439,1172729.4828247705,1211571.047245577,102252.23657240259,1057070.0935355257,1204246.455270188,1392533.5439582986,1001427.3924775529,1518832.9061423575,0.38850437288600054,0.008373799698851363,0.3765334519930037,0.38774991368010064,0.4027554226562214,0.375464225810828,0.40484064303556705
63,SRC,4,12,#4,12.0,nan,50000,42,865785.4872122274,79688.79938257966,740355.2589116427,866361.4980112902,991264.6887717079,671467.2791732496,1138643.7184892606,1203977.4042268533,102202.83239881879,1049698.2968706014,1196781.711333412,1385005.0358325632,994572.5649619966,1509160.1013312272,0.4647911651960138,0.010018080595167999,0.4504696320070992,0.463888560237418,0.481840553800736,0.44919045236909455,0.48433522844907245
64,SRC,4,12,#4,15.0,nan,50000,42,835347.9212235755,78951.03007858762,711472.1940395284,835785.6908959178,959035.6222904467,646820.6719707552,1104557.954153751,1196383.7612081296,102160.89424811275,1042018.538081062,1189195.8728679512,1377266.9526896088,987717.7374464403,1499487.2965200967,0.5792320441336639,0.01248473236144188,0.5613842630971102,0.5781071997855745,0.600479333136194,0.5597901238534714,0.603588246567014
65,SRC,4,12,#4,18.0,nan,50000,42,816651.3756616581,78572.36426451571,693490.1985413954,817024.4864152052,939562.920525263,631681.274336926,1083620.4703171907,1191719.298460568,102138.83896053121,1037482.7670571841,1184441.705850617,1372589.4420076518,983507.098691309,1494001.1917111522,0.6936799926966601,0.01495153650599185,0.6723057459772724,0.6923328952301608,0.7191254414237642,0.6703966276712595,0.7228486315818835
66,SRC,4,12,#4,24.0,nan,50000,42,789691.5722405973,78128.16748066795,667479.2096028877,789990.2747681951,911455.6844431278,609850.7611670137,1053429.3076504862,1184993.2966800437,102112.00549007911,1030747.0201641462,1177677.952203441,1365913.1974352822,977435.4961731059,1486345.3216402517,0.9225864144530473,0.01988537164233723,0.8941589120742985,0.9207947903113376,0.9564285686919595,0.8916198066780711,0.9613803687935493
67,SRC,4,12,#5,6.0,nan,50000,42,1192732.4580813844,95733.21753003403,1033989.1516605004,1192592.409570437,1351354.481829987,936210.313161637,1508103.8888712276,1285544.9837027914,103121.20807101417,1129572.8949895292,1278185.2029139912,1467490.4463971586,1062761.133621211,1613061.123968412,0.15603346860722953,0.0033631359223267932,0.15122563518316368,0.15573045815217407,0.1617570611383084,0.15079620611730474,0.16259453991926223
68,SRC,4,12,#5,8.0,nan,50000,42,1073364.1847919459,88357.26661605593,928974.5445597286,1073640.5864690267,1217807.8175455623,839552.6847132366,1371102.4692780816,1255764.6768458167,102687.26465940129,1100231.6198586512,1248178.2940993924,1437250.216873464,1039104.4856705803,1575126.881506288,0.20553061287411387,0.004429994368930842,0.19919763214206138,0.20513148103983042,0.2130698510340726,0.1986319790172557,0.21417299594685912
69,SRC,4,12,#5,10.0,nan,50000,42,1001743.2208182826,84703.10966419494,865010.6374632308,1002296.3281338195,1138565.5322568156,781558.1076441964,1290897.130244123,1237896.492731632,102481.14993412526,1083023.1422775553,1230297.178581078,1419223.298895561,1024349.8357176844,1552366.3360290134,0.25506394992304965,0.005497632912564923,0.2472047066808118,0.25456862642467265,0.2644201613292185,0.24650272988873356,0.26578916663143687
70,SRC,4,12,#5,12.0,nan,50000,42,953995.9115025072,82637.69391335167,822090.0319886011,954360.7017193028,1086147.4988567468,742895.0562648362,1237426.904221484,1225984.3699888424,102366.50403733714,1071332.9576890182,1218553.3439661881,1407249.6619794432,1014438.3861583873,1537192.6390441637,0.30461495123119536,0.006565652190571061,0.2952289011928789,0.30402340176547393,0.3157887838408554,0.29439055211866105,0.3174237443419231
71,SRC,4,12,#5,15.0,nan,50000,42,906248.6021867318,80895.80957286141,778298.5815473937,906632.503875374,1034511.7806246597,704232.0048854761,1183956.6781988447,1214072.2472460526,102270.14214742414,1059646.2527146835,1206751.8585860042,1395049.9195121147,1003685.2408571638,1522018.942059314,0.3789588235871697,0.008168055507994144,0.3672820281236696,0.3782229014378551,0.3928597251798262,0.36623907282013995,0.3948937117113207
72,SRC,4,12,#5,18.0,nan,50000,42,876922.1422625982,79995.61724619629,751036.9983494421,877382.3334330132,1003217.4090863627,680485.1080850125,1151115.1953371244,1206755.8058541946,102220.04308341512,1052317.7326730022,1199527.018985936,1387728.8488483243,997080.6449280162,1512699.237495771,0.4533141298875036,0.009770705271960735,0.43934623668658623,0.4524338128503553,0.46994251988111313,0.4380986436857009,0.47237559381246924
73,SRC,4,12,#5,24.0,nan,50000,42,834627.6382130688,78935.38251646623,710762.9086164093,835088.014497852,958294.3428174234,646237.4278164358,1103751.3391648862,1196204.063131868,102159.99231995916,1041852.0853757067,1189008.9511529107,1377103.744264502,987555.5229053284,1499258.3965820395,0.602041691043642,0.012976370108030967,0.5834910801348575,0.600872551317442,0.6241256795431186,0.581834165094125,0.6273570192422172
74,SRC,4,12,#6,6.0,nan,50000,42,1403042.629197931,111719.69966512326,1217289.4224216393,1403062.8297457544,1588341.4208758702,1106507.5103859957,1752855.4753772258,1338013.7114342132,104156.59963867693,1180267.756762295,1330700.5454844632,1521151.361476812,1103975.5119524705,1679895.9436699694,0.11310691697078754,0.002437899630915881,0.10962177227228663,0.11288726807951338,0.11725588520796076,0.10931048394337552,0.11786296421343094
75,SRC,4,12,#6,8.0,nan,50000,42,1231597.3695719494,98432.27026929059,1068055.9694259039,1231527.0907761492,1394932.9489825438,967680.9047268362,1553200.2349115855,1295241.1027657832,103286.6914345768,1138950.1932688733,1287929.437034343,1477438.2801272953,1070377.4707554497,1625412.0689483837,0.14816265535456108,0.003193488890672275,0.14359734399559151,0.14787492968889493,0.15359753208416096,0.14318957666687662,0.154392765831746
76,SRC,4,12,#6,10.0,nan,50000,42,1128730.2137963604,91594.64362788697,977849.8206791525,1128792.3663556252,1279799.9379179836,884384.9413313403,1433839.7970479992,1269577.5375647251,102874.54301009738,1113707.984267793,1262176.7362961678,1451321.4368829543,1050218.646037237,1592721.744115432,0.18327354687788536,0.003950266917854706,0.1776263694338932,0.18291763733274222,0.18999635521777503,0.17712197131511181,0.19098003973104272
77,SRC,4,12,#6,12.0,nan,50000,42,1060152.1099459673,87635.96727700705,917193.997453296,1060503.876883527,1203116.7754403285,828854.2990676765,1356306.816112154,1252468.494097353,102646.16882494146,1097153.6100797798,1244852.7699564947,1433965.1710272334,1036382.6633340986,1570928.1942267977,0.21841106377524153,0.004707618826734774,0.21168119984298686,0.21798691864526126,0.226422780392756,0.21108009765685043,0.22759505857813528
78,SRC,4,12,#6,15.0,nan,50000,42,991574.0060955748,84237.23430129379,855949.5397759657,992038.3944557251,1127411.8373896743,773323.6568040126,1279509.0495860097,1235359.4506299812,102455.20320694658,1080609.6902274238,1227795.0122401635,1416705.8847614466,1022254.8736394783,1549134.6443381633,0.2711433260294416,0.005844206810297939,0.262788631634496,0.2706167770567192,0.2810893583106344,0.2620424018271987,0.2825446664837707
79,SRC,4,12,#6,18.0,nan,50000,42,949457.1007407038,82457.84624541664,817946.7874112957,949798.8095632104,1081216.0000214211,739219.7858422823,1232344.078806075,1224852.015691277,102356.55666938535,1070190.8234973382,1217434.7979510261,1406037.4856066722,1013416.2030800981,1535750.2428095255,0.32389259780471236,0.006981161416047006,0.31391254883552044,0.3232636119574711,0.3357735696898743,0.3130211445941393,0.3375119991460076
80,SRC,4,12,#6,24.0,nan,50000,42,888706.8503199858,80341.42196834265,762089.6652103554,889145.271315139,1015810.3679117897,690027.6934085168,1164312.3997967932,1209695.885428923,102239.3431566456,1055191.7662969783,1202421.8086142382,1390669.1374384176,999734.672555741,1516444.3195052117,0.4294162230664367,0.009255611237227313,0.4161846921101398,0.42858231476252595,0.44516799420249975,0.41500286997170954,0.447472800845751
81,SRC,6,6,#4,6.0,nan,50000,42,726347.1347052827,54292.192203269005,636355.7031830843,726343.5407816697,816112.3564575036,572112.8915141884,906234.7519207939,671213.5699096997,51902.95848802913,592663.8227972112,667478.2367370392,762691.9268193678,555952.3373237135,839955.1706904656,0.6555789328522721,0.017349105429911752,0.6307771969456651,0.6540158201941653,0.6851047125272257,0.6285619400216748,0.6894249386500017
82,SRC,6,6,#4,8.0,nan,50000,42,650253.219733653,48954.2997363385,569494.3232283712,650182.1478156785,730537.1954202034,510496.3735079526,818358.9062332518,652229.4623628904,51556.16923438415,574188.8993690454,648603.8480906051,743323.6712282078,540556.7308742541,815773.1586626393,0.8517353079411476,0.0225401472124168,0.8195126218368504,0.8497044949078383,0.8900955232919298,0.8166345358524295,0.8957084082439346
83,SRC,6,6,#5,6.0,nan,50000,42,901106.2756311801,69265.08809037288,786771.3612661497,901011.0010963628,1015138.3752224243,713622.889490104,1109014.0299547382,714812.9342920188,53033.22501130897,634209.9851044867,711190.8570958299,807727.3653005391,590199.7981703618,895492.1692719976,0.46118429983614523,0.012204686025626589,0.44373686424048825,0.4600846869891343,0.48195498867946446,0.442178483300755,0.4849941657483456
84,SRC,6,6,#5,8.0,nan,50000,42,781738.0023417415,58701.68193151608,684326.5563165173,781788.683668653,878774.0001036612,616965.2610417036,970506.7556024644,685032.6274350443,52211.58030017756,605876.308888314,681331.0252879923,776910.5355999805,566807.2577621577,857557.9268098737,0.5887773054977534,0.015581280965478608,0.566502795889542,0.5873734695705898,0.6152944922598498,0.564513267341061,0.6191744996369053
85,SRC,6,6,#5,10.0,nan,50000,42,710117.0383680784,53076.775801107186,622213.145642576,710149.237904108,797784.842100758,558970.6839726635,887402.3909911003,667164.4433208596,51821.444614319356,588717.388821092,663443.1599062718,758624.7883924041,552771.7335172354,834797.3813325992,0.7176701213232793,0.018992273812954905,0.6905193635347682,0.7159589631472456,0.7499923464888999,0.6880942952085403,0.7547217498456963
86,SRC,6,6,#5,12.0,nan,50000,42,662369.7290523029,49738.78528129412,580275.4268962833,662270.5910096341,744122.4000762631,520307.6325933034,831999.4812501908,655252.3205780699,51605.34212826579,577147.5923509513,651620.8967215854,746362.9002859495,543052.8555244812,819623.6843477496,0.8471598498058667,0.022419063233659626,0.8151102615523945,0.8451399461477209,0.8853139969594502,0.8122476364298268,0.8908967299148469
87,SRC,6,6,#6,6.0,nan,50000,42,1111416.4467477265,90018.81603920771,965642.1541798636,1111443.7691930495,1257306.5158939667,883920.0867144628,1357408.8430759076,767281.6620234408,54974.003710541125,682846.4632404142,763814.6786995679,863228.0879523417,631414.1765016214,962326.9889735553,0.3617691636414401,0.0095737844015202,0.34808278232843504,0.36090658870093606,0.3780624215293905,0.3468603335820177,0.3804464587716774
88,SRC,6,6,#6,8.0,nan,50000,42,939971.187121745,72936.52436850793,820228.6432720632,939976.1354557506,1059584.9323319,745093.4810553032,1154110.375995096,724509.0533550107,53345.63578948907,643299.0424277507,720873.467915904,817975.9846317357,597816.1353046006,907843.1142519694,0.4507405743396019,0.011928305431863035,0.4336882437552048,0.4496658627191304,0.47104090161005135,0.43216515305141284,0.47401125514991377
89,SRC,6,6,#6,10.0,nan,50000,42,837104.0313461558,63447.9375800699,732005.6823185909,837306.6164678042,941936.7485602865,661797.5176598075,1034749.9381315098,698845.4881539526,52566.44620463455,619128.1183189274,695136.6661353789,791152.749639276,577657.310586388,875152.7894190178,0.5421049425311004,0.014346153194900851,0.5215961327683675,0.5408123886444067,0.566520112530902,0.5197643141004817,0.5700925518157021
90,SRC,6,6,#6,12.0,nan,50000,42,768525.9274957633,57616.111686956465,672887.7426782136,768544.4287833491,863705.700260559,606266.8753961436,955176.3128891191,681736.4446865806,52133.718449100634,602769.050766127,678080.7904317471,773498.903986838,564218.0941075798,853359.2395303835,0.6345185820177373,0.016791768656703378,0.6105135972471469,0.6330056840619704,0.6630958515324997,0.608369505038296,0.6672772911975804
91,SRC,6,6,#6,15.0,nan,50000,42,699947.8236453704,52335.04305511386,613391.7364390906,700025.121443542,786231.2253259912,550736.2331324797,875602.6876467285,664627.4012192085,51772.446792785275,586249.6773851569,660920.3999322015,756048.1411255384,550778.8776287714,831565.6896417491,0.7741001156242521,0.020485625523140972,0.7448145091611887,0.7722544100520643,0.8089638190090406,0.7421987590889014,0.8140650926674443
92,SRC,6,6,#6,18.0,nan,50000,42,657830.9182904996,49441.741456761374,576254.2396871747,657693.0153505097,739006.9099946609,516632.3621707496,826844.8557112915,654119.9662805047,51586.65226974722,576074.8571912583,650496.3652082656,745223.1309061403,542117.8141584158,818181.2881131113,0.9142819792039572,0.024195369397954965,0.8796930394805139,0.9121020346341173,0.9554591539513337,0.8766036029787959,0.9614842177418296
93,SRC,6,8,#3,6.0,nan,50000,42,693854.17969905,56627.89324579881,603103.1979384557,694134.3914722083,785025.2099537737,541076.4316620028,894429.5526888926,828434.7911086327,68280.21211429941,725258.0473125346,823447.3418548198,949344.549066916,685291.8063097515,1036613.0018194923,0.7045101441910867,0.01681380702662643,0.6804736540594359,0.7029952606312129,0.7331249199656023,0.6783267478350866,0.737311847564446
94,SRC,6,8,#3,8.0,nan,50000,42,652507.3573007033,55154.471889382985,564822.9162181419,652914.1927325561,740510.6023472183,507596.1300142532,848126.9657863238,818119.4784660686,68196.41717090523,715089.5926379246,813190.7062725518,938779.9196135309,675980.1111511216,1023473.3262367339,0.9321694235142167,0.022247113022177464,0.9003656498793425,0.9301650121564216,0.9700309351725701,0.8975249805802672,0.9755708495631444
95,SRC,6,8,#4,6.0,nan,50000,42,834175.0507087266,64073.70676264576,728646.9395928625,834084.8383245622,939525.2501504229,654700.2802764677,1051813.4149915415,863442.406465299,68717.18901729259,759469.734784019,858582.2325471172,984768.5869660653,715175.3106567367,1081205.8052227101,0.40303199316326543,0.009618743199765415,0.389281340165172,0.4021653675432082,0.41940176471221124,0.38805315076028046,0.4217969974697605
96,SRC,6,8,#4,8.0,nan,50000,42,758081.1357370969,59606.52161558176,661064.4043243879,758238.4437365541,855068.295009694,593083.7622702318,966354.649732336,844458.2989184894,68451.09160899973,740853.2268988093,839424.2965087532,965395.0155252968,699499.1871216685,1057023.793194884,0.5296633824755365,0.012640922171872071,0.5115923173944397,0.5285244658013124,0.5511764849489029,0.5099782347271812,0.5543242923331813
97,SRC,6,8,#4,10.0,nan,50000,42,712424.7867541189,57406.65125940682,619937.0445249295,712562.2060334987,805021.6814885796,556113.8514664903,915226.0032290714,833067.8343904037,68324.53994671757,729712.987235518,828025.8672837422,953888.903089922,689474.0825229391,1042514.5859781881,0.6564264705439878,0.015666244260497803,0.6340305000792882,0.6550149796283605,0.6830882530916899,0.6320301228142359,0.6869894177928566
98,SRC,6,8,#4,12.0,nan,50000,42,681987.2207654669,56167.46627248907,592297.7774403335,682306.7523956515,772373.6229083372,531467.244263996,881140.2388935616,825474.1913716799,68254.05610240396,722381.0569311427,820525.4507412295,946375.6079120907,682619.2550073827,1032841.7811670576,0.7832535445486312,0.018693093434563567,0.7565304856269739,0.7815693418048766,0.8150666060590338,0.7541436187750199,0.8197215083476704
99,SRC,6,8,#4,15.0,nan,50000,42,651549.654776815,55124.77499756977,563941.5586118913,651960.7015413181,739489.6828599053,506820.6370615017,847054.4745580518,817880.5483529561,68194.72037394231,714851.7719589543,812947.0917909611,938548.2160112038,675764.4274918265,1023168.9763559271,0.9735568811286404,0.02323486420133274,0.9403410494492854,0.9714634757660859,1.0130994087798488,0.937374257068669,1.0188852902298908
100,SRC,6,8,#5,6.0,nan,50000,42,1008934.1916346237,77192.15166453007,880741.2610758758,1008916.3236835443,1136812.1801640047,796210.2782523835,1254592.6930254856,907041.7708476176,69585.09558144018,801614.8194382791,902142.62037462,1029366.2024381178,749651.1933279826,1136742.8038042423,0.27254667562400325,0.006504586552053397,0.26324792310345235,0.2719606280253912,0.28361658295660125,0.2624173713234,0.2852363370617085
101,SRC,6,8,#5,8.0,nan,50000,42,889565.9183451852,67857.88485910096,777051.9122097736,889453.8610969165,1001648.4223692669,699552.649803983,1116085.4186732122,877261.4639906436,68953.87278036663,772884.1512891124,872351.089751513,998948.8791794749,726258.6529197785,1098808.561342118,0.3549972727694128,0.008472348749750037,0.34288546925027064,0.35423393453113117,0.36941603940410034,0.34180365962578224,0.3715258001948113
102,SRC,6,8,#5,10.0,nan,50000,42,817944.9543715222,63044.799474030944,714304.523158617,817964.338631302,921368.8534167012,641558.0727349428,1033393.6506484238,859393.2798764587,68654.67576996266,755459.4690299341,854541.8954640115,980631.3764622126,711831.7450738259,1076048.0158648437,0.43767759219937047,0.010445593489031008,0.4227449000124835,0.4367364693576132,0.4554545486641988,0.4214111324937348,0.458055681387815
103,SRC,6,8,#5,12.0,nan,50000,42,770197.6450557467,60254.303271635516,671829.1172943405,770307.2505528593,868422.2429049809,602895.0213555826,979923.4246257847,847481.157133669,68488.8580145378,743807.39512345,842487.519561203,968489.3362546265,701995.3117718954,1060874.318879994,0.5204675836718146,0.01242145565628486,0.5027102610244086,0.5193484404026188,0.5416071844674469,0.5011242013996178,0.5447003409086236
104,SRC,6,8,#5,15.0,nan,50000,42,722450.3357399714,57855.74532731702,629003.2296981282,722504.0060278277,815881.4960472832,564231.9699762225,926453.1986031457,835569.0343908792,68350.19098887003,732177.9968752653,830513.8288035274,956365.8899598975,691731.93090255,1045700.6218951446,0.644758805709959,0.015387784302769348,0.622760912849897,0.6433724033665615,0.6709466878947056,0.6207960913287363,0.6747785112694054
105,SRC,6,8,#5,18.0,nan,50000,42,693123.8758158375,56598.70867215559,602457.3463021503,693410.8091488887,784262.1947674125,540485.0731757589,893611.7157414254,828252.5929990213,68278.55354871042,725064.1231750168,823268.6250197534,949177.4360029291,685127.3349734024,1036380.9173316014,0.7691191698351281,0.018355763091154897,0.7428783477714059,0.7674653597437138,0.8003581417224435,0.7405345536520448,0.8049290429444264
106,SRC,6,8,#6,6.0,nan,50000,42,1219244.3627511703,96271.42718362436,1061138.9753813734,1219171.4312295127,1377179.658020094,966507.4754767421,1500877.1882279138,959510.4985790398,71087.42277814315,851268.7092826023,954666.2730699938,1084002.1009408878,790865.5716592422,1203577.6235057998,0.2030423249435124,0.0048457988830773015,0.19611492314518086,0.20260573012291033,0.21128920491947925,0.19549617714865858,0.2124958923192973
107,SRC,6,8,#6,8.0,nan,50000,42,1047799.1031251888,80507.26188443866,914386.5628853937,1047981.588071054,1181110.433892065,827680.8698175827,1299689.0390658434,916737.8899106099,69825.7611255612,811076.4593937581,911813.9341547859,1039424.3995900746,757267.5304622212,1149093.7487842138,0.2614405623079397,0.006239528557286624,0.2525207283669489,0.26087839579693917,0.2720593775662987,0.2517240210730309,0.27361312766459034
108,SRC,6,8,#6,10.0,nan,50000,42,944931.9473495996,72010.0876219184,825321.3551686646,944797.3631707313,1064011.9090952657,744384.9064220868,1180328.6012022574,891074.3247095519,69226.23061375074,786362.9812828791,886124.5908936833,1013043.2905431384,737108.7057440088,1116403.4239512621,0.32021303552634645,0.007642189727348968,0.30928800125690753,0.3195244926186597,0.3332189862386447,0.3083121922288081,0.33512202313173894
109,SRC,6,8,#6,12.0,nan,50000,42,876353.8434992068,66919.21348458862,765439.8535681095,876260.602626049,986686.844017303,688854.264158423,1100754.9759598668,873965.2812421797,68894.15159515686,769718.8741888779,869083.7190683843,995528.9106566068,723669.4892652004,1094609.874062628,0.37916022028441926,0.00904902055506279,0.3662240248749901,0.37834492530392405,0.39456040263170405,0.36506858170122447,0.39681376463618623
110,SRC,6,8,#6,15.0,nan,50000,42,807775.7396488144,62420.1442674792,705247.8243203693,807808.3948285682,910024.4186178169,633323.621894759,1022005.5699903105,856856.2377748076,68617.09377320667,752950.5353440446,851983.2052900278,978050.6550581689,709736.7829956199,1072816.3241739937,0.4677477064100974,0.011163245465764854,0.45178908151032715,0.46674192485187316,0.48674600735484375,0.4503636790933471,0.4895258477835616
111,SRC,6,8,#6,18.0,nan,50000,42,765658.8342939434,60008.645703111935,667790.3415743293,765752.8000417426,863364.7620787793,599219.7509330288,974840.5992103758,846348.8028361035,68474.50584610802,742700.167009628,841336.7678986134,967333.334060128,701060.2704058301,1059431.922645356,0.5564424868053885,0.013280031056620657,0.5374577717474018,0.5552459879583144,0.5790432642713145,0.5357620831213898,0.5823502207777388
112,SRC,6,8,#6,24.0,nan,50000,42,704908.5838732253,57083.03989602311,613119.8393848542,705084.8703587973,796915.6684346303,550027.6584992632,906808.9202010941,831192.6725737496,68306.1000130737,727898.3705846755,826190.5313053859,952102.0830368971,687781.3626011272,1040125.9993410421,0.7339878247912424,0.01751732000978245,0.7089456146075928,0.7324095564042054,0.7637998824327137,0.7067088788520697,0.7681619968836876
113,SRC,6,10,#3,6.0,nan,50000,42,801682.0957024939,68494.9520614764,692888.4484339706,802300.6950417799,910876.7620139774,623663.8204242821,1042425.2961879768,1020663.6276642316,85251.01989572814,891888.6547685821,1014476.1168494427,1171436.5472109714,843646.6618057179,1277863.636351737,0.5227848433622423,0.0117712098319947,0.5059570917105033,0.5217242856773543,0.5428178156334179,0.5044540600879559,0.5457490496626478
114,SRC,6,10,#3,8.0,nan,50000,42,760335.2733041468,67276.32585283212,653995.862858186,760835.739415538,866747.173491922,590183.5187765325,996122.7092854079,1010348.3150216676,85181.93810975661,881668.2155021447,1004371.7263683451,1161214.5848738165,834334.966647088,1264723.9607689786,0.6933091710139201,0.015610796361202578,0.6709924671235374,0.6919026758206144,0.7198765889003063,0.6689991698398325,0.7237639461193545
115,SRC,6,10,#3,10.0,nan,50000,42,735527.1798651388,66698.61668747313,630357.5656019413,735830.397467072,840553.3497036404,570095.3377878827,968341.1571438666,1004159.1274361288,85148.4218036828,875499.5154562708,998155.2613979056,1154826.479254484,828747.94955191,1256840.1554193236,0.8638574669809144,0.019450922569539432,0.8360510393435652,0.8621049856553996,0.896960248941801,0.833567407488641,0.9018038637400677
116,SRC,6,10,#4,6.0,nan,50000,42,942002.9667121704,74785.23832394106,819953.3061905456,942252.3550741193,1063911.7666760418,737287.669038747,1199564.8040701947,1055671.2430208977,85608.10342986042,926038.8407885173,1049387.0069062014,1206847.404682813,874117.7669041512,1322456.4397549548,0.2955146318520984,0.006653912759948526,0.2860024072774919,0.2949151303214268,0.30683867175261575,0.2851527884673088,0.30849561065591147
117,SRC,6,10,#4,8.0,nan,50000,42,865909.0517405407,70985.53080971287,751650.6842646389,866145.5464350902,980361.9009201245,675671.1510325111,1114350.3932314203,1036687.1354740883,85391.01614686415,907558.1787706718,1030405.9245158492,1187776.1745680333,858111.17929224,1298274.4277271286,0.39009011986526476,0.008783408150837063,0.37753363560173525,0.38929875592333946,0.40503826661003484,0.3764121077050389,0.40722548655019514
118,SRC,6,10,#4,10.0,nan,50000,42,820252.7027575627,69142.61702789296,709976.5668794175,820624.7445518018,930880.2267806157,638701.2402287696,1063221.7467281555,1025296.6709460027,85287.41694345967,896474.7707269812,1019092.8381119403,1176263.5064519616,847828.9380189055,1283765.2205104327,0.4847123515426199,0.01091395603872598,0.4691101029735316,0.4837290303619934,0.5032863963360749,0.4677165316000344,0.506004159402984
119,SRC,6,10,#4,12.0,nan,50000,42,789815.1367689108,68113.20448388705,681841.8049224141,790361.9747004386,898091.2896905049,614054.6330262753,1029135.9823926459,1017703.0279272789,85229.50346136848,888902.2748917466,1011598.545722995,1168481.9585043418,840974.1105033492,1274092.4156993022,0.5793574935002138,0.013045019782649027,0.5607087431739919,0.5781821686034985,0.601558314258029,0.5590430624555337,0.6048067489087262
120,SRC,6,10,#4,15.0,nan,50000,42,759377.570780259,67251.85241367853,653068.0963863095,759876.9761803334,865691.4236876277,589408.0258237809,995050.2180571362,1010109.3849085552,85180.5337421989,881447.464496146,1004130.2380996034,1160990.251152506,834119.282987793,1264419.6108881717,0.7213478012568743,0.01624212415155864,0.698128570997615,0.719884424948602,0.7489896517885648,0.6960546613005184,0.7530342205032116
121,SRC,6,10,#4,18.0,nan,50000,42,740681.0252183414,66808.9426259506,635415.7725112201,741052.4049838468,846018.679529321,574268.6281899518,974112.7342205759,1005444.9221609938,85154.8946367893,876872.7052759391,999475.4042304484,1156133.0982626365,829908.6442326617,1258478.0045215439,0.8633530146131075,0.01943956414025998,0.8355628246293044,0.8616015566547433,0.8964364660971745,0.833080643099252,0.9012772524508804
122,SRC,6,10,#5,6.0,nan,50000,42,1116762.1076380676,86308.73847894456,973416.9315020588,1116639.1086903606,1259733.1468450911,878797.6670146626,1400171.3560962335,1099270.6074032169,86314.58995353758,968687.2953569455,1093020.0433630408,1251619.4400086026,909102.5884856031,1377993.438336487,0.19691512356979177,0.004433811094685984,0.19057668656654475,0.1965156478577006,0.20446085726948773,0.1900105460951039,0.2055649526127375
123,SRC,6,10,#5,8.0,nan,50000,42,997393.834348629,78058.25915498924,869001.1652936612,997418.4425490412,1125290.422461477,782140.0385662622,1261664.0817439598,1069490.3005462424,85800.84128475201,939545.8739560731,1063429.2438490372,1221019.7101134139,885528.8512741363,1340059.195874363,0.2583867823109428,0.005817928868853117,0.2500696540352716,0.2578626009175211,0.26828809316759045,0.24932677958205693,0.2697368576806203
124,SRC,6,10,#5,10.0,nan,50000,42,925772.8703749658,73903.6099307394,805512.793697558,925973.2842894515,1046011.3147543957,724145.4614972221,1181389.394147508,1051622.1164320577,85557.15766686942,922122.7436510415,1045283.6472260928,1202784.0743453447,870774.2013212404,1317298.6503970884,0.3199370433807718,0.007203816481063375,0.3096386937278291,0.3192879968478701,0.33219694341411654,0.30871885930735715,0.333990817817088
125,SRC,6,10,#5,12.0,nan,50000,42,878025.5610591905,71531.87801977596,762615.4686607618,878221.7025769657,993635.0476262092,685482.4101178619,1127919.168124869,1039709.993689268,85421.87277206463,910535.6060246828,1033348.9069830728,1190760.453410554,860839.93169974,1302124.953412239,0.38152537768564754,0.00859056136380167,0.36924458112842723,0.38075138877525383,0.39614532585164747,0.36814767727831216,0.39828452361969
126,SRC,6,10,#5,15.0,nan,50000,42,830278.251743415,69517.24583063554,719112.6621729974,830652.2092330701,941569.0439514096,646819.3587385018,1074448.94210223,1027797.8709464784,85308.44762837212,898928.1034171601,1021594.0879592695,1178824.3631734818,850086.7863985165,1286951.2564273893,0.47394512485442586,0.010671517325621277,0.4586894590506711,0.472983646818554,0.4921065724648891,0.45732684397287554,0.49476396411577583
127,SRC,6,10,#5,18.0,nan,50000,42,800951.7918192814,68470.72883242805,692212.6522441464,801548.3295676447,910077.1068640628,623072.4619380382,1041607.4592405097,1020481.4295546202,85249.65651396182,891682.5365476822,1014291.7154805365,1171276.0477338305,843482.1904693688,1277631.551863846,0.566389292999282,0.012753023158840873,0.5481579718701195,0.5652402762958417,0.5880931758593352,0.5465295753531603,0.5912688983205172
128,SRC,6,10,#5,24.0,nan,50000,42,758657.2877697519,67233.5599980604,652369.0840071599,759148.0154868253,864943.7636803669,588824.7816694615,994243.6030682713,1009929.6868322938,85179.48336890811,881281.2026922625,1003954.9298453705,1160816.905071605,833957.068446681,1264190.7109501148,0.7513136972969864,0.016916846945401166,0.7271299045356054,0.7497895300883403,0.7801038327724249,0.7249698414430572,0.7843164190860981
129,SRC,6,10,#6,6.0,nan,50000,42,1327072.278754614,103742.86650964196,1155002.0426684415,1326947.1473211125,1498519.6477698109,1049094.8642390214,1644345.5333799198,1151739.335134639,87540.06288723732,1019216.3441685376,1145605.232132101,1305442.395348491,950316.9668168627,1444828.2580380447,0.1440658772432242,0.0032438386311160264,0.13942858747761588,0.14377361518708315,0.14958644227237583,0.13901439113666236,0.1503942139726996
130,SRC,6,10,#6,8.0,nan,50000,42,1155627.0191286325,89289.95494508641,1007304.3449451982,1155459.2156841857,1303885.583159778,910268.2585798618,1445267.7021365913,1108966.726466209,86510.56187272265,978119.9831601597,1102812.5026414753,1261398.8733455471,916718.9256198419,1390344.3833164587,0.18762833768387205,0.004224706514253033,0.18158883001745518,0.18724770179138214,0.19481820428737515,0.18104938950305324,0.19587022898788034
131,SRC,6,10,#6,10.0,nan,50000,42,1052759.8633530436,81699.80945058941,917644.3426579289,1052642.1061807382,1187394.7801531737,826972.295184366,1325907.264273005,1083303.1612651506,86022.50335338298,953125.6891142254,1077155.385897839,1235092.4549589518,896560.1009016292,1357654.058483507,0.23131332903712856,0.005208333347083275,0.22386765936212494,0.23084407073356036,0.24017719256605505,0.22320262239199495,0.24147415729274335
132,SRC,6,10,#6,12.0,nan,50000,42,984181.7595026507,77242.0879421471,857385.057592772,984281.6007545479,1110636.3022832933,771441.6529207022,1246799.080015539,1066194.1177977787,85752.22439385428,936365.5598050273,1060080.5571394362,1217675.8266247169,882807.0289376545,1335860.5085948727,0.2750568057202721,0.006193277056443001,0.2662030914713796,0.27449880635821866,0.28559690731647364,0.26541228989737914,0.2871391399942866
133,SRC,6,10,#6,15.0,nan,50000,42,915603.6556522582,73370.2003401895,796483.3299196518,915761.39340509,1034893.4965934908,715911.0106570383,1170001.3134893947,1049085.0743304065,85526.51757578707,919707.2324583852,1042748.7970957628,1200211.1335553578,868679.2392430344,1314066.9587062385,0.3407286650056453,0.007671968042841229,0.3297610605921972,0.34003743914337803,0.35378529429534167,0.32878144925741143,0.3556957465019804
134,SRC,6,10,#6,18.0,nan,50000,42,873486.7502973871,71324.49459169219,758453.5848220185,873663.5512778983,988631.1042920867,681807.1396953082,1122836.34270946,1038577.6393917027,85410.14898200723,909416.2067467644,1032245.3525583226,1189633.8255766798,859817.7486214507,1300682.5571776007,0.40643738682109304,0.009151489039102892,0.3933547056870724,0.4056128596767201,0.4220119563663586,0.3921861786099507,0.4242908347885775
135,SRC,6,10,#6,24.0,nan,50000,42,812736.499876669,68873.17793116474,703037.7968532895,813214.7717936602,922814.3604314099,632615.0472615425,1054804.6637001783,1023421.5091293484,85272.28523489182,894597.6329388145,1017264.3760711246,1174356.2432023585,846136.2180970936,1281376.633873287,0.5379088975096813,0.012111748424764493,0.5205943225875436,0.5368176581169046,0.5585214194009546,0.5190478085803529,0.5615374534061972
136,SRC,6,12,#3,6.0,nan,50000,42,909510.0117059378,80659.73488144287,782216.8885039397,910267.2158241698,1036973.6258329389,706251.2091865615,1190421.039687061,1212892.4642198307,102234.26900966758,1058474.500972869,1205612.3184329693,1393990.6947950611,1002001.5173016841,1519114.2708839816,0.41614030445371303,0.009055416828015335,0.40319496513348135,0.4153244331844139,0.4315513723735536,0.40203870523818475,0.43380632716018885
137,SRC,6,12,#3,8.0,nan,50000,42,868163.1893075908,79622.77613792734,742874.7677513595,868585.2123231909,993218.8208075282,672770.9075388119,1144118.4527844922,1202577.1515772664,102175.01742163683,1048300.938681594,1195441.7876040856,1383415.6196815963,992689.8221430542,1505974.5953012232,0.5525623539857802,0.012024027438003565,0.5353731822295812,0.5514790180428581,0.5730255868812353,0.5338378690606173,0.5760197768496171
138,SRC,6,12,#3,10.0,nan,50000,42,843355.0958685826,79132.40031443835,718884.5985208139,843721.9685581893,967224.974819315,652682.7265501621,1116336.9006429508,1196387.963991728,102146.08501364192,1042053.2292271043,1189128.2595754638,1377201.2268610115,987102.8050478763,1498746.8163738793,0.6889957307602235,0.014992884534333365,0.667562374198929,0.687644907935852,0.7145115481169801,0.6656479762831722,0.7182450346464537
139,SRC,6,12,#3,12.0,nan,50000,42,826816.3669092437,78861.59516466127,702787.1862441873,826868.0655245103,950230.4968531053,639290.6058910623,1097815.8658819231,1192261.8389347026,102129.55718448528,1037981.5792215965,1184972.8815612323,1373145.7313322916,983378.1269844243,1494050.255420782,0.825434724570009,0.01796186386010314,0.7997570084682533,0.8238164038516098,0.8560033344056812,0.797463510198581,0.8604761479334829
140,SRC,6,12,#4,6.0,nan,50000,42,1049830.8827156143,86080.30002751003,910719.3409991728,1050129.3151637688,1189222.0219900564,819875.0578010264,1347560.5475692789,1247900.079576497,102537.81263060066,1092835.2002520126,1240285.9985855138,1429200.979920828,1033060.2231515655,1563707.0742871996,0.23373447403497277,0.005086176625554494,0.22646343577014844,0.23327622175811102,0.24239044370676374,0.22581399663728274,0.24365698930541396
141,SRC,6,12,#4,8.0,nan,50000,42,973736.9677439844,82792.1974485453,841671.859268607,974269.9572764931,1106148.9985897904,758258.5397947906,1262346.1367305045,1228915.9720296876,102353.60118000479,1074339.5736756942,1221468.8714729468,1410131.1851211363,1016466.0347882062,1539525.062259373,0.30926471636082353,0.006729751689208683,0.29964407483627403,0.30865838192509043,0.32071782363747525,0.2987847723733037,0.32239364774062407
142,SRC,6,12,#4,10.0,nan,50000,42,928080.6187610066,81212.52107222709,799477.5160107048,928733.6895721366,1056825.2869073784,721288.628991049,1211217.4902272397,1217525.5075016017,102265.36343569888,1062951.7302582941,1210151.8374710493,1398467.9618021434,1006183.7935148717,1525015.8550426774,0.384816692847716,0.008373799698851363,0.37284577195471913,0.384062233641816,0.3990677426179366,0.37177654577254343,0.4011529629972825
143,SRC,6,12,#4,12.0,nan,50000,42,897643.0527723546,80334.47075478095,771166.4261141845,898262.9699794534,1024388.8219615802,696642.0217885547,1177131.72589173,1209931.8644828778,102215.85339810974,1055572.4864136064,1202743.9010064323,1390986.5199126136,999328.9659993154,1515343.0502315469,0.4603793716063254,0.010018080595167999,0.4460578384174108,0.4594767666477295,0.47742876021104735,0.4447786587794062,0.47992343485938405
144,SRC,6,12,#4,15.0,nan,50000,42,867205.4867837025,79601.9892741635,741932.1494329604,867638.410073965,992194.7839859187,671995.4145860603,1143045.9615562202,1202338.2214641543,102173.80833717962,1048056.7705416839,1195194.8079641098,1383200.2676652847,992474.1384837591,1505670.2454204164,0.5737339787429991,0.01248473236144188,0.5558861977064453,0.5726091343949096,0.5949812677455288,0.5542920584628065,0.5980901811763492
145,SRC,6,12,#4,18.0,nan,50000,42,848508.9412217851,79226.00489531476,723841.3325744338,848841.9186704005,972680.2965765919,656856.0169522312,1122108.47771966,1197673.7587165926,102151.6868693833,1043315.9351007749,1190429.8500789914,1378473.681220588,988263.4997286279,1500210.3719411578,0.687095588400198,0.01495153650599185,0.6657213416808104,0.6857484909336988,0.7125410371273019,0.6638122233747975,0.7162642272854215
146,SRC,6,12,#4,24.0,nan,50000,42,821549.1378007245,78784.87007098307,697613.858063146,821601.678097804,944755.1878036631,635025.5037823188,1091917.3150529554,1190947.7569360684,102124.75729828354,1036697.221988671,1183603.54113644,1371838.800357678,982191.8972104248,1492554.5018702575,0.9138292324452931,0.01988537164233723,0.8854017300665445,0.9120376083035835,0.947671386684205,0.8828626246703171,0.9526231867857953
147,SRC,6,12,#5,6.0,nan,50000,42,1224590.0236415113,96277.52908050877,1065289.0029613741,1224358.4616047023,1383424.9182348535,961385.0557769422,1545750.019166981,1291499.443958816,103135.30768077253,1135495.5027841087,1284114.384500514,1473466.9604490104,1068553.9836432238,1619244.0728687318,0.15455240031651038,0.0033631359223267932,0.14974456689244453,0.1542493898614549,0.16027599284758923,0.1493151378265856,0.1611134716285431
148,SRC,6,12,#5,8.0,nan,50000,42,1105221.750352073,88944.28208636152,960288.459359243,1105356.6552440494,1250361.7522899378,864727.4273285418,1409590.476680551,1261719.1371018414,102700.98587025615,1106243.077198172,1254124.756445086,1443149.5268318662,1044471.3075215507,1581309.8304066076,0.20357971813199816,0.004429994368930842,0.19724673739994567,0.20318058629771468,0.2111189562919568,0.19668108427514,0.2122221012047434
149,SRC,6,12,#5,10.0,nan,50000,42,1033600.7863784097,85313.74209154895,896132.4394522577,1033948.294765709,1171453.1473818014,806732.8502595015,1329385.1376465922,1243850.952987657,102494.63542439444,1088908.6956008312,1236259.3087988729,1425182.3827059404,1029716.6575686547,1558549.284929333,0.2526428851879733,0.005497632912564922,0.24478364194573546,0.2521475616895963,0.26199909659414206,0.24408166515365723,0.2633681018963605
150,SRC,6,12,#5,12.0,nan,50000,42,985853.4770626343,83262.43025588624,852653.9964714821,986259.4878935018,1119242.3470537802,768069.7988801413,1275914.9116239531,1231938.8302448671,102379.82888943113,1077278.9409802184,1224461.9952830616,1413171.0937374546,1019194.7871957062,1543375.5879444834,0.3017235488341677,0.006565652190571061,0.29233749879585125,0.30113199936844626,0.31289738144382756,0.2914991497216334,0.31453234194489543
151,SRC,6,12,#5,15.0,nan,50000,42,938106.1677468588,81532.82699115123,808788.3465192,938738.7870185105,1067553.1638552072,729406.7475007812,1222444.685601314,1220026.707502077,102283.3036477681,1065549.1090152415,1212650.5295754909,1401021.0460926318,1008441.6418944827,1528201.890959634,0.37536174981759257,0.008168055507994144,0.3636849543540926,0.374625827668278,0.38926265141024896,0.36264199905056294,0.3912966379417437
152,SRC,6,12,#5,18.0,nan,50000,42,908779.7078227252,80639.0835707263,781522.9550392363,909543.6639238741,1036201.9488765418,705659.8507003176,1189603.2027395938,1212710.2661102195,102233.1029392337,1058293.7450925505,1205430.485268829,1393807.7518442685,1001837.0459653351,1518882.1863960905,0.4490112762144794,0.009770705271960735,0.43504338301356205,0.44813095917733103,0.4656396662080887,0.4337957900126767,0.46807274013944505
153,SRC,6,12,#5,24.0,nan,50000,42,866485.2037731959,79586.4532104706,741231.6868603504,866940.1833119235,991416.5130148367,671412.1704317409,1142239.3465673553,1202158.5233878929,102172.90386657097,1047875.5332220235,1195004.9576399364,1383037.673850762,992311.9239426473,1505441.3454823594,0.5963271166881864,0.012976370108030967,0.5777765057794019,0.5951579769619864,0.6184111051876626,0.5761195907386693,0.6216424448867616
154,SRC,6,12,#6,6.0,nan,50000,42,1434900.194758058,112189.88911705559,1248467.8114469892,1434691.2941867346,1621099.0117056635,1131682.2530013006,1789780.4283133154,1343968.171690238,104171.31986854918,1186163.982212465,1336659.969031601,1527104.1129816766,1109768.3619744834,1686078.8925702893,0.11203330712488889,0.002437899630915881,0.108548162426388,0.11181365823361473,0.11618227536206208,0.10823687409747688,0.11678935436753231
155,SRC,6,12,#6,8.0,nan,50000,42,1263454.9351320765,98962.45298524016,1099217.06006827,1263263.2056510188,1427223.273668736,992855.6473421414,1590846.365207339,1301195.563021808,103300.9102287852,1144929.8809041714,1293885.5368809076,1483446.255645641,1076170.3207774626,1631595.0178487033,0.14675629675295385,0.003193488890672275,0.14219098539398428,0.1464685710872877,0.15219117348255365,0.1417832180652694,0.15298640723013876
156,SRC,6,12,#6,10.0,nan,50000,42,1160587.7793564873,92162.13548959901,1009038.6199616018,1160607.8607946523,1311837.7919569276,909559.6839466455,1471592.5900407676,1275531.9978207499,102888.44201934684,1119672.108323282,1268121.7393571036,1457269.2442945442,1055877.274879689,1598904.6930157517,0.18153391600746133,0.003950266917854707,0.17588673856346923,0.18117800646231824,0.18825672434735097,0.17538234044468787,0.18924040886061877
157,SRC,6,12,#6,12.0,nan,50000,42,1092009.6755060945,88227.50917215768,948593.1352484941,1092182.165940141,1235737.4298931372,854029.0416829817,1394794.823514623,1258422.9543533777,102659.8470326278,1103059.894464222,1250807.1518901058,1439813.6428149247,1041749.4851850689,1577111.1431271173,0.21633790790818824,0.004707618826734774,0.2096080439759336,0.21591376277820798,0.22434962452570267,0.20900694178979717,0.22552190271108202
158,SRC,6,12,#6,15.0,nan,50000,42,1023431.571655702,84851.00113929421,886946.3328165679,1023745.0104534603,1160398.9823313549,798498.3994193177,1317997.0569884789,1241313.9108860055,102468.65471544418,1086439.650287589,1233748.2607469996,1422560.9139838226,1027621.6954904487,1555317.5932384832,0.2685696359999441,0.005844206810297939,0.26021494160499853,0.2680430870272218,0.27851566828113683,0.2594687117977012,0.2799709764542732
159,SRC,6,12,#6,18.0,nan,50000,42,981314.6663008309,83083.8354145581,848609.1064056962,981815.4795504934,1114251.1760407418,764394.5284575875,1270832.0862085442,1230806.4759473018,102369.86610902537,1076187.0111279706,1223307.131640173,1412029.6991144305,1018172.6041174169,1541933.1917098453,0.32081821215854855,0.006981161416047006,0.3108381631893567,0.32018922631130736,0.3326991840437104,0.3099467589479756,0.33443761349984386
160,SRC,6,12,#6,24.0,nan,50000,42,920564.4158801128,80982.40575396066,792592.7473216436,921271.1865923301,1048824.3047012845,715202.4360238219,1202800.4071992624,1215650.3456849474,102252.44397644782,1061196.3667532296,1208338.0886785993,1396680.9467330498,1004491.0735930599,1522627.2684055315,0.42534020811156176,0.009255611237227313,0.41210867715526484,0.424506299807651,0.44109197924762467,0.41092685501683457,0.443396785890876
161,SRC,8,6,#4,6.0,nan,50000,42,758204.7002654099,55633.51848481223,666258.588161565,758288.4914565478,850020.5716750477,597287.6341294935,943880.8822165475,677168.0301657245,51927.999440027,598586.0616038243,673409.4351003807,768705.1311909457,561241.9092757906,846138.1195907854,0.6485505812391982,0.017349105429911752,0.6237488453325911,0.6469874685810912,0.6780763609141517,0.6215335884086008,0.6823965870369276
162,SRC,8,6,#4,8.0,nan,50000,42,682110.7852937802,50435.032083257036,599273.7029807337,682037.5602004485,764848.97238186,535671.1161232577,856846.9136357211,658183.9226189149,51580.822643908876,580101.3229176771,654549.9740689202,749298.7576257187,545923.5527252245,821956.1075629592,0.8426039967816581,0.0225401472124168,0.8103813106773609,0.8405731837483488,0.88096421213244,0.80750322469294,0.8865770970844451
163,SRC,8,6,#5,6.0,nan,50000,42,932963.8411913072,70325.92269791654,817088.7984841354,933045.8021227117,1048525.7218571524,738797.6321054092,1146660.1602504917,720767.394548043,53058.97366970085,640128.6979668716,717177.1347481195,813643.2821808826,595769.03961866,901675.1181723175,0.4562400204286674,0.012204686025626589,0.4387925848330105,0.4551404075816566,0.4770107092719866,0.4372342038932772,0.4800498863408678
164,SRC,8,6,#5,8.0,nan,50000,42,813595.5679018685,59946.1051406775,714388.5621661001,813586.7444310896,912689.4253722907,642140.0036570088,1008152.885898218,690987.0876910689,52236.87288050633,611868.5945133328,687254.1868127212,782867.4804894055,572185.4724940349,863740.8757101935,0.5824651229100177,0.015581280965478608,0.5601906133018063,0.5810612869828542,0.608982309672114,0.5582010847533253,0.6128623170491696
165,SRC,8,6,#5,10.0,nan,50000,42,741974.6039282054,54447.50903641521,652027.358408119,742018.2515346846,831761.816993372,584145.4265879686,925048.5212868538,673118.9035768842,51846.406975541715,594679.6223572316,669354.542815775,764545.7068596365,558035.3322192599,840980.3302329191,0.7099761005088641,0.01899227381295491,0.6828253427203531,0.7082649423328307,0.7422983256744846,0.6804002743941251,0.7470277290312811
166,SRC,8,6,#5,12.0,nan,50000,42,694227.2946124299,51197.264634050756,610204.5769743916,694063.470659584,778347.4140678706,545482.3752086085,870415.6885291697,661206.7808340945,51630.06048977726,583026.5282240318,657543.0616652578,752389.9215992612,548419.6773754515,825806.6332480694,0.8380775913644468,0.022419063233659626,0.8060280031109747,0.8360576877063013,0.8762317385180303,0.8031653779884069,0.8818144714734271
167,SRC,8,6,#6,6.0,nan,50000,42,1143274.0123078537,90841.8211832162,996099.170048347,1142954.3653560402,1290375.2412799029,909094.829329768,1392367.2462306076,773236.1222794654,55000.284674083356,688782.5487066265,769790.593390203,869217.9258605537,637207.0265236343,968509.937873875,0.3578906972090652,0.009573784401520197,0.3442043158960601,0.3570281222685612,0.37418395509701546,0.34298186714964274,0.37656799233930244
168,SRC,8,6,#6,8.0,nan,50000,42,971828.752681872,73945.66360103869,850398.6797845092,971914.847292122,1093238.5964470035,770268.2236706084,1191756.5062908495,730463.5136110354,53371.508127263354,649197.7953490902,726839.074474144,824015.4228605144,603447.5728140584,914026.0631522893,0.4459082603588055,0.011928305431863035,0.42885592977440845,0.44483354873833403,0.4662085876292549,0.4273328390706164,0.46917894116911735
169,SRC,8,6,#6,10.0,nan,50000,42,868961.596906283,64602.558523628606,762160.6606583883,868919.9295816717,975557.8712031263,686972.2602751126,1072396.0684272633,704799.9484099773,52591.96481988974,625040.2485750774,701109.4008082252,797094.8218780129,583124.1283484551,881335.7383193377,0.5362931265065725,0.01434615319490085,0.5157843167438394,0.5350005726198788,0.5607082965063738,0.5139524980759537,0.564280735791174
170,SRC,8,6,#6,12.0,nan,50000,42,800383.4930558903,58883.07267815752,702945.3206206411,800367.6831604966,897692.1699012032,631441.6180114488,992822.4431848727,687690.9049426052,52158.95333549092,608731.2827591853,683961.1505175447,779536.4748563077,569575.1653713862,859542.1884307032,0.6277160148881821,0.016791768656703378,0.6037110301175916,0.6262031169324153,0.6562932844029443,0.6015669379087408,0.6604747240680251
171,SRC,8,6,#6,15.0,nan,50000,42,731805.3892054976,53724.35938325265,643099.7636913982,731834.9579490495,820304.5451421345,575910.9757477848,913248.817942482,670581.861475233,51797.358787178,592182.1170013163,666878.6226066505,762043.7525630366,556026.2023943174,837748.6385420689,0.7658011183202089,0.020485625523140972,0.7365155118571456,0.7639554127480213,0.8006648217049973,0.7338997617848584,0.8057660953634013
172,SRC,8,6,#6,18.0,nan,50000,42,689688.4838506265,50908.56908211684,606128.2687016781,689565.2992555342,773320.8950889489,541807.1047860547,865332.8631137608,660074.4265365292,51611.34644403464,581907.6531627123,656438.4996681176,751225.9764214194,547484.6360093863,824364.2370134311,0.9044801156886287,0.02419536939795497,0.8698911759651856,0.902300171118789,0.9456572904360052,0.8668017394634676,0.9516823542265013
173,SRC,8,8,#3,6.0,nan,50000,42,725711.7452591773,57906.79188643045,632505.2242892592,725774.2530499772,819213.3860876333,566251.1742773078,932917.5600913618,834389.2513646572,68300.09381561386,731137.2860038319,829375.8954593793,955337.3116910647,690048.2073470704,1042795.9507198122,0.6976986490269752,0.01681380702662643,0.6736621588953243,0.6961837654671017,0.726313424801491,0.6715152526709751,0.7305003524003344
174,SRC,8,8,#3,8.0,nan,50000,42,684364.9228608302,56465.41752653473,593861.5771699921,684674.682565009,775059.2454374224,532416.4795853706,886614.9731887929,824073.938722093,68216.09489785433,721077.6525760001,819152.6766744917,944844.1553553456,680736.5121884405,1029656.2751370538,0.9231568243731638,0.022247113022177464,0.8913530507382894,0.9211524130153688,0.9610183360315173,0.8885123814392142,0.9665582504220913
175,SRC,8,8,#4,6.0,nan,50000,42,866032.6162688537,65210.65409017817,758497.1617527823,865926.0803177161,972946.0168804802,679875.0228917727,1090057.0679735797,869396.8667213236,68737.71357067316,765351.4045236406,864582.3058228721,990845.7232563957,720542.1325077072,1087388.75412303,0.39913531332827756,0.009618743199765415,0.3853846603301841,0.39826868770822044,0.4155050848772235,0.38415647092529265,0.4179003176347726
176,SRC,8,8,#4,8.0,nan,50000,42,789938.7012972238,60824.74563426326,691004.2435443983,789938.0738578775,888977.4301810892,618258.5048855369,1004842.6571348052,850412.7591745139,68471.27715629248,746733.2364009103,845393.9247363275,971359.0124104795,704512.7248335925,1063206.7420952038,0.5245423780470175,0.012640922171872071,0.5064713129659206,0.5234034613727936,0.5460554805203841,0.5048572302986623,0.5492032879046622
177,SRC,8,8,#4,10.0,nan,50000,42,744282.3523142461,58669.15308288982,649605.1821047234,744191.9388549246,839211.7012382394,581288.5940817953,953714.0106315406,839022.2946464282,68344.51114288172,735652.1783687727,833999.7584262785,960028.0469095656,694230.483560258,1048697.534878508,0.6500798682039477,0.015666244260497803,0.6276838977392479,0.6486683772883206,0.6767416507516499,0.6256835204741958,0.6806428154528164
178,SRC,8,8,#4,12.0,nan,50000,42,713844.7863255941,57456.23798714866,621620.3381169643,713988.8642077649,806503.1314896294,556641.986879301,919628.2462960308,831428.6516277043,68273.87992376591,728337.9515574605,826518.803888649,952241.6055444347,687375.6560447017,1039024.7300673774,0.775680725654601,0.018693093434563567,0.7489576667329436,0.7739965229108466,0.8074937871650039,0.7465707998809897,0.8121486894536402
179,SRC,8,8,#4,15.0,nan,50000,42,683407.220336942,56436.37954562309,592943.0199706806,683712.2980831715,774040.747315702,531623.6320674605,885542.481960521,823835.0086089806,68214.39329995323,720835.6526767757,818923.9825773097,944606.5354241949,680520.8285291455,1029351.9252562469,0.9641441309468681,0.02323486420133274,0.9309282992675129,0.9620507255843136,1.0036866585980766,0.9279615068868965,1.0094725400481184
180,SRC,8,8,#5,6.0,nan,50000,42,1040791.7571947508,78142.52694625473,911102.4869218166,1040859.7876617936,1169962.4045944544,821385.0208676885,1292238.8233212393,912996.2311036423,69606.31029807763,807461.961827924,908065.6609005624,1035503.6514588246,755444.0433499954,1142925.7527045622,0.2699115817530143,0.006504586552053397,0.26061282923246326,0.2693255341544022,0.2809814890856122,0.2597822774524109,0.2826012431907194
181,SRC,8,8,#5,8.0,nan,50000,42,921423.4839053124,68933.90937194409,807397.6362303061,921429.6956262962,1034876.362583162,724727.392419288,1153731.5489689657,883215.9242466678,68974.62951517387,778813.2589966281,878315.6682859932,1005031.5183433588,731953.2168776924,1104991.510242438,0.35156501245821736,0.008472348749750037,0.3394532089390752,0.3508016742199358,0.36598377909290497,0.3383713993145868,0.3680935398836158
182,SRC,8,8,#5,10.0,nan,50000,42,849802.5199316493,64199.51024229397,744256.1450451607,849691.7449970238,954955.9109917418,666732.8153502479,1071881.658050893,865347.7401324834,68675.12995174783,761337.7117063205,860550.2070626391,986694.9583486358,717198.5669247964,1082230.9647651636,0.43344594439800477,0.010445593489031008,0.4185132522111178,0.4325048215562477,0.4512229008628333,0.4171794846923692,0.4538240335864493
183,SRC,8,8,#5,12.0,nan,50000,42,802055.2106158737,61460.047765200165,701820.9901536342,802061.7995415372,902230.1052080316,628069.7639708876,1018411.4320282539,853435.6173896936,68509.09907881166,749709.8458739088,848451.8436106052,974402.1303359896,707241.4772410925,1067057.267780314,0.5154354880256578,0.012421455656284861,0.49767816537825155,0.514316344756462,0.5365750888212901,0.4960921057534608,0.5396682452624667
184,SRC,8,8,#5,15.0,nan,50000,42,754307.9013000984,59108.96471645101,658721.3666497628,754242.2209356567,850081.6401311894,589406.7125915275,964941.2060056148,841523.4946469038,68370.20994785732,738076.0227700506,836516.0811659357,962408.554300517,696488.331939869,1051883.5707954646,0.6385250111743895,0.015387784302769348,0.6165271183143274,0.637138608830992,0.6647128933591362,0.6145622967931668,0.6685447167338356
185,SRC,8,8,#5,18.0,nan,50000,42,724981.4413759646,57878.229202638235,631852.8865641595,725001.0490714302,818377.4024123865,565659.8157910641,932099.7231438946,834207.0532550458,68298.43170355163,730966.745465645,829207.6522310025,955148.7768361381,689883.7360107214,1042563.8662319212,0.7616830079158804,0.018355763091154897,0.7354421858521583,0.7600291978244663,0.7929219798031959,0.7330983917327972,0.7974928810251787
186,SRC,8,8,#6,6.0,nan,50000,42,1251101.9283112974,97039.0652807142,1091773.618098794,1251143.4524422316,1410248.0616050856,991682.2180920471,1536269.2324675736,965464.9588350647,71109.30376507918,857194.8515603018,960615.6127246907,1090051.8173587294,796658.421681255,1209760.5724061197,0.20107922785276625,0.0048457988830773015,0.19415182605443465,0.20064263303216423,0.20932610782873312,0.19353308005791242,0.2105327952285511
187,SRC,8,8,#6,8.0,nan,50000,42,1079656.6686853156,81419.81981292841,944581.933214244,1079834.6770714808,1214160.9871255783,852855.6124328877,1337335.1693615972,922692.3501666345,69847.11241855225,816829.0983953485,917770.6164689846,1045347.3838927405,763060.3804842341,1155276.697684534,0.25891284692932326,0.006239528557286624,0.24999301298833237,0.25835068041832276,0.2695316621876823,0.24919630569441437,0.27108541228597377
188,SRC,8,8,#6,10.0,nan,50000,42,976789.5129097267,73026.33612437977,855667.0943032284,976799.2513458801,1097489.9543528976,769559.6490373919,1217974.731498011,897028.7849655761,69247.20699401676,792176.1034648676,892057.488424149,1019136.4716044766,742901.5557660215,1122586.3728515822,0.31711708359299634,0.007642189727348968,0.3061920493235573,0.3164285406853097,0.33012303430529466,0.305216240295458,0.33202607119838873
189,SRC,8,8,#6,12.0,nan,50000,42,908211.409059334,68009.73694474493,795751.4883199615,908107.6495844852,1020091.7895919131,714029.006773728,1138401.1062556205,879919.7414982042,68914.85407510125,775670.6678760186,875012.9987012837,1001629.0087001617,729231.3945412105,1100792.822962948,0.37549434261298253,0.00904902055506279,0.36255814720355334,0.3746790476324874,0.3908945249602674,0.36140270402978775,0.39314788696474945
190,SRC,8,8,#6,15.0,nan,50000,42,839633.3052089413,63585.90829526065,735282.4779264455,839523.1434433816,943660.3315734506,658498.3645100641,1060493.5773927798,862810.6980308322,68637.50332543516,758902.8958203795,857976.1676703799,984052.5977336316,715103.6048465904,1078999.2730743133,0.46322532832014823,0.011163245465764854,0.447266703420378,0.46221954676192417,0.4822236292648948,0.4458413010033981,0.4850034696936125
191,SRC,8,8,#6,18.0,nan,50000,42,797516.3998540703,61219.093676998826,697798.1979243001,797567.7982394577,897285.362105236,624394.4935483339,1013328.606612845,852303.2630921283,68494.72618156273,748618.6135916696,847283.418776311,973246.5590074162,706219.2941628032,1065614.8715456757,0.5510625709315966,0.013280031056620656,0.5320778558736098,0.5498660720845225,0.5736633483975226,0.5303821672475979,0.5769703049039467
192,SRC,8,8,#6,24.0,nan,50000,42,736766.1494333522,58352.309065929316,642740.8566807817,736722.2422522216,831145.9647728042,575202.4011145683,945296.9276035633,837147.1328297742,68326.03514694946,733849.0778902537,832177.4087499474,958087.685694977,692537.7636384462,1046308.9482413621,0.7268913272314766,0.01751732000978245,0.7018491170478269,0.7253130588444398,0.7567033848729481,0.699612381292304,0.7610654993239218
193,SRC,8,10,#3,6.0,nan,50000,42,833539.6612626208,69552.7136409849,722633.2921190866,833932.434917117,944881.0755213598,648838.5630395871,1080913.303590446,1026618.0879202562,85268.24154726068,897779.329099901,1020446.473754409,1177514.7802919643,848403.0628430368,1284046.585252057,0.5180161708825712,0.011771209831994702,0.5011884192308323,0.5169556131976834,0.5380491431537469,0.4996853876082849,0.5409803771829769
194,SRC,8,10,#3,8.0,nan,50000,42,792192.838864274,68351.84628893151,683621.3048879168,792713.912863567,901162.7951220416,615358.2613918375,1034610.7166878771,1016302.7752776921,85198.99085524166,887693.6138739609,1010216.0586627531,1167122.4665484498,839091.3676844069,1270906.9096692984,0.6869850313497814,0.015610796361202578,0.664668327459399,0.6855785361564757,0.7135524492361677,0.662675030175694,0.717439806455216
195,SRC,8,10,#3,10.0,nan,50000,42,767384.745425266,67782.63753520344,659782.9054717828,767793.3917669506,875031.3637780759,594969.9474136163,1006829.1645463358,1010113.5876921536,85165.37149490531,881485.7428245619,1004114.4723412879,1160847.1132662224,833504.350589229,1263040.9110155809,0.8559776415011693,0.01945092256953943,0.8281712138638204,0.8542251601756548,0.8890804234620562,0.825687582008896,0.893924038260323
196,SRC,8,10,#4,6.0,nan,50000,42,973860.5322722975,75758.59451924998,850202.5236842548,973908.0684238821,1097521.6312113213,762462.411654052,1238052.811472664,1061625.7032769227,85625.87078561881,932005.8799829817,1055392.0093388585,1212947.6255102502,879484.5887551217,1328639.3886552749,0.29281904396322617,0.006653912759948526,0.2833068193886197,0.2922195424325546,0.3041430838637435,0.2824572005784366,0.3058000227670393
197,SRC,8,10,#4,8.0,nan,50000,42,897766.6173006676,72008.3405620545,781621.4569720632,897840.4632694558,1013963.0452894038,700845.8936478161,1152838.4006338895,1042641.5957301129,85408.49293832775,913411.4503548765,1036383.823854897,1193696.1135001522,862867.5803295589,1304457.3766274485,0.38653184528479057,0.008783408150837063,0.3739753610212611,0.3857404813428652,0.4014799920295606,0.37285383312456466,0.40366721196972094
198,SRC,8,10,#4,10.0,nan,50000,42,852110.2683176897,70191.10105925391,740038.9681301551,852507.5341723276,965052.8083862294,663875.9828440746,1101709.7541306247,1031251.1312020273,85304.71327991571,902329.8900581412,1025042.274244257,1182309.5133465617,852585.3390562244,1289948.1694107526,0.48029096389011616,0.01091395603872598,0.46468871532102796,0.47930764270948956,0.4988650086835711,0.46329514394753063,0.5015827717504804
199,SRC,8,10,#4,12.0,nan,50000,42,821672.7023290378,69176.49098522266,711613.3783272995,822135.8149059932,932228.3390226556,639229.3756415803,1067623.989795115,1023657.4881833034,85246.67700349582,894925.1664917413,1017481.8412755479,1174539.3268740338,845730.5115406682,1280275.3645996223,0.574072783795592,0.013045019782649027,0.5554240334693701,0.5728974588988767,0.596273604553407,0.5537583527509119,0.5995220392041044
200,SRC,8,10,#4,15.0,nan,50000,42,791235.1363403859,68327.73254364764,682676.9360874592,791763.3298800667,900154.3766384616,614582.768439086,1033538.2254596053,1016063.8451645796,85197.58253294883,887472.9115858072,1009981.6534058731,1166871.3218752088,838875.6840251118,1270602.5597884918,0.7147679023715091,0.01624212415155864,0.6915486721122502,0.7133045260632372,0.7424097529032,0.6894747624151535,0.7464543216178467
201,SRC,8,10,#4,18.0,nan,50000,42,772538.5907784685,67891.3402129116,664823.7044994334,772940.2820171396,880461.8284072744,599236.6308503373,1012600.7416230451,1011399.3824170183,85171.86584173198,882776.1648013941,1005466.3965375728,1162137.300325763,834665.0452699807,1264660.9534218637,0.8554777905829919,0.019439564140259984,0.8276876005991889,0.8537263326246276,0.8885612420670589,0.8252054190691364,0.893402028420765
202,SRC,8,10,#5,6.0,nan,50000,42,1148619.6731981947,87157.14451823955,1004165.9812335443,1148538.7727754219,1292691.6526246266,903972.4096299678,1437817.486391987,1105225.0676592414,86332.97469410891,974608.9423706917,1099008.3180594556,1257646.6268044624,914895.4385076159,1384176.387236807,0.19511892817024837,0.004433811094685984,0.18878049116700132,0.19471945245815717,0.2026646618699443,0.18821435069556047,0.2037687572131941
203,SRC,8,10,#5,8.0,nan,50000,42,1029251.3999087561,78992.57186505558,899452.6199475486,1029205.8395223983,1158822.593877308,807314.7811815673,1300082.7405839358,1075444.760802267,85818.81195267117,945495.796421396,1069389.6216789042,1226982.4804849667,890895.6731251068,1346242.144774683,0.2560298625311106,0.005817928868853117,0.24771273425543938,0.25550568113768896,0.26593117338775824,0.24696985980222472,0.2673799379007881
204,SRC,8,10,#5,10.0,nan,50000,42,957630.435935093,74888.0310812391,835805.1528679626,957824.4110179087,1079438.026542106,749320.2041125272,1219877.4015499773,1057576.5766880822,85574.86413250404,928048.2315536259,1051308.7838268732,1208756.4528994365,876141.0231722109,1323481.5992974085,0.3170186822358982,0.007203816481063375,0.30672033258295556,0.3163696357029965,0.32927858226924295,0.30580049816248356,0.33107245667221447
205,SRC,8,10,#5,12.0,nan,50000,42,909883.1266193176,72547.28971771918,792661.6074941776,909918.8098034633,1027152.3063660691,710657.1527331669,1166407.1755273382,1045664.4539452926,85439.39669025016,916408.4451123237,1039397.6875696102,1196700.2136020942,865596.3327370589,1308307.9023125588,0.37804522788412587,0.00859056136380167,0.3657644313269056,0.37727123897373216,0.39266517605012574,0.36466752747679043,0.3948043738181684
206,SRC,8,10,#5,15.0,nan,50000,42,862135.817303542,70560.42215114941,749333.19061025,862513.8189886844,975686.2935541281,671994.1013538068,1112936.949504699,1033752.3312025027,85325.78397714261,904875.4196461934,1027556.1500506033,1184896.611676526,854843.1874358355,1293134.2053277092,0.46962195232472514,0.010671517325621277,0.45436628652097044,0.46866047428885327,0.4877833999351883,0.45300367144317477,0.4904407915860751
207,SRC,8,10,#5,18.0,nan,50000,42,832809.3573794084,69528.83979271905,721938.4433862396,833193.8194642861,944132.098152023,648247.2045533434,1080095.4666429788,1026435.8898106448,85266.87521342201,897601.0480381657,1020283.4989293597,1177336.2366058677,848238.5915066878,1283814.500764166,0.5612228749812398,0.012753023158840875,0.5429915538520774,0.5600738582777995,0.582926757841293,0.5413631573351181,0.5861024803024751
208,SRC,8,10,#5,24.0,nan,50000,42,790514.853329879,68309.70902562406,681956.4539346029,791048.6808306433,899368.8472783157,613999.5242847666,1032731.6104707405,1015884.1470883181,85196.52918406732,887292.8195999003,1009816.9214196998,1166693.117308535,838713.469484,1270373.6598504346,0.7444604593016807,0.016916846945401166,0.7202766665402999,0.7429362920930346,0.7732505947771192,0.7181166034477515,0.7774631810907925
209,SRC,8,10,#6,6.0,nan,50000,42,1358929.8443147412,104453.42557341205,1186031.3421256624,1359044.4972707331,1531525.3480497557,1074269.6068543266,1681847.8955383215,1157693.7953906637,87559.09541258134,1025044.7937772898,1151533.2017466836,1311396.8314432933,956109.8168388755,1451011.2069383645,0.14275175539598195,0.003243838631116027,0.13811446563037366,0.14245949333984093,0.14827232042513358,0.1377002692894201,0.14908009212545736
210,SRC,8,10,#6,8.0,nan,50000,42,1187484.5846887594,90111.0823380555,1038030.466256623,1187380.7155756247,1336618.9739184321,935443.001195167,1482913.8324323448,1114921.1867222332,86529.07422613706,984036.1598356649,1108719.3726029573,1267423.8604223458,922511.7756418546,1396527.3322167788,0.18591685330998495,0.004224706514253033,0.17987734564356808,0.18553621741749501,0.193106719913488,0.17933790512916611,0.19415874461399324
211,SRC,8,10,#6,10.0,nan,50000,42,1084617.4289131707,82594.1594575383,948045.8606341189,1084595.7874440376,1220650.5517298232,852147.0377996711,1363553.3945687588,1089257.6215211754,86040.6702037996,959023.4396192605,1083187.8832728048,1241099.9565847712,902301.6404832453,1363837.0073838271,0.22920336444965841,0.005208333347083275,0.22175769477465485,0.22873410614609024,0.2380672279785849,0.2210926578045248,0.23936419270527326
212,SRC,8,10,#6,12.0,nan,50000,42,1016039.3250627778,78185.84654117367,887589.9461111285,1016051.9017918194,1143924.8392447052,796616.3955360074,1285287.0874180081,1072148.5780538034,85770.14720240487,942244.5387420794,1066092.4269039053,1223596.8886485123,888173.8507886251,1342043.4574951928,0.2725478274351545,0.006193277056443001,0.263694113186262,0.271989828073101,0.283087929031356,0.2629033116122615,0.284630161709169
213,SRC,8,10,#6,15.0,nan,50000,42,947461.2212123851,74361.43412495512,826811.8981148725,947618.8968149463,1068311.9568813522,741085.7532723434,1208489.320891864,1055039.5345864315,85544.18558827782,925538.834821227,1048741.2060156818,1206262.476292385,874046.0610940049,1320249.9076065584,0.3376206494836238,0.007671968042841231,0.3266530450701756,0.33692942362135647,0.35067727877332006,0.3256734337353898,0.3525877309799588
214,SRC,8,10,#6,18.0,nan,50000,42,905344.3158575142,72342.70290825458,788542.818767993,905348.1776123617,1022170.456479898,706981.8823106132,1161324.3501119292,1044532.0996477273,85427.65528445377,915272.3458126349,1038273.4852789798,1195578.9342888305,864574.1496587697,1306865.5060779206,0.40272999781421587,0.009151489039102893,0.3896473166801953,0.40190547066984295,0.4183045673594814,0.3884787896030735,0.4205834457817004
215,SRC,8,10,#6,24.0,nan,50000,42,844594.0654367959,69925.50630272736,732984.1488095479,844890.7058514539,956863.6857899516,657789.7898768476,1093292.6711026474,1029375.9693853732,85289.55143239479,900483.2440738837,1023147.5572525939,1180402.853060239,850892.6191344126,1287559.5827736068,0.5330022683510636,0.012111748424764493,0.5156876934289258,0.5319110289582869,0.5536147902423368,0.5141411794217352,0.5566308242475795
216,SRC,8,12,#3,6.0,nan,50000,42,941367.5772660646,81557.08192343362,812255.5796103943,942003.9456753207,1070730.645242382,731425.9518018665,1228909.0470895302,1218846.9244758552,102249.71177315587,1064387.5381256256,1211544.4458289389,1399846.5637406434,1006757.9183390031,1525297.2197843017,0.41247183556767414,0.009055416828015335,0.39952649624744246,0.41165596429837514,0.42788290348751495,0.3983702363521459,0.4301378582741499
217,SRC,8,12,#3,8.0,nan,50000,42,900020.7548677179,80530.74328826154,772844.7507123485,900533.3048120278,1027366.8804364803,697945.6501541169,1182606.4601869613,1208531.6118332911,102190.31667521714,1054186.799202692,1201334.943893405,1389393.288248731,997446.2231803732,1512157.544201543,0.5476912617567923,0.012024027438003565,0.530502090000593,0.5466079258138701,0.5681544946522474,0.5289667768316292,0.571148684620629
218,SRC,8,12,#3,10.0,nan,50000,42,875212.6614287097,80045.36542818039,748910.4621254022,875697.6426678323,1001334.7772356098,677857.4691654671,1154824.90804542,1202342.4242477526,102161.29709568946,1047942.9711663562,1195153.6312681702,1383201.5375801977,991859.2060851953,1504955.9966038852,0.6829219153334156,0.014992884534333365,0.6614885587721211,0.6815710925090441,0.7084377326901725,0.6595741608563643,0.7121712192196458
219,SRC,8,12,#3,12.0,nan,50000,42,858673.9324693708,79777.28173166024,732619.3813160504,859074.932113224,984125.055982911,664369.325050873,1136303.8732843923,1198216.2991907268,102144.71071516829,1043993.106795255,1190925.7610528325,1379171.8570623414,988134.5280217433,1500259.4356507878,0.8181581364286221,0.017961863860103136,0.792480420326866,0.8165398157102227,0.8487267462642945,0.7901869220571939,0.8531995597920956
220,SRC,8,12,#4,6.0,nan,50000,42,1081688.4482757412,86924.64603890965,941216.7316233197,1081872.6375592574,1222412.7505641668,845049.8004163314,1386048.554971748,1253854.5398325217,102553.7252783057,1098743.7146451161,1246264.4799089925,1435154.6630409225,1038359.5046144158,1569890.0231875193,0.23167399674782907,0.005086176625554494,0.22440295848300468,0.23121574447096727,0.24032996641962007,0.22375351935013904,0.2415965120182702
221,SRC,8,12,#4,8.0,nan,50000,42,1005594.5333041113,83668.07484532647,872103.7514918981,1006038.9542150397,1139704.5435892746,783433.2824100956,1300834.1441329736,1234870.4322857119,102369.26236117003,1080234.3931505424,1227406.9332402663,1416095.1304841787,1021222.4358255252,1545708.0111596931,0.30653840512065494,0.006729751689208684,0.29691776359610544,0.30593207068492195,0.31799151239730683,0.29605846113313516,0.3196673365004555
222,SRC,8,12,#4,10.0,nan,50000,42,959938.1843211334,82104.23875264642,829821.2015320227,960556.1309060871,1090671.540746235,746463.371606354,1249705.497629709,1223479.9677576264,102280.86992184265,1068908.0360221067,1216131.7321755425,1404457.6051479338,1010940.1945521907,1531198.8039429972,0.38142435605786007,0.008373799698851363,0.36945343516486306,0.38066989685196,0.3956754058280807,0.3683842089826874,0.3977606262074264
223,SRC,8,12,#4,12.0,nan,50000,42,929500.6183324816,81235.14470483607,800994.2763578307,930163.5780313972,1058221.5230480733,721816.7644038597,1215619.7332941992,1215886.3247389025,102231.25520222766,1061480.623164109,1208635.6624934203,1396912.5202628516,1004085.3670366344,1521525.999131867,0.45632091492131627,0.010018080595167999,0.4419993817324016,0.45541830996272037,0.4733703035260383,0.44072020209439705,0.47586497817437484
224,SRC,8,12,#4,15.0,nan,50000,42,899063.0523438295,80510.16918184435,771894.5236181016,899574.1400373967,1026284.6480224716,697170.1572013653,1181533.9689586894,1208292.6817201786,102189.10424026466,1053921.113847217,1201115.907533983,1389161.3591618827,997230.5395210781,1511853.1943207365,0.568676248868348,0.01248473236144188,0.5508284678317941,0.5675514045202583,0.5899235378708779,0.5492343285881554,0.5930324513016979
225,SRC,8,12,#4,18.0,nan,50000,42,880366.5067819122,80138.02079275668,753791.7970219793,880809.3921011683,1006787.3920120134,682030.7595675362,1160596.485122129,1203628.2189726173,102166.9171262012,1049208.106368321,1196433.5453977282,1384499.213402138,993019.9007659468,1506419.552171164,0.6810385236054541,0.01495153650599185,0.6596642768860662,0.6796914261389547,0.706483972332558,0.6577551585800534,0.7102071624906773
226,SRC,8,12,#4,24.0,nan,50000,42,853406.7033608517,79701.31774109662,727406.2864976709,853847.3575487569,978657.7252243498,660008.7752759813,1130405.3224554246,1196902.217192093,102139.89210889649,1042659.6906551493,1189603.888884089,1377860.9678975174,986948.2982477437,1498763.6821002634,0.90577340591155,0.01988537164233723,0.877345903532801,0.90398178176984,0.9396155601504619,0.8748067981365736,0.9445673602520517
227,SRC,8,12,#5,6.0,nan,50000,42,1256447.5892016387,97036.46413794547,1096199.8795588228,1256350.5302663243,1415881.9648280628,986559.7983922471,1583396.1494627348,1297453.9042148404,103151.76656531946,1141380.0522399715,1290051.756575911,1479519.3879708196,1074346.8336652366,1625427.0217690514,0.15318994956190723,0.0033631359223267937,0.14838211613784139,0.15288693910685175,0.1589135420929861,0.14795268707198247,0.15975102087393994
228,SRC,8,12,#5,8.0,nan,50000,42,1137079.3159122,89762.8161724379,990565.51668304,1137414.930978098,1283364.4620106572,889902.1699438466,1448078.4840830201,1267673.5973578661,102717.07644287536,1112173.2431687799,1260142.1365770833,1449119.806347227,1049838.1293725213,1587492.7793069277,0.20178506893843787,0.004429994368930842,0.19545208820638532,0.20138593710415437,0.20932430709839656,0.1948864350815797,0.2104274520111831
229,SRC,8,12,#5,10.0,nan,50000,42,1065458.3519385369,86165.25687243784,926514.0532673553,1065739.0086961898,1204541.5200176083,831907.5928748065,1367873.1450490614,1249805.4132436812,102510.49511388931,1094766.584276456,1242212.8770515714,1431049.2947511177,1034704.3335342488,1564732.2338296531,0.2504157215278519,0.005497632912564923,0.24255647828561405,0.24992039802947488,0.25977193293402073,0.24185450149353585,0.2611409382362391
230,SRC,8,12,#5,12.0,nan,50000,42,1017711.0426227613,84133.67475789355,883169.203226654,1018081.3956840814,1152771.719351244,793244.5414954463,1314402.9190264223,1237893.2905008916,102395.53064850316,1083150.952791946,1230416.7120326061,1419212.6447559958,1023951.1882330251,1549558.5368448035,0.29906371646696545,0.006565652190571061,0.289677666428649,0.298472167001244,0.3102375490766255,0.2888393173544312,0.3118725095776932
231,SRC,8,12,#5,15.0,nan,50000,42,969963.7333069859,82421.30093149777,839164.2464626542,970661.050070534,1101426.0372675806,754581.4901160862,1260932.6930037832,1225981.1677581018,102298.844343937,1071434.6410507238,1218589.7826904473,1407009.3851935556,1013198.0429318016,1534384.8398599538,0.37205276271521953,0.008168055507994144,0.36037596725171944,0.37131684056590497,0.38595366430787603,0.3593330119481899,0.38798765083937053
232,SRC,8,12,#5,18.0,nan,50000,42,940637.2733828523,81536.64157300322,811565.1758246728,941260.9422210169,1070016.1872541164,730834.5933156227,1228091.210142063,1218664.7263662438,102248.54318741651,1064212.7919951724,1211367.1454666476,1399669.891823795,1006593.4470026541,1525065.1352964106,0.44505303453818773,0.009770705271960735,0.4310851413372703,0.44417271750103937,0.46168142453179717,0.429837548336385,0.4641144984631533
233,SRC,8,12,#5,24.0,nan,50000,42,898342.7693333229,80494.79210219243,771193.6235594379,898858.4776232489,1025551.2564485744,696586.9130470459,1180727.3539698245,1208112.9836439171,102188.19724898426,1053726.7110502932,1200941.7100317986,1388975.7207815803,997068.3249799663,1511624.2943826793,0.591070217872909,0.012976370108030967,0.5725196069641245,0.5899010781467089,0.6131542063723855,0.570862691923392,0.6163855460714842
234,SRC,8,12,#6,6.0,nan,50000,42,1466757.7603181852,112845.24910814936,1279364.5131277808,1466622.0637063365,1653981.7623923775,1156856.9956166057,1827426.5586090689,1349922.6319462624,104188.3757276975,1192058.8932182603,1342656.3189543246,1533247.0128252134,1115561.2119964962,1692261.8414706092,0.11104568180480073,0.0024378996309158815,0.10756053710629981,0.11082603291352655,0.11519465004197393,0.10724924877738871,0.11580172904744411
235,SRC,8,12,#6,8.0,nan,50000,42,1295312.5006922034,99701.66232664448,1130162.964994038,1295230.043557209,1459733.3249886993,1018030.3899574463,1628492.4955030927,1307150.0232778324,103317.48448082697,1150854.5990766976,1299820.4658115814,1489360.5934610863,1081963.1707994754,1637777.9667490234,0.1454625722501681,0.003193488890672275,0.1408972608911985,0.14517484658450194,0.15089744897976795,0.14048949356248364,0.15169268272735298
236,SRC,8,12,#6,10.0,nan,50000,42,1192445.3449166142,92953.42271287253,1040136.1129862436,1192637.355061649,1344586.9751350605,934734.4265619505,1510080.5974432365,1281486.4580767744,102904.7060224018,1125694.422410115,1274140.9873771328,1463245.2286139973,1061244.0967306597,1605087.6419160715,0.1799336107366023,0.003950266917854707,0.17428643329261018,0.17957770119145922,0.186656419076492,0.1737820351738288,0.18764010358975972
237,SRC,8,12,#6,12.0,nan,50000,42,1123867.2410662218,89052.36149715992,978867.9243258969,1124165.162476283,1268695.3845120254,879203.7842982867,1433282.8309170925,1264377.4146094024,102675.8955638714,1108988.6277438072,1256808.8228754436,1445774.4313120781,1047116.3070360394,1583294.0920274374,0.21443078938220514,0.004707618826734775,0.20770092544995047,0.21400664425222488,0.22244250599971963,0.20709982326381407,0.2236147841850989
238,SRC,8,12,#6,15.0,nan,50000,42,1055289.137215829,85706.89730296576,917266.402017467,1055533.6523133968,1193426.6979623465,823673.1420346227,1356485.064390948,1247268.3711420302,102484.48103476664,1092267.5297957247,1239681.629483277,1428613.636302684,1032414.1302729627,1561500.542138803,0.266202070679171,0.005844206810297938,0.2578473762842254,0.2656755217064487,0.27614810296036385,0.2571011464769281,0.27760341113350007
239,SRC,8,12,#6,18.0,nan,50000,42,1013172.2318609579,83956.8347801723,879067.7151168361,1013499.5804410866,1147782.1530183787,789569.2710728926,1309320.0936110134,1236760.936203326,102385.55269129916,1082046.9924837826,1229309.7233711623,1418051.2678333619,1022929.0051547359,1548116.1406101652,0.31799005151949866,0.006981161416047006,0.30801000255030675,0.3173610656722574,0.32987102340466057,0.3071185983089256,0.33160945286079385
240,SRC,8,12,#6,24.0,nan,50000,42,952421.9814402398,81876.46242268973,822702.5286619747,953061.0502706156,1082578.1645943564,740377.1786391269,1241288.4146017316,1221604.8059409722,102267.92472699925,1067122.2063612812,1214322.8664249987,1402684.8534552448,1009247.4746303789,1528810.2173058514,0.42159063782783995,0.009255611237227313,0.40835910687154303,0.42075672952392923,0.43734240896390303,0.4071772847331129,0.43964721560715425
241,SRC,10,6,#4,6.0,nan,50000,42,790062.2658255369,57312.59654835359,695708.498113318,790044.7279258837,884686.0542739318,622462.3767447985,981527.0125123011,683122.4904217491,51957.71617992015,604462.6065425153,679407.1186471365,774805.055011503,566249.4636703635,852321.0684911052,0.642043344030874,0.017349105429911752,0.617241608124267,0.6404802313727671,0.6715691237058274,0.6150263512002767,0.6758893498286035
242,SRC,10,6,#4,8.0,nan,50000,42,713968.3508539071,52278.68168913818,627925.5033073092,713738.9387445285,800073.8219768713,560739.2522274293,895334.9210381904,664138.3828749395,51610.18370318624,586019.309623382,660478.1166991636,755311.5368918476,550914.2703749449,828139.0564632791,0.8341497231469576,0.0225401472124168,0.8019270370426602,0.8321189101136482,0.8725099384977395,0.7990489510582396,0.8781228234497445
243,SRC,10,6,#5,6.0,nan,50000,42,964821.4067514342,71666.01340810525,846885.3651399709,964925.1678139485,1082672.451950702,763972.3747207143,1184306.2905462452,726721.854804068,53089.29776725447,645858.5413213201,723095.3837355229,819734.4780273659,600776.594013233,907858.0670726374,0.45166233270046086,0.012204686025626589,0.43421489710480377,0.45056271985344987,0.47243302154377986,0.43265651616507056,0.4754721986126611
244,SRC,10,6,#5,8.0,nan,50000,42,845453.1334619957,61509.20809794752,743951.6769881679,845364.3553418161,947186.8370936293,667314.7462723139,1045799.0161939716,696941.5479470934,52266.8133520955,617781.4801272751,693239.505274134,788865.9293375026,577193.0268886079,869923.8246105134,0.5766209546523792,0.015581280965478608,0.5543464450441676,0.5752171187252155,0.6031381414144754,0.5523569164956869,0.607018148791531
245,SRC,10,6,#5,10.0,nan,50000,42,773832.1694883325,56161.5299867374,681404.2272102184,773755.0542509025,866510.6636789225,609320.1692032737,962694.6515826075,679073.3638329087,51876.05256173947,600553.1580177642,675357.4941695209,770590.0148290277,563042.8866138329,847163.279133239,0.702852549883985,0.01899227381295491,0.675701792095474,0.7011413917079514,0.7351747750496055,0.6732767237692462,0.7399041784064021
246,SRC,10,6,#5,12.0,nan,50000,42,726084.860172557,53014.82953014691,638759.1733679245,725913.442789737,813347.1867257108,570657.1178239135,908903.6959316389,667161.241090119,51659.481946077205,588916.7130639621,663481.6751305838,758367.3697932953,553609.4597639828,831989.5821483893,0.8296687334530577,0.022419063233659626,0.7976191451995853,0.8276488297949118,0.8678228806066408,0.7947565200770177,0.8734056135620376
247,SRC,10,6,#6,6.0,nan,50000,42,1175131.5778679808,91887.34847636701,1026036.6985339423,1174954.5561566118,1323593.656993324,934269.5719450731,1428336.6996925797,779190.5825354899,55030.979123127996,694731.931164267,775677.443824331,875341.872640196,642327.5346513035,974692.886774195,0.3542997981662456,0.009573784401520197,0.34061341685324054,0.3534372232257416,0.3705930560541959,0.33939096810682323,0.3729770932964829
248,SRC,10,6,#6,8.0,nan,50000,42,1003686.3182419993,75222.23636125936,880157.0039829804,1003778.3682785041,1126838.1090011836,795442.9662859135,1229402.636586603,736417.9738670598,53401.92899632541,655055.3120476406,732780.6537294358,830001.0664673377,608455.1272086314,920209.0120526091,0.44143423642413926,0.011928305431863035,0.4243819058397421,0.4403595248036677,0.46173456369458854,0.4228588151359502,0.464704917234451
249,SRC,10,6,#6,10.0,nan,50000,42,900819.1624664101,66057.09236550184,791733.403793932,900713.2864570066,1010055.3474798243,712147.0028904176,1110042.198723017,710754.4086660019,52622.099724399304,630860.4964735708,707041.5644944356,803028.3492040207,588131.682743028,887518.6872196576,0.5309122253273552,0.014346153194900851,0.5104034155646221,0.5296196714406614,0.5553273953271565,0.5085715968967365,0.5588998346119567
250,SRC,10,6,#6,12.0,nan,50000,42,832241.0586160173,60473.260780858254,732512.640636387,832250.3046753032,932160.9417465897,656616.3606267539,1030468.5734806263,693645.3651986298,52188.843113581905,614637.4677112509,689908.613925436,785531.5796617367,574582.7197659592,865725.1373310231,0.6214178214604056,0.016791768656703378,0.5974128366898152,0.6199049235046388,0.6499950909751679,0.5952687444809645,0.6541765306402486
251,SRC,10,6,#6,15.0,nan,50000,42,763662.9547656247,55460.39983675128,672369.8006832303,763533.1103227768,855098.4417131457,601085.71836309,950985.8412961648,676536.3217312577,51826.95849169458,598085.8629157576,672840.7373520313,768045.2762059106,561033.7567888902,843931.5874423889,0.758117446952915,0.020485625523140972,0.7288318404898516,0.7562717413807274,0.7929811503377033,0.7262160904175645,0.7980824239961072
252,SRC,10,6,#6,18.0,nan,50000,42,721546.0494107537,52735.928104578365,634728.6602829538,721324.8950605221,808370.9653542183,566981.8474013597,903820.8705162301,666028.8867925538,51640.7454428075,587831.9045331118,662382.4532509829,757263.3208301995,552620.8397041557,830547.185913751,0.8954050075424724,0.02419536939795497,0.8608160678190291,0.8932250629726325,0.9365821822898487,0.8577266313173112,0.9426072460803447
253,SRC,10,8,#3,6.0,nan,50000,42,757569.3108193042,59513.64464599961,661186.5187638822,757443.3727547363,854046.2755244025,590659.2596742554,971405.567493831,840343.7116206818,68323.53461894306,737082.083975125,835388.9054659986,961251.5259979923,694804.6083843893,1048978.899620132,0.6913921895303025,0.01681380702662643,0.6673556993986516,0.6898773059704286,0.720006965304818,0.6652087931743023,0.7241938929036617
254,SRC,10,8,#3,8.0,nan,50000,42,716222.4884209574,58110.84307464678,622255.9348952654,716232.3129233911,810252.3072247456,556429.710629201,925102.9805912621,830028.3989781176,68239.33623676536,726985.7040497882,825120.024483934,950662.0132579269,685492.9132257594,1035839.2240373737,0.9148124609003297,0.022247113022177464,0.8830086872654552,0.9128080495425346,0.9526739725586828,0.8801680179663799,0.9582138869492572
255,SRC,10,8,#4,6.0,nan,50000,42,897890.1818289809,66645.46507290196,788486.5261434282,897765.2269085745,1007259.2443455501,705049.7655070778,1128545.0753760491,875351.3269773482,68761.77416389005,771249.5256038355,870514.683870316,996821.8299947233,725908.9543586776,1093571.7030233499,0.3955275513085186,0.009618743199765415,0.38177689831042527,0.39466092568846156,0.4118973228574645,0.3805487089055337,0.4142925556150137
256,SRC,10,8,#4,8.0,nan,50000,42,821796.266857351,62358.32777735471,720105.9352872149,821731.5346207549,923703.1132113734,643433.247500842,1043330.6645372746,856367.2194305385,68495.01271713355,752736.3368491777,851314.1603497907,977299.0800126079,709269.1258709114,1069389.6909955235,0.5198010685059207,0.012640922171872071,0.5017300034248239,0.5186621518316967,0.5413141709792871,0.5001159207575654,0.5444619783635655
257,SRC,10,8,#4,10.0,nan,50000,42,776139.917874373,60256.24065156351,678436.51370876,776050.5659353364,873934.4640424433,606033.1981806719,992202.0180340098,844976.7549024528,68368.03907195732,741640.2341300404,839969.2727753487,965917.7852068633,698986.8845975768,1054880.4837788278,0.6442038322331913,0.0156662442604978,0.6218078617684917,0.6427923413175642,0.6708656147808933,0.6198074845034395,0.6747667794820601
258,SRC,10,8,#4,12.0,nan,50000,42,745702.351885721,59074.981160823925,650128.2072095238,745706.0476977725,841458.0214621779,580835.0306459814,958116.2536985001,837383.1118837291,68297.26424986457,734267.0498594329,832512.9045508278,958237.2717382102,692132.0570820206,1045207.6789676973,0.7686693904807224,0.018693093434563567,0.741946331559065,0.7669851877369678,0.8004824519911249,0.7395594647071109,0.8051373542797615
259,SRC,10,8,#4,15.0,nan,50000,42,715264.7858970691,58082.59767997402,621328.0611583955,715261.3403118048,809267.7320919195,555636.8631112908,924030.4893629904,829789.4688650052,68237.62992980887,726761.739432498,824891.2122233161,950426.1248970357,685277.2295664643,1035534.8741565668,0.9554292854770494,0.02323486420133274,0.9222134537976944,0.953335880114495,0.9949718131282578,0.9192466614170779,1.0007576945782999
260,SRC,10,8,#5,6.0,nan,50000,42,1072649.3227548779,79347.8409022177,941228.8132479865,1072633.8752507572,1203911.903385705,846559.7634829935,1329884.953616993,918950.6913596671,69631.01649626186,813389.780349607,913993.737275583,1041433.3039513616,760943.3701218228,1149108.7016048818,0.2674718658951977,0.006504586552053397,0.25817311337464677,0.26688581829658564,0.2785417732277956,0.25734256159459434,0.2801615273329029
261,SRC,10,8,#5,8.0,nan,50000,42,953281.0494654393,70294.19808489863,837290.8413931135,953274.2141199228,1069065.380811855,749902.135034593,1191377.6792647191,889170.3845026927,68998.9099975958,784722.5957666142,884242.7319753938,1011078.7673987044,737320.0387286628,1111174.4591427578,0.34838723575676167,0.008472348749750037,0.3362754322376196,0.3476238975184801,0.3628060023914492,0.3351936226131311,0.3649157631821602
262,SRC,10,8,#5,10.0,nan,50000,42,881660.0854917765,65655.97146742413,774001.8192406624,881503.8465844876,989035.3959088199,691907.5579655529,1110369.6654533625,871302.200388508,68699.12344023414,767243.6468996273,866455.9867571419,992671.7039760674,722565.3887757668,1088413.9136654835,0.42952805048183446,0.010445593489031008,0.4145953582949474,0.4285869276400772,0.44730500694666275,0.41326159077619873,0.4499061396702789
263,SRC,10,8,#5,12.0,nan,50000,42,833912.7761760008,62978.512043412986,731225.6553340021,833874.540609149,936916.8136078947,653244.5065861928,1056899.4394307232,859390.0776457182,68532.88816182833,755683.0022154652,854397.7690378479,980508.8349623313,711997.8782784113,1073240.2166806338,0.5107764951597334,0.01242145565628486,0.49301917251232746,0.5096573518905377,0.5319160959553658,0.4914331128875366,0.5350092523965425
264,SRC,10,8,#5,15.0,nan,50000,42,786165.4668602255,60684.85191275582,687726.2815540436,786096.9047552202,884830.202139174,614332.9900584766,1003429.2134080841,847477.9549029287,68393.784272911,744048.182682611,842474.0577144466,968392.5163502675,701244.7329771878,1058066.5196957844,0.6327534189171883,0.015387784302769348,0.6107555260571262,0.6313670165737908,0.6589413011019348,0.6087907045359654,0.6627731244766345
265,SRC,10,8,#5,18.0,nan,50000,42,756839.0069360916,59485.83114710492,660544.3349901154,756708.5338951478,853215.5131354529,590054.6673225778,970587.7305463639,840161.5135110704,68321.86904924086,736902.7988920058,835214.2653643199,961065.7925284596,694640.1370480403,1048746.8151322412,0.7547981973383846,0.018355763091154897,0.7285573752746625,0.7531443872469705,0.7860371692257,0.7262135811553013,0.7906080704476829
266,SRC,10,8,#6,6.0,nan,50000,42,1282959.4938714243,98016.18125844684,1121984.1955093916,1283059.4214675096,1443896.8046073022,1016856.9607073523,1573915.362763327,971419.4190910892,71134.60202620427,863100.0359058471,966586.0300321216,1096148.8694013578,802451.2717032678,1215943.5213064395,0.19926168383452247,0.0048457988830773015,0.19233428203619093,0.1988250890139205,0.20750856381048932,0.19171553603966865,0.20871525121030737
267,SRC,10,8,#6,8.0,nan,50000,42,1111514.234245443,82578.16902766154,974730.8598275168,1111418.0399289262,1248043.4865197036,878030.3550481927,1374981.2996573509,928646.810422659,69871.94307024915,822670.1002052382,923710.5325629518,1051435.567997861,768621.9033172213,1161459.6465848535,0.25657254802720386,0.006239528557286623,0.247652714086213,0.2560103815162033,0.2671913632855628,0.24685600679229494,0.26874511338385443
268,SRC,10,8,#6,10.0,nan,50000,42,1008647.0784698536,74313.1072929708,885628.019437574,1008788.1849217673,1131329.976850044,794734.3916526969,1255620.8617937646,902983.245221601,69271.69311278978,798193.123460568,898037.9504489711,1025149.5923591818,748298.458851618,1128769.3217519019,0.3142506798151313,0.007642189727348968,0.30332564554569236,0.3135621369074446,0.32725663052742954,0.30234983651759295,0.32915966742052377
269,SRC,10,8,#6,12.0,nan,50000,42,940068.9746194611,69387.79867197134,825653.4237487147,939942.676314336,1054215.1317047297,739203.7493890331,1176047.236551374,885874.201754229,68939.08339341961,781493.3629317547,880974.1605539771,1007594.2082901906,734598.216392181,1106975.7718632678,0.3721002700198635,0.00904902055506279,0.3591640746104345,0.3712849750393684,0.38750045236714836,0.3580086314366688,0.3897538143716306
270,SRC,10,8,#6,15.0,nan,50000,42,871490.8707690685,65055.823386110846,764877.4565574077,871192.2395371135,977934.4907210582,683673.1071253691,1098981.5847952492,868765.1582868568,68661.45415277431,764776.3417880253,863904.6380681699,990141.2609568902,720460.8203183489,1085182.2219746334,0.4590382601998959,0.011163245465764854,0.44307963530012573,0.4580324786416718,0.4780365611446423,0.44165423288314565,0.4808164015733602
271,SRC,10,8,#6,18.0,nan,50000,42,829373.9654141974,62743.257817042526,727046.4703430879,829363.422724341,931946.32647686,649569.236163639,1051816.6140153145,858257.7233481529,68518.49529333046,754558.1048870984,853240.2259070554,979261.1757630447,710975.6952001221,1071797.8204459955,0.5460815468339305,0.013280031056620656,0.5270968317759437,0.5448850479868563,0.5686823242998562,0.5254011431499317,0.5719892808062806
272,SRC,10,8,#6,24.0,nan,50000,42,768623.7149934793,59947.55709978243,671440.3654303859,768469.2200053665,865866.8514415332,599810.8038049819,983784.9350060326,843101.5930857988,68349.52799811159,739806.8241592196,838113.8566031123,964119.2030393317,697294.1646757651,1052491.897141682,0.7203209967312512,0.01751732000978245,0.6952787865476014,0.7187427283442143,0.7501330543727224,0.6930420507920785,0.7544951688236964
273,SRC,10,10,#3,6.0,nan,50000,42,865397.226822748,70892.8811030904,751820.5326600961,865729.9433037301,979382.3673839851,673750.4569295336,1119401.3109929152,1032572.5481762809,85288.31548704937,903781.0967749329,1026421.4731742402,1183501.0987558798,853159.4638803557,1290229.5341523767,0.5136010697746095,0.0117712098319947,0.4967733181228707,0.5125405120897216,0.533634042045785,0.49527028650032323,0.5365652760750153
274,SRC,10,10,#3,8.0,nan,50000,42,824050.4044244011,69714.02198486446,712273.963458823,824240.2756613307,935812.7135626592,639520.9078844793,1073098.7240903461,1022257.2355337167,85218.8982803992,893562.8447161763,1016176.38493946,1173075.3147832553,843847.7687217258,1277089.8585696183,0.6811297925685329,0.015610796361202578,0.6588130886781504,0.6797232973752272,0.707697210454919,0.6568197913944455,0.7115845676739676
275,SRC,10,10,#3,10.0,nan,50000,42,799242.3109853928,69155.3724144859,688309.2324265376,799562.4056918222,910054.753332996,618983.1784574466,1045317.171948805,1016068.0479481781,85185.1770370227,887339.482371747,1010078.7337678515,1166819.066729357,838260.7516265479,1269250.0912455865,0.8486820626258161,0.01945092256953943,0.8208756349884672,0.8469295813003016,0.8817848445867028,0.8183920031335429,0.8866284593849699
276,SRC,10,10,#4,6.0,nan,50000,42,1005718.0978324246,76994.1329923701,880112.9534235206,1005720.6496570776,1131311.795691121,787637.1542693571,1276540.818875133,1067580.1635329472,85646.47827838353,937940.4000103016,1061328.664501544,1218806.6921755578,884761.0501557685,1334822.3375555947,0.29032331939302275,0.006653912759948526,0.28081109481841626,0.28972381786235124,0.3016473592935401,0.2799614760082332,0.30330429819683596
277,SRC,10,10,#4,8.0,nan,50000,42,929624.1828607948,73305.22311551966,811307.3826482958,929509.9984264771,1048201.447472516,726020.6362631213,1191326.4080363587,1048596.0559861376,85428.8172232009,919390.1510728495,1042333.522730181,1199858.4164999097,867623.9813668778,1310640.3255277683,0.3832373975931832,0.008783408150837063,0.3706809133296538,0.38244603365125796,0.3981855443379532,0.36955938543295735,0.4003727642781137
278,SRC,10,10,#4,10.0,nan,50000,42,883967.8338778166,71519.78010107474,769283.0780765353,884208.9318575121,999253.0898556975,689050.7254593797,1140197.7615330939,1037205.5914580518,85324.86065271977,908319.2652542408,1031041.3216725055,1188258.5174169915,857341.7400935433,1296131.1183110725,0.47619739831048885,0.01091395603872598,0.46059514974140064,0.4752140771298623,0.4947714431039437,0.4592015783679033,0.4974892061708532
279,SRC,10,10,#4,12.0,nan,50000,42,853530.2678891649,70523.5016455121,740471.3708340009,853878.3855549234,966805.2120789016,663926.2279012597,1106111.9971975842,1029611.948439328,85266.70357625878,900857.0545982686,1023476.2927243724,1180564.0582503874,850486.9125779871,1286458.313499942,0.5691799068426038,0.013045019782649027,0.5505311565163818,0.5680045819458884,0.5913807276004187,0.5488654757979236,0.5946291622511162
280,SRC,10,10,#4,15.0,nan,50000,42,823092.7019005128,69690.35453628041,711346.7491222228,823275.9928550369,934802.6699935856,638728.0603665691,1072026.2328620744,1022018.3054206043,85217.48605226331,893335.524081795,1015942.8646225807,1172829.1267009168,843632.0850624307,1276785.5086888114,0.7086758675373085,0.01624212415155864,0.6854566372780496,0.7072124912290366,0.7363177180689991,0.6833827275809528,0.7403622867836461
281,SRC,10,10,#4,18.0,nan,50000,42,804396.1563385956,69262.05625278695,693287.071439538,804661.802474991,915324.354641849,623249.8618941677,1051088.7490255141,1017353.8426730429,85191.69267057451,888647.9160964773,1011377.4981294089,1168231.6451675594,839421.4463072994,1270843.9023221836,0.8481864719845696,0.019439564140259984,0.8203962820007666,0.8464350140262054,0.8812699234686364,0.8179141004707141,0.8861107098223429
282,SRC,10,10,#5,6.0,nan,50000,42,1180477.2387583219,88236.8202207611,1034363.4198628945,1180525.6061429004,1326221.4602437383,929147.1522452729,1475463.6166877407,1111179.5279152659,86354.17603669375,980442.0324208767,1104983.9024178162,1263613.6255751718,920688.2885296288,1390359.336137127,0.19345591098203774,0.004433811094685984,0.18711747397879075,0.1930564352699466,0.20100164468173368,0.18655133350734987,0.20210574002498352
283,SRC,10,10,#5,8.0,nan,50000,42,1061108.965468883,80179.54911793688,929354.6865521816,1060978.5129094787,1192452.7542229309,832489.5237968725,1338570.747986405,1081399.2210582918,85839.6162824659,951381.9497794302,1075411.8880745363,1233073.939808676,896262.4949760772,1352425.0936750027,0.2538476956543383,0.005817928868853117,0.24553056737866705,0.2533235142609166,0.2637490065109859,0.24478769292545238,0.2651977710240158
284,SRC,10,10,#5,10.0,nan,50000,42,989488.00149522,76137.30975681734,865616.179354412,989483.0860577705,1113516.4522919527,774494.9467278322,1258365.4089524464,1063531.0369441072,85595.41245484959,933942.8224862877,1057236.007076105,1214701.8382688956,881105.8790756013,1329664.548197728,0.3143167018463679,0.007203816481063375,0.30401835219342527,0.3136676553134663,0.3265766018797126,0.30309851777295327,0.32837047628268423
285,SRC,10,10,#5,12.0,nan,50000,42,941740.6921794447,73835.0053639087,822356.6298297736,941657.7680427991,1061379.1711146948,735831.895348472,1204895.182929807,1051618.9142013171,85459.76705127032,922335.0239764341,1045369.6502711182,1202724.9557726078,870352.7337743777,1314490.8512128787,0.37482311244003247,0.00859056136380167,0.36254231588281227,0.3740491235296388,0.3894430606060324,0.3614454120326971,0.3915822583740751
286,SRC,10,10,#5,15.0,nan,50000,42,893993.3828636693,71882.52903015436,778597.300519922,894175.6366948395,1009955.089181661,697168.8439691119,1151424.9569071683,1039706.7914585276,85345.9706408078,910837.6618041493,1033552.9452371382,1190761.2025511907,859599.5884731542,1299317.154228029,0.4656193197457086,0.010671517325621277,0.4503636539419538,0.46465784170983665,0.4837807673561716,0.44900103886415815,0.4864381590070586
287,SRC,10,10,#5,18.0,nan,50000,42,864666.9229395356,70869.43994664034,751158.7771739729,864996.392904232,978612.1799370868,673145.864577856,1118583.474045448,1032390.3500666696,85286.9462481241,903592.197737163,1026241.6207168056,1183304.1207881975,852994.9925440067,1289997.4496644856,0.5564395190236034,0.012753023158840875,0.5382081978944411,0.5552905023201632,0.5781434018836565,0.5365798013774817,0.5813191243448389
288,SRC,10,10,#5,24.0,nan,50000,42,822372.4188900061,69672.66468041274,710653.9433985646,822586.7765222695,934042.8389240187,638131.7639354449,1071219.6178732095,1021838.6073443429,85216.42976436821,893166.3546962201,1015765.8539647802,1172645.8054137384,843469.8705213189,1276556.6087507545,0.7381153519798446,0.016916846945401166,0.7139315592184637,0.7365911847711986,0.766905487455283,0.7117714961259154,0.7711180737689566
289,SRC,10,10,#6,6.0,nan,50000,42,1390787.409874868,105359.63636874627,1216232.7565438054,1391102.085810178,1564823.0430776607,1099444.3494696317,1719494.025834075,1163648.2556466882,87580.90481031754,1030838.5167925014,1157496.5794192792,1317519.7249340133,961902.6668608884,1457194.1558386844,0.1415350686034858,0.003243838631116027,0.1368977788378775,0.14124280654734475,0.14705563363263738,0.13648358249692394,0.14786340533296122
290,SRC,10,10,#6,8.0,nan,50000,42,1219342.1502488866,91156.55415562417,1068200.0586459767,1219341.7758748764,1370006.6724243348,960617.7438104721,1520559.9627280985,1120875.6469782582,86550.39674135999,989840.1559643926,1114649.8132025264,1273484.5575341491,928304.6256638676,1402710.2811170984,0.18433226628128435,0.004224706514253033,0.17829275861486749,0.18395163038879447,0.1915221328847874,0.17775331810046555,0.1925741575852927
291,SRC,10,10,#6,10.0,nan,50000,42,1116474.9944732976,83731.29993068946,978231.8582475007,1116240.3965484272,1254119.237045096,877321.7804149762,1401199.5248645123,1095212.0817772,86061.66332236178,964935.619722813,1089133.6835005353,1247162.0206036894,907668.4623342156,1370019.9562841468,0.22724984236827997,0.005208333347083275,0.21980417269327637,0.22678058406471177,0.2361137058972064,0.21913913572314633,0.23741067062389482
292,SRC,10,10,#6,12.0,nan,50000,42,1047896.890622905,79384.58382084458,917637.4791094768,1047756.4795796785,1177747.1929598013,821791.1381513124,1323775.0948204773,1078103.0383098277,85790.90530182546,948219.4196886305,1072056.2904904494,1229664.711515226,893540.6726395956,1348226.4063955124,0.2702248763720027,0.006193277056443002,0.2613711621231102,0.26966687700994924,0.28076497796820415,0.26058036054910966,0.28230721064601727
293,SRC,10,10,#6,15.0,nan,50000,42,979318.7867725122,75619.16801732023,856513.1072849381,979235.4551657353,1102316.3671864357,766260.4958876484,1246977.328294333,1060993.9948424555,85564.69649357932,931400.8030023001,1054716.6438245531,1212110.2101447082,878815.6758143153,1326432.8565068783,0.33474307656719104,0.00767196804284123,0.32377547215374286,0.3340518507049237,0.34779970585688724,0.32279586081895706,0.3497101580635262
294,SRC,10,10,#6,18.0,nan,50000,42,937201.8814176412,73633.88417525463,818284.1335514244,937122.189538263,1056433.9342299036,732156.6249259182,1199812.3575143984,1050486.5599037518,85448.00842867303,921250.9255744861,1044235.5186386458,1201685.7141607327,869330.5506960886,1313048.4549782404,0.39929749172752455,0.009151489039102893,0.38621481059350404,0.39847296458315173,0.4148720612727901,0.38504628351638226,0.41715093969500916
295,SRC,10,10,#6,24.0,nan,50000,42,876451.6309969231,71258.94557456499,762146.2874195504,876779.5048797091,991256.1465122919,682902.0010602601,1131780.6785051166,1035330.4296413977,85309.66918617024,906465.6476562929,1029179.1674092584,1186316.4349019106,855649.0201717315,1293742.5316739266,0.5284594393086159,0.012111748424764493,0.5111448643864782,0.5273681999158393,0.5490719611998891,0.5095983503792875,0.552087995205132
296,SRC,10,12,#3,6.0,nan,50000,42,973225.1428261917,82700.19039843768,841483.4346554443,973805.8328277168,1105305.9650554783,756600.6944171716,1267397.0544919996,1224801.38473188,102267.53382282252,1070391.3134989738,1217384.9076846056,1405787.2672872208,1011514.319376322,1531480.1686846213,0.4090753638845549,0.009055416828015335,0.3961300245643231,0.40825949261525585,0.4244864318043957,0.39497376466902673,0.42674138659103067
297,SRC,10,12,#3,8.0,nan,50000,42,931878.3204278449,81687.2930666725,801974.045004107,932462.2649293945,1061911.6327221422,722612.1051397576,1221094.4675894305,1214486.0720893159,102207.99664413178,1060028.8970586574,1207338.176209065,1395399.268016998,1002202.6242176921,1518340.493101863,0.5431813347721083,0.012024027438003565,0.5259921630159089,0.5420979988291861,0.5636445676675634,0.5244568498469452,0.5666387576359448
298,SRC,10,12,#3,10.0,nan,50000,42,907070.2269888367,81208.27157924569,777621.0248882169,907586.3039038888,1036087.3346757136,702074.375712725,1193312.9154478891,1208296.8845037774,102178.89059727365,1053954.7221124324,1201152.1342448026,1389035.1516030708,996615.6071225142,1511165.176833891,0.677298440595997,0.014992884534333364,0.6558650840347023,0.6759476177716255,0.702814257952754,0.6539506861189458,0.7065477444822271
299,SRC,10,12,#3,12.0,nan,50000,42,890531.4980294978,80943.66725335359,761458.7152128519,890945.9684381764,1018757.8268561912,688382.5560947033,1174791.8806868617,1204170.7594467516,102162.24607078733,1049867.0383772822,1197006.909613884,1385037.9136823325,992890.9290590622,1506468.6158807937,0.8114210680931101,0.01796186386010314,0.7857433519913539,0.8098027473747108,0.8419896779287827,0.7834498537216821,0.8464624914565837
300,SRC,10,12,#4,6.0,nan,50000,42,1113546.0138358686,88000.96149761368,971166.8549520903,1113473.2503687292,1256188.645968002,870224.5430316365,1424536.5623742174,1259809.000088546,102572.01000567626,1104625.9884648696,1252234.0683133353,1441043.9225732493,1043115.9056517347,1576072.9720878392,0.22976629275008553,0.005086176625554495,0.2224952544852611,0.22930804047322373,0.23842226242187656,0.22184581535239553,0.23968880802052667
301,SRC,10,12,#4,8.0,nan,50000,42,1037452.0988642385,84784.10604375423,901736.8520892075,1037831.0029226779,1173827.9129981522,808608.0250254007,1339322.151535443,1240824.8925417366,102387.29997895719,1086164.2977397798,1233367.3065056242,1422190.1558016906,1025978.8368628441,1551890.9600600128,0.3040142351701226,0.006729751689208684,0.29439359364557305,0.30340790073438956,0.31546734244677455,0.2935342911826029,0.31714316654992314
302,SRC,10,12,#4,10.0,nan,50000,42,991795.7498812603,83240.24004498888,859102.0601319078,992354.0278941398,1124996.450411825,771638.1142216591,1288193.5050321782,1229434.428013651,102298.75494872133,1074980.4270239854,1222018.749726274,1410496.187938356,1015696.5955895096,1537381.752843317,0.3782835427637364,0.008373799698851363,0.3663126218707394,0.37752908355783643,0.39253459253395717,0.36524339568856384,0.3946198129133028
303,SRC,10,12,#4,12.0,nan,50000,42,961358.1838926086,82382.45795272027,830153.8550613609,961877.995964489,1092849.226373774,746991.5070191649,1254107.7406966686,1221840.784994927,102249.03673530847,1067499.5542008448,1214499.8813123493,1402826.2018649513,1008841.7680739532,1527708.9480321866,0.4525633709333437,0.010018080595167999,0.43824183774442893,0.45166076597474775,0.4696127595380658,0.4369626581064245,0.4721074341864022
304,SRC,10,12,#4,15.0,nan,50000,42,930920.6179039566,81666.98896326183,801014.7218243863,931491.4362190668,1060947.1842967134,721819.2576218474,1220021.9763611588,1214247.1419762033,102206.78088800645,1059787.1905298398,1207070.7487573766,1395171.1827796355,1001986.940558397,1518036.143221056,0.5639935224138604,0.01248473236144188,0.5461457413773063,0.5628686780657708,0.5852408114163903,0.5445516021336678,0.5883497248472103
305,SRC,10,12,#4,18.0,nan,50000,42,912224.0723420393,81299.71710184074,782796.3123263749,912697.4529704608,1041396.7626118683,706341.0591494461,1199084.4925245985,1209582.679228642,102184.52866574231,1055221.396063672,1202448.6831972953,1390425.9388163295,997776.3018032657,1512628.7324011696,0.6754305575309806,0.01495153650599185,0.6540563108115928,0.6740834600644814,0.7008760062580848,0.6521471925055802,0.7045991964162039
306,SRC,10,12,#4,24.0,nan,50000,42,885264.2689209786,80868.6802574641,756443.7377905167,885688.052999725,1013242.0343302373,684022.0063198116,1168893.329857894,1202856.6774481174,102157.40886277916,1048565.2019819699,1195661.199967883,1383739.30415543,991704.6992850626,1504972.8623302693,0.8983148755120933,0.01988537164233723,0.8698873731333444,0.8965232513703836,0.9321570297510056,0.8673482677371174,0.9371088298525952
307,SRC,10,12,#5,6.0,nan,50000,42,1288305.1547617656,98005.03680062832,1126454.0322255946,1288293.3012977703,1449685.0445732772,1011734.5410075522,1621042.2797584883,1303408.3644708649,103170.58359552408,1147250.7846806205,1296024.236545275,1485598.1285365804,1079796.0344783182,1631609.9706693713,0.15192851719014444,0.0033631359223267932,0.14712068376607854,0.15162550673508896,0.15765210972122334,0.14669125470021968,0.15848958850217712
308,SRC,10,12,#5,8.0,nan,50000,42,1168936.881472327,90806.60833830693,1021069.1549046064,1169037.3242792063,1316844.0274749638,915076.9125591518,1486566.4914854893,1273628.0576138906,102735.53526398141,1118124.5648637,1266135.7395404582,1455170.9793919134,1055204.9512234917,1593675.7282072473,0.20012348331336735,0.004429994368930842,0.19379050258131483,0.1997243514790839,0.20766272147332612,0.19322484945650928,0.2087658663861126
309,SRC,10,12,#5,10.0,nan,50000,42,1097315.917498664,87250.60167972614,956302.1115472902,1097272.3658642755,1238396.6938136178,857082.3354901116,1406361.1524515308,1255759.873499706,102528.72790084853,1100634.276229311,1248249.6386351231,1437041.9152017226,1039460.7345715676,1570915.1827299728,0.24835369005361402,0.005497632912564923,0.24049444681137608,0.24785836655523696,0.25770990145978284,0.23979247001929796,0.2590789067620011
310,SRC,10,12,#5,12.0,nan,50000,42,1049568.6081828885,85243.86936178386,912934.1197089589,1049858.9214765956,1186967.9570543875,818419.2841107515,1352890.9264288917,1243847.7507569161,102413.60822129171,1089130.5234907155,1236375.1051391133,1425171.6478289221,1028707.589270344,1555741.4857451231,0.2966010963391439,0.006565652190571061,0.2872150463008274,0.29600954687342246,0.307774928948804,0.28637669722660963,0.30940988944987163
311,SRC,10,12,#5,15.0,nan,50000,42,1001821.2988671132,83553.21009191209,868477.2171400505,1002315.8130992816,1135651.3417133067,779756.2327313913,1299420.7004062526,1231935.6280141263,102316.76315181638,1077373.2187467422,1224545.4491461227,1413088.7917173204,1017954.4439691205,1540567.7887602737,0.3689891191783236,0.008168055507994144,0.3573123237148234,0.36825319702900894,0.3828900207709801,0.3562693684112939,0.38492400730247456
312,SRC,10,12,#5,18.0,nan,50000,42,972494.8389429791,82680.01655922295,840766.4937591057,973078.9997584422,1104556.8851016692,756009.3359309278,1266579.2175445321,1224619.1866222683,102266.36274978361,1070235.5712607296,1217210.9063381716,1405605.9833010233,1011349.848039973,1531248.0841967303,0.4413882751559747,0.009770705271960735,0.42742038195505716,0.4405079581188263,0.4580166651495842,0.42617278895417204,0.4604497390809403
313,SRC,10,12,#5,24.0,nan,50000,42,930200.3348934499,81651.81367170665,800315.7351772416,930755.839264129,1060190.8921605072,721222.9611907232,1219215.361372294,1214067.4438999416,102205.87139799455,1059616.9633240332,1206898.9019772871,1394986.9813189462,1001824.7260172851,1517807.2432829991,0.5862030897816601,0.012976370108030967,0.5676524788728753,0.58503395005546,0.6082870782811366,0.565995563832143,0.6115184179802351
314,SRC,10,12,#6,6.0,nan,50000,42,1498615.325878312,113682.5772570912,1309898.683861009,1498535.1577081727,1686845.7635238327,1182031.7382319109,1865072.6889048226,1355877.0922022874,104207.76606929288,1197884.6209668103,1348583.8045860971,1539233.4303082293,1121354.062018509,1698444.790370929,0.11013128358106844,0.002437899630915881,0.10664613888256749,0.10991163468979426,0.11428025181824165,0.10633485055365643,0.11488733082371182
315,SRC,10,12,#6,8.0,nan,50000,42,1327170.0662523306,100645.29268618468,1160576.1036612857,1327108.4582748478,1492997.3451725682,1043205.1325727514,1666138.6257988461,1313104.4835338572,103336.4130573179,1156678.5627980398,1305770.5698705385,1495538.519679622,1087756.0208214882,1643960.915649343,0.14426477044893377,0.003193488890672275,0.13969945908996415,0.14397704478326762,0.14969964717853362,0.13929169176124934,0.15049488092611865
316,SRC,10,12,#6,10.0,nan,50000,42,1224302.9104767414,93962.8515394456,1070053.0155925201,1224229.6430774196,1378027.1954066728,959909.1691772556,1548568.604845706,1287440.9183327989,102923.33389810934,1131554.376137497,1280200.247353778,1469211.3426452915,1066610.9185816303,1611270.5908163914,0.17845195947945117,0.003950266917854707,0.17280478203545904,0.17809604993430808,0.1851747678193409,0.17230038391667774,0.18615845233260858
317,SRC,10,12,#6,12.0,nan,50000,42,1155724.8066263488,90104.11700399547,1009200.2969642469,1155928.0483004223,1302313.6541118259,904378.5269135918,1471770.8383195617,1270331.8748654267,102694.3133074068,1114902.00291307,1262832.838318168,1451715.8227451916,1052483.12888701,1589477.040927757,0.21266507341974866,0.004707618826734774,0.20593520948749394,0.21224092828976837,0.22067679003726318,0.2053341073013576,0.2218490682226424
318,SRC,10,12,#6,15.0,nan,50000,42,1087146.7027759561,86797.76031449718,947015.9309508583,1087233.5400342871,1227271.3877997573,848847.8846499278,1394973.0717934174,1253222.8313980547,102502.68106490819,1098123.5499072238,1245734.145298475,1434559.1696604306,1037170.5313102816,1567683.491039123,0.26401004757096247,0.005844206810297938,0.25565535317601684,0.26348349859824016,0.27395607985215537,0.2549091233687197,0.2754113880252916
319,SRC,10,12,#6,18.0,nan,50000,42,1045029.7974210851,85069.2400622463,908653.3504645694,1045457.5560304944,1182044.863608709,814744.0136881977,1347808.1010134828,1242715.396459351,102403.61532378691,1088057.94125928,1235278.9622585438,1424067.776297892,1027685.4061920547,1554299.089510485,0.31537158375426766,0.0069811614160470055,0.30539153478507575,0.3147425979070264,0.3272525556394296,0.3045001305436947,0.32899098509556285
320,SRC,10,12,#6,24.0,nan,50000,42,984279.547000367,83015.41576936354,852123.2946761213,984797.4816329947,1116956.8746732904,765551.9212544321,1279776.422004201,1227559.2661969967,102285.78432770651,1073106.6289666842,1220141.7078467319,1408600.7758117875,1014003.8756676978,1534993.1662061713,0.41811907797871783,0.009255611237227313,0.4048875470224208,0.4172851696748071,0.4338708491147809,0.40370572488399076,0.4361756557580321
321,SRC,12,6,#4,6.0,nan,50000,42,821919.8313856641,59300.74338977489,724241.5329690275,821719.8672149193,919932.6225629593,647637.1193601036,1019173.1428080546,689076.9506777736,51992.10069019284,610337.59031054,685351.5357987531,780804.3801893686,571257.0180649364,858504.017391425,0.6359852511239767,0.017349105429911752,0.6111835152173696,0.6344221384658697,0.6655110307989303,0.6089682582933792,0.6698312569217061
322,SRC,12,6,#4,8.0,nan,50000,42,745825.9164140341,54448.39535211728,656007.0911413702,745567.9524758304,835506.1651933941,584752.4832712597,933822.9284406595,670092.8431309641,51644.24438296295,591937.6112465862,666418.216782358,761364.5413295067,555670.6714122638,834322.0053635988,0.8262789826929547,0.022540147212416803,0.7940562965886575,0.8242481696596455,0.8646391980437369,0.7911782106042367,0.8702520829957417
323,SRC,12,6,#5,6.0,nan,50000,42,996678.9723115611,73270.03924974574,876166.3497795267,996739.9768825597,1117351.1394975223,789147.1173360194,1221952.4208419987,732676.3150600925,53124.18946877907,651847.9669293858,729028.5814619977,825748.2424113842,605784.1484078058,914041.0159729571,0.44740060738318393,0.012204686025626589,0.429953171787527,0.4463009945361731,0.46817129622650316,0.42839479084779375,0.47121047329538435
324,SRC,12,6,#5,8.0,nan,50000,42,877310.6990221227,63367.4122833435,772810.9970075812,877160.3499744767,982244.8773532715,692489.488887619,1083445.1464897252,702896.008203118,52301.39373274599,623640.5281246345,699199.1770075265,794768.2720217286,582200.5812831807,876106.7735108332,0.5711801641702026,0.015581280965478608,0.5489056545619911,0.569776328243039,0.5976973509322989,0.5469161260135101,0.6015773583093544
325,SRC,12,6,#5,10.0,nan,50000,42,805689.7350484595,58188.51054961849,709683.1985349057,805531.9009607836,901800.2947320024,634311.5883514418,1000861.9293567473,685027.8240889333,51910.373349259724,606453.4328565224,681303.0436638356,776636.4308950559,568050.4410084058,853346.2280335587,0.6962206829132682,0.018992273812954905,0.6690699251247572,0.6945095247372347,0.7285429080788889,0.6666448567985293,0.7332723114356853
326,SRC,12,6,#5,12.0,nan,50000,42,757942.4257326839,55155.9923631442,666938.3925524845,757702.9822525136,848968.5759407639,594783.3060992351,947391.7033341082,673115.7013461436,51693.598466854855,594845.2503917469,669444.8505779053,764439.5920505377,558399.4238197638,838172.5310487091,0.8218402740259243,0.022419063233659626,0.7897906857724523,0.8198203703677789,0.8599944211795079,0.7869280606498845,0.8655771541349047
327,SRC,12,6,#6,6.0,nan,50000,42,1206989.143428108,93147.90520190111,1055828.2522270954,1206846.4003507849,1357677.436159879,959444.3145603781,1465982.8299883332,785145.0427915145,55066.07967729693,700565.8154846554,781702.81256186,881238.5993146582,647335.0890458764,980875.8356745148,0.3509567511365687,0.0095737844015202,0.33727036982356384,0.35009417619606487,0.36725000902451926,0.3360479210771465,0.3696340462668062
328,SRC,12,6,#6,8.0,nan,50000,42,1035543.8838021263,76752.8997519412,909689.6046010833,1035643.2792392795,1161376.9449100753,820617.7089012186,1267048.7668823565,742372.4341230845,53436.89062843147,660925.3354800274,738695.9397382739,835997.4552561811,613462.6816032043,926391.9609529289,0.43726901978977106,0.011928305431863037,0.42021668920537397,0.4361943081692996,0.4575693470602205,0.41869359850158194,0.46053970060008287
329,SRC,12,6,#6,10.0,nan,50000,42,932676.728026537,67792.23727773847,821176.9322344741,932590.1299449315,1044696.4378933427,737321.7455057227,1147688.3290187705,716708.8689220264,52656.84299261639,636646.6881857789,713004.5342323617,809036.1500190223,593139.237137601,893701.6361199773,0.525902726176958,0.014346153194900851,0.505393916414225,0.5246101722902643,0.5503178961767595,0.5035620977463393,0.5538903354615596
330,SRC,12,6,#6,12.0,nan,50000,42,864098.6241761446,62361.95467004997,761393.0459733009,863930.9830358902,967529.6383025086,681791.1032420589,1068114.7037763798,699599.8254546543,52223.379790765495,620472.470931776,695887.0602130264,791476.6609673967,579590.274160532,871908.0862313429,0.6155543436572186,0.016791768656703378,0.5915493588866283,0.6140414457014518,0.644131613171981,0.5894052666777774,0.6483130528370618
331,SRC,12,6,#6,15.0,nan,50000,42,795520.5203257516,57511.77451891852,700690.5695498077,795366.5915763016,890410.5797111427,625892.8607707091,989473.848698634,682490.7819872823,51861.237879830274,603985.5878082247,678780.6839466981,774040.2355486202,566041.3111834631,850114.5363427086,0.7509641200464378,0.020485625523140972,0.7216785135833744,0.7491184144742502,0.7858278234312263,0.7190627635110872,0.7909290970896301
332,SRC,12,6,#6,18.0,nan,50000,42,753403.6149708806,54887.82123080697,662878.2398008498,753178.8297305836,843916.0495428854,591025.787708086,942308.8779186993,671983.3470485784,51674.84123601969,593731.704244671,668315.7687457509,763327.4503635147,557377.2407414746,836730.1348140708,0.8869562839859944,0.02419536939795497,0.8523673442625512,0.8847763394161546,0.9281334587333709,0.8492779077608332,0.9341585225238669
333,SRC,12,8,#3,6.0,nan,50000,42,789426.8763794313,61422.71852395852,689298.3529967592,789147.8310782409,889643.731101386,614672.4907180858,1009893.5748963002,846298.1718767064,68350.53086250676,743043.6603468193,841349.6277604633,967193.3290772418,699561.0094217082,1055161.848520452,0.685521016201081,0.01681380702662643,0.6614845260694302,0.6840061326412075,0.7141357919755966,0.6593376198450809,0.7183227195744402
334,SRC,12,8,#3,8.0,nan,50000,42,748080.0539810845,60063.265717056376,650244.9817316271,747845.1398777657,845993.940916213,580442.9416730314,963590.9879937313,835982.8592341424,68266.13754792264,732918.6288715659,831159.0166297129,956703.4936483881,690249.3142630783,1042022.1729376934,0.907044044359023,0.022247113022177464,0.8752402707241487,0.905039633001228,0.9449055560173762,0.8723996014250733,0.9504454704079505
335,SRC,12,8,#4,6.0,nan,50000,42,929747.747389108,68359.3864955581,817459.7485800039,929587.2868858533,1041984.5574458505,730224.5081223829,1167033.0827785183,881305.7872333728,68789.36708652036,777125.000770095,876446.4597158807,1002871.23132167,731162.595697121,1099754.6519236695,0.39216880522289627,0.009618743199765415,0.37841815222480285,0.3913021796028392,0.4085385767718421,0.3771899628199113,0.4109338095293913
336,SRC,12,8,#4,8.0,nan,50000,42,853653.832417478,64184.667205294114,748754.7739386072,853523.3657753239,958856.4679925722,667843.6805265382,1081818.671939744,862321.6796865631,68522.29460243633,758714.5332725313,857301.0632481966,983415.8171702246,714025.5269082303,1075572.6398958433,0.5153870149251505,0.012640922171872071,0.4973159498440538,0.5142480982509265,0.536900117398517,0.4957018671767953,0.5400479247827953
337,SRC,12,8,#4,10.0,nan,50000,42,807997.4834344999,62143.04989945277,706615.3567811272,807853.7040080643,909528.4359852079,630046.4292245023,1030690.025436479,850931.2151584774,68395.1200633949,747551.3084288479,845975.6036638243,971883.8575573168,703743.2856348958,1061063.4326791477,0.6387333736198836,0.0156662442604978,0.616337403155184,0.6373218827042565,0.6653951561675857,0.6143370258901317,0.6692963208687523
338,SRC,12,8,#4,12.0,nan,50000,42,777559.9174458481,60997.4312083608,678112.571272665,777353.3727735259,877050.2265474156,604848.2616898117,996604.2611009693,843337.5721397534,68324.20542489443,740181.181868471,838428.0707430114,964164.388004452,696888.4581193395,1051390.6278680172,0.7621419935955402,0.018693093434563567,0.7354189346738829,0.7604577908517858,0.7939550551059429,0.7330320678219289,0.7986099573945794
339,SRC,12,8,#4,15.0,nan,50000,42,747122.3514571964,60035.909834373226,649307.5987236631,746878.3936052073,844982.2174397093,579650.0941551212,962518.4967654595,835743.9291210298,68264.42662434597,732685.5340677099,830913.3543675896,956463.6111533033,690033.6306037833,1041717.8230568866,0.9473159584482025,0.02323486420133274,0.9141001267688474,0.9452225530856481,0.9868584860994108,0.911133334388231,0.9926443675494527
340,SRC,12,8,#5,6.0,nan,50000,42,1104506.888315005,80796.68491647614,971002.9187423092,1104560.7989895497,1237909.1649815906,871734.5060982986,1367531.0839127465,924905.1516156917,69659.21046099674,819448.1927328703,919939.5478146868,1047494.2613510903,765950.9245163958,1155291.6505052014,0.2652005447707462,0.006504586552053396,0.25590179225019527,0.26461449717213414,0.2762704521033441,0.25507124047014285,0.27789020620845134
341,SRC,12,8,#5,8.0,nan,50000,42,985138.6150255664,71922.62374837072,866869.4500363509,984932.0788278003,1103607.7106072789,775076.8776498982,1229063.0118897902,895124.8447587172,69026.71050914621,790623.8432590992,890188.6898891274,1016978.5106397659,742367.3573917708,1117357.4080430777,0.3454287964255251,0.008472348749750037,0.33331699290638295,0.3446654581872435,0.3598475630602126,0.3322351832818945,0.3619573238509235
342,SRC,12,8,#5,10.0,nan,50000,42,913517.6510519033,67394.62265391197,802651.0256891553,913411.9707495855,1024287.9820012008,717082.300580858,1148857.6728558317,877256.6606445324,68726.65252854911,773252.3252075785,872407.4105944295,998743.9147150726,727507.4246169538,1094596.862565803,0.4258805785081422,0.010445593489031008,0.41094788632125534,0.42493945566638514,0.44365753497297067,0.40961411880250664,0.44625866769658673
343,SRC,12,8,#5,12.0,nan,50000,42,865770.341736128,64787.71169330734,759710.8605886253,865667.8349940747,972062.8448934775,677874.5033545136,1095387.4468331924,865344.5379017427,68560.22157030439,761667.3276451356,860396.1069030247,986468.3757516418,716754.2793157303,1079423.1655809535,0.5064390765701305,0.012421455656284861,0.4886817539227245,0.5053199333009348,0.5275786773657629,0.4870956942979337,0.5306718338069396
344,SRC,12,8,#5,15.0,nan,50000,42,818023.0324203525,62559.02726902591,715966.0374889197,817816.8371453042,920179.079133757,638346.2211023069,1041917.2208105533,853432.4151589529,68420.91028904259,750059.6575184056,848475.3698381573,974347.6508018465,706001.1340145068,1064249.468596104,0.6273801950749518,0.015387784302769348,0.6053823022148898,0.6259937927315544,0.6535680772596985,0.603417480693729,0.657399900634398
345,SRC,12,8,#5,18.0,nan,50000,42,788696.5724962187,61395.74820980521,688575.2595802777,788416.7849442789,888902.4978600072,614067.8983664081,1009075.737948833,846115.973767095,68348.86192435723,742859.5806537464,841177.7142000808,967021.6434932812,699396.5380853593,1054929.7640325609,0.7483885920343848,0.018355763091154897,0.7221477699706627,0.7467347819429707,0.7796275639217002,0.7198039758513015,0.784198465143683
346,SRC,12,8,#6,6.0,nan,50000,42,1314817.0594315515,99196.58505096773,1152111.5561691897,1314928.0418983998,1477379.1227077062,1042031.7033226574,1611561.4930590808,977373.8793471138,71163.31391703838,868989.5025354574,972543.1716324834,1102067.8206068955,807501.8651544664,1222126.4702067594,0.19756959083523684,0.0048457988830773015,0.1906421890369053,0.19713299601463485,0.20581647081120372,0.19002344304038304,0.2070231582110217
347,SRC,12,8,#6,8.0,nan,50000,42,1143371.7998055702,83972.13847999535,1004417.3009615336,1143200.7732043643,1282257.815858253,903205.0976634978,1412627.4299531044,934601.2706786836,69900.24937273633,828545.9246408148,929647.6786331872,1057343.5699607616,773629.4577117943,1167642.5954851734,0.2543937818742176,0.006239528557286623,0.24547394793322674,0.253831615363217,0.2650125971325766,0.24467724063930868,0.2665663472308681
348,SRC,12,8,#6,10.0,nan,50000,42,1040504.6440299808,75856.63558762317,915393.8890679206,1040500.1058650071,1165649.8500324169,819909.134268002,1293266.992089518,908937.7054776256,69299.68524971217,804071.3482876202,903975.9893091158,1031116.8629772785,753306.013246191,1134952.2706522217,0.311582121740627,0.007642189727348967,0.3006570874711881,0.31089357883294033,0.32458807245292526,0.2996812784430887,0.32649110934601944
349,SRC,12,8,#6,12.0,nan,50000,42,971926.5401795881,71036.6665120332,855209.6287783665,971805.9079734297,1088762.428157092,764378.4920043382,1214267.3587238626,891828.6620102533,68966.83583298246,787418.3177910686,886940.0579010264,1013632.0462561182,739757.0502691221,1113158.7207635874,0.36894046403099223,0.00904902055506279,0.35600426862156315,0.36812516905049714,0.3843406463782771,0.3548488254477975,0.3865940083827592
350,SRC,12,8,#6,15.0,nan,50000,42,903348.4363291954,66809.81723150847,793542.1302709254,903264.304308325,1013056.5404707904,708847.8497406743,1137469.5921977183,874719.6185428814,68688.94255085208,770754.9690595525,869798.5254466642,996063.9933236117,725217.2213556678,1091365.170874953,0.4551401930374527,0.011163245465764854,0.4391815681376825,0.45413441147922856,0.4741384939821991,0.4377561657207024,0.4769183344109169
351,SRC,12,8,#6,18.0,nan,50000,42,861231.5309743244,64558.922479466375,755592.6905341069,861073.2737080583,967079.497744581,674116.9849633643,1090304.6214177837,864212.1836041774,68545.8094896644,760544.4685936974,859246.5292257428,985345.8061555945,715732.0962374411,1077980.7693463154,0.541444324340096,0.013280031056620656,0.5224596092821093,0.5402478254930219,0.5640451018060219,0.5207639206560973,0.5673520583124462
352,SRC,12,8,#6,24.0,nan,50000,42,800481.2805536062,61843.56337153273,699691.5684680197,800285.8211774959,901508.1325004114,623824.0348488122,1022272.9424085018,849056.0533418234,68376.57489947439,745763.9422567153,844098.8226804633,969962.4957706975,702050.565713084,1058674.8460420016,0.7142041653748545,0.01751732000978245,0.6891619551912048,0.7126258969878176,0.7440162230163258,0.6869252194356819,0.7483783374672995
353,SRC,12,10,#3,6.0,nan,50000,42,897254.7923828751,72499.79521847043,780220.0973690129,897357.7397493748,1014452.6412276925,697763.6879733641,1157889.3183953844,1038527.0084323053,85311.23970164346,909634.0891107725,1032447.5217110056,1189220.7638916492,857915.8649176747,1296412.4830526968,0.5094907089795302,0.0117712098319947,0.4926629573277913,0.5084301512946423,0.5295236812507058,0.49115992570524386,0.5324549152799358
354,SRC,12,10,#3,8.0,nan,50000,42,855907.9699845279,71346.43600669746,740712.2274818767,855886.7984362884,971145.0605139172,663534.1389283097,1111586.7314928155,1028211.6957897412,85241.65838517467,899374.5868948516,1022213.3597257948,1179038.1031862553,848604.1697590448,1283272.8074699382,0.6756786956754465,0.015610796361202578,0.6533619917850639,0.6742722004821408,0.7022461135618326,0.6513686945013589,0.7061334707808811
355,SRC,12,10,#3,10.0,nan,50000,42,831099.87654552,70800.02977185021,716609.9497805386,831103.8745510255,945329.6991547126,642996.409501277,1083805.1793512742,1022022.5082042029,85207.83643860985,893273.8453733138,1016078.5879729879,1172818.8658995524,843017.1526638669,1275459.2714755926,0.8418900411854499,0.019450922569539432,0.8140836135481008,0.8401375598599352,0.8749928231463365,0.8115999816931765,0.8798364379446034
356,SRC,12,10,#4,6.0,nan,50000,42,1037575.6633925517,78479.47175097819,909647.2085751797,1037504.8016754779,1165946.281368032,812811.8968846622,1315028.8262776022,1073534.6237889717,85669.92385861023,943892.731446415,1067291.0024127958,1224981.8959478235,889517.4511930874,1341005.2864559144,0.28799985540480705,0.006653912759948526,0.2784876308302005,0.28740035387413543,0.2993238953053244,0.2776380120200174,0.30098083420862015
357,SRC,12,10,#4,8.0,nan,50000,42,961481.7484209217,74861.9359947536,840294.9845688372,961376.0286717124,1082868.6915510122,750934.8777818164,1229814.4154388278,1054550.516242162,85451.98696970173,925361.2983886717,1048302.97176374,1205744.1176460295,872380.3824041968,1316823.2744280882,0.380170340168699,0.008783408150837063,0.36761385590516954,0.37937897622677363,0.395118486913469,0.3664923280084731,0.39730570685362937
358,SRC,12,10,#4,10.0,nan,50000,42,915825.3994379437,73113.37991676314,797721.5510613364,915867.167921871,1034075.4765700971,713137.6264797805,1178685.7689355633,1043160.0517140764,85347.85704280916,914325.7242497886,1037009.1371010463,1194099.1586087097,862098.1411308623,1302314.0672113923,0.47238637993080906,0.01091395603872598,0.45678413136172086,0.4714030587501825,0.490960424724264,0.45539055998822353,0.49367818779117334
359,SRC,12,10,#4,12.0,nan,50000,42,885387.833449292,72138.34460958795,768995.7903496264,885429.453114525,1001821.7306737342,687939.4589450901,1144600.0046000534,1035566.4086953526,85289.58116992454,906778.621660615,1029445.5512364402,1186346.5184130664,855243.313615306,1292641.262400262,0.5646247473771854,0.013045019782649029,0.5459759970509636,0.56344942248047,0.5868255681350005,0.5443103163325053,0.5900740027856979
360,SRC,12,10,#4,15.0,nan,50000,42,854950.2674606399,71323.28578788167,739779.8774813126,854939.0970761366,970151.5806648079,662741.2914103995,1110514.2402645436,1027972.7656766287,85240.24230041278,899117.171374569,1021978.1107083873,1178819.172188322,848388.4860997497,1282968.4575891315,0.7030043187930224,0.01624212415155864,0.6797850885337633,0.7015409424847503,0.730646169324713,0.6777111788366667,0.7346907380393599
361,SRC,12,10,#4,18.0,nan,50000,42,836253.7218987227,70904.37148846543,721610.1728457353,836199.2948796429,950608.0878562593,647263.0929379981,1089576.7564279833,1023308.3029290674,85214.37313006283,894510.6842618785,1017344.2310341948,1174118.6349722666,844177.8473446184,1277026.8512225035,0.841398416767138,0.019439564140259984,0.8136082267833349,0.8396469588087736,0.8744818682512049,0.8111260452532824,0.879322654604911
362,SRC,12,10,#5,6.0,nan,50000,42,1212334.8043184488,89539.39995398506,1064203.947564681,1212552.0891721305,1359960.516529131,954321.894860578,1513109.7469834944,1117133.9881712904,86378.19190730528,986386.8901603498,1110969.3773496712,1269549.4423981241,926117.7006249856,1396542.2850374465,0.19190767901977582,0.004433811094685984,0.18556924201652886,0.1915082033076847,0.19945341271947184,0.185003101545088,0.20055750806272163
363,SRC,12,10,#5,8.0,nan,50000,42,1092966.5310290102,81608.166766608,959197.6094375672,1092691.092582056,1226455.2120519208,857664.2664121776,1377058.7553888743,1087353.681314316,85863.25221438073,957320.2866215912,1081324.136896556,1239037.7156685751,901629.3168270477,1358608.0425753228,0.25181614689491544,0.005817928868853118,0.24349901861924425,0.2512919655014938,0.2617174577515631,0.24275614416602959,0.26316622226459296
364,SRC,12,10,#5,10.0,nan,50000,42,1021345.567055347,77638.66159419315,894871.032224731,1021304.1057038188,1148234.5150528501,799669.6893431373,1296853.4163549156,1069485.4972001312,85618.80058778818,939937.3645714282,1063184.0203437698,1220593.1914085846,885862.2801129203,1335847.4970980482,0.3118012182842427,0.007203816481063375,0.30150286863130005,0.311152171751341,0.32406111831758744,0.30058303421082805,0.32585499272055896
365,SRC,12,10,#5,12.0,nan,50000,42,973598.2577395715,75381.07115278569,851410.4997202585,973446.3898357513,1095886.7110053708,760965.7006097918,1243383.1903322765,1057573.3744573419,85482.98182022647,928312.3984756666,1051287.5938820979,1208675.2133902097,875109.1348116967,1320673.8001131986,0.37182339472694587,0.00859056136380167,0.3595425981697256,0.37104940581655216,0.3864433428929458,0.3584456943196105,0.38858254066098846
366,SRC,12,10,#5,15.0,nan,50000,42,925850.9484237962,73468.5094768141,807283.6291980648,925802.1477138406,1044816.2093894848,721437.4183575852,1189912.9643096374,1045661.251714552,85369.00559738043,916744.5460622486,1039521.4334128151,1196803.9500442157,864355.9895104732,1305500.103128349,0.46189295796426943,0.010671517325621278,0.4466372921605148,0.4609314799283976,0.48005440557473267,0.4452746770827192,0.4827117972256195
367,SRC,12,10,#5,18.0,nan,50000,42,896524.4884996626,72476.85543075459,779539.8183321118,896624.3008928525,1013671.3411237696,697159.0956216863,1157071.4814479172,1038344.8103226939,85309.86760484314,909463.4052331183,1032250.9950376495,1189019.9104653432,857751.3935813257,1296180.3985648057,0.5519863211655243,0.012753023158840877,0.533755000036362,0.550837304462084,0.5736902040255776,0.5321266035194027,0.5768659264867597
368,SRC,12,10,#5,24.0,nan,50000,42,854229.984450133,71305.9826348688,739068.1331330322,854217.9948414334,969400.0356007157,662144.9949792753,1109707.625275679,1027793.0676003675,85239.18311032603,898945.3560720593,1021813.5644373419,1178640.4614914092,848226.2715586378,1282739.5576510744,0.7322081983861894,0.016916846945401166,0.7080244056248086,0.7306840311775434,0.7609983338616281,0.7058643425322604,0.7652109201753013
369,SRC,12,10,#6,6.0,nan,50000,42,1422644.975434995,106456.50255780395,1246381.672575267,1422777.4330483812,1598239.8605717237,1124619.0920849366,1757140.1561298284,1169602.7159027127,87605.48900653775,1036689.754984655,1163472.9660509396,1323360.472772539,967668.6412630563,1463377.1047390043,0.14040236029862974,0.003243838631116027,0.13576507053302145,0.1401100982424887,0.14592292532778137,0.13535087419206793,0.14673069702810515
370,SRC,12,10,#6,8.0,nan,50000,42,1251199.7158090137,92418.75713441419,1098266.580253056,1251372.3643629248,1403706.6307820333,985792.4864257772,1558206.0930238522,1126830.1072342824,86574.52734203996,995858.8829139294,1120622.8195833876,1279452.4429929426,933796.233820384,1408893.2300174185,0.18285705105067118,0.004224706514253033,0.17681754338425432,0.18247641515818128,0.19004691765417425,0.17627810286985238,0.1910989423546795
371,SRC,12,10,#6,10.0,nan,50000,42,1148332.5600334245,85101.49880595558,1008033.7186571717,1148052.5493826019,1288160.433954738,902496.5230302813,1439060.8687490907,1101166.5420332246,86085.48064139747,970836.0450165848,1095124.4048994048,1253189.3926799146,913035.2841851861,1376202.9051844669,0.225431156820821,0.005208333347083275,0.21798548714581742,0.2249618985172528,0.23429502034974747,0.21732045017568735,0.23559198507643583
372,SRC,12,10,#6,12.0,nan,50000,42,1079754.4561830321,80826.95587988333,947337.688230697,1079490.3678681464,1211799.6727012561,846965.8807666175,1362263.1022229467,1084057.4985658524,85814.49663458786,954066.6950824629,1077980.808174716,1235683.8844506848,898907.4944905661,1354409.3552958325,0.2680622606707112,0.006193277056443001,0.2592085464218188,0.2675042613086578,0.27860236226691276,0.25841774484781826,0.28014459494472577
373,SRC,12,10,#6,15.0,nan,50000,42,1011176.3523326392,77130.36598833524,885607.8323036928,1011081.0990574083,1137068.6813598478,791435.2385029536,1285465.3356968022,1066948.4550984807,85588.04824782077,937415.3549056841,1060606.8357004211,1218024.11744926,883572.0768516343,1332615.8054071981,0.3320641202734476,0.007671968042841231,0.3210965158599995,0.3313728944111803,0.3451207495631439,0.3201169045252137,0.3470312017697827
374,SRC,12,10,#6,18.0,nan,50000,42,969059.4469777682,75183.97590410346,847193.5311621429,968963.7778830202,1090978.7014799225,757208.1822186426,1238300.3649168676,1056441.0201597763,85471.20638092114,927157.8661732257,1050132.9665837493,1207582.6879699382,874086.9517334076,1319231.4038785603,0.39610190501215686,0.009151489039102893,0.3830192238781364,0.39527737786778405,0.4116764745574225,0.3818506968010146,0.4139553529796415
375,SRC,12,10,#6,24.0,nan,50000,42,908309.1965570502,72858.06281020681,790682.8235659277,908373.7035798703,1026131.8539606772,706915.2321040905,1170268.685907586,1041284.8898974223,85332.6364793964,912451.342028516,1035153.2961871512,1192143.0969156534,860405.4212090505,1299925.4805742465,0.5242301666513821,0.012111748424764495,0.5069155917292445,0.5231389272586053,0.5448426885426554,0.5053690777220538,0.5478587225478981
376,SRC,12,12,#3,6.0,nan,50000,42,1005082.7083863189,84079.0370506299,870326.4734967309,1005391.15499576,1139896.8698298952,780854.8852286424,1305885.0618944685,1230755.8449879044,102287.73391500647,1076330.835875859,1223423.6562118297,1411757.609619686,1016270.7204136408,1537663.1175849414,0.40591332439632766,0.009055416828015335,0.3929679850760959,0.4050974531270285,0.42132439231616825,0.3918117251807994,0.4235793471028033
377,SRC,12,12,#3,8.0,nan,50000,42,963735.8859879718,83082.04488282753,830415.8464373113,964076.9124814407,1096814.3988314823,746625.336183588,1259582.4749918997,1220440.5323453404,102228.05609317272,1065990.3794069742,1213253.2930575702,1401471.2697018802,1006959.025255011,1524523.4420021828,0.5389826931978331,0.012024027438003565,0.5217935214416338,0.5378993572549109,0.5594459260932881,0.5202582082726701,0.5624401160616698
378,SRC,12,12,#3,10.0,nan,50000,42,938927.7925489636,82610.56420699034,806371.3249711982,939348.3407730765,1070966.8200001034,726087.6067565554,1231800.9228503585,1214251.3447598019,102198.86428851268,1059870.7905652493,1207172.0036699576,1395019.1343847474,1001372.0081598331,1517374.357063897,0.672063110865694,0.014992884534333365,0.6506297543043995,0.6707122880413224,0.6975789282224507,0.6487153563886427,0.7013124147519241
379,SRC,12,12,#3,12.0,nan,50000,42,922389.0635896251,82350.09991312538,790276.7126667813,922567.1848706852,1054048.1409905246,712395.7871385337,1213279.8880893309,1210125.2197027763,102182.16202511625,1055821.799168176,1203029.168210463,1390840.4291117974,997647.3300963811,1512677.7961107995,0.8051490075257716,0.01796186386010314,0.7794712914240156,0.8035306868073722,0.8357176173614438,0.7771777931543434,0.840190430889245
380,SRC,12,12,#4,6.0,nan,50000,42,1145403.5793959952,89300.859230863,1000746.2919926587,1145262.2001397,1290405.910200132,895399.2856469416,1463024.5697766866,1265763.4603445707,102592.66554441025,1110514.5829028434,1258230.9851814155,1446956.271215453,1047872.3066890537,1582255.9209881593,0.22799026281799603,0.005086176625554495,0.2207192245531717,0.22753201054113426,0.23664623248978697,0.22006978542030603,0.23791277808843717
381,SRC,12,12,#4,8.0,nan,50000,42,1069309.6644243654,86130.95626025027,931091.537216863,1069528.7458499433,1208236.1566765714,833782.7676407058,1377810.1589379122,1246779.352797761,102407.71277764285,1092119.5710543804,1239401.9845883988,1428006.5605623205,1030735.237900163,1558073.9089603329,0.30166428916637733,0.006729751689208684,0.29204364764182783,0.3010579547306443,0.3131173964430291,0.29118434517885755,0.31479322054617787
382,SRC,12,12,#4,10.0,nan,50000,42,1023653.3154413875,84610.68610816452,888016.2752247329,1024073.7302982761,1159525.8306974063,796228.8237350589,1326681.5124346474,1235388.8882696754,102319.01726905169,1080887.4837323974,1228028.5251569846,1416536.2889605083,1020452.9966268284,1543564.701743637,0.3753595155414493,0.008373799698851363,0.3633885946484523,0.3746050563355492,0.3896105653116699,0.36231936846627666,0.3916957856910156
383,SRC,12,12,#4,12.0,nan,50000,42,993215.7494527358,83766.27675144073,858938.8700307731,993465.7447173342,1127544.646801881,771030.6562003684,1292595.7480991376,1227795.2452509517,102269.1967560626,1073368.544743185,1220498.4588195607,1408756.9993836903,1013598.1691112722,1533891.8969325067,0.4490651811713704,0.010018080595167999,0.4347436479824556,0.44816257621277433,0.4661145697760922,0.43346446834445107,0.4686092444244288
384,SRC,12,12,#4,15.0,nan,50000,42,962778.1834640837,83062.06071554589,829496.1749268118,963143.4157814645,1095802.0028519223,745832.4886656778,1258509.983763628,1220201.6022322278,102226.83704539904,1065736.3674944455,1213013.972779035,1401192.7198571507,1006743.341595716,1524219.0921213762,0.5596340083819171,0.01248473236144188,0.5417862273453632,0.5585091640338273,0.5808812973844468,0.5401920881017245,0.5839902108152669
385,SRC,12,12,#4,18.0,nan,50000,42,944081.6379021665,82700.57269722829,811382.6162965472,944465.9874910362,1076278.571428038,730354.2901932765,1237572.4999270677,1215537.1394846665,102204.52025700275,1061124.327420198,1208379.1657170155,1396302.4972588865,1002532.7028405847,1518837.9126311757,0.6702096660204593,0.01495153650599185,0.6488354193010714,0.6688625685539598,0.695655114747563,0.6469263009950587,0.6993783049056824
386,SRC,12,12,#4,24.0,nan,50000,42,917121.8344811058,82276.2781295548,785086.433097162,917290.7320272003,1048591.0429955116,708035.237363642,1207381.3372603632,1208811.1377041424,102177.30633488715,1054493.943522374,1201710.1215672316,1389612.4265954471,996461.1003223816,1511182.0425602752,0.8913711498321649,0.01988537164233723,0.8629436474534162,0.8895795256904552,0.9252133040710768,0.8604045420571889,0.9301651041726667
387,SRC,12,12,#5,6.0,nan,50000,42,1320162.7203218928,99177.10523876674,1156513.228185728,1319926.1756212583,1483149.9115574674,1036909.2836228573,1658730.0639445563,1309362.8247268896,103191.75748136188,1153221.61315349,1302114.6292737713,1491570.8748382502,1085162.8563292888,1637792.9195696914,0.15075415174759818,0.0033631359223267937,0.14594631832353233,0.1504511412925427,0.15647774427867703,0.14551688925767342,0.15731522305963086
388,SRC,12,12,#5,8.0,nan,50000,42,1200794.447032454,92067.99752333947,1050721.269361731,1200814.006134322,1350923.3065308793,940251.6551744569,1525054.4988879585,1279582.5178699153,102756.36105730079,1124027.5758595334,1272079.654106723,1461056.213351424,1060346.853560722,1599858.6771075674,0.19857658410450416,0.004429994368930842,0.19224360337245164,0.19817745227022066,0.2061158222644628,0.191677950247646,0.20721896717724936
389,SRC,12,12,#5,10.0,nan,50000,42,1129173.483058791,88561.17995152522,986021.2581094067,1129080.8205493637,1272614.0683862558,882257.0781054167,1444849.159854,1261714.3337557304,102549.3325194956,1106586.4385341676,1254215.4816823062,1443061.124362412,1044217.1356088866,1577098.1316302929,0.24643398467820515,0.005497632912564923,0.23857474143596732,0.24593866117982816,0.2557901960843739,0.23787276464388915,0.2571592013865923
390,SRC,12,12,#5,12.0,nan,50000,42,1081426.1737430154,86583.82296146262,942235.5371296154,1081596.873230244,1221156.5166844612,843594.0267260566,1391378.9338313607,1249802.2110129409,102434.06034994527,1095053.4527931702,1242336.1386895813,1431148.551036803,1033463.990307663,1561924.4346454432,0.29430845184945875,0.006565652190571061,0.2849224018111423,0.29371690238373727,0.3054822844591187,0.28408405273692444,0.30711724496018644
391,SRC,12,12,#5,15.0,nan,50000,42,1033678.86442724,84918.82056079827,897681.7955688674,1034071.852796609,1170262.9178781544,804528.6156128636,1337908.7078087218,1237890.0882701508,102337.05882221286,1083378.6244488496,1230507.5223244496,1418996.836766095,1022710.8450064395,1546750.7376605936,0.3661369352812328,0.008168055507994142,0.3544601398177327,0.36540101313191814,0.3800378368738892,0.3534171845142031,0.38207182340538376
392,SRC,12,12,#5,18.0,nan,50000,42,1004352.4045031063,84059.17830203632,869613.0547321402,1004677.383243816,1139145.750917395,780250.2928769648,1305067.2249470013,1230573.646878293,102286.56038281864,1076159.6756894516,1223224.2916991822,1411584.5256629598,1016106.2490772919,1537431.0330970504,0.43797646579539534,0.009770705271960735,0.42400857259447794,0.437096148758247,0.45460485578900467,0.42276097959359266,0.4570379297203609
393,SRC,12,12,#5,24.0,nan,50000,42,962057.9004535769,83047.12454705578,828831.7836199161,962407.0053158688,1095047.3874433313,745236.1922345536,1257703.368774763,1220021.9041559664,102225.92507874804,1065546.9604760767,1212831.400969833,1400983.2087608092,1006581.1270546041,1523990.192183319,0.581671901933023,0.01297637010803097,0.5631212910242385,0.5805027622068228,0.6037558904324993,0.561464375983506,0.606987230131598
394,SRC,12,12,#6,6.0,nan,50000,42,1530472.891438439,114697.88837071024,1340149.1633406978,1530445.5706664296,1720095.3095948016,1207206.480847216,1902718.8192005763,1361831.5524583117,104229.4895904484,1203907.214542846,1354513.43519804,1545334.572916814,1127146.9120405216,1704627.739271249,0.10927999920093456,0.002437899630915881,0.10579485450243366,0.1090603503096604,0.11342896743810776,0.10548356617352257,0.11403604644357795
395,SRC,12,12,#6,8.0,nan,50000,42,1359027.6318124572,101787.65892007975,1190850.8982661543,1358873.6636370681,1526501.836477725,1068379.8751880564,1703784.7560945996,1319058.9437898817,103357.69466476914,1162660.1351310296,1311742.4322226718,1501552.3657772369,1093169.4249745312,1650143.8645496632,0.1431496436503219,0.003193488890672275,0.1385843322913523,0.14286191798465572,0.1485845203799217,0.13817656496263744,0.14937975412750676
396,SRC,12,12,#6,10.0,nan,50000,42,1256160.4760368685,95183.48199220805,1099966.1223411325,1256015.8723459628,1411857.2929762546,985083.9117925607,1587056.612248175,1293395.3785888234,102944.32436323426,1137546.5112523315,1286134.363855156,1475281.071444825,1071977.7404326007,1617453.5397167113,0.17707257515948804,0.003950266917854707,0.17142539771549595,0.17671666561434496,0.1837953834993777,0.17092099959671458,0.18477906801264543
397,SRC,12,12,#6,12.0,nan,50000,42,1187582.372186476,91374.9408386661,1038930.3501337608,1187562.1797427495,1336438.1149688147,929553.2695288969,1510258.8457220308,1276286.3351214516,102715.09898877068,1120776.3990769587,1268730.5528420082,1457688.69428677,1057371.3694426566,1595659.9898280771,0.21102123118604774,0.004707618826734774,0.20429136725379307,0.21059708605606745,0.21903294780356217,0.20369026506765667,0.22020522598894146
398,SRC,12,12,#6,15.0,nan,50000,42,1119004.2683360833,88114.86392928183,976765.8698880839,1118884.848950766,1261646.0489118618,874022.627265233,1433461.0791958866,1259177.2916540795,102523.25354171832,1104135.4885019353,1251657.2541584456,1440680.6314774735,1041926.9323476005,1573866.4399394428,0.26196932287959795,0.005844206810297939,0.2536146284846524,0.26144277390687554,0.27191535516079074,0.2528683986773551,0.273370663333927
399,SRC,12,12,#6,18.0,nan,50000,42,1076887.3629812119,86411.80592131034,938026.0157473153,1077022.8876892081,1216322.780410173,839918.7563035028,1386296.108415952,1248669.8567153753,102424.05274942887,1093977.2371033155,1241230.6413588026,1429998.5840759957,1032441.8072293737,1560482.038410805,0.3129338485853094,0.0069811614160470055,0.3029537996161175,0.3123048627380681,0.3248148204704712,0.3020623953747364,0.32655324992660456
400,SRC,12,12,#6,24.0,nan,50000,42,1016137.1125604941,84389.35069792652,880897.3545730193,1016465.4624816366,1151790.8577518265,790006.4293593689,1318264.4294066702,1233513.7264530212,102306.02153273932,1079043.0835256476,1226165.5220245798,1414533.8352497148,1018760.2767050166,1541176.1151064911,0.4148871330803617,0.009255611237227313,0.4016556021240647,0.41405322477645085,0.43063890421642453,0.40047377998563455,0.4329437108596758
401,FRC,4,6,nan,nan,100.0,50000,42,393870.45600163634,39558.511697263544,331374.89617372974,393963.32090946834,456054.9311002219,302529.7884413297,531358.9211227456,595270.2938991573,51047.26058552039,518080.55794389645,591627.7518374005,685501.8490776166,490855.8587305665,744838.4809452358,0.6601848498868064,0.017269730437748758,0.6354965859745433,0.6586288887245209,0.6895755442952732,0.6332914642129504,0.693876004677618
402,FRC,4,6,nan,nan,150.0,50000,42,394759.9995844431,39558.664780471685,332257.7648488701,394847.21474093746,456932.31113517674,303386.19854491693,532289.6316715347,596160.2757285322,51047.26058552038,518970.5397732713,592517.7336667753,686391.8309069914,491745.84055994137,745728.4627746106,0.618923296768881,0.01619037228538946,0.5957780493511343,0.6174645831792384,0.6464770727768188,0.593710747699641,0.6505087543852669
403,FRC,4,6,nan,nan,200.0,50000,42,398095.78801996866,39559.40379508921,335618.6979402918,398194.6448323076,460290.05734797794,306597.736433369,535779.796229494,599497.7075886878,51047.260585520395,522307.97163342685,595855.1655269309,689729.262767147,495083.2724200969,749065.8946347663,0.5825160440177704,0.015237997445072435,0.5607322817422441,0.5811431371098714,0.6084490096723,0.5587865860702503,0.6122435335390747
404,FRC,4,6,nan,nan,250.0,50000,42,401431.576455494,39560.403249419076,338932.3125861006,401544.24713188,463648.8738184988,309809.27432182094,539269.9607874533,602835.1394488434,51047.260585520395,525645.4034935824,599192.5973870864,693066.6946273026,498420.70428025245,752403.3264949218,0.5501540415723387,0.014391442031457301,0.5295804883121195,0.548857407270434,0.5746462869127278,0.5277428868441253,0.578230003898015
405,FRC,4,6,nan,nan,300.0,50000,42,404767.36489101953,39561.663123722654,342294.8100158062,404877.5139360884,467000.31575221726,313020.8122102729,542760.1253454126,606172.571308999,51047.26058552039,528982.8353537379,602530.029247242,696404.1264874581,501758.136140408,755740.7583550774,0.5211985657001103,0.013633997714012178,0.5017078310325341,0.5199701753088322,0.5444017454962684,0.49996694543127657,0.5477968457981194
406,FRC,4,6,nan,nan,350.0,50000,42,408103.15332654497,39563.18339312102,345636.8056088198,408198.12259216787,470319.2170612962,316232.35009872494,546250.289903372,609510.0031691544,51047.260585520395,532320.2672138935,605867.4611073975,699741.5583476137,505095.5680005636,759078.1902152329,0.49513863741510483,0.01295229782831157,0.4766224394809074,0.49397166654339064,0.5171816582214549,0.47496859815971276,0.5204070035082135
407,FRC,4,6,nan,nan,400.0,50000,42,411438.9417620704,39564.964027597416,348981.8092872056,411536.1168283407,473676.67259382264,319443.8879871769,549740.4544613312,612847.43502931,51047.26058552039,535657.699074049,609204.8929675531,703078.9902077692,508432.99986071914,762415.6220753884,0.47156060706200464,0.012335521741249113,0.4539261328389595,0.47044920623180064,0.4925539602109095,0.4523510458663932,0.49562571762687
408,FRC,4,8,nan,nan,100.0,50000,42,503922.23096209706,52130.338231710164,421951.4500188654,504018.0923062288,585093.7805112012,386849.13194488845,683220.2956689639,789724.0850281937,68053.11419368991,686830.0830174162,784882.9215867138,910002.2126846291,651039.2274342685,988978.5211069772,0.4113106583868726,0.009714223371233675,0.39742350993622455,0.41043543023308693,0.42784292399163515,0.3961831289453286,0.4302619329567042
409,FRC,4,8,nan,nan,150.0,50000,42,505108.28907250613,52130.53929680877,423138.42923711764,505195.8350879991,586279.5314189609,387991.0120830047,684461.2430673494,790910.7274673601,68053.11419368991,688016.7254565826,786069.5640258803,911188.8551237956,652225.8698734349,990165.1635461437,0.38560374223769306,0.00910708441053157,0.3725845405652105,0.384783215843519,0.40110274124215795,0.37142168338624554,0.40337056214691014
410,FRC,4,8,nan,nan,200.0,50000,42,509556.00698654016,52131.51581982892,427570.1148647261,509659.95462140883,590748.256204324,392273.0626009407,689114.7958112952,795360.6366142342,68053.11419368991,692466.6346034566,790519.4731727543,915638.7642706695,656675.7790203089,994615.0726930177,0.3629211691648875,0.008571373562853242,0.350667802884904,0.3621489090291943,0.3775084623455604,0.34957334906940757,0.3796428820206213
411,FRC,4,8,nan,nan,250.0,50000,42,514003.72490057396,52132.843688368586,432005.3162503419,514101.1591664703,595206.0332891995,396555.11311887664,693768.3485552409,799810.5457611083,68053.11419368991,696916.5437503307,794969.3823196283,920088.6734175436,661125.688167183,999064.9818398918,0.34275888198906046,0.00809518614269473,0.33118625828018716,0.3420295251942391,0.3565357699930293,0.33015260745444047,0.3585516107972535
412,FRC,4,8,nan,nan,300.0,50000,42,518451.44281460793,52134.522875581424,436454.08153159026,518542.5222053939,599657.8657441305,400837.16363681265,698421.9012991866,804260.4549079824,68053.11419368991,701366.4528972048,799419.2914665025,924538.5825644177,665575.597314057,1003514.8909867659,0.3247189408317415,0.00766912371413185,0.3137554025812299,0.3240279712366476,0.33777072946708037,0.3127761544305226,0.33968047338687174
413,FRC,4,8,nan,nan,350.0,50000,42,522899.1607286419,52136.553347522145,440914.50772730046,523004.2254829265,604096.0789591323,405119.21415474865,703075.4540431324,808710.3640548562,68053.11419368991,705816.3620440789,803869.2006133765,928988.4917112918,670025.5064609312,1007964.80013364,0.3084829937901544,0.007285667528425257,0.29806763245216844,0.30782657267481517,0.32088219299372633,0.29713734670899644,0.32269644971752814
414,FRC,4,8,nan,nan,400.0,50000,42,527346.8786426758,52138.935063150006,445341.49729863636,527453.3907220692,608555.9364232932,409401.2646726846,707729.0067870781,813160.2732017303,68053.11419368991,710266.271190953,808319.1097602507,933438.4008581659,674475.4156078052,1012414.709280514,0.29379332741919467,0.006938730979452626,0.2838739356687318,0.29316816445220495,0.3056020885654536,0.28298794924666326,0.30732995211193154
415,FRC,4,10,nan,nan,100.0,50000,42,613974.0059225578,64806.40681286137,512058.48009016406,614048.1808253255,714489.9398579731,471168.47544844716,835081.6702151824,984177.8761572296,85059.92140499486,855596.3435487626,978172.5891310984,1134493.806835991,811222.5961379705,1233118.5612687187,0.2788528726299968,0.006217102957589553,0.26996509762158205,0.278292726611574,0.28943352261704486,0.2691712537874086,0.29098168835468907
416,FRC,4,10,nan,nan,150.0,50000,42,615456.5785605692,64806.65541594587,513551.482517339,615531.1598396143,715957.8729032134,472595.82562109246,836632.8544631642,985661.1792061877,85059.92140499479,857079.6465977207,979655.8921800564,1135977.109884949,812705.8991869285,1234601.8643176765,0.261424568090622,0.005828534022740206,0.2530922790202332,0.26089943119835063,0.27134392745347957,0.2523480504256955,0.272795332832521
417,FRC,4,10,nan,nan,200.0,50000,42,621016.2259531117,64807.867369079555,519125.5541063824,621038.0001902354,721492.9132703608,477948.38876851246,842449.7953930964,991223.5656397803,85059.92140499486,862642.0330313132,985218.278613649,1141539.4963185417,818268.285620521,1240164.2507512693,0.24604665232058542,0.005485679080226076,0.23820449790139592,0.24555240583374177,0.255382519956216,0.23750404745947817,0.2567485485482551
418,FRC,4,10,nan,nan,250.0,50000,42,626575.8733456541,64809.52092050718,524654.4868835395,626615.7708402907,727048.6561420421,483300.9519159324,848266.7363230286,996785.9520733729,85059.92140499482,868204.4194649059,990780.6650472416,1147101.8827521342,823830.6720541137,1245726.6371848618,0.2323773938583307,0.005180919131324627,0.22497091468465172,0.23191060550964498,0.24119460218087072,0.22430937815617383,0.2424847402955742
419,FRC,4,10,nan,nan,300.0,50000,42,632135.5207381964,64811.61603642901,530206.2840071897,632169.047720864,732595.8843968441,488653.5150633524,854083.6772529607,1002348.3385069654,85059.92140499484,873766.8058984984,996343.0514808341,1152664.2691857268,829393.0584877062,1251289.0236184543,0.2201470047078922,0.0049082391770443835,0.2131303402275648,0.2197047841670321,0.2285001494345091,0.21250362141111204,0.2297223855431756
420,FRC,4,10,nan,nan,350.0,50000,42,637695.1681307388,64814.15267402433,535766.0439893032,637758.2282160107,738168.037238989,494006.07821077236,859900.6181828929,1007910.724940558,85059.92140499479,879329.192332091,1001905.4379144268,1158226.6556193193,834955.4449212989,1256851.4100520469,0.20913965447249758,0.0046628272181921645,0.20247382321618654,0.2087195449586805,0.21707514196278363,0.20187844034055644,0.2182362662660168
421,FRC,4,10,nan,nan,400.0,50000,42,643254.8155232812,64817.13078145591,541315.1092119415,643292.8959546408,743700.7330578561,499358.64135819237,865717.5591128251,1013473.1113741505,85059.92140499486,884891.5787656836,1007467.8243480193,1163789.042052912,840517.8313548914,1262413.7964856396,0.19918062330714056,0.004440787826849681,0.19283221258684433,0.19878051900826715,0.20673823044074635,0.1922651812767204,0.2078440631104922
422,FRC,4,12,nan,nan,100.0,50000,42,724025.7808830186,77535.6076085516,602183.4247546094,724122.4358743276,844027.6087222432,555487.8189520058,986943.0447614007,1178631.6672862656,102067.20554213051,1024395.8795106306,1171378.8796465765,1359030.3888367203,971405.9648416721,1477258.6014304599,0.20030828402034098,0.00431743260943719,0.19413621804227524,0.19991929372976963,0.20765595762245775,0.19358493760187698,0.20873107271804392
423,FRC,4,12,nan,nan,150.0,50000,42,725804.868048632,77535.90352661662,603975.3619580768,725898.3053806485,845769.1514189187,557200.6391591802,988804.4658589789,1180411.6309450155,102067.2055421305,1026175.8431693803,1173158.843305326,1360810.3524954699,973185.9285004218,1479038.5650892095,0.1877890162690697,0.004047593071347365,0.18200270441463307,0.18742433787165902,0.19467746027105415,0.1814858790017597,0.1956853806731662
424,FRC,4,12,nan,nan,200.0,50000,42,732476.444919683,77537.34985404338,610597.7278357948,732598.801800482,852435.5782468937,563623.7149360841,995784.7949748975,1187086.4946653266,102067.20554213054,1032850.7068896914,1179833.7070256374,1367485.2162157812,979860.7922207329,1485713.4288095208,0.17674260354735968,0.0038094993612681092,0.17129666297847815,0.17639937682038498,0.18322584496099215,0.1708102390604797,0.18417447592768582
425,FRC,4,12,nan,nan,250.0,50000,42,739148.0217907339,77539.32768592983,617226.8834667172,739233.131511092,859140.4440270939,570046.7907129882,1002765.1240908161,1193761.3583856374,102067.20554213053,1039525.5706100025,1186508.5707459485,1374160.0799360923,986535.655941044,1492388.2925298319,0.16692357001695082,0.0035978605078643253,0.16178018170189604,0.1665994114414747,0.17304663135204815,0.1613207813348975,0.17394256059836993
426,FRC,4,12,nan,nan,300.0,50000,42,745819.5986617848,77541.83698160532,623871.9838433107,745920.5183931899,865877.5132635811,576469.8664898921,1009745.4532067347,1200436.2221059487,102067.20554213053,1046200.4343303137,1193183.4344662596,1380834.9436564033,993210.5196613551,1499063.156250143,0.15813811896342708,0.0034084994285030444,0.15326543529653305,0.1578310213656076,0.16393891391246665,0.15283021389621868,0.1647876889879294
427,FRC,4,12,nan,nan,350.0,50000,42,752491.1755328359,77544.87768947646,630543.7714763021,752587.0045567218,872573.2392110034,582892.942266796,1016725.7823226533,1207111.0858262596,102067.20554213053,1052875.2980506248,1199858.2981865706,1387509.8073767144,999885.3833816663,1505738.019970454,0.15023121301525577,0.0032380744570778925,0.14560216353170644,0.1499394702973272,0.1557419682168433,0.14518870320140775,0.15654830453853294
428,FRC,4,12,nan,nan,400.0,50000,42,759162.7524038868,77548.44974703257,637203.1224490996,759253.5308071116,879253.3507061843,589316.0180437001,1023706.1114385717,1213785.949546571,102067.20554213053,1059550.1617709359,1206533.1619068817,1394184.6710970255,1006560.2471019774,1512412.8836907651,0.143077345728815,0.0030838804353122786,0.13866872717305373,0.14279949552126403,0.14832568401604126,0.13827495542991214,0.14909362337003138
429,FRC,6,6,nan,nan,100.0,50000,42,425728.0215617633,40853.496581681,360303.2478626501,425832.4853461691,491125.0738289471,327315.66740665666,569246.319864791,601224.7541551819,51065.684500782794,524111.4330961088,597611.3139347846,691589.1270280973,496008.633320167,751047.6611752417,0.6525795521137324,0.017269730437748758,0.6278912882014693,0.6510235909514468,0.6819702465221993,0.6256861664398763,0.6862707069045442
430,FRC,6,6,nan,nan,150.0,50000,42,426617.56514457014,40853.65263787843,361192.89157566027,426727.6830800484,492015.4204383142,328172.07751024386,570177.0304135801,602114.7359845568,51065.684500782794,525001.4149254836,598501.2957641594,692479.1088574721,496898.6151495419,751937.6430046165,0.6117933301066242,0.016190372285389464,0.5886480826888776,0.6103346165169814,0.6393471061145619,0.5865807810373841,0.6433787877230103
431,FRC,6,6,nan,nan,200.0,50000,42,429953.3535800956,40854.39757235353,364542.07634431304,430054.2348565974,495355.6866968199,331383.6153986958,573667.1949715394,605452.1678447125,51065.68450078281,528338.8467856392,601838.7276243151,695816.5407176277,500236.0470096974,755275.0748647721,0.5758054871591756,0.015237997445072437,0.5540217248836494,0.5744325802512766,0.6017384528137053,0.5520760292116556,0.6055329766804802
432,FRC,6,6,nan,nan,250.0,50000,42,433289.1420156211,40855.39469112938,367883.61505428405,433367.64712547255,498651.7229195024,334595.15328714787,577157.3595294987,608789.5997048679,51065.68450078281,531676.2786457947,605176.1594844707,699153.9725777833,503573.47886985296,758612.5067249277,0.5438162934281103,0.014391442031457301,0.5232427401678911,0.5425196591262057,0.5683085387684995,0.5214051386998969,0.5718922557537869
433,FRC,6,6,nan,nan,300.0,50000,42,436624.9304511466,40856.64397574205,371198.5899860882,436706.7442491421,501971.04806507286,337806.6911755998,580647.524087458,612127.0315650237,51065.68450078281,535013.7105059503,608513.5913446262,702491.4044379388,506910.9107300085,761949.9385850832,0.5151943832476834,0.013633997714012178,0.4957036485801073,0.5139659928564053,0.5383975630438416,0.49396276297884967,0.5417926633456928
434,FRC,6,6,nan,nan,350.0,50000,42,439960.718886672,40858.14540306079,374570.07115952135,440063.2827287615,505314.20573001285,341018.22906405176,584137.6886454173,615464.4634251791,51065.68450078281,538351.1423661058,611851.0232047818,705828.8362980944,510248.3425901641,765287.3704452388,0.48943466408529923,0.01295229782831157,0.47091846615110194,0.4882676932135851,0.5114776848916495,0.4692646248299072,0.5147030301784081
435,FRC,6,6,nan,nan,400.0,50000,42,443296.5073221975,40859.898945290064,377883.51302511676,443397.3936606436,508647.72441596363,344229.7669525038,587627.8532033766,618801.8952853347,51065.68450078281,541688.5742262613,615188.4550649372,709166.2681582499,513585.77445031964,768624.8023053943,0.46612825150980886,0.012335521741249115,0.4484937772867638,0.4650168506796049,0.48712160465871385,0.4469186903141974,0.49019336207467445
436,FRC,6,8,nan,nan,100.0,50000,42,535779.7965222241,53115.434307638316,451537.30818441365,536000.7616278618,619511.1002960935,411635.0109102153,721107.6944110093,795678.5452842182,68068.55989485222,692772.7378803764,790824.9810851021,915976.1850274713,656192.1037439989,995187.7013369831,0.4070326783895184,0.009714223371233675,0.3931455299388705,0.4061574502357328,0.423564943994281,0.3919051489479745,0.4259839529593501
437,FRC,6,8,nan,nan,150.0,50000,42,536965.8546326332,53115.63966893758,452704.4724586273,537184.9886477289,620690.9108587202,412776.89104833157,722348.6418093948,796865.1877233846,68068.55989485222,693959.3803195428,792011.6235242685,917162.8274666377,657378.7461831653,996374.3437761496,0.3815931359901735,0.009107084410531572,0.36857393431769103,0.38077260959599946,0.3970921349946384,0.36741107713872606,0.3993599558993907
438,FRC,6,8,nan,nan,200.0,50000,42,541413.5725466673,53116.6281753317,457161.77311271604,541631.4934257576,625215.5479723725,417058.9415662676,727002.1945533406,801315.0968702585,68068.55989485222,698409.2894664168,796461.5326711425,921612.7366135117,661828.6553300393,1000824.2529230235,0.359146480931928,0.008571373562853242,0.3468931146519445,0.3583742207962348,0.3737337741126009,0.34579866083644806,0.3758681937876618
439,FRC,6,8,nan,nan,250.0,50000,42,545861.2904607011,53117.96151075753,461630.9846205356,546075.8896047636,629636.7006841827,421340.9920842036,731655.7472972863,805765.0060171328,68068.55989485222,702859.1986132909,800911.4418180166,926062.6457603858,666278.5644769134,1005274.1620698976,0.339193898657932,0.00809518614269473,0.32762127494905874,0.33846454186311065,0.35297078666190085,0.32658762412331205,0.3549866274661251
440,FRC,6,8,nan,nan,300.0,50000,42,550309.008374735,53119.6396492488,466111.0640120192,550543.9976746363,634093.864895136,425623.0426021395,736309.300041232,810214.9151640068,68068.55989485222,707309.107760165,805361.3509648907,930512.5549072599,670728.4736237875,1009724.0712167717,0.32134158820225145,0.00766912371413185,0.31037804995173984,0.3206506186071575,0.3343933768375903,0.3093988018010325,0.33630312075738167
441,FRC,6,8,nan,nan,350.0,50000,42,554756.726288769,53121.66255812803,470527.2968238181,554997.64540299,638579.1811380897,429905.09312007553,740962.8527851778,814664.8243108811,68068.55989485222,711759.0169070391,809811.2601117648,934962.464054134,675178.3827706616,1014173.9803636458,0.3052745087921388,0.0072856675284252576,0.29485914745415287,0.3046180876767996,0.31767370799571076,0.29392886171098087,0.3194879647195126
442,FRC,6,8,nan,nan,400.0,50000,42,559204.4442028028,53124.03019800973,475005.1694281343,559425.3942157768,643034.446180738,434187.1436380115,745616.4055291235,819114.733457755,68068.55989485222,716208.9260539132,814261.1692586389,939412.3732010081,679628.2919175357,1018623.8895105199,0.2907376274210846,0.006938730979452626,0.28081823567062175,0.2901124644540949,0.30254638856734356,0.2799322492485532,0.3042742521138215
443,FRC,6,10,nan,nan,100.0,50000,42,645831.5714826849,65597.96051570718,542325.4423066353,645991.2929983063,748559.0669047573,495954.354413774,872969.0689572277,990132.3364132541,85073.57932152503,861471.4011924826,984084.9093135786,1140486.2521793412,816375.4724477009,1239327.7414987243,0.2761149654316901,0.006217102957589552,0.26722719042327536,0.2755548194132673,0.2866956154187382,0.266433346589102,0.28824378115638233
444,FRC,6,10,nan,nan,150.0,50000,42,647314.1441206962,65598.21424160135,543817.5417475266,647475.5412923187,750035.3900816446,497381.7045864193,874520.2532052096,991615.6394622121,85073.57932152493,862954.7042414406,985568.2123625367,1141969.555228299,817858.775496659,1240811.0445476822,0.2588577800922095,0.005828534022740206,0.25052549102182065,0.2583326431999381,0.2687771394550671,0.24978126242728313,0.2702285448341084
445,FRC,6,10,nan,nan,200.0,50000,42,652873.7915132386,65599.44202992841,549412.1533562549,653006.5060171159,755657.3778792587,502734.2677338393,880337.1941351418,997178.0258958047,85073.57932152503,868517.0906750332,991130.5987961292,1147531.9416618918,823421.1619302515,1246373.430981275,0.24363085185149128,0.005485679080226077,0.2357886974323018,0.24313660536464765,0.25296671948712196,0.23508824699038414,0.25433274807916084
446,FRC,6,10,nan,nan,250.0,50000,42,658433.4389057811,65601.1060873156,555011.2320304137,658542.1808934016,761235.3089494447,508086.83088125923,886154.135065074,1002740.4123293976,85073.57932152497,874079.4771086258,996692.985229722,1153094.3280954843,828983.5483638442,1251935.8174148675,0.23009580452640843,0.005180919131324628,0.22268932535272948,0.2296290161777228,0.23891301284894853,0.22202778882425167,0.2402031509636519
447,FRC,6,10,nan,nan,300.0,50000,42,663993.0862983235,65603.20638056438,560635.2787069972,664056.4684187532,766852.2875771276,513439.39402867923,891971.0759950061,1008302.7987629898,85073.57932152499,879641.8635422183,1002255.3716633145,1158656.7145290768,834545.9347974367,1257498.20384846,0.21798549902501854,0.0049082391770443835,0.2109688345446911,0.21754327848415844,0.22633864375163545,0.21034211572823844,0.22756087986030182
448,FRC,6,10,nan,nan,350.0,50000,42,669552.7336908659,65605.742867778,566192.4956255028,669580.0121177266,772399.4753498875,518791.9571760992,897788.0169249383,1013865.1851965825,85073.57932152493,885204.249975811,1007817.758096907,1164219.1009626694,840108.3212310293,1263060.5902820525,0.2070862240737676,0.0046628272181921645,0.20042039281745655,0.20666611455995051,0.21502171156405367,0.1998250099418265,0.21618283586728673
449,FRC,6,10,nan,nan,400.0,50000,42,675112.3810834084,65608.71549836556,571739.4939226074,675155.9632458449,777934.0072550293,524144.5203235192,903604.9578548705,1019427.571630175,85073.57932152503,890766.6364094035,1013380.1445304996,1169781.4873962621,845670.7076646219,1268622.9767156453,0.19722497530835012,0.004440787826849681,0.19087656458805385,0.19682487100947668,0.2047825824419559,0.19030953327793002,0.20588841511170164
450,FRC,6,12,nan,nan,100.0,50000,42,755883.3464431458,78195.50734756525,632927.175028298,756027.1384593432,877640.6707668019,580273.6979173326,1024830.443503446,1184586.1275422901,102079.67129053484,1030245.124526124,1177324.3823800706,1365003.319026943,976558.8411514026,1483467.7816604658,0.1984069595770725,0.0043174326094371895,0.19223489359900675,0.19801796928650112,0.20575463317918916,0.1916836131586085,0.20682974827477543
451,FRC,6,12,nan,nan,150.0,50000,42,757662.4336087592,78195.80894521315,634707.6438556763,757793.7526319986,879419.2971284414,581986.518124507,1026691.8646010242,1186366.0912010395,102079.67129053482,1032025.0881848737,1179104.3460388202,1366783.2826856927,978338.8048101523,1485247.7453192153,0.18600652460350545,0.004047593071347365,0.18022021274906885,0.1856418462060948,0.19289496860548985,0.17970338733619548,0.193902889007602
452,FRC,6,12,nan,nan,200.0,50000,42,764334.0104798102,78197.27372974338,641355.1722970892,764489.9319321131,886122.384306486,588409.5939014112,1033672.1937169428,1193040.954921351,102079.67129053487,1038699.9519051848,1185779.2097591315,1373458.146406004,985013.6685304634,1491922.6090395267,0.17506496433271101,0.0038094993612681092,0.1696190237638295,0.17472173760573628,0.1815482057463434,0.16913259984583104,0.18249683671303715
453,FRC,6,12,nan,nan,250.0,50000,42,771005.5873508612,78199.26553255288,648007.9743755129,771151.7387497054,892809.0499337993,594832.669678315,1040652.5228328614,1199715.8186416621,102079.67129053487,1045374.8156254959,1192454.0734794424,1380133.010126315,991688.5322507744,1498597.4727598378,0.16533913298089378,0.0035978605078643253,0.16019574466583897,0.1650149744054176,0.171462194315991,0.15973634429884043,0.17235812356231286
454,FRC,6,12,nan,nan,300.0,50000,42,777677.1642219119,78201.78431337213,654681.1222973852,777813.783308091,899486.7986161957,601255.745455219,1047632.85194878,1206390.6823619732,102079.67129053485,1052049.6793458068,1199128.9371997537,1386807.8738466261,998363.3959710856,1505272.3364801488,0.15663707335032037,0.003408499428503045,0.15176438968342634,0.15632997575250085,0.16243786829935986,0.15132916828311196,0.1632866433748227
455,FRC,6,12,nan,nan,350.0,50000,42,784348.7410929629,78204.83002128321,661371.7615909507,784506.3382243896,906144.1184386984,607678.8212321231,1054613.1810646986,1213065.5460822843,102079.67129053485,1058724.543066118,1205803.8009200646,1393482.7375669372,1005038.2596913967,1511947.20020046,0.14880521968280436,0.0032380744570778925,0.14417617019925508,0.14851347696487582,0.1543159748843919,0.14376270986895637,0.15512231120608158
456,FRC,6,12,nan,nan,400.0,50000,42,791020.3179640138,78208.40259472502,668012.2459479546,791180.0860831039,912833.9046349399,614101.897009027,1061593.5101806172,1219740.4098025956,102079.67129053485,1065399.406786429,1212478.6646403759,1400157.6012872483,1011713.1234117078,1518622.063920771,0.14171925684076608,0.003083880435312279,0.1373106382850048,0.14144140663321508,0.14696759512799226,0.13691686654186322,0.14773553448198246
457,FRC,8,6,nan,nan,100.0,50000,42,457585.5871218904,42606.80247973879,388294.8363378525,457519.65287824156,526751.1557952467,351800.6893651556,607133.7186068364,607179.2144112065,51088.869360529774,529966.1335369324,603592.8504081727,697561.5604655228,500765.03435748594,757256.8414052475,0.6455833563577117,0.01726973043774876,0.6208950924454486,0.6440273951954262,0.6749740507661786,0.6186899706838557,0.6792745111485234
458,FRC,8,6,nan,nan,150.0,50000,42,458475.13070469716,42606.95961753549,389181.9814306355,458410.8137865062,527637.0544937244,352694.75610132754,608064.4291556255,608069.1962405813,51088.869360529774,530856.1153663072,604482.8322375475,698451.5422948976,501655.0161868608,758146.8232346223,0.6052343965853546,0.016190372285389464,0.5820891491676081,0.6037756829957122,0.6327881725932923,0.5800218475161147,0.6368198542017408
459,FRC,8,6,nan,nan,200.0,50000,42,461810.9191402227,42607.70203529056,392516.99005651224,461745.13997625146,530958.577693473,356047.50636197254,611554.5937135848,611406.628100737,51088.869360529774,534193.5472264627,607820.2640977032,701788.9741550533,504992.44804701634,761484.2550947779,0.5696323732568044,0.015237997445072437,0.5478486109812782,0.5682594663489056,0.595565338911334,0.5459029153092844,0.599359862778109
460,FRC,8,6,nan,nan,250.0,50000,42,465146.7075757482,42608.68626032076,395841.7214248362,465072.25176507904,534283.4338297045,359381.0322524747,615044.7582715441,614744.0599608925,51088.869360529774,537530.9790866183,611157.6959578586,705126.4060152088,508329.8799071719,764821.6869549335,0.5379861302980932,0.014391442031457301,0.5174125770378739,0.5366894959961885,0.5624783756384821,0.5155749755698797,0.5660620926237696
461,FRC,8,6,nan,nan,300.0,50000,42,468482.4960112736,42609.912275869945,399192.60500615684,468410.6371626584,537621.702032185,362592.57014092663,618534.9228295034,618081.4918210481,51088.869360529774,540868.4109467738,614495.1278180142,708463.8378753643,511667.3117673275,768159.118815089,0.5096710708087198,0.013633997714012178,0.4901803361411436,0.5084426804174418,0.5328742506048778,0.48843945053988597,0.536269350906729
462,FRC,8,6,nan,nan,350.0,50000,42,471818.284446799,42611.38006106769,402544.84537032933,471770.60308484413,540932.2745393682,365804.1080293787,622025.0873874627,621418.9236812036,51088.869360529774,544205.8428069294,617832.5596781697,711801.2697355199,515004.743627483,771496.5506752445,0.4841875172682837,0.01295229782831157,0.46567131933408645,0.48302054639656966,0.5062305380746338,0.4640174780128917,0.5094558833613926
463,FRC,8,6,nan,nan,400.0,50000,42,475154.0728823245,42613.08959093114,405916.4503301398,475115.9000406265,544283.5587177235,369015.64591783064,625515.251945422,624756.3555413592,51088.869360529774,547543.2746670849,621169.9915383253,715138.7015956754,518342.17548763857,774833.9825354001,0.46113096882693705,0.012335521741249116,0.4434964946038919,0.46001956799673305,0.4821243219758418,0.4419214076313255,0.48519607939180254
464,FRC,8,8,nan,nan,100.0,50000,42,567637.3620823511,54471.32877557468,480404.33048353344,567776.6471282255,654833.4317719294,436420.88987554214,758995.0931530547,801633.0055402429,68087.57933437708,698815.2441281452,796815.0852463797,922118.836037463,661344.8444268897,1001396.8815669889,0.40309731827675677,0.009714223371233677,0.3892101698261088,0.4022220901229713,0.4196295838815195,0.3879697888352129,0.4220485928465884
465,FRC,8,8,nan,nan,150.0,50000,42,568823.4201927603,54471.53685050457,481590.5221008803,568970.2441067311,656020.5605844189,437562.7700136584,760236.0405514402,802819.6479794092,68087.57933437708,700001.8865673116,798001.727685546,923305.4784766295,662531.4868660561,1002583.5240061553,0.3779037358844595,0.00910708441053157,0.3648845342119769,0.3770832094902855,0.39340273488892447,0.36372167703301206,0.3956705557936766
466,FRC,8,8,nan,nan,200.0,50000,42,573271.1381067941,54472.53009647138,486056.1017924174,573405.6464754632,660474.2489290932,441844.8205315944,764889.593295386,807269.5571262833,68087.57933437708,704451.7957141856,802451.63683242,927755.3876235035,666981.3960129301,1007033.4331530293,0.35567410436184427,0.008571373562853242,0.34342073808186063,0.35490184422615106,0.37026139754251713,0.34232628426636424,0.372395817217578
467,FRC,8,8,nan,nan,250.0,50000,42,577718.8560208281,54473.859588172505,490511.4867390454,577823.52950063,664868.9638926698,446126.8710495304,769543.1460393317,811719.4662731574,68087.57933437708,708901.7048610597,806901.5459792942,932205.2967703776,671431.3051598042,1011483.3422999034,0.3359144318972973,0.00809518614269473,0.32434180818842395,0.335185075102476,0.34969131990126623,0.3233081573626774,0.3517071607054903
468,FRC,8,8,nan,nan,300.0,50000,42,582166.573934862,54475.525300989415,494931.4533147843,582275.6589988562,669294.7307534304,450408.92156746634,774196.6987832774,816169.3754200315,68087.57933437708,713351.6140079338,811351.4551261682,936655.2059172516,675881.2143066783,1015933.2514467775,0.31823472495533434,0.00766912371413185,0.30727118670482273,0.3175437553602405,0.3312865135906733,0.3062919385541154,0.33319625751046456
469,FRC,8,8,nan,nan,350.0,50000,42,586614.2918488961,54477.52720408106,499426.7615460285,586751.0436383487,673752.2743066837,454690.97208540235,778850.2515272232,820619.2845669055,68087.57933437708,717801.5231548079,815801.3642730424,941105.1150641257,680331.1234535524,1020383.1605936516,0.30232298870756763,0.0072856675284252576,0.2919076273695816,0.30166656759222843,0.3147221879111396,0.29097734162640965,0.3165364446349413
470,FRC,8,8,nan,nan,400.0,50000,42,591062.00976293,54479.865260386745,503844.684033489,591196.5248808581,678196.9658879515,458973.0226033383,783503.8042711689,825069.1937137796,68087.57933437708,722251.432301682,820251.2734199164,945555.0242109998,684781.0326004265,1024833.0697405257,0.28792665591196914,0.0069387309794526255,0.27800726416150623,0.2873014929449794,0.29973541705822815,0.27712127773943773,0.301463280604706
471,FRC,8,10,nan,nan,100.0,50000,42,677689.137042812,66697.17822365231,571781.3825842765,677955.385153222,783127.0074482732,520740.23337910086,910856.467699273,996086.7966692788,85090.09746429979,867510.6258435787,990057.5049576,1146559.8116228709,821528.3487574313,1245536.9217287304,0.27359633495952274,0.006217102957589552,0.264708559951108,0.27303618894109993,0.2841769849465708,0.26391471611693457,0.2857251506842149
472,FRC,8,10,nan,nan,150.0,50000,42,679171.7096808233,66697.43575673719,573245.85468556,679439.9770167982,784644.8382756972,522167.58355174615,912407.6519472549,997570.0997182368,85090.0974642997,868993.9288925368,991540.8080065581,1148043.1146718287,823011.6518063893,1247020.2247776883,0.2564965640245525,0.005828534022740206,0.24816427495416374,0.25597142713228116,0.2664159233874101,0.24742004635962617,0.2678673287664515
473,FRC,8,10,nan,nan,200.0,50000,42,684731.3570733656,66698.67326790569,578742.0527531578,685008.7125896243,790170.4761285564,527520.1466991662,918224.5928771871,1003132.4861518295,85090.09746429979,874556.3153261293,997103.1944401506,1153605.5011054215,828574.0382399819,1252582.611211281,0.24140853084663766,0.005485679080226077,0.23356637642744824,0.240914284359794,0.25074439848226837,0.2328659259855305,0.25211042707430725
474,FRC,8,10,nan,nan,250.0,50000,42,690291.004465908,66700.33985793462,584300.2258273578,690560.4077489027,795768.1441435455,532872.7098465861,924041.5338071192,1008694.872585422,85090.09746429975,880118.701759722,1002665.5808737433,1159167.887539014,834136.4246735745,1258144.9976448736,0.22799694579960225,0.005180919131324628,0.22059046662592333,0.2275301574509166,0.23681415412214232,0.21992893009744546,0.23810429223684576
475,FRC,8,10,nan,nan,300.0,50000,42,695850.6518584505,66702.43549466178,589891.5030386292,696123.9325048937,801365.8335665704,538225.2729940062,929858.4747370514,1014257.2590190145,85090.09746429975,885681.0881933145,1008227.9673073358,1164730.2739726065,839698.811107167,1263707.384078466,0.2159971065469916,0.0049082391770443835,0.20898044206666422,0.21555488600613149,0.22435025127360853,0.2083537232502115,0.22557248738227492
476,FRC,8,10,nan,nan,350.0,50000,42,701410.2992509927,66704.96013764974,595488.495657198,701664.0509824073,806946.4471423601,543577.8361414261,935675.4156669836,1019819.6454526071,85090.0974642997,891243.4746269071,1013790.3537409285,1170292.660406199,845261.1975407597,1269269.7705120586,0.20519725121964202,0.0046628272181921645,0.19853141996333099,0.20477714170582492,0.2131327387099281,0.1979360370877009,0.21429386301316117
477,FRC,8,10,nan,nan,400.0,50000,42,706969.9466435355,66707.91373818969,601100.5660568075,707208.1422139793,812549.4118367038,548930.3992888461,941492.3565969157,1025382.0318861998,85090.09746429979,896805.8610604997,1019352.740174521,1175855.0468397918,850823.5839743522,1274832.1569456514,0.1954259535425162,0.004440787826849681,0.18907754282222,0.1950258492436428,0.202983560676122,0.1885105115120961,0.2040893933458678
478,FRC,8,12,nan,nan,100.0,50000,42,787740.9120032727,79117.02339452709,662749.7923474595,787926.6418189367,912109.8622004437,605059.5768826595,1062717.8422454912,1190540.5877983146,102094.52117104077,1036161.1158877929,1183255.503674801,1371003.6981552332,981711.717461133,1489676.9618904716,0.19665791063806734,0.0043174326094371895,0.19048584466000154,0.19626892034749593,0.20400558424018406,0.18993456421960334,0.20508069933577022
479,FRC,8,12,nan,nan,150.0,50000,42,789519.9991688862,79117.32956094337,664515.5296977402,789694.4294818749,913864.6222703535,606772.3970898339,1064579.2633430695,1192320.5514570645,102094.52117104076,1037941.0795465426,1185035.4673335506,1372783.6618139828,983491.6811198827,1491456.9255492212,0.1843667912231881,0.004047593071347366,0.17858047936875146,0.18400211282577747,0.19125523522517257,0.17806365395587814,0.1922631556272846
480,FRC,8,12,nan,nan,200.0,50000,42,796191.5760399373,79118.80759017842,671237.3958805836,796389.2896646152,920580.1146959559,613195.472866738,1071559.592458988,1198995.4151773755,102094.52117104079,1044615.9432668537,1191710.3310538619,1379458.525534294,990166.5448401938,1498131.7892695325,0.17352168585711822,0.0038094993612681092,0.16807574528823668,0.17317845913014351,0.18000492727075065,0.16758932137023824,0.18095355823744433
481,FRC,8,12,nan,nan,250.0,50000,42,802863.152910988,79120.80649883815,677864.6251722012,803088.49426376,927297.7476369976,619618.5486436419,1078539.9215749067,1205670.2788976869,102094.52117104079,1051290.8069871648,1198385.1947741727,1386133.3892546052,996841.4085605049,1504806.6529898436,0.16388159219838944,0.0035978605078643253,0.15873820388333462,0.1635574336229133,0.17000465353348673,0.1582788035163361,0.17090058277980855
482,FRC,8,12,nan,nan,300.0,50000,42,809534.7297820391,79123.32624744531,684589.6200316123,809755.0278721768,934000.6315044345,626041.6244205458,1085520.2506908253,1212345.142617998,102094.52117104077,1057965.6707074759,1205060.058494484,1392808.2529749162,1003516.272280816,1511481.5167101547,0.15525624524057946,0.0034084994285030444,0.15038356157368543,0.15494914764275997,0.161057040189619,0.14994834017337105,0.16190581526508174
483,FRC,8,12,nan,nan,350.0,50000,42,816206.3066530899,79126.36678624204,691273.6112176396,816396.2451843357,940638.4341225924,632464.7001974499,1092500.579806744,1219020.0063383088,102094.52117104079,1064640.534427787,1211734.922214795,1399483.1166952273,1010191.1360011272,1518156.3804304658,0.1474934329785505,0.0032380744570778925,0.14286438349500116,0.14720169026062196,0.15300418818013803,0.1424509231647025,0.15381052450182767
484,FRC,8,12,nan,nan,400.0,50000,42,822877.8835241408,79129.92805519483,697963.6185744111,823072.2336566814,947353.3451876453,638887.7759743538,1099480.9089226625,1225694.87005862,102094.52117104077,1071315.398148098,1218409.7859351062,1406157.9804155384,1016865.9997214383,1524831.2441507769,0.1404699361700481,0.0030838804353122786,0.1360613176142868,0.1401920859624971,0.14571827445727434,0.13566754587114524,0.14648621381126448
485,FRC,10,6,nan,nan,100.0,50000,42,489443.1526820174,44764.60824688069,415738.64773184026,489410.3789879664,563088.5098658779,375883.96922646696,645021.1173488818,613133.6746672313,51116.80868655035,535901.6157541747,609591.9220206363,703501.9363852114,505521.43539480487,763466.0216352533,0.6391058908228896,0.017269730437748758,0.6144176269106266,0.6375499296606042,0.6684965852313565,0.6122125051490337,0.6727970456137015
486,FRC,10,6,nan,nan,150.0,50000,42,490332.6962648243,44764.76495186073,416640.81191265443,490295.77924445807,563989.727565778,376778.0359626389,645951.8278976709,614023.656496606,51116.80868655035,536791.5975835494,610481.9038500111,704391.9182145862,506411.4172241797,764356.0034646281,0.5991617726464591,0.01619037228538946,0.5760165252287125,0.5977030590568164,0.6267155486543967,0.5739492235772191,0.6307472302628452
487,FRC,10,6,nan,nan,200.0,50000,42,493668.48470034974,44765.4983643369,420002.84964025085,493636.9645580537,567317.9810795081,380105.96332762757,649441.9924556302,617361.0883567616,51116.80868655035,540129.0294437051,613819.3357101667,707729.3500747419,509748.84908433526,767693.4353247838,0.563916962490785,0.015237997445072437,0.5421332002152588,0.562544055582886,0.5898499281453146,0.540187504543265,0.5936444520120896
488,FRC,10,6,nan,nan,250.0,50000,42,497004.2731358752,44766.46192903903,423322.2072672552,496988.4175641535,570628.4273129386,383401.7438406808,652932.1570135895,620698.5202169172,51116.80868655035,543466.4613038606,617156.7675703224,711066.7819348974,513086.2809444908,771030.8671849393,0.5325882423524082,0.014391442031457301,0.5120146890921888,0.5312916080505035,0.5570804876927972,0.5101770876241948,0.5606642046780845
489,FRC,10,6,nan,nan,300.0,50000,42,500340.06157140067,44767.65563110596,426638.90444533783,500322.07251251955,573964.138606705,386697.5243537341,656422.3215715488,624035.9520770727,51116.80868655035,546803.8931640162,620494.1994304778,714404.213795053,516423.71280464635,774368.2990450949,0.5045572822285971,0.01363399771401218,0.4850665475610209,0.5033288918373191,0.5277604620247551,0.4833256619597634,0.5311555623266063
490,FRC,10,6,nan,nan,350.0,50000,42,503675.8500069261,44769.07945212885,429964.2149104099,503655.5185495798,577284.2420064204,389993.30486678734,659912.4861295081,627373.3839372281,51116.80868655035,550141.3250241717,623831.6312906335,717741.6456552085,519761.14466480195,777705.7309052504,0.4793294181171673,0.01295229782831157,0.4608132201829699,0.4781624472454531,0.5013724389235173,0.45915937886177527,0.5045977842102761
491,FRC,10,6,nan,nan,400.0,50000,42,507011.63844245154,44770.73337015265,433289.9290439311,507002.5805040988,580590.9146843492,393289.08537984063,663402.6506874674,630710.8157973838,51116.80868655035,553478.7568843273,627169.0631507889,721079.077515364,523098.5765249575,781043.162765406,0.45650420773063555,0.012335521741249115,0.43886973350759045,0.4553928069004316,0.4774975608795404,0.4372946465350241,0.4805693182955011
492,FRC,10,8,nan,nan,100.0,50000,42,599494.9276424783,56171.17637023125,508480.04572113557,599421.4396585461,690288.8700215603,461039.82586643694,796882.4918951001,807587.4657962673,68110.16951841644,704663.870947361,802783.0697941147,928052.1546227991,666101.2454642084,1007606.0617969948,0.3994537439134195,0.009714223371233675,0.38556659546277144,0.3985785157596339,0.415986009518182,0.3843262144718755,0.41840501848325107
493,FRC,10,8,nan,nan,150.0,50000,42,600680.9857528873,56171.385737068194,509673.83288101194,600607.821359874,691455.649590503,462231.91484799964,798123.4392934856,808774.1082354338,68110.16951841644,705850.5133865274,803969.712233281,929238.7970619656,667287.8879033749,1008792.7042361612,0.3744878849188307,0.009107084410531572,0.3614686832463482,0.3736673585246567,0.3899868839232956,0.3603058260673832,0.39225470482804786
494,FRC,10,8,nan,nan,200.0,50000,42,605128.7036669212,56172.377382986815,514107.8261495815,605044.598442521,695929.1603306981,466630.69949692127,802776.9920374313,813224.0173823078,68110.16951841644,710300.4225334014,808419.621380155,933688.7062088395,671737.7970502488,1013242.6133830352,0.35245918580595825,0.008571373562853243,0.3402058195259748,0.3516869256702651,0.3670464789866312,0.33911136571047834,0.36918089866169207
495,FRC,10,8,nan,nan,250.0,50000,42,609576.4215809552,56173.69509972366,518600.9117559281,609505.1282262634,700433.8517677808,470912.7500148572,807430.5447813771,817673.9265291818,68110.16951841644,714750.3316802755,812869.5305270292,938138.6153557136,676187.7061971229,1017692.5225299093,0.33287811992784955,0.00809518614269473,0.3213054962189762,0.3321487631330282,0.3466550079318183,0.32027184539322956,0.34867084873604254
496,FRC,10,8,nan,nan,300.0,50000,42,614024.1394949891,56175.33886433262,523099.53478731273,613963.5833378658,704910.1228181466,475194.8005327932,812084.0975253228,822123.8356760561,68110.16951841644,719200.2408271496,817319.4396739032,942588.5245025877,680637.615343997,1022142.4316767834,0.3153582188790154,0.00766912371413185,0.3043946806285038,0.3146672492839214,0.32841000751435423,0.30341543247779645,0.3303197514341456
497,FRC,10,8,nan,nan,350.0,50000,42,618471.8574090231,56177.3086481929,527491.0104713679,618435.1211762517,709352.6805524932,479476.8510507292,816737.6502692685,826573.74482293,68110.16951841644,723650.1499740237,821769.3488207774,947038.4336494618,685087.5244908711,1026592.3408236575,0.2995903079350646,0.007285667528425257,0.2891749465970786,0.2989338868197254,0.3119895071386365,0.2882446608539066,0.3138037638624383
498,FRC,10,8,nan,nan,400.0,50000,42,622919.575323057,56179.6044170116,531950.9665808963,622871.4479905579,713842.5356132272,483758.90156866517,821391.2030132143,831023.653969804,68110.16951841644,728100.0591208978,826219.2579676514,951488.3427963359,689537.4336377452,1031042.2499705316,0.2853241027952996,0.006938730979452625,0.2754047110448367,0.28469893982830985,0.2971328639415585,0.27451872462276816,0.29886072748803644
499,FRC,10,10,nan,nan,100.0,50000,42,709546.702602939,68089.16096946834,600505.4131044168,709720.808910282,818541.7897149117,545526.1123444277,948743.8664413184,1002041.2569253035,85109.47416797138,873519.0551601814,996018.8565579746,1152648.5450468287,826681.0555336119,1251746.101958736,0.27126444736698674,0.006217102957589552,0.26237667235857204,0.270704301348564,0.28184509735403485,0.2615828285243986,0.283393263091679
500,FRC,10,10,nan,nan,150.0,50000,42,711029.2752409503,68089.4210631307,601988.1526261005,711212.805133414,820025.7007305237,546953.4625170731,950295.0506893003,1003524.5599742614,85109.4741679713,875002.3582091394,997502.1596069327,1154131.8480957865,828164.35858257,1253229.405007694,0.2543104194065501,0.005828534022740206,0.2459781303361613,0.2537852825142788,0.2642297787694076,0.2452339017416237,0.2656811841484491
501,FRC,10,10,nan,nan,200.0,50000,42,716588.9226334927,68090.66262058922,607570.1272405217,716757.058094329,825592.8111613666,552306.0256644931,956111.9916192325,1009086.9464078539,85109.47416797138,880564.744642732,1003064.5460405252,1159694.2345293793,833726.7450161625,1258791.7914412867,0.23935098297087068,0.005485679080226077,0.23150882855168123,0.23885673648402705,0.2486868506065013,0.23080837810976348,0.2500528791985403
502,FRC,10,10,nan,nan,250.0,50000,42,722148.5700260353,68092.32448521563,613139.3584238066,722279.4118757877,831086.2048658375,557658.588811913,961928.9325491646,1014649.3328414465,85109.47416797133,886127.1310763246,1008626.9324741177,1165256.6209629718,839289.1314497552,1264354.1778748792,0.22605370613915565,0.005180919131324628,0.2186472269654767,0.22558691779047,0.23487091446169567,0.21798569043699886,0.2361610525763992
503,FRC,10,10,nan,nan,300.0,50000,42,727708.2174185778,68094.40662623676,618664.3166434804,727844.5737485702,836618.413441788,563011.151959333,967745.8734790968,1020211.7192750389,85109.47416797135,891689.5175099171,1014189.3189077103,1170819.0073965644,844851.5178833477,1269916.5643084717,0.21415614265814747,0.0049082391770443835,0.20713947817782005,0.21371392211728735,0.22250928738476433,0.20651275936136734,0.2237315234934308
504,FRC,10,10,nan,nan,350.0,50000,42,733267.86481112,68096.90900510132,624283.4519325357,733438.8045479357,842190.3428833549,568363.715106753,973562.814409029,1025774.1057086317,85109.4741679713,897251.9039435098,1019751.705341303,1176381.393830157,850413.9043169403,1275478.9507420643,0.20344833552524008,0.0046628272181921645,0.19678250426892904,0.203028226011423,0.2113838230155261,0.19618712139329897,0.21254494731875925
505,FRC,10,10,nan,nan,400.0,50000,42,738827.5122036624,68099.83157548343,629805.8550418613,738995.6561010727,847746.2073599395,573716.278254173,979379.7553389611,1031336.4921422242,85109.47416797139,902814.2903771023,1025314.0917748956,1181943.7802637496,855976.2907505329,1281041.337175657,0.1937603195478477,0.004440787826849681,0.18741190882755146,0.1933602152489743,0.20131792668145346,0.1868448775174276,0.2024237593511993
506,FRC,10,12,nan,nan,100.0,50000,42,819598.4775633997,80291.14840147905,691913.4728676081,819794.9238700434,946806.6515326127,629845.4558479865,1100605.2409875367,1196495.0480543394,102111.75414349155,1042248.3685641921,1189247.6027182,1377109.0966283223,986864.5937708635,1495886.1421204775,0.19503854425436185,0.0043174326094371895,0.18886647827629602,0.19464955396379044,0.2023862178564786,0.18831519783589787,0.20346133295206473
507,FRC,10,12,nan,nan,150.0,50000,42,821377.5647290132,80291.45805417123,693682.3825276814,821575.9573700759,948592.4924840957,631558.2760551609,1102466.662085115,1198275.011713089,102111.75414349152,1044028.3322229418,1191027.5663769497,1378889.0602870719,988644.5574296132,1497666.105779227,0.18284863523846423,0.004047593071347366,0.17706232338402753,0.18248395684105356,0.18973707924044866,0.17654549797115426,0.1907449996425607
508,FRC,10,12,nan,nan,200.0,50000,42,828049.1416000642,80292.94433242628,700370.4405846023,828275.5457861817,955324.2940510027,637981.3518320648,1109446.9912010336,1204949.8754334,102111.75414349156,1050703.1959432529,1197702.430097261,1385563.9240073832,995319.4211499243,1504340.9694995384,0.17209283316561333,0.0038094993612681092,0.16664689259673177,0.17174960643863862,0.17857607457924582,0.1661604686787334,0.17952470554593947
509,FRC,10,12,nan,nan,250.0,50000,42,834720.7184711151,80294.94387303371,706950.0242786579,834954.4665921342,962046.1519832854,644404.4276089689,1116427.3203169522,1211624.7391537114,102111.75414349156,1057378.059663564,1204377.293817572,1392238.7877276943,1001994.2848702354,1511015.8332198495,0.1625321202119682,0.0035978605078643253,0.15738873189691335,0.16220796163649204,0.1686551815470655,0.1569293315299149,0.16955111079338728
510,FRC,10,12,nan,nan,300.0,50000,42,841392.295342166,80297.45663765029,713670.9097161881,841673.0620692673,968680.6969418438,650827.5033858728,1123407.6494328708,1218299.6028740224,102111.75414349155,1064052.923383875,1211052.1575378831,1398913.6514480053,1008669.1485905466,1517690.6969401606,0.15397779809554882,0.003408499428503045,0.14910511442865473,0.1536707004977293,0.15977859304458836,0.1486698930283404,0.16062736812005107
511,FRC,10,12,nan,nan,350.0,50000,42,848063.8722132168,80300.48257809653,720310.7867946475,848328.9979744563,975381.8916950616,657250.5791627767,1130387.9785487894,1224974.4665943335,102111.75414349155,1070727.7871041861,1217727.0212581942,1405588.5151683164,1015344.0123108577,1524365.5606604717,0.14627890819077138,0.0032380744570778925,0.14164985870722202,0.14598716547284282,0.15178966339235891,0.1412363983769234,0.15259599971404855
512,FRC,10,12,nan,nan,400.0,50000,42,854735.4490842678,80304.02163636143,727013.8709004172,855016.3473839224,981998.6645269152,663673.6549396808,1137368.3076647078,1231649.3303146444,102111.75414349155,1077402.6508244972,1224401.8849785053,1412263.3788886275,1022018.8760311687,1531040.4243807828,0.13931324589597274,0.0030838804353122786,0.13490462734021144,0.13903539568842174,0.144561584183199,0.1345108555970699,0.1453295235371891
513,FRC,12,6,nan,nan,100.0,50000,42,521300.71824214456,47271.553653302864,442950.2922884395,521129.97792549233,599718.7043000625,399944.5390549238,682908.5160909272,619088.1349232558,51149.49468776621,541823.5174501123,615543.2556183916,709489.1952179347,510277.8364321238,769675.2018652592,0.6330755146809257,0.01726973043774876,0.6083872507686627,0.6315195535186402,0.6624662090893927,0.6061821290070697,0.6667666694717376
514,FRC,12,6,nan,nan,150.0,50000,42,522190.26182495133,47271.70881078393,443827.3602267742,522019.43891506887,600593.9693925689,400823.4138584047,683839.2266397163,619978.1167526306,51149.49468776621,542713.4992794871,616433.2374477664,710379.1770473095,511167.81826149864,770565.183694634,0.5935082950133679,0.016190372285389464,0.5703630475956214,0.5920495814237253,0.6210620710213057,0.5682957459441279,0.6250937526297541
515,FRC,12,6,nan,nan,200.0,50000,42,525526.0502604768,47272.4286898607,447124.5760524112,525319.874745874,603930.377039592,404119.19437145797,687329.3911976756,623315.5486127862,51149.494687766215,546050.9311396427,619770.669307922,713716.6089074651,514505.2501216542,773902.6155547897,0.5585960423655228,0.015237997445072437,0.5368122800899965,0.5572231354576238,0.5845290080200525,0.5348665844180027,0.5883235318868273
516,FRC,12,6,nan,nan,250.0,50000,42,528861.8386960023,47273.36651655902,450427.52872894716,528645.8099397876,607272.8372838547,407414.9748845112,690819.5557556349,626652.9804729418,51149.494687766215,549388.3629997983,623108.1011680776,717054.0407676207,517842.6819818097,777240.0474149452,0.5275629289007714,0.014391442031457301,0.5069893756405522,0.526266294598867,0.5520551742411606,0.5051517741725581,0.555638891226448
517,FRC,12,6,nan,nan,300.0,50000,42,532197.6271315278,47274.52227790805,453737.64545850264,531981.4850284283,610628.2291779018,410710.7553975645,694309.7203135942,629990.4123330974,51149.49468776621,552725.7948599538,626445.5330282331,720391.4726277762,521180.1138419653,780577.4792751007,0.4997964589586255,0.01363399771401218,0.48030572429104945,0.49856806856734753,0.5229996387547837,0.4785648386897918,0.5263947390566349
518,FRC,12,6,nan,nan,350.0,50000,42,535533.4155670531,47275.895957924105,457090.2411584719,535313.0350720768,613916.8869315316,414006.53591061773,697799.8848715535,633327.8441932527,51149.49468776621,556063.2267201093,629782.9648883886,723728.9044879318,524517.5457021209,783914.9111352563,0.4748066360106943,0.01295229782831157,0.456290438076497,0.4736396651389802,0.49684965681704457,0.45463659675530227,0.5000750021038032
519,FRC,12,6,nan,nan,400.0,50000,42,538869.2040025786,47277.48753761187,460448.30355993914,538648.4131028808,617253.3056689963,417302.316423671,701290.0494295128,636665.2760534084,51149.494687766215,559400.6585802649,633120.3967485442,727066.3363480873,527854.9775622764,787252.3429954118,0.4521967962006613,0.012335521741249115,0.43456232197761624,0.4510853953704574,0.4731901493495662,0.4329872350050498,0.4762619067655269
520,FRC,12,8,nan,nan,100.0,50000,42,631352.4932026054,58184.83952375973,536047.5361106656,631338.5753998264,726453.2808694463,485123.10572774825,834769.8906371455,813541.926052292,68136.32689539464,710562.8362887435,808793.6690407563,934096.2296003787,670857.6465015274,1013815.2420270006,0.39606165733356474,0.009714223371233675,0.38217450888291676,0.3951864291797792,0.4125939229383273,0.3809341278920208,0.41501293190339633
521,FRC,12,8,nan,nan,150.0,50000,42,632538.5513130144,58185.048970850825,537240.6587581323,632521.1647575429,727612.3936452435,486315.19470931095,836010.838035531,814728.5684914584,68136.32689539464,711749.47872791,809980.3114799228,935282.8720395451,672044.2889406938,1015001.8844661671,0.37130780375021694,0.00910708441053157,0.35828860207773444,0.3704872773560429,0.3868068027546818,0.35712574489876947,0.389074623659434
522,FRC,12,8,nan,nan,200.0,50000,42,636986.2692270484,58186.03377060138,541656.4444962069,636984.5477943846,732059.2889832549,490785.5283901709,840664.3907794767,819178.4776383324,68136.32689539464,716199.387874784,814430.2206267968,939732.7811864191,676494.1980875678,1019451.793613041,0.34946616823549825,0.008571373562853243,0.3372128019555148,0.3486939080998051,0.3640534614161711,0.3361183481400183,0.366187881091232
523,FRC,12,8,nan,nan,250.0,50000,42,641433.9871410822,58187.333357292395,546154.2618175616,641393.179601967,736543.3937250546,495193.50442502083,845317.9435234225,823628.3867852065,68136.32689539464,720649.297021658,818880.1297736708,944182.6903332932,680944.1072344419,1023901.7027599151,0.330051381111304,0.00809518614269473,0.31847875740243065,0.3293220243164826,0.34382826911527276,0.31744510657668396,0.34584410991949693
524,FRC,12,8,nan,nan,300.0,50000,42,645881.7050551162,58188.947709832566,550609.1230477102,645825.5096963684,740960.925674133,499587.87844242516,849971.4962673682,828078.2959320805,68136.32689539462,725099.2061685321,823330.038920545,948632.5994801673,685394.016381316,1028351.6119067892,0.31268025578965636,0.00766912371413185,0.3017167175391448,0.3119892861945625,0.32573204442499526,0.3007374693884375,0.3276417883447866
525,FRC,12,8,nan,nan,350.0,50000,42,650329.4229691501,58190.87680202487,555028.050339163,650276.4316008997,745408.9206184176,503982.2524598295,854625.0490113139,832528.2050789548,68136.32689539464,729549.1153154062,827779.948067419,953082.5086270414,689843.9255281901,1032801.5210536633,0.29704624300017357,0.007285667528425257,0.2866308816621876,0.29638982188483437,0.3094454422037455,0.2857005959190156,0.31125969892754723
526,FRC,12,8,nan,nan,400.0,50000,42,654777.1408831839,58193.1206025686,559462.3285320998,654679.7726419704,749861.8597716407,508376.6264772339,859278.6017552597,836978.1142258287,68136.32689539462,733999.0244622803,832229.8572142932,957532.4177739155,694293.8346750642,1037251.4302005374,0.2829011838096891,0.0069387309794526255,0.27298179205922624,0.2822760208426994,0.29470994495594804,0.2720958056371577,0.2964378085024259
527,FRC,12,10,nan,nan,100.0,50000,42,741404.2681630661,69756.38464976428,628630.1617235056,741396.8166170891,854034.992951149,570278.9623677183,986631.2651833638,1007995.717181328,85131.70748064121,879330.3676227586,1001963.1507645689,1158571.9580986432,831437.4565709309,1257955.2821887422,0.2690935119558797,0.006217102957589554,0.26020573694746507,0.26853336593745697,0.2796741619429279,0.25941189311329166,0.281222327680572
528,FRC,12,10,nan,nan,150.0,50000,42,742886.8408010774,69756.64616544936,630102.8662196816,742893.5419305752,855502.6883313449,571739.3414824,988182.4494313457,1009479.0202302859,85131.70748064113,880813.6706717167,1003446.453813527,1160055.261147601,832920.759619889,1259438.5852377,0.25227516745863726,0.005828534022740206,0.2439428783882485,0.2517500305663659,0.26219452682149486,0.24319864979371092,0.2636459322005362
529,FRC,12,10,nan,nan,200.0,50000,42,748446.4881936196,69757.88669300514,635678.2608638805,748450.5631490794,861078.400063672,577091.9046298199,993999.3903612779,1015041.4066638786,85131.70748064121,886376.0571053092,1009008.8402471195,1165617.6475811938,838483.1460534815,1265000.9716712928,0.2374354517257762,0.005485679080226077,0.2295932973065868,0.23694120523893264,0.24677131936140695,0.2288928468646691,0.24813734795344586
530,FRC,12,10,nan,nan,250.0,50000,42,754006.1355861621,69759.53748260507,641270.028951014,754012.9269846957,866632.4245716057,582444.4677772399,999816.33129121,1020603.7930974714,85131.70748064117,891938.4435389019,1014571.2266807123,1171180.0340147864,844045.5324870741,1270563.3581048853,0.22424459329656649,0.005180919131324628,0.21683811412288753,0.2237778049478808,0.23306180161910656,0.2161765775944097,0.23435193973380997
531,FRC,12,10,nan,nan,300.0,50000,42,759565.7829787048,69761.59850512464,646807.094589621,759543.6435753244,872146.9499194117,587797.0309246598,1005633.2722211422,1026166.1795310639,85131.70748064117,897500.8299724944,1020133.6131143048,1176742.420448379,849607.9189206667,1276125.7445384779,0.2124422462809577,0.0049082391770443835,0.2054255818006303,0.21200002574009763,0.22079539100757464,0.2047988629841776,0.22201762711624104
532,FRC,12,10,nan,nan,350.0,50000,42,765125.430371247,69764.06972420563,652320.4740037192,765059.828977193,877714.9020412035,593149.5940720799,1011450.2131510744,1031728.5659646565,85131.70748064113,903063.216406087,1025695.9995478974,1182304.8068819714,855170.3053542593,1281688.1309720704,0.20182013396690981,0.004662827218192165,0.1951543027105988,0.20140002445309274,0.2097556214571959,0.19455891983496873,0.210916745760429
533,FRC,12,10,nan,nan,400.0,50000,42,770685.0777637893,69766.95109625928,657907.5455938322,770635.8153378598,883324.8824186535,598502.1572194998,1017267.1540810065,1037290.9523982491,85131.70748064121,908625.6028396796,1031258.3859814899,1187867.1933155642,860732.6917878519,1287250.5174056632,0.19220965139705695,0.0044407878268496815,0.18586124067676074,0.19180954709818354,0.19976725853066277,0.18529420936663688,0.20087309120040855
534,FRC,12,12,nan,nan,100.0,50000,42,851456.0431235266,81706.993163362,720606.4957253002,851664.9706923382,982250.1476578942,654631.3348133133,1138492.639729582,1202449.5083103639,102131.36900156559,1048222.8661922176,1195222.6278695692,1383178.2540561946,992017.266640334,1502095.3223504834,0.19353095021887085,0.0043174326094371895,0.18735888424080507,0.1931419599282994,0.2008786238209875,0.18680760380040684,0.20195373891657373
535,FRC,12,12,nan,nan,150.0,50000,42,853235.1302891403,81707.30527575687,722385.7831513205,853455.3661600968,984030.8408766284,656344.1550204877,1140354.0608271603,1204229.4719691137,102131.36900156559,1050002.8298509673,1197002.5915283188,1384958.2177149442,993797.2302990837,1503875.286009233,0.18143526583019146,0.004047593071347366,0.17564895397575478,0.18107058743278073,0.1883237098321758,0.17513212856288143,0.1893316302342879
536,FRC,12,12,nan,nan,200.0,50000,42,859906.7071601911,81708.79514470707,729084.1526886261,860108.4697131948,990711.3733936398,662767.2307973916,1147334.3899430789,1210904.335689425,102131.36900156562,1056677.6935712784,1203677.4552486301,1391633.0814352555,1000472.0940193948,1510550.1497295443,0.17076260313429778,0.003809499361268109,0.16531666256541624,0.17041937640732302,0.1772458445479302,0.16483023864741783,0.1781944755146239
537,FRC,12,12,nan,nan,250.0,50000,42,866578.2840312422,81710.78938225876,735767.2301085681,866735.2942509451,997303.4458390048,669190.3065742957,1154314.7190589975,1217579.1994097359,102131.36900156562,1063352.5572915894,1210352.3189689415,1398307.9451555666,1007146.9577397059,1517225.0134498554,0.16127579184905905,0.0035978605078643253,0.15613240353400423,0.16095163327358286,0.1673988531841563,0.15567300316700572,0.1682947824304781
538,FRC,12,12,nan,nan,300.0,50000,42,873249.8609022932,81713.2879514841,742397.1799721764,873413.4884982842,1003942.0961301457,675613.3823511996,1161295.048174916,1224254.0631300474,102131.36900156562,1070027.4210119005,1217027.1826892523,1404982.8088758776,1013821.821460017,1523899.8771701665,0.15278759227805588,0.003408499428503045,0.14791490861116188,0.1524804946802364,0.1585883872270954,0.1474796872108475,0.1594371623025582
539,FRC,12,12,nan,nan,350.0,50000,42,879921.437773344,81716.29080612159,749140.1423190427,880126.565457523,1010628.4114600257,682036.4581281035,1168275.3772908347,1230928.9268503583,102131.36900156562,1076702.2847322116,1223702.0464095636,1411657.6725961887,1020496.6851803282,1530574.7408904776,0.14514821266415312,0.0032380744570778925,0.1405191631806038,0.1448564699462246,0.15065896786574062,0.14010570285030513,0.1514653041874303
540,FRC,12,12,nan,nan,400.0,50000,42,886593.014644395,81719.79789058013,755767.0260502335,886794.7873212872,1017295.4488319273,688459.5339050076,1175255.7064067533,1237603.7905706693,102131.36900156562,1083377.1484525227,1230376.9101298745,1418332.5363164998,1027171.5489006393,1537249.6046107886,0.13823639301347918,0.0030838804353122786,0.1338277744577179,0.13795854280592817,0.14348473130070538,0.13343400271457634,0.14425267065469552
