module,subbase_thickness_in,pavement_thickness_in,bar_size,bar_spacing_in,axle_load_kip,wheel_load_kip,tire_pressure_psi,subbase_material,k_eff_pci,radius_relative_stiffness_in,contact_radius_in,equivalent_resisting_radius_b_in,edge_stress_psi,Mu_kip_in_per_ft,As_per_ft_in2,effective_depth_in,a_in,Mn_kip_in_per_ft,phi_Mn_kip_in_per_ft,Mcr_kip_in_per_ft,demand_capacity_ratio,cracking_ratio,epsilon_t,reinforcement_directions,parking_lot_area_sf,roadway_area_sf,total_area_sf,concrete_volume_cy_total,subbase_volume_cy_total,class_a_lap_length_in,rebar_stock_length_ft,parking_lot_reinforcement_directions,roadway_reinforcement_directions,parking_lot_rebar_length_ft,roadway_rebar_length_ft,total_rebar_length_ft_with_laps,parking_lot_longitudinal_bar_count,parking_lot_transverse_bar_count,roadway_longitudinal_bar_count,roadway_transverse_bar_count,roadway_longitudinal_splices_per_bar,roadway_transverse_splices_per_bar,parking_lot_longitudinal_splices_per_bar,parking_lot_transverse_splices_per_bar,steel_weight_lb_total,steel_weight_ton_total,feasible,warnings
SRC,4,6,#4,6,19.0,9.5,100.0,#57 stone,110.00000000000001,28.285316431310303,5.499039842323396,5.136027579968186,501.5483550550628,36.111481563964524,0.4000000000000001,2.75,0.5228758169934641,59.72549019607844,53.75294117647059,46.8,0.6718047566069127,0.771612853930866,0.010016953124999999,2.0,45000.0,41000.0,86000.0,1592.5925925925926,1061.7283950617284,26.83281572999748,40.0,2.0,1.0,189193.02579202416,88725.61814095205,277918.6439329762,301.0,601.0,41.0,0.0,51.0,0.0,7.0,3.0,189139.07712105327,94.56953856052664,True,
SRC,4,6,#4,8,19.0,9.5,100.0,#57 stone,110.00000000000001,28.285316431310303,5.499039842323396,5.136027579968186,501.5483550550628,36.111481563964524,0.30000000000000004,2.75,0.39215686274509814,45.97058823529412,41.373529411764714,46.8,0.8728160753357458,0.771612853930866,0.014355937499999997,2.0,45000.0,41000.0,86000.0,1592.5925925925926,1061.7283950617284,26.83281572999748,40.0,2.0,1.0,142012.85951396188,67085.22347242717,209098.08298638905,226.0,451.0,31.0,0.0,51.0,0.0,7.0,3.0,142302.86203240367,71.15143101620184,True,
SRC,4,6,#5,6,19.0,9.5,100.0,#57 stone,110.00000000000001,28.285316431310303,5.499039842323396,5.136027579968186,501.5483550550628,36.111481563964524,0.62,2.6875,0.8104575163398693,84.90049019607844,76.41044117647058,46.8,0.47259878372596675,0.771612853930866,0.005207169858870968,2.0,45000.0,41000.0,86000.0,1592.5925925925926,1061.7283950617284,33.54101966249685,40.0,2.0,1.0,191378.78224003024,89894.52267619007,281273.3049162203,301.0,601.0,41.0,0.0,51.0,0.0,7.0,3.0,296704.27094981854,148.35213547490926,True,
SRC,4,6,#5,8,19.0,9.5,100.0,#57 stone,110.00000000000001,28.285316431310303,5.499039842323396,5.136027579968186,501.5483550550628,36.111481563964524,0.46499999999999997,2.6875,0.6078431372549019,66.50183823529412,59.8516544117647,46.8,0.6033497639935964,0.771612853930866,0.007942893145161292,2.0,45000.0,41000.0,86000.0,1592.5925925925926,1061.7283950617284,33.54101966249685,40.0,2.0,1.0,143653.57439245237,67969.02934053396,211622.60373298632,226.0,451.0,31.0,0.0,51.0,0.0,7.0,3.0,223232.4549100043,111.61622745500216,True,
SRC,4,6,#5,10,19.0,9.5,100.0,#57 stone,110.00000000000001,28.285316431310303,5.499039842323396,5.136027579968186,501.5483550550628,36.111481563964524,0.372,2.6875,0.48627450980392156,54.558176470588236,49.102358823529414,46.8,0.73543272521279,0.771612853930866,0.010678616431451614,2.0,45000.0,41000.0,86000.0,1592.5925925925926,1061.7283950617284,33.54101966249685,40.0,2.0,1.0,115018.44968390564,54813.733339140286,169832.18302304592,181.0,361.0,25.0,0.0,51.0,0.0,7.0,3.0,179149.36528611582,89.57468264305791,True,
SRC,4,6,#5,12,19.0,9.5,100.0,#57 stone,110.00000000000001,28.285316431310303,5.499039842323396,5.136027579968186,501.5483550550628,36.111481563964524,0.31,2.6875,0.40522875816993464,46.2188725490196,41.596985294117644,46.8,0.8681273729005347,0.771612853930866,0.013414339717741934,2.0,45000.0,41000.0,86000.0,1592.5925925925926,1061.7283950617284,33.54101966249685,40.0,2.0,1.0,95928.36654487449,46043.53600487784,141971.90254975233,151.0,301.0,21.0,0.0,51.0,0.0,7.0,3.0,149760.63887019013,74.88031943509506,True,
SRC,4,6,#6,6,19.0,9.5,100.0,#57 stone,110.00000000000001,28.285316431310303,5.499039842323396,5.136027579968186,501.5483550550628,36.111481563964524,0.88,2.625,1.1503267973856208,108.23137254901962,97.40823529411766,46.8,0.37072308573221063,0.771612853930866,0.0026478515625000007,2.0,45000.0,41000.0,86000.0,1592.5925925925926,1061.7283950617284,40.249223594996224,40.0,2.0,1.0,193564.53868803626,91063.42721142809,284627.9658994643,301.0,601.0,41.0,0.0,51.0,0.0,7.0,3.0,426151.31561058684,213.07565780529342,True,Section may not be tension-controlled; phi = 0.90 should be reviewed.
SRC,4,6,#6,8,19.0,9.5,100.0,#57 stone,110.00000000000001,28.285316431310303,5.499039842323396,5.136027579968186,501.5483550550628,36.111481563964524,0.66,2.625,0.8627450980392157,86.86764705882352,78.18088235294117,46.8,0.4618965721177488,0.771612853930866,0.00453046875,2.0,45000.0,41000.0,86000.0,1592.5925925925926,1061.7283950617284,40.249223594996224,40.0,2.0,1.0,145294.28927094283,68852.83520864075,214147.12447958358,226.0,451.0,31.0,0.0,51.0,0.0,7.0,3.0,320625.833595821,160.3129167979105,True,Section may not be tension-controlled; phi = 0.90 should be reviewed.
SRC,4,6,#6,10,19.0,9.5,100.0,#57 stone,110.00000000000001,28.285316431310303,5.499039842323396,5.136027579968186,501.5483550550628,36.111481563964524,0.528,2.625,0.6901960784313725,72.22729411764705,65.00456470588234,46.8,0.5555222425894769,0.771612853930866,0.0064130859375,2.0,45000.0,41000.0,86000.0,1592.5925925925926,1061.7283950617284,40.249223594996224,40.0,2.0,1.0,116332.13962068676,55526.48000696835,171858.6196276551,181.0,361.0,25.0,0.0,51.0,0.0,7.0,3.0,257310.54438696138,128.6552721934807,True,
SRC,4,6,#6,12,19.0,9.5,100.0,#57 stone,110.00000000000001,28.285316431310303,5.499039842323396,5.136027579968186,501.5483550550628,36.111481563964524,0.44,2.625,0.5751633986928104,61.707843137254905,55.537058823529414,46.8,0.6502231542132936,0.771612853930866,0.008295703125000001,2.0,45000.0,41000.0,86000.0,1592.5925925925926,1061.7283950617284,40.249223594996224,40.0,2.0,1.0,97024.03985384939,46642.24320585341,143666.2830597028,151.0,301.0,21.0,0.0,51.0,0.0,7.0,3.0,215100.35158105503,107.55017579052752,True,
SRC,4,6,#6,15,19.0,9.5,100.0,#57 stone,110.00000000000001,28.285316431310303,5.499039842323396,5.136027579968186,501.5483550550628,36.111481563964524,0.35200000000000004,2.625,0.46013071895424845,50.581019607843146,45.52291764705883,46.8,0.7932593829758104,0.771612853930866,0.011119628906249995,2.0,45000.0,41000.0,86000.0,1592.5925925925926,1061.7283950617284,40.249223594996224,40.0,2.0,1.0,77715.94008701202,37758.00640473847,115473.94649175048,121.0,241.0,17.0,0.0,51.0,0.0,7.0,3.0,172890.15877514865,86.44507938757432,True,
SRC,4,6,#6,18,19.0,9.5,100.0,#57 stone,110.00000000000001,28.285316431310303,5.499039842323396,5.136027579968186,501.5483550550628,36.111481563964524,0.29333333333333333,2.625,0.38344226579520696,42.82570806100218,38.543137254901964,46.8,0.9369108001028593,0.771612853930866,0.013943554687499998,2.0,45000.0,41000.0,86000.0,1592.5925925925926,1061.7283950617284,40.249223594996224,40.0,2.0,1.0,64843.87357578709,33315.88800418101,98159.7615799681,101.0,201.0,15.0,0.0,51.0,0.0,7.0,3.0,146966.97636556334,73.48348818278167,True,
SRC,4,8,#3,6,19.0,9.5,100.0,#57 stone,110.00000000000001,35.096603882957105,5.499039842323396,5.201089693986001,312.08845996263085,39.94732287521675,0.22,4.8125,0.2875816993464052,61.62696078431372,55.46426470588235,83.2,0.7202353278647192,0.48013609225020126,0.038417578125,2.0,45000.0,41000.0,86000.0,2123.456790123457,1061.7283950617284,20.124611797498112,40.0,2.0,1.0,187007.26934401813,87556.71360571406,274563.9829497322,301.0,601.0,41.0,0.0,51.0,0.0,7.0,3.0,102770.82417354561,51.3854120867728,True,
SRC,4,8,#3,8,19.0,9.5,100.0,#57 stone,110.00000000000001,35.096603882957105,5.499039842323396,5.201089693986001,312.08845996263085,39.94732287521675,0.165,4.8125,0.21568627450980393,46.57610294117647,41.918492647058834,83.2,0.9529761294510577,0.48013609225020126,0.052223437500000004,2.0,45000.0,41000.0,86000.0,2123.456790123457,1061.7283950617284,20.124611797498112,40.0,2.0,1.0,140372.1446354714,66201.41760432038,206573.5622397918,226.0,451.0,31.0,0.0,51.0,0.0,7.0,3.0,77321.63197725541,38.660815988627704,True,
SRC,4,8,#4,6,19.0,9.5,100.0,#57 stone,110.00000000000001,35.096603882957105,5.499039842323396,5.201089693986001,312.08845996263085,39.94732287521675,0.4000000000000001,4.75,0.5228758169934641,107.72549019607845,96.9529411764706,83.2,0.41202796315901263,0.48013609225020126,0.019483828124999998,2.0,45000.0,41000.0,86000.0,2123.456790123457,1061.7283950617284,26.83281572999748,40.0,2.0,1.0,189193.02579202416,88725.61814095205,277918.6439329762,301.0,601.0,41.0,0.0,51.0,0.0,7.0,3.0,189139.07712105327,94.56953856052664,True,
SRC,4,8,#4,8,19.0,9.5,100.0,#57 stone,110.00000000000001,35.096603882957105,5.499039842323396,5.201089693986001,312.08845996263085,39.94732287521675,0.30000000000000004,4.75,0.39215686274509814,81.97058823529413,73.77352941176471,83.2,0.5414858580542078,0.48013609225020126,0.02697843749999999,2.0,45000.0,41000.0,86000.0,2123.456790123457,1061.7283950617284,26.83281572999748,40.0,2.0,1.0,142012.85951396188,67085.22347242717,209098.08298638905,226.0,451.0,31.0,0.0,51.0,0.0,7.0,3.0,142302.86203240367,71.15143101620184,True,
SRC,4,8,#4,10,19.0,9.5,100.0,#57 stone,110.00000000000001,35.096603882957105,5.499039842323396,5.201089693986001,312.08845996263085,39.94732287521675,0.24000000000000005,4.75,0.31372549019607854,66.14117647058825,59.52705882352943,83.2,0.6710783913185151,0.48013609225020126,0.03447304687499999,2.0,45000.0,41000.0,86000.0,2123.456790123457,1061.7283950617284,26.83281572999748,40.0,2.0,1.0,113704.75974712451,54100.986671312225,167805.74641843673,181.0,361.0,25.0,0.0,51.0,0.0,7.0,3.0,114201.13297921389,57.10056648960694,True,
SRC,4,8,#4,12,19.0,9.5,100.0,#57 stone,110.00000000000001,35.096603882957105,5.499039842323396,5.201089693986001,312.08845996263085,39.94732287521675,0.20000000000000004,4.75,0.26143790849673204,55.431372549019606,49.88823529411765,83.2,0.800736338732089,0.48013609225020126,0.04196765625,2.0,45000.0,41000.0,86000.0,2123.456790123457,1061.7283950617284,26.83281572999748,40.0,2.0,1.0,94832.69323589958,45444.828803902274,140277.52203980187,151.0,301.0,21.0,0.0,51.0,0.0,7.0,3.0,95466.64694375407,47.733323471877036,True,
SRC,4,8,#4,15,19.0,9.5,100.0,#57 stone,110.00000000000001,35.096603882957105,5.499039842323396,5.201089693986001,312.08845996263085,39.94732287521675,0.16000000000000003,4.75,0.20915032679738566,44.59607843137256,40.136470588235305,83.2,0.995287385506338,0.48013609225020126,0.05320957031249999,2.0,45000.0,41000.0,86000.0,2123.456790123457,1061.7283950617284,26.83281572999748,40.0,2.0,1.0,75960.62672467467,36788.670936492315,112749.29766116699,121.0,241.0,17.0,0.0,51.0,0.0,7.0,3.0,76732.16090829422,38.36608045414711,True,
SRC,4,8,#5,6,19.0,9.5,100.0,#57 stone,110.00000000000001,35.096603882957105,5.499039842323396,5.201089693986001,312.08845996263085,39.94732287521675,0.62,4.6875,0.8104575163398693,159.3004901960784,143.37044117647056,83.2,0.2786301175292244,0.48013609225020126,0.011314831149193547,2.0,45000.0,41000.0,86000.0,2123.456790123457,1061.7283950617284,33.54101966249685,40.0,2.0,1.0,191378.78224003024,89894.52267619007,281273.3049162203,301.0,601.0,41.0,0.0,51.0,0.0,7.0,3.0,296704.27094981854,148.35213547490926,True,
SRC,4,8,#5,8,19.0,9.5,100.0,#57 stone,110.00000000000001,35.096603882957105,5.499039842323396,5.201089693986001,312.08845996263085,39.94732287521675,0.46499999999999997,4.6875,0.6078431372549019,122.30183823529411,110.0716544117647,83.2,0.36292107253860895,0.48013609225020126,0.016086441532258064,2.0,45000.0,41000.0,86000.0,2123.456790123457,1061.7283950617284,33.54101966249685,40.0,2.0,1.0,143653.57439245237,67969.02934053396,211622.60373298632,226.0,451.0,31.0,0.0,51.0,0.0,7.0,3.0,223232.4549100043,111.61622745500216,True,
SRC,4,8,#5,10,19.0,9.5,100.0,#57 stone,110.00000000000001,35.096603882957105,5.499039842323396,5.201089693986001,312.08845996263085,39.94732287521675,0.372,4.6875,0.48627450980392156,99.19817647058824,89.27835882352942,83.2,0.4474468774025961,0.48013609225020126,0.02085805191532258,2.0,45000.0,41000.0,86000.0,2123.456790123457,1061.7283950617284,33.54101966249685,40.0,2.0,1.0,115018.44968390564,54813.733339140286,169832.18302304592,181.0,361.0,25.0,0.0,51.0,0.0,7.0,3.0,179149.36528611582,89.57468264305791,True,
SRC,4,8,#5,12,19.0,9.5,100.0,#57 stone,110.00000000000001,35.096603882957105,5.499039842323396,5.201089693986001,312.08845996263085,39.94732287521675,0.31,4.6875,0.40522875816993464,83.41887254901961,75.07698529411765,83.2,0.5320848022695799,0.48013609225020126,0.02562966229838709,2.0,45000.0,41000.0,86000.0,2123.456790123457,1061.7283950617284,33.54101966249685,40.0,2.0,1.0,95928.36654487449,46043.53600487784,141971.90254975233,151.0,301.0,21.0,0.0,51.0,0.0,7.0,3.0,149760.63887019013,74.88031943509506,True,
SRC,4,8,#5,15,19.0,9.5,100.0,#57 stone,110.00000000000001,35.096603882957105,5.499039842323396,5.201089693986001,312.08845996263085,39.94732287521675,0.24799999999999997,4.6875,0.32418300653594767,67.33807843137254,60.60427058823528,83.2,0.6591502956389259,0.48013609225020126,0.03278707787298387,2.0,45000.0,41000.0,86000.0,2123.456790123457,1061.7283950617284,33.54101966249685,40.0,2.0,1.0,76838.28340584334,37273.3386706154,114111.62207645873,121.0,241.0,17.0,0.0,51.0,0.0,7.0,3.0,120371.91245426444,60.18595622713222,True,
SRC,4,8,#5,18,19.0,9.5,100.0,#57 stone,110.00000000000001,35.096603882957105,5.499039842323396,5.201089693986001,312.08845996263085,39.94732287521675,0.20666666666666667,4.6875,0.2701525054466231,56.45005446623094,50.80504901960784,83.2,0.7862864743974436,0.48013609225020126,0.03994449344758064,2.0,45000.0,41000.0,86000.0,2123.456790123457,1061.7283950617284,33.54101966249685,40.0,2.0,1.0,64111.56131315591,32888.24000348417,96999.80131664008,101.0,201.0,15.0,0.0,51.0,0.0,7.0,3.0,102321.31819442795,51.16065909721397,True,
SRC,4,8,#6,6,19.0,9.5,100.0,#57 stone,110.00000000000001,35.096603882957105,5.499039842323396,5.201089693986001,312.08845996263085,39.94732287521675,0.88,4.625,1.1503267973856208,213.83137254901962,192.44823529411764,83.2,0.20757437871106202,0.48013609225020126,0.006950976562500001,2.0,45000.0,41000.0,86000.0,2123.456790123457,1061.7283950617284,40.249223594996224,40.0,2.0,1.0,193564.53868803626,91063.42721142809,284627.9658994643,301.0,601.0,41.0,0.0,51.0,0.0,7.0,3.0,426151.31561058684,213.07565780529342,True,
SRC,4,8,#6,8,19.0,9.5,100.0,#57 stone,110.00000000000001,35.096603882957105,5.499039842323396,5.201089693986001,312.08845996263085,39.94732287521675,0.66,4.625,0.8627450980392157,166.06764705882352,149.46088235294118,83.2,0.2672761076097758,0.48013609225020126,0.010267968749999998,2.0,45000.0,41000.0,86000.0,2123.456790123457,1061.7283950617284,40.249223594996224,40.0,2.0,1.0,145294.28927094283,68852.83520864075,214147.12447958358,226.0,451.0,31.0,0.0,51.0,0.0,7.0,3.0,320625.833595821,160.3129167979105,True,
SRC,4,8,#6,10,19.0,9.5,100.0,#57 stone,110.00000000000001,35.096603882957105,5.499039842323396,5.201089693986001,312.08845996263085,39.94732287521675,0.528,4.625,0.6901960784313725,135.58729411764708,122.02856470588236,83.2,0.3273604255814958,0.48013609225020126,0.013584960937499998,2.0,45000.0,41000.0,86000.0,2123.456790123457,1061.7283950617284,40.249223594996224,40.0,2.0,1.0,116332.13962068676,55526.48000696835,171858.6196276551,181.0,361.0,25.0,0.0,51.0,0.0,7.0,3.0,257310.54438696138,128.6552721934807,True,
SRC,4,8,#6,12,19.0,9.5,100.0,#57 stone,110.00000000000001,35.096603882957105,5.499039842323396,5.201089693986001,312.08845996263085,39.94732287521675,0.44,4.625,0.5751633986928104,114.50784313725491,103.05705882352943,83.2,0.38762335478272153,0.48013609225020126,0.016901953125,2.0,45000.0,41000.0,86000.0,2123.456790123457,1061.7283950617284,40.249223594996224,40.0,2.0,1.0,97024.03985384939,46642.24320585341,143666.2830597028,151.0,301.0,21.0,0.0,51.0,0.0,7.0,3.0,215100.35158105503,107.55017579052752,True,
SRC,4,8,#6,15,19.0,9.5,100.0,#57 stone,110.00000000000001,35.096603882957105,5.499039842323396,5.201089693986001,312.08845996263085,39.94732287521675,0.35200000000000004,4.625,0.46013071895424845,92.82101960784314,83.53891764705882,83.2,0.47818817864015245,0.48013609225020126,0.021877441406249993,2.0,45000.0,41000.0,86000.0,2123.456790123457,1061.7283950617284,40.249223594996224,40.0,2.0,1.0,77715.94008701202,37758.00640473847,115473.94649175048,121.0,241.0,17.0,0.0,51.0,0.0,7.0,3.0,172890.15877514865,86.44507938757432,True,
SRC,4,8,#6,18,19.0,9.5,100.0,#57 stone,110.00000000000001,35.096603882957105,5.499039842323396,5.201089693986001,312.08845996263085,39.94732287521675,0.29333333333333333,4.625,0.38344226579520696,78.02570806100218,70.22313725490196,83.2,0.5688626916540703,0.48013609225020126,0.0268529296875,2.0,45000.0,41000.0,86000.0,2123.456790123457,1061.7283950617284,40.249223594996224,40.0,2.0,1.0,64843.87357578709,33315.88800418101,98159.7615799681,101.0,201.0,15.0,0.0,51.0,0.0,7.0,3.0,146966.97636556334,73.48348818278167,True,
SRC,4,8,#6,24,19.0,9.5,100.0,#57 stone,110.00000000000001,35.096603882957105,5.499039842323396,5.201089693986001,312.08845996263085,39.94732287521675,0.22,4.625,0.2875816993464052,59.15196078431372,53.23676470588235,83.2,0.7503709719385484,0.48013609225020126,0.036803906250000004,2.0,45000.0,41000.0,86000.0,2123.456790123457,1061.7283950617284,40.249223594996224,40.0,2.0,1.0,48753.79043675594,24431.651203066074,73185.441639822,76.0,151.0,11.0,0.0,51.0,0.0,7.0,3.0,109574.86956628907,54.78743478314453,True,
SRC,4,10,#3,6,19.0,9.5,100.0,#57 stone,110.00000000000001,41.4903982835187,5.499039842323396,5.431260308356283,211.44715282288252,42.2894305645765,0.22,6.8125,0.2875816993464052,88.02696078431372,79.22426470588235,130.0,0.5337939168204933,0.32530331203520385,0.055630078125,2.0,45000.0,41000.0,86000.0,2654.320987654321,1061.7283950617284,20.124611797498112,40.0,2.0,1.0,187007.26934401813,87556.71360571406,274563.9829497322,301.0,601.0,41.0,0.0,51.0,0.0,7.0,3.0,102770.82417354561,51.3854120867728,True,
SRC,4,10,#3,8,19.0,9.5,100.0,#57 stone,110.00000000000001,41.4903982835187,5.499039842323396,5.431260308356283,211.44715282288252,42.2894305645765,0.165,6.8125,0.21568627450980393,66.37610294117647,59.738492647058834,130.0,0.7079092339076383,0.32530331203520385,0.0751734375,2.0,45000.0,41000.0,86000.0,2654.320987654321,1061.7283950617284,20.124611797498112,40.0,2.0,1.0,140372.1446354714,66201.41760432038,206573.5622397918,226.0,451.0,31.0,0.0,51.0,0.0,7.0,3.0,77321.63197725541,38.660815988627704,True,
SRC,4,10,#3,10,19.0,9.5,100.0,#57 stone,110.00000000000001,41.4903982835187,5.499039842323396,5.431260308356283,211.44715282288252,42.2894305645765,0.132,6.8125,0.17254901960784313,53.27170588235295,47.94453529411766,130.0,0.8820490240472727,0.32530331203520385,0.094716796875,2.0,45000.0,41000.0,86000.0,2654.320987654321,1061.7283950617284,20.124611797498112,40.0,2.0,1.0,112391.06981034338,53388.24000348418,165779.30981382757,181.0,361.0,25.0,0.0,51.0,0.0,7.0,3.0,62052.1166594813,31.02605832974065,True,
SRC,4,10,#4,6,19.0,9.5,100.0,#57 stone,110.00000000000001,41.4903982835187,5.499039842323396,5.431260308356283,211.44715282288252,42.2894305645765,0.4000000000000001,6.75,0.5228758169934641,155.72549019607845,140.15294117647062,130.0,0.3017377317207254,0.32530331203520385,0.028950703124999994,2.0,45000.0,41000.0,86000.0,2654.320987654321,1061.7283950617284,26.83281572999748,40.0,2.0,1.0,189193.02579202416,88725.61814095205,277918.6439329762,301.0,601.0,41.0,0.0,51.0,0.0,7.0,3.0,189139.07712105327,94.56953856052664,True,
SRC,4,10,#4,8,19.0,9.5,100.0,#57 stone,110.00000000000001,41.4903982835187,5.499039842323396,5.431260308356283,211.44715282288252,42.2894305645765,0.30000000000000004,6.75,0.39215686274509814,117.97058823529414,106.17352941176473,130.0,0.39830483924640586,0.32530331203520385,0.03960093749999999,2.0,45000.0,41000.0,86000.0,2654.320987654321,1061.7283950617284,26.83281572999748,40.0,2.0,1.0,142012.85951396188,67085.22347242717,209098.08298638905,226.0,451.0,31.0,0.0,51.0,0.0,7.0,3.0,142302.86203240367,71.15143101620184,True,
SRC,4,10,#4,10,19.0,9.5,100.0,#57 stone,110.00000000000001,41.4903982835187,5.499039842323396,5.431260308356283,211.44715282288252,42.2894305645765,0.24000000000000005,6.75,0.31372549019607854,94.94117647058825,85.44705882352943,130.0,0.49491967478851734,0.32530331203520385,0.05025117187499998,2.0,45000.0,41000.0,86000.0,2654.320987654321,1061.7283950617284,26.83281572999748,40.0,2.0,1.0,113704.75974712451,54100.986671312225,167805.74641843673,181.0,361.0,25.0,0.0,51.0,0.0,7.0,3.0,114201.13297921389,57.10056648960694,True,
SRC,4,10,#4,12,19.0,9.5,100.0,#57 stone,110.00000000000001,41.4903982835187,5.499039842323396,5.431260308356283,211.44715282288252,42.2894305645765,0.20000000000000004,6.75,0.26143790849673204,79.43137254901961,71.48823529411764,130.0,0.5915579030673912,0.32530331203520385,0.06090140624999999,2.0,45000.0,41000.0,86000.0,2654.320987654321,1061.7283950617284,26.83281572999748,40.0,2.0,1.0,94832.69323589958,45444.828803902274,140277.52203980187,151.0,301.0,21.0,0.0,51.0,0.0,7.0,3.0,95466.64694375407,47.733323471877036,True,
SRC,4,10,#4,15,19.0,9.5,100.0,#57 stone,110.00000000000001,41.4903982835187,5.499039842323396,5.431260308356283,211.44715282288252,42.2894305645765,0.16000000000000003,6.75,0.20915032679738566,63.796078431372564,57.416470588235306,130.0,0.7365383161193758,0.32530331203520385,0.07687675781249999,2.0,45000.0,41000.0,86000.0,2654.320987654321,1061.7283950617284,26.83281572999748,40.0,2.0,1.0,75960.62672467467,36788.670936492315,112749.29766116699,121.0,241.0,17.0,0.0,51.0,0.0,7.0,3.0,76732.16090829422,38.36608045414711,True,
SRC,4,10,#4,18,19.0,9.5,100.0,#57 stone,110.00000000000001,41.4903982835187,5.499039842323396,5.431260308356283,211.44715282288252,42.2894305645765,0.13333333333333336,6.75,0.1742919389978214,53.30283224400872,47.972549019607854,130.0,0.8815339486607541,0.32530331203520385,0.09285210937499999,2.0,45000.0,41000.0,86000.0,2654.320987654321,1061.7283950617284,26.83281572999748,40.0,2.0,1.0,63379.249050524726,32460.592002787336,95839.84105331206,101.0,201.0,15.0,0.0,51.0,0.0,7.0,3.0,65224.33627239294,32.612168136196466,True,
SRC,4,10,#5,6,19.0,9.5,100.0,#57 stone,110.00000000000001,41.4903982835187,5.499039842323396,5.431260308356283,211.44715282288252,42.2894305645765,0.62,6.6875,0.8104575163398693,233.7004901960784,210.33044117647057,130.0,0.2010618640270668,0.32530331203520385,0.017422492439516126,2.0,45000.0,41000.0,86000.0,2654.320987654321,1061.7283950617284,33.54101966249685,40.0,2.0,1.0,191378.78224003024,89894.52267619007,281273.3049162203,301.0,601.0,41.0,0.0,51.0,0.0,7.0,3.0,296704.27094981854,148.35213547490926,True,
SRC,4,10,#5,8,19.0,9.5,100.0,#57 stone,110.00000000000001,41.4903982835187,5.499039842323396,5.431260308356283,211.44715282288252,42.2894305645765,0.46499999999999997,6.6875,0.6078431372549019,178.1018382352941,160.2916544117647,130.0,0.2638280247326004,0.32530331203520385,0.024229989919354843,2.0,45000.0,41000.0,86000.0,2654.320987654321,1061.7283950617284,33.54101966249685,40.0,2.0,1.0,143653.57439245237,67969.02934053396,211622.60373298632,226.0,451.0,31.0,0.0,51.0,0.0,7.0,3.0,223232.4549100043,111.61622745500216,True,
SRC,4,10,#5,10,19.0,9.5,100.0,#57 stone,110.00000000000001,41.4903982835187,5.499039842323396,5.431260308356283,211.44715282288252,42.2894305645765,0.372,6.6875,0.48627450980392156,143.83817647058822,129.4543588235294,130.0,0.32667444301527876,0.32530331203520385,0.03103748739919355,2.0,45000.0,41000.0,86000.0,2654.320987654321,1061.7283950617284,33.54101966249685,40.0,2.0,1.0,115018.44968390564,54813.733339140286,169832.18302304592,181.0,361.0,25.0,0.0,51.0,0.0,7.0,3.0,179149.36528611582,89.57468264305791,True,
SRC,4,10,#5,12,19.0,9.5,100.0,#57 stone,110.00000000000001,41.4903982835187,5.499039842323396,5.431260308356283,211.44715282288252,42.2894305645765,0.31,6.6875,0.40522875816993464,120.61887254901961,108.55698529411765,130.0,0.3895597362988674,0.32530331203520385,0.037844984879032255,2.0,45000.0,41000.0,86000.0,2654.320987654321,1061.7283950617284,33.54101966249685,40.0,2.0,1.0,95928.36654487449,46043.53600487784,141971.90254975233,151.0,301.0,21.0,0.0,51.0,0.0,7.0,3.0,149760.63887019013,74.88031943509506,True,
SRC,4,10,#5,15,19.0,9.5,100.0,#57 stone,110.00000000000001,41.4903982835187,5.499039842323396,5.431260308356283,211.44715282288252,42.2894305645765,0.24799999999999997,6.6875,0.32418300653594767,97.09807843137253,87.38827058823527,130.0,0.48392570627515946,0.32530331203520385,0.04805623109879032,2.0,45000.0,41000.0,86000.0,2654.320987654321,1061.7283950617284,33.54101966249685,40.0,2.0,1.0,76838.28340584334,37273.3386706154,114111.62207645873,121.0,241.0,17.0,0.0,51.0,0.0,7.0,3.0,120371.91245426444,60.18595622713222,True,
SRC,4,10,#5,18,19.0,9.5,100.0,#57 stone,110.00000000000001,41.4903982835187,5.499039842323396,5.431260308356283,211.44715282288252,42.2894305645765,0.20666666666666667,6.6875,0.2701525054466231,81.25005446623094,73.12504901960784,130.0,0.5783166114970666,0.32530331203520385,0.05826747731854837,2.0,45000.0,41000.0,86000.0,2654.320987654321,1061.7283950617284,33.54101966249685,40.0,2.0,1.0,64111.56131315591,32888.24000348417,96999.80131664008,101.0,201.0,15.0,0.0,51.0,0.0,7.0,3.0,102321.31819442795,51.16065909721397,True,
SRC,4,10,#5,24,19.0,9.5,100.0,#57 stone,110.00000000000001,41.4903982835187,5.499039842323396,5.431260308356283,211.44715282288252,42.2894305645765,0.155,6.6875,0.20261437908496732,61.2515931372549,55.12643382352941,130.0,0.7671352494876289,0.32530331203520385,0.07868996975806451,2.0,45000.0,41000.0,86000.0,2654.320987654321,1061.7283950617284,33.54101966249685,40.0,2.0,1.0,48203.15869729662,24118.042669221726,72321.20136651835,76.0,151.0,11.0,0.0,51.0,0.0,7.0,3.0,76288.82283037595,38.144411415187975,True,
SRC,4,10,#6,6,19.0,9.5,100.0,#57 stone,110.00000000000001,41.4903982835187,5.499039842323396,5.431260308356283,211.44715282288252,42.2894305645765,0.88,6.625,1.1503267973856208,319.4313725490196,287.4882352941177,130.0,0.14709969095365547,0.32530331203520385,0.0112541015625,2.0,45000.0,41000.0,86000.0,2654.320987654321,1061.7283950617284,40.249223594996224,40.0,2.0,1.0,193564.53868803626,91063.42721142809,284627.9658994643,301.0,601.0,41.0,0.0,51.0,0.0,7.0,3.0,426151.31561058684,213.07565780529342,True,
SRC,4,10,#6,8,19.0,9.5,100.0,#57 stone,110.00000000000001,41.4903982835187,5.499039842323396,5.431260308356283,211.44715282288252,42.2894305645765,0.66,6.625,0.8627450980392157,245.2676470588235,220.74088235294118,130.0,0.1915795122036352,0.32530331203520385,0.01600546875,2.0,45000.0,41000.0,86000.0,2654.320987654321,1061.7283950617284,40.249223594996224,40.0,2.0,1.0,145294.28927094283,68852.83520864075,214147.12447958358,226.0,451.0,31.0,0.0,51.0,0.0,7.0,3.0,320625.833595821,160.3129167979105,True,
SRC,4,10,#6,10,19.0,9.5,100.0,#57 stone,110.00000000000001,41.4903982835187,5.499039842323396,5.431260308356283,211.44715282288252,42.2894305645765,0.528,6.625,0.6901960784313725,198.9472941176471,179.05256470588236,130.0,0.23618444468551741,0.32530331203520385,0.020756835937500002,2.0,45000.0,41000.0,86000.0,2654.320987654321,1061.7283950617284,40.249223594996224,40.0,2.0,1.0,116332.13962068676,55526.48000696835,171858.6196276551,181.0,361.0,25.0,0.0,51.0,0.0,7.0,3.0,257310.54438696138,128.6552721934807,True,
SRC,4,10,#6,12,19.0,9.5,100.0,#57 stone,110.00000000000001,41.4903982835187,5.499039842323396,5.431260308356283,211.44715282288252,42.2894305645765,0.44,6.625,0.5751633986928104,167.3078431372549,150.57705882352943,130.0,0.28084909411159437,0.32530331203520385,0.025508203125000004,2.0,45000.0,41000.0,86000.0,2654.320987654321,1061.7283950617284,40.249223594996224,40.0,2.0,1.0,97024.03985384939,46642.24320585341,143666.2830597028,151.0,301.0,21.0,0.0,51.0,0.0,7.0,3.0,215100.35158105503,107.55017579052752,True,
SRC,4,10,#6,15,19.0,9.5,100.0,#57 stone,110.00000000000001,41.4903982835187,5.499039842323396,5.431260308356283,211.44715282288252,42.2894305645765,0.35200000000000004,6.625,0.46013071895424845,135.06101960784315,121.55491764705884,130.0,0.347903905355488,0.32530331203520385,0.032635253906249995,2.0,45000.0,41000.0,86000.0,2654.320987654321,1061.7283950617284,40.249223594996224,40.0,2.0,1.0,77715.94008701202,37758.00640473847,115473.94649175048,121.0,241.0,17.0,0.0,51.0,0.0,7.0,3.0,172890.15877514865,86.44507938757432,True,
SRC,4,10,#6,18,19.0,9.5,100.0,#57 stone,110.00000000000001,41.4903982835187,5.499039842323396,5.431260308356283,211.44715282288252,42.2894305645765,0.29333333333333333,6.625,0.38344226579520696,113.22570806100218,101.90313725490196,130.0,0.41499635539966856,0.32530331203520385,0.0397623046875,2.0,45000.0,41000.0,86000.0,2654.320987654321,1061.7283950617284,40.249223594996224,40.0,2.0,1.0,64843.87357578709,33315.88800418101,98159.7615799681,101.0,201.0,15.0,0.0,51.0,0.0,7.0,3.0,146966.97636556334,73.48348818278167,True,
SRC,4,10,#6,24,19.0,9.5,100.0,#57 stone,110.00000000000001,41.4903982835187,5.499039842323396,5.431260308356283,211.44715282288252,42.2894305645765,0.22,6.625,0.2875816993464052,85.55196078431372,76.99676470588236,130.0,0.5492364611177708,0.32530331203520385,0.05401640625,2.0,45000.0,41000.0,86000.0,2654.320987654321,1061.7283950617284,40.249223594996224,40.0,2.0,1.0,48753.79043675594,24431.651203066074,73185.441639822,76.0,151.0,11.0,0.0,51.0,0.0,7.0,3.0,109574.86956628907,54.78743478314453,True,
SRC,4,12,#3,6,19.0,9.5,100.0,#57 stone,110.00000000000001,47.57004238281165,5.499039842323396,5.77022359949313,151.83364242524524,43.728089018470634,0.22,8.8125,0.2875816993464052,114.42696078431374,102.98426470588237,187.2,0.4246094210931714,0.23359021911576194,0.07284257812500002,2.0,45000.0,41000.0,86000.0,3185.185185185185,1061.7283950617284,20.124611797498112,40.0,2.0,1.0,187007.26934401813,87556.71360571406,274563.9829497322,301.0,601.0,41.0,0.0,51.0,0.0,7.0,3.0,102770.82417354561,51.3854120867728,True,
SRC,4,12,#3,8,19.0,9.5,100.0,#57 stone,110.00000000000001,47.57004238281165,5.499039842323396,5.77022359949313,151.83364242524524,43.728089018470634,0.165,8.8125,0.21568627450980393,86.17610294117648,77.55849264705883,187.2,0.563807876172396,0.23359021911576194,0.09812343749999998,2.0,45000.0,41000.0,86000.0,3185.185185185185,1061.7283950617284,20.124611797498112,40.0,2.0,1.0,140372.1446354714,66201.41760432038,206573.5622397918,226.0,451.0,31.0,0.0,51.0,0.0,7.0,3.0,77321.63197725541,38.660815988627704,True,
SRC,4,12,#3,10,19.0,9.5,100.0,#57 stone,110.00000000000001,47.57004238281165,5.499039842323396,5.77022359949313,151.83364242524524,43.728089018470634,0.132,8.8125,0.17254901960784313,69.11170588235294,62.20053529411764,187.2,0.7030178890213833,0.23359021911576194,0.123404296875,2.0,45000.0,41000.0,86000.0,3185.185185185185,1061.7283950617284,20.124611797498112,40.0,2.0,1.0,112391.06981034338,53388.24000348418,165779.30981382757,181.0,361.0,25.0,0.0,51.0,0.0,7.0,3.0,62052.1166594813,31.02605832974065,True,
SRC,4,12,#3,12,19.0,9.5,100.0,#57 stone,110.00000000000001,47.57004238281165,5.499039842323396,5.77022359949313,151.83364242524524,43.728089018470634,0.11,8.8125,0.1437908496732026,57.68799019607843,51.9191911764706,187.2,0.8422336332213104,0.23359021911576194,0.14868515625,2.0,45000.0,41000.0,86000.0,3185.185185185185,1061.7283950617284,20.124611797498112,40.0,2.0,1.0,93737.0199269247,44846.12160292671,138583.14152985142,151.0,301.0,21.0,0.0,51.0,0.0,7.0,3.0,51872.43978096522,25.93621989048261,True,
SRC,4,12,#4,6,19.0,9.5,100.0,#57 stone,110.00000000000001,47.57004238281165,5.499039842323396,5.77022359949313,151.83364242524524,43.728089018470634,0.4000000000000001,8.75,0.5228758169934641,203.72549019607843,183.3529411764706,187.2,0.23849134209624662,0.23359021911576194,0.038417578125,2.0,45000.0,41000.0,86000.0,3185.185185185185,1061.7283950617284,26.83281572999748,40.0,2.0,1.0,189193.02579202416,88725.61814095205,277918.6439329762,301.0,601.0,41.0,0.0,51.0,0.0,7.0,3.0,189139.07712105327,94.56953856052664,True,
SRC,4,12,#4,8,19.0,9.5,100.0,#57 stone,110.00000000000001,47.57004238281165,5.499039842323396,5.77022359949313,151.83364242524524,43.728089018470634,0.30000000000000004,8.75,0.39215686274509814,153.97058823529414,138.57352941176475,187.2,0.3155587449067178,0.23359021911576194,0.05222343749999999,2.0,45000.0,41000.0,86000.0,3185.185185185185,1061.7283950617284,26.83281572999748,40.0,2.0,1.0,142012.85951396188,67085.22347242717,209098.08298638905,226.0,451.0,31.0,0.0,51.0,0.0,7.0,3.0,142302.86203240367,71.15143101620184,True,
SRC,4,12,#4,10,19.0,9.5,100.0,#57 stone,110.00000000000001,47.57004238281165,5.499039842323396,5.77022359949313,151.83364242524524,43.728089018470634,0.24000000000000005,8.75,0.31372549019607854,123.74117647058829,111.36705882352946,187.2,0.3926483242029539,0.23359021911576194,0.06602929687499998,2.0,45000.0,41000.0,86000.0,3185.185185185185,1061.7283950617284,26.83281572999748,40.0,2.0,1.0,113704.75974712451,54100.986671312225,167805.74641843673,181.0,361.0,25.0,0.0,51.0,0.0,7.0,3.0,114201.13297921389,57.10056648960694,True,
SRC,4,12,#4,12,19.0,9.5,100.0,#57 stone,110.00000000000001,47.57004238281165,5.499039842323396,5.77022359949313,151.83364242524524,43.728089018470634,0.20000000000000004,8.75,0.26143790849673204,103.43137254901963,93.08823529411767,187.2,0.4697488235791473,0.23359021911576194,0.07983515624999998,2.0,45000.0,41000.0,86000.0,3185.185185185185,1061.7283950617284,26.83281572999748,40.0,2.0,1.0,94832.69323589958,45444.828803902274,140277.52203980187,151.0,301.0,21.0,0.0,51.0,0.0,7.0,3.0,95466.64694375407,47.733323471877036,True,
SRC,4,12,#4,15,19.0,9.5,100.0,#57 stone,110.00000000000001,47.57004238281165,5.499039842323396,5.77022359949313,151.83364242524524,43.728089018470634,0.16000000000000003,8.75,0.20915032679738566,82.99607843137258,74.69647058823531,187.2,0.5854103771451526,0.23359021911576194,0.1005439453125,2.0,45000.0,41000.0,86000.0,3185.185185185185,1061.7283950617284,26.83281572999748,40.0,2.0,1.0,75960.62672467467,36788.670936492315,112749.29766116699,121.0,241.0,17.0,0.0,51.0,0.0,7.0,3.0,76732.16090829422,38.36608045414711,True,
SRC,4,12,#4,18,19.0,9.5,100.0,#57 stone,110.00000000000001,47.57004238281165,5.499039842323396,5.77022359949313,151.83364242524524,43.728089018470634,0.13333333333333336,8.75,0.1742919389978214,69.30283224400873,62.37254901960785,187.2,0.7010790757441062,0.23359021911576194,0.12125273437499998,2.0,45000.0,41000.0,86000.0,3185.185185185185,1061.7283950617284,26.83281572999748,40.0,2.0,1.0,63379.249050524726,32460.592002787336,95839.84105331206,101.0,201.0,15.0,0.0,51.0,0.0,7.0,3.0,65224.33627239294,32.612168136196466,True,
SRC,4,12,#4,24,19.0,9.5,100.0,#57 stone,110.00000000000001,47.57004238281165,5.499039842323396,5.77022359949313,151.83364242524524,43.728089018470634,0.10000000000000002,8.75,0.13071895424836602,52.10784313725491,46.89705882352942,187.2,0.9324271098325502,0.23359021911576194,0.1626703125,2.0,45000.0,41000.0,86000.0,3185.185185185185,1061.7283950617284,26.83281572999748,40.0,2.0,1.0,47652.5269578373,23804.43413537738,71456.96109321468,76.0,151.0,11.0,0.0,51.0,0.0,7.0,3.0,48630.431855104434,24.315215927552217,True,
SRC,4,12,#5,6,19.0,9.5,100.0,#57 stone,110.00000000000001,47.57004238281165,5.499039842323396,5.77022359949313,151.83364242524524,43.728089018470634,0.62,8.6875,0.8104575163398693,308.10049019607845,277.2904411764706,187.2,0.15769778731983627,0.23359021911576194,0.02353015372983871,2.0,45000.0,41000.0,86000.0,3185.185185185185,1061.7283950617284,33.54101966249685,40.0,2.0,1.0,191378.78224003024,89894.52267619007,281273.3049162203,301.0,601.0,41.0,0.0,51.0,0.0,7.0,3.0,296704.27094981854,148.35213547490926,True,
SRC,4,12,#5,8,19.0,9.5,100.0,#57 stone,110.00000000000001,47.57004238281165,5.499039842323396,5.77022359949313,151.83364242524524,43.728089018470634,0.46499999999999997,8.6875,0.6078431372549019,233.90183823529406,210.51165441176468,187.2,0.20772288898047273,0.23359021911576194,0.032373538306451614,2.0,45000.0,41000.0,86000.0,3185.185185185185,1061.7283950617284,33.54101966249685,40.0,2.0,1.0,143653.57439245237,67969.02934053396,211622.60373298632,226.0,451.0,31.0,0.0,51.0,0.0,7.0,3.0,223232.4549100043,111.61622745500216,True,
SRC,4,12,#5,10,19.0,9.5,100.0,#57 stone,110.00000000000001,47.57004238281165,5.499039842323396,5.77022359949313,151.83364242524524,43.728089018470634,0.372,8.6875,0.48627450980392156,188.47817647058827,169.63035882352943,187.2,0.25778456947062184,0.23359021911576194,0.04121692288306452,2.0,45000.0,41000.0,86000.0,3185.185185185185,1061.7283950617284,33.54101966249685,40.0,2.0,1.0,115018.44968390564,54813.733339140286,169832.18302304592,181.0,361.0,25.0,0.0,51.0,0.0,7.0,3.0,179149.36528611582,89.57468264305791,True,
SRC,4,12,#5,12,19.0,9.5,100.0,#57 stone,110.00000000000001,47.57004238281165,5.499039842323396,5.77022359949313,151.83364242524524,43.728089018470634,0.31,8.6875,0.40522875816993464,157.8188725490196,142.03698529411764,187.2,0.3078641026344115,0.23359021911576194,0.05006030745967741,2.0,45000.0,41000.0,86000.0,3185.185185185185,1061.7283950617284,33.54101966249685,40.0,2.0,1.0,95928.36654487449,46043.53600487784,141971.90254975233,151.0,301.0,21.0,0.0,51.0,0.0,7.0,3.0,149760.63887019013,74.88031943509506,True,
SRC,4,12,#5,15,19.0,9.5,100.0,#57 stone,110.00000000000001,47.57004238281165,5.499039842323396,5.77022359949313,151.83364242524524,43.728089018470634,0.24799999999999997,8.6875,0.32418300653594767,126.85807843137255,114.17227058823529,187.2,0.3830009580537897,0.23359021911576194,0.06332538432459678,2.0,45000.0,41000.0,86000.0,3185.185185185185,1061.7283950617284,33.54101966249685,40.0,2.0,1.0,76838.28340584334,37273.3386706154,114111.62207645873,121.0,241.0,17.0,0.0,51.0,0.0,7.0,3.0,120371.91245426444,60.18595622713222,True,
SRC,4,12,#5,18,19.0,9.5,100.0,#57 stone,110.00000000000001,47.57004238281165,5.499039842323396,5.77022359949313,151.83364242524524,43.728089018470634,0.20666666666666667,8.6875,0.2701525054466231,106.05005446623093,95.44504901960784,187.2,0.4581493693767952,0.23359021911576194,0.07659046118951612,2.0,45000.0,41000.0,86000.0,3185.185185185185,1061.7283950617284,33.54101966249685,40.0,2.0,1.0,64111.56131315591,32888.24000348417,96999.80131664008,101.0,201.0,15.0,0.0,51.0,0.0,7.0,3.0,102321.31819442795,51.16065909721397,True,
SRC,4,12,#5,24,19.0,9.5,100.0,#57 stone,110.00000000000001,47.57004238281165,5.499039842323396,5.77022359949313,151.83364242524524,43.728089018470634,0.155,8.6875,0.20261437908496732,79.85159313725491,71.86643382352943,187.2,0.6084633213587097,0.23359021911576194,0.10312061491935483,2.0,45000.0,41000.0,86000.0,3185.185185185185,1061.7283950617284,33.54101966249685,40.0,2.0,1.0,48203.15869729662,24118.042669221726,72321.20136651835,76.0,151.0,11.0,0.0,51.0,0.0,7.0,3.0,76288.82283037595,38.144411415187975,True,
SRC,4,12,#6,6,19.0,9.5,100.0,#57 stone,110.00000000000001,47.57004238281165,5.499039842323396,5.77022359949313,151.83364242524524,43.728089018470634,0.88,8.625,1.1503267973856208,425.03137254901964,382.52823529411774,187.2,0.11431336299880987,0.23359021911576194,0.015557226562500004,2.0,45000.0,41000.0,86000.0,3185.185185185185,1061.7283950617284,40.249223594996224,40.0,2.0,1.0,193564.53868803626,91063.42721142809,284627.9658994643,301.0,601.0,41.0,0.0,51.0,0.0,7.0,3.0,426151.31561058684,213.07565780529342,True,
SRC,4,12,#6,8,19.0,9.5,100.0,#57 stone,110.00000000000001,47.57004238281165,5.499039842323396,5.77022359949313,151.83364242524524,43.728089018470634,0.66,8.625,0.8627450980392157,324.4676470588235,292.02088235294116,187.2,0.14974302065706438,0.23359021911576194,0.021742968749999998,2.0,45000.0,41000.0,86000.0,3185.185185185185,1061.7283950617284,40.249223594996224,40.0,2.0,1.0,145294.28927094283,68852.83520864075,214147.12447958358,226.0,451.0,31.0,0.0,51.0,0.0,7.0,3.0,320625.833595821,160.3129167979105,True,
SRC,4,12,#6,10,19.0,9.5,100.0,#57 stone,110.00000000000001,47.57004238281165,5.499039842323396,5.77022359949313,151.83364242524524,43.728089018470634,0.528,8.625,0.6901960784313725,262.3072941176471,236.07656470588233,187.2,0.18522841974149185,0.23359021911576194,0.0279287109375,2.0,45000.0,41000.0,86000.0,3185.185185185185,1061.7283950617284,40.249223594996224,40.0,2.0,1.0,116332.13962068676,55526.48000696835,171858.6196276551,181.0,361.0,25.0,0.0,51.0,0.0,7.0,3.0,257310.54438696138,128.6552721934807,True,
SRC,4,12,#6,12,19.0,9.5,100.0,#57 stone,110.00000000000001,47.57004238281165,5.499039842323396,5.77022359949313,151.83364242524524,43.728089018470634,0.44,8.625,0.5751633986928104,220.1078431372549,198.0970588235294,187.2,0.22074072819740792,0.23359021911576194,0.034114453125000006,2.0,45000.0,41000.0,86000.0,3185.185185185185,1061.7283950617284,40.249223594996224,40.0,2.0,1.0,97024.03985384939,46642.24320585341,143666.2830597028,151.0,301.0,21.0,0.0,51.0,0.0,7.0,3.0,215100.35158105503,107.55017579052752,True,
SRC,4,12,#6,15,19.0,9.5,100.0,#57 stone,110.00000000000001,47.57004238281165,5.499039842323396,5.77022359949313,151.83364242524524,43.728089018470634,0.35200000000000004,8.625,0.46013071895424845,177.3010196078432,159.57091764705888,187.2,0.27403545497675846,0.23359021911576194,0.043393066406249986,2.0,45000.0,41000.0,86000.0,3185.185185185185,1061.7283950617284,40.249223594996224,40.0,2.0,1.0,77715.94008701202,37758.00640473847,115473.94649175048,121.0,241.0,17.0,0.0,51.0,0.0,7.0,3.0,172890.15877514865,86.44507938757432,True,
SRC,4,12,#6,18,19.0,9.5,100.0,#57 stone,110.00000000000001,47.57004238281165,5.499039842323396,5.77022359949313,151.83364242524524,43.728089018470634,0.29333333333333333,8.625,0.38344226579520696,148.42570806100215,133.58313725490197,187.2,0.3273473727078976,0.23359021911576194,0.0526716796875,2.0,45000.0,41000.0,86000.0,3185.185185185185,1061.7283950617284,40.249223594996224,40.0,2.0,1.0,64843.87357578709,33315.88800418101,98159.7615799681,101.0,201.0,15.0,0.0,51.0,0.0,7.0,3.0,146966.97636556334,73.48348818278167,True,
SRC,4,12,#6,24,19.0,9.5,100.0,#57 stone,110.00000000000001,47.57004238281165,5.499039842323396,5.77022359949313,151.83364242524524,43.728089018470634,0.22,8.625,0.2875816993464052,111.95196078431374,100.75676470588236,187.2,0.43399655741345683,0.23359021911576194,0.07122890625000002,2.0,45000.0,41000.0,86000.0,3185.185185185185,1061.7283950617284,40.249223594996224,40.0,2.0,1.0,48753.79043675594,24431.651203066074,73185.441639822,76.0,151.0,11.0,0.0,51.0,0.0,7.0,3.0,109574.86956628907,54.78743478314453,True,
SRC,6,6,#4,6,19.0,9.5,100.0,#57 stone,120.0,27.67667419824502,5.499039842323396,5.136027579968186,495.84438172525734,35.70079548421853,0.4000000000000001,2.75,0.5228758169934641,59.72549019607844,53.75294117647059,46.8,0.664164503427134,0.7628375103465499,0.010016953124999999,2.0,45000.0,41000.0,86000.0,1592.5925925925926,1592.5925925925926,26.83281572999748,40.0,2.0,1.0,189193.02579202416,88725.61814095205,277918.6439329762,301.0,601.0,41.0,0.0,51.0,0.0,7.0,3.0,189139.07712105327,94.56953856052664,True,
SRC,6,6,#4,8,19.0,9.5,100.0,#57 stone,120.0,27.67667419824502,5.499039842323396,5.136027579968186,495.84438172525734,35.70079548421853,0.30000000000000004,2.75,0.39215686274509814,45.97058823529412,41.373529411764714,46.8,0.8628897749793345,0.7628375103465499,0.014355937499999997,2.0,45000.0,41000.0,86000.0,1592.5925925925926,1592.5925925925926,26.83281572999748,40.0,2.0,1.0,142012.85951396188,67085.22347242717,209098.08298638905,226.0,451.0,31.0,0.0,51.0,0.0,7.0,3.0,142302.86203240367,71.15143101620184,True,
SRC,6,6,#5,6,19.0,9.5,100.0,#57 stone,120.0,27.67667419824502,5.499039842323396,5.136027579968186,495.84438172525734,35.70079548421853,0.62,2.6875,0.8104575163398693,84.90049019607844,76.41044117647058,46.8,0.46722404601443446,0.7628375103465499,0.005207169858870968,2.0,45000.0,41000.0,86000.0,1592.5925925925926,1592.5925925925926,33.54101966249685,40.0,2.0,1.0,191378.78224003024,89894.52267619007,281273.3049162203,301.0,601.0,41.0,0.0,51.0,0.0,7.0,3.0,296704.27094981854,148.35213547490926,True,
SRC,6,6,#5,8,19.0,9.5,100.0,#57 stone,120.0,27.67667419824502,5.499039842323396,5.136027579968186,495.84438172525734,35.70079548421853,0.46499999999999997,2.6875,0.6078431372549019,66.50183823529412,59.8516544117647,46.8,0.596488030867214,0.7628375103465499,0.007942893145161292,2.0,45000.0,41000.0,86000.0,1592.5925925925926,1592.5925925925926,33.54101966249685,40.0,2.0,1.0,143653.57439245237,67969.02934053396,211622.60373298632,226.0,451.0,31.0,0.0,51.0,0.0,7.0,3.0,223232.4549100043,111.61622745500216,True,
SRC,6,6,#5,10,19.0,9.5,100.0,#57 stone,120.0,27.67667419824502,5.499039842323396,5.136027579968186,495.84438172525734,35.70079548421853,0.372,2.6875,0.48627450980392156,54.558176470588236,49.102358823529414,46.8,0.7270688484136739,0.7628375103465499,0.010678616431451614,2.0,45000.0,41000.0,86000.0,1592.5925925925926,1592.5925925925926,33.54101966249685,40.0,2.0,1.0,115018.44968390564,54813.733339140286,169832.18302304592,181.0,361.0,25.0,0.0,51.0,0.0,7.0,3.0,179149.36528611582,89.57468264305791,True,
SRC,6,6,#5,12,19.0,9.5,100.0,#57 stone,120.0,27.67667419824502,5.499039842323396,5.136027579968186,495.84438172525734,35.70079548421853,0.31,2.6875,0.40522875816993464,46.2188725490196,41.596985294117644,46.8,0.8582543958844798,0.7628375103465499,0.013414339717741934,2.0,45000.0,41000.0,86000.0,1592.5925925925926,1592.5925925925926,33.54101966249685,40.0,2.0,1.0,95928.36654487449,46043.53600487784,141971.90254975233,151.0,301.0,21.0,0.0,51.0,0.0,7.0,3.0,149760.63887019013,74.88031943509506,True,
SRC,6,6,#6,6,19.0,9.5,100.0,#57 stone,120.0,27.67667419824502,5.499039842323396,5.136027579968186,495.84438172525734,35.70079548421853,0.88,2.625,1.1503267973856208,108.23137254901962,97.40823529411766,46.8,0.3665069526865194,0.7628375103465499,0.0026478515625000007,2.0,45000.0,41000.0,86000.0,1592.5925925925926,1592.5925925925926,40.249223594996224,40.0,2.0,1.0,193564.53868803626,91063.42721142809,284627.9658994643,301.0,601.0,41.0,0.0,51.0,0.0,7.0,3.0,426151.31561058684,213.07565780529342,True,Section may not be tension-controlled; phi = 0.90 should be reviewed.
SRC,6,6,#6,8,19.0,9.5,100.0,#57 stone,120.0,27.67667419824502,5.499039842323396,5.136027579968186,495.84438172525734,35.70079548421853,0.66,2.625,0.8627450980392157,86.86764705882352,78.18088235294117,46.8,0.456643547754427,0.7628375103465499,0.00453046875,2.0,45000.0,41000.0,86000.0,1592.5925925925926,1592.5925925925926,40.249223594996224,40.0,2.0,1.0,145294.28927094283,68852.83520864075,214147.12447958358,226.0,451.0,31.0,0.0,51.0,0.0,7.0,3.0,320625.833595821,160.3129167979105,True,Section may not be tension-controlled; phi = 0.90 should be reviewed.
SRC,6,6,#6,10,19.0,9.5,100.0,#57 stone,120.0,27.67667419824502,5.499039842323396,5.136027579968186,495.84438172525734,35.70079548421853,0.528,2.625,0.6901960784313725,72.22729411764705,65.00456470588234,46.8,0.5492044388843961,0.7628375103465499,0.0064130859375,2.0,45000.0,41000.0,86000.0,1592.5925925925926,1592.5925925925926,40.249223594996224,40.0,2.0,1.0,116332.13962068676,55526.48000696835,171858.6196276551,181.0,361.0,25.0,0.0,51.0,0.0,7.0,3.0,257310.54438696138,128.6552721934807,True,
SRC,6,6,#6,12,19.0,9.5,100.0,#57 stone,120.0,27.67667419824502,5.499039842323396,5.136027579968186,495.84438172525734,35.70079548421853,0.44,2.625,0.5751633986928104,61.707843137254905,55.537058823529414,46.8,0.6428283427406343,0.7628375103465499,0.008295703125000001,2.0,45000.0,41000.0,86000.0,1592.5925925925926,1592.5925925925926,40.249223594996224,40.0,2.0,1.0,97024.03985384939,46642.24320585341,143666.2830597028,151.0,301.0,21.0,0.0,51.0,0.0,7.0,3.0,215100.35158105503,107.55017579052752,True,
SRC,6,6,#6,15,19.0,9.5,100.0,#57 stone,120.0,27.67667419824502,5.499039842323396,5.136027579968186,495.84438172525734,35.70079548421853,0.35200000000000004,2.625,0.46013071895424845,50.581019607843146,45.52291764705883,46.8,0.7842378592911895,0.7628375103465499,0.011119628906249995,2.0,45000.0,41000.0,86000.0,1592.5925925925926,1592.5925925925926,40.249223594996224,40.0,2.0,1.0,77715.94008701202,37758.00640473847,115473.94649175048,121.0,241.0,17.0,0.0,51.0,0.0,7.0,3.0,172890.15877514865,86.44507938757432,True,
SRC,6,6,#6,18,19.0,9.5,100.0,#57 stone,120.0,27.67667419824502,5.499039842323396,5.136027579968186,495.84438172525734,35.70079548421853,0.29333333333333333,2.625,0.38344226579520696,42.82570806100218,38.543137254901964,46.8,0.9262555678359592,0.7628375103465499,0.013943554687499998,2.0,45000.0,41000.0,86000.0,1592.5925925925926,1592.5925925925926,40.249223594996224,40.0,2.0,1.0,64843.87357578709,33315.88800418101,98159.7615799681,101.0,201.0,15.0,0.0,51.0,0.0,7.0,3.0,146966.97636556334,73.48348818278167,True,
SRC,6,8,#3,6,19.0,9.5,100.0,#57 stone,120.0,34.3413966568967,5.499039842323396,5.201089693986001,308.87997496461526,39.536636795470756,0.22,4.8125,0.2875816993464052,61.62696078431372,55.46426470588235,83.2,0.7128308110659517,0.4751999614840235,0.038417578125,2.0,45000.0,41000.0,86000.0,2123.456790123457,1592.5925925925926,20.124611797498112,40.0,2.0,1.0,187007.26934401813,87556.71360571406,274563.9829497322,301.0,601.0,41.0,0.0,51.0,0.0,7.0,3.0,102770.82417354561,51.3854120867728,True,
SRC,6,8,#3,8,19.0,9.5,100.0,#57 stone,120.0,34.3413966568967,5.499039842323396,5.201089693986001,308.87997496461526,39.536636795470756,0.165,4.8125,0.21568627450980393,46.57610294117647,41.918492647058834,83.2,0.9431788764056334,0.4751999614840235,0.052223437500000004,2.0,45000.0,41000.0,86000.0,2123.456790123457,1592.5925925925926,20.124611797498112,40.0,2.0,1.0,140372.1446354714,66201.41760432038,206573.5622397918,226.0,451.0,31.0,0.0,51.0,0.0,7.0,3.0,77321.63197725541,38.660815988627704,True,
SRC,6,8,#4,6,19.0,9.5,100.0,#57 stone,120.0,34.3413966568967,5.499039842323396,5.201089693986001,308.87997496461526,39.536636795470756,0.4000000000000001,4.75,0.5228758169934641,107.72549019607845,96.9529411764706,83.2,0.4077920310174753,0.4751999614840235,0.019483828124999998,2.0,45000.0,41000.0,86000.0,2123.456790123457,1592.5925925925926,26.83281572999748,40.0,2.0,1.0,189193.02579202416,88725.61814095205,277918.6439329762,301.0,601.0,41.0,0.0,51.0,0.0,7.0,3.0,189139.07712105327,94.56953856052664,True,
SRC,6,8,#4,8,19.0,9.5,100.0,#57 stone,120.0,34.3413966568967,5.499039842323396,5.201089693986001,308.87997496461526,39.536636795470756,0.30000000000000004,4.75,0.39215686274509814,81.97058823529413,73.77352941176471,83.2,0.5359190093075014,0.4751999614840235,0.02697843749999999,2.0,45000.0,41000.0,86000.0,2123.456790123457,1592.5925925925926,26.83281572999748,40.0,2.0,1.0,142012.85951396188,67085.22347242717,209098.08298638905,226.0,451.0,31.0,0.0,51.0,0.0,7.0,3.0,142302.86203240367,71.15143101620184,True,
SRC,6,8,#4,10,19.0,9.5,100.0,#57 stone,120.0,34.3413966568967,5.499039842323396,5.201089693986001,308.87997496461526,39.536636795470756,0.24000000000000005,4.75,0.31372549019607854,66.14117647058825,59.52705882352943,83.2,0.6641792417911802,0.4751999614840235,0.03447304687499999,2.0,45000.0,41000.0,86000.0,2123.456790123457,1592.5925925925926,26.83281572999748,40.0,2.0,1.0,113704.75974712451,54100.986671312225,167805.74641843673,181.0,361.0,25.0,0.0,51.0,0.0,7.0,3.0,114201.13297921389,57.10056648960694,True,
SRC,6,8,#4,12,19.0,9.5,100.0,#57 stone,120.0,34.3413966568967,5.499039842323396,5.201089693986001,308.87997496461526,39.536636795470756,0.20000000000000004,4.75,0.26143790849673204,55.431372549019606,49.88823529411765,83.2,0.7925042159214748,0.4751999614840235,0.04196765625,2.0,45000.0,41000.0,86000.0,2123.456790123457,1592.5925925925926,26.83281572999748,40.0,2.0,1.0,94832.69323589958,45444.828803902274,140277.52203980187,151.0,301.0,21.0,0.0,51.0,0.0,7.0,3.0,95466.64694375407,47.733323471877036,True,
SRC,6,8,#4,15,19.0,9.5,100.0,#57 stone,120.0,34.3413966568967,5.499039842323396,5.201089693986001,308.87997496461526,39.536636795470756,0.16000000000000003,4.75,0.20915032679738566,44.59607843137256,40.136470588235305,83.2,0.9850551435147771,0.4751999614840235,0.05320957031249999,2.0,45000.0,41000.0,86000.0,2123.456790123457,1592.5925925925926,26.83281572999748,40.0,2.0,1.0,75960.62672467467,36788.670936492315,112749.29766116699,121.0,241.0,17.0,0.0,51.0,0.0,7.0,3.0,76732.16090829422,38.36608045414711,True,
SRC,6,8,#5,6,19.0,9.5,100.0,#57 stone,120.0,34.3413966568967,5.499039842323396,5.201089693986001,308.87997496461526,39.536636795470756,0.62,4.6875,0.8104575163398693,159.3004901960784,143.37044117647056,83.2,0.2757656074086167,0.4751999614840235,0.011314831149193547,2.0,45000.0,41000.0,86000.0,2123.456790123457,1592.5925925925926,33.54101966249685,40.0,2.0,1.0,191378.78224003024,89894.52267619007,281273.3049162203,301.0,601.0,41.0,0.0,51.0,0.0,7.0,3.0,296704.27094981854,148.35213547490926,True,
SRC,6,8,#5,8,19.0,9.5,100.0,#57 stone,120.0,34.3413966568967,5.499039842323396,5.201089693986001,308.87997496461526,39.536636795470756,0.46499999999999997,4.6875,0.6078431372549019,122.30183823529411,110.0716544117647,83.2,0.35918999316180894,0.4751999614840235,0.016086441532258064,2.0,45000.0,41000.0,86000.0,2123.456790123457,1592.5925925925926,33.54101966249685,40.0,2.0,1.0,143653.57439245237,67969.02934053396,211622.60373298632,226.0,451.0,31.0,0.0,51.0,0.0,7.0,3.0,223232.4549100043,111.61622745500216,True,
SRC,6,8,#5,10,19.0,9.5,100.0,#57 stone,120.0,34.3413966568967,5.499039842323396,5.201089693986001,308.87997496461526,39.536636795470756,0.372,4.6875,0.48627450980392156,99.19817647058824,89.27835882352942,83.2,0.4428468143508349,0.4751999614840235,0.02085805191532258,2.0,45000.0,41000.0,86000.0,2123.456790123457,1592.5925925925926,33.54101966249685,40.0,2.0,1.0,115018.44968390564,54813.733339140286,169832.18302304592,181.0,361.0,25.0,0.0,51.0,0.0,7.0,3.0,179149.36528611582,89.57468264305791,True,
SRC,6,8,#5,12,19.0,9.5,100.0,#57 stone,120.0,34.3413966568967,5.499039842323396,5.201089693986001,308.87997496461526,39.536636795470756,0.31,4.6875,0.40522875816993464,83.41887254901961,75.07698529411765,83.2,0.5266146028717603,0.4751999614840235,0.02562966229838709,2.0,45000.0,41000.0,86000.0,2123.456790123457,1592.5925925925926,33.54101966249685,40.0,2.0,1.0,95928.36654487449,46043.53600487784,141971.90254975233,151.0,301.0,21.0,0.0,51.0,0.0,7.0,3.0,149760.63887019013,74.88031943509506,True,
SRC,6,8,#5,15,19.0,9.5,100.0,#57 stone,120.0,34.3413966568967,5.499039842323396,5.201089693986001,308.87997496461526,39.536636795470756,0.24799999999999997,4.6875,0.32418300653594767,67.33807843137254,60.60427058823528,83.2,0.6523737751765921,0.4751999614840235,0.03278707787298387,2.0,45000.0,41000.0,86000.0,2123.456790123457,1592.5925925925926,33.54101966249685,40.0,2.0,1.0,76838.28340584334,37273.3386706154,114111.62207645873,121.0,241.0,17.0,0.0,51.0,0.0,7.0,3.0,120371.91245426444,60.18595622713222,True,
SRC,6,8,#5,18,19.0,9.5,100.0,#57 stone,120.0,34.3413966568967,5.499039842323396,5.201089693986001,308.87997496461526,39.536636795470756,0.20666666666666667,4.6875,0.2701525054466231,56.45005446623094,50.80504901960784,83.2,0.7782029061759566,0.4751999614840235,0.03994449344758064,2.0,45000.0,41000.0,86000.0,2123.456790123457,1592.5925925925926,33.54101966249685,40.0,2.0,1.0,64111.56131315591,32888.24000348417,96999.80131664008,101.0,201.0,15.0,0.0,51.0,0.0,7.0,3.0,102321.31819442795,51.16065909721397,True,
SRC,6,8,#6,6,19.0,9.5,100.0,#57 stone,120.0,34.3413966568967,5.499039842323396,5.201089693986001,308.87997496461526,39.536636795470756,0.88,4.625,1.1503267973856208,213.83137254901962,192.44823529411764,83.2,0.20544037067966417,0.4751999614840235,0.006950976562500001,2.0,45000.0,41000.0,86000.0,2123.456790123457,1592.5925925925926,40.249223594996224,40.0,2.0,1.0,193564.53868803626,91063.42721142809,284627.9658994643,301.0,601.0,41.0,0.0,51.0,0.0,7.0,3.0,426151.31561058684,213.07565780529342,True,
SRC,6,8,#6,8,19.0,9.5,100.0,#57 stone,120.0,34.3413966568967,5.499039842323396,5.201089693986001,308.87997496461526,39.536636795470756,0.66,4.625,0.8627450980392157,166.06764705882352,149.46088235294118,83.2,0.26452832455590497,0.4751999614840235,0.010267968749999998,2.0,45000.0,41000.0,86000.0,2123.456790123457,1592.5925925925926,40.249223594996224,40.0,2.0,1.0,145294.28927094283,68852.83520864075,214147.12447958358,226.0,451.0,31.0,0.0,51.0,0.0,7.0,3.0,320625.833595821,160.3129167979105,True,
SRC,6,8,#6,10,19.0,9.5,100.0,#57 stone,120.0,34.3413966568967,5.499039842323396,5.201089693986001,308.87997496461526,39.536636795470756,0.528,4.625,0.6901960784313725,135.58729411764708,122.02856470588236,83.2,0.3239949342251413,0.4751999614840235,0.013584960937499998,2.0,45000.0,41000.0,86000.0,2123.456790123457,1592.5925925925926,40.249223594996224,40.0,2.0,1.0,116332.13962068676,55526.48000696835,171858.6196276551,181.0,361.0,25.0,0.0,51.0,0.0,7.0,3.0,257310.54438696138,128.6552721934807,True,
SRC,6,8,#6,12,19.0,9.5,100.0,#57 stone,120.0,34.3413966568967,5.499039842323396,5.201089693986001,308.87997496461526,39.536636795470756,0.44,4.625,0.5751633986928104,114.50784313725491,103.05705882352943,83.2,0.38363831887703714,0.4751999614840235,0.016901953125,2.0,45000.0,41000.0,86000.0,2123.456790123457,1592.5925925925926,40.249223594996224,40.0,2.0,1.0,97024.03985384939,46642.24320585341,143666.2830597028,151.0,301.0,21.0,0.0,51.0,0.0,7.0,3.0,215100.35158105503,107.55017579052752,True,
SRC,6,8,#6,15,19.0,9.5,100.0,#57 stone,120.0,34.3413966568967,5.499039842323396,5.201089693986001,308.87997496461526,39.536636795470756,0.35200000000000004,4.625,0.46013071895424845,92.82101960784314,83.53891764705882,83.2,0.4732720737717474,0.4751999614840235,0.021877441406249993,2.0,45000.0,41000.0,86000.0,2123.456790123457,1592.5925925925926,40.249223594996224,40.0,2.0,1.0,77715.94008701202,37758.00640473847,115473.94649175048,121.0,241.0,17.0,0.0,51.0,0.0,7.0,3.0,172890.15877514865,86.44507938757432,True,
SRC,6,8,#6,18,19.0,9.5,100.0,#57 stone,120.0,34.3413966568967,5.499039842323396,5.201089693986001,308.87997496461526,39.536636795470756,0.29333333333333333,4.625,0.38344226579520696,78.02570806100218,70.22313725490196,83.2,0.563014390142629,0.4751999614840235,0.0268529296875,2.0,45000.0,41000.0,86000.0,2123.456790123457,1592.5925925925926,40.249223594996224,40.0,2.0,1.0,64843.87357578709,33315.88800418101,98159.7615799681,101.0,201.0,15.0,0.0,51.0,0.0,7.0,3.0,146966.97636556334,73.48348818278167,True,
SRC,6,8,#6,24,19.0,9.5,100.0,#57 stone,120.0,34.3413966568967,5.499039842323396,5.201089693986001,308.87997496461526,39.536636795470756,0.22,4.625,0.2875816993464052,59.15196078431372,53.23676470588235,83.2,0.7426566398972436,0.4751999614840235,0.036803906250000004,2.0,45000.0,41000.0,86000.0,2123.456790123457,1592.5925925925926,40.249223594996224,40.0,2.0,1.0,48753.79043675594,24431.651203066074,73185.441639822,76.0,151.0,11.0,0.0,51.0,0.0,7.0,3.0,109574.86956628907,54.78743478314453,True,
SRC,6,10,#3,6,19.0,9.5,100.0,#57 stone,120.0,40.59760966213721,5.499039842323396,5.431260308356283,209.39372242415251,41.878744484830506,0.22,6.8125,0.2875816993464052,88.02696078431372,79.22426470588235,130.0,0.5286100747075919,0.32214418834485004,0.055630078125,2.0,45000.0,41000.0,86000.0,2654.320987654321,1592.5925925925926,20.124611797498112,40.0,2.0,1.0,187007.26934401813,87556.71360571406,274563.9829497322,301.0,601.0,41.0,0.0,51.0,0.0,7.0,3.0,102770.82417354561,51.3854120867728,True,
SRC,6,10,#3,8,19.0,9.5,100.0,#57 stone,120.0,40.59760966213721,5.499039842323396,5.431260308356283,209.39372242415251,41.878744484830506,0.165,6.8125,0.21568627450980393,66.37610294117647,59.738492647058834,130.0,0.7010345026991966,0.32214418834485004,0.0751734375,2.0,45000.0,41000.0,86000.0,2654.320987654321,1592.5925925925926,20.124611797498112,40.0,2.0,1.0,140372.1446354714,66201.41760432038,206573.5622397918,226.0,451.0,31.0,0.0,51.0,0.0,7.0,3.0,77321.63197725541,38.660815988627704,True,
SRC,6,10,#3,10,19.0,9.5,100.0,#57 stone,120.0,40.59760966213721,5.499039842323396,5.431260308356283,209.39372242415251,41.878744484830506,0.132,6.8125,0.17254901960784313,53.27170588235295,47.94453529411766,130.0,0.8734831660777121,0.32214418834485004,0.094716796875,2.0,45000.0,41000.0,86000.0,2654.320987654321,1592.5925925925926,20.124611797498112,40.0,2.0,1.0,112391.06981034338,53388.24000348418,165779.30981382757,181.0,361.0,25.0,0.0,51.0,0.0,7.0,3.0,62052.1166594813,31.02605832974065,True,
SRC,6,10,#4,6,19.0,9.5,100.0,#57 stone,120.0,40.59760966213721,5.499039842323396,5.431260308356283,209.39372242415251,41.878744484830506,0.4000000000000001,6.75,0.5228758169934641,155.72549019607845,140.15294117647062,130.0,0.29880746085877546,0.32214418834485004,0.028950703124999994,2.0,45000.0,41000.0,86000.0,2654.320987654321,1592.5925925925926,26.83281572999748,40.0,2.0,1.0,189193.02579202416,88725.61814095205,277918.6439329762,301.0,601.0,41.0,0.0,51.0,0.0,7.0,3.0,189139.07712105327,94.56953856052664,True,
SRC,6,10,#4,8,19.0,9.5,100.0,#57 stone,120.0,40.59760966213721,5.499039842323396,5.431260308356283,209.39372242415251,41.878744484830506,0.30000000000000004,6.75,0.39215686274509814,117.97058823529414,106.17352941176473,130.0,0.39443677456002574,0.32214418834485004,0.03960093749999999,2.0,45000.0,41000.0,86000.0,2654.320987654321,1592.5925925925926,26.83281572999748,40.0,2.0,1.0,142012.85951396188,67085.22347242717,209098.08298638905,226.0,451.0,31.0,0.0,51.0,0.0,7.0,3.0,142302.86203240367,71.15143101620184,True,
SRC,6,10,#4,10,19.0,9.5,100.0,#57 stone,120.0,40.59760966213721,5.499039842323396,5.431260308356283,209.39372242415251,41.878744484830506,0.24000000000000005,6.75,0.31372549019607854,94.94117647058825,85.44705882352943,130.0,0.49011335277579404,0.32214418834485004,0.05025117187499998,2.0,45000.0,41000.0,86000.0,2654.320987654321,1592.5925925925926,26.83281572999748,40.0,2.0,1.0,113704.75974712451,54100.986671312225,167805.74641843673,181.0,361.0,25.0,0.0,51.0,0.0,7.0,3.0,114201.13297921389,57.10056648960694,True,
SRC,6,10,#4,12,19.0,9.5,100.0,#57 stone,120.0,40.59760966213721,5.499039842323396,5.431260308356283,209.39372242415251,41.878744484830506,0.20000000000000004,6.75,0.26143790849673204,79.43137254901961,71.48823529411764,130.0,0.5858130965540349,0.32214418834485004,0.06090140624999999,2.0,45000.0,41000.0,86000.0,2654.320987654321,1592.5925925925926,26.83281572999748,40.0,2.0,1.0,94832.69323589958,45444.828803902274,140277.52203980187,151.0,301.0,21.0,0.0,51.0,0.0,7.0,3.0,95466.64694375407,47.733323471877036,True,
SRC,6,10,#4,15,19.0,9.5,100.0,#57 stone,120.0,40.59760966213721,5.499039842323396,5.431260308356283,209.39372242415251,41.878744484830506,0.16000000000000003,6.75,0.20915032679738566,63.796078431372564,57.416470588235306,130.0,0.7293855588088256,0.32214418834485004,0.07687675781249999,2.0,45000.0,41000.0,86000.0,2654.320987654321,1592.5925925925926,26.83281572999748,40.0,2.0,1.0,75960.62672467467,36788.670936492315,112749.29766116699,121.0,241.0,17.0,0.0,51.0,0.0,7.0,3.0,76732.16090829422,38.36608045414711,True,
SRC,6,10,#4,18,19.0,9.5,100.0,#57 stone,120.0,40.59760966213721,5.499039842323396,5.431260308356283,209.39372242415251,41.878744484830506,0.13333333333333336,6.75,0.1742919389978214,53.30283224400872,47.972549019607854,130.0,0.8729730927517189,0.32214418834485004,0.09285210937499999,2.0,45000.0,41000.0,86000.0,2654.320987654321,1592.5925925925926,26.83281572999748,40.0,2.0,1.0,63379.249050524726,32460.592002787336,95839.84105331206,101.0,201.0,15.0,0.0,51.0,0.0,7.0,3.0,65224.33627239294,32.612168136196466,True,
SRC,6,10,#5,6,19.0,9.5,100.0,#57 stone,120.0,40.59760966213721,5.499039842323396,5.431260308356283,209.39372242415251,41.878744484830506,0.62,6.6875,0.8104575163398693,233.7004901960784,210.33044117647057,130.0,0.19910928846335454,0.32214418834485004,0.017422492439516126,2.0,45000.0,41000.0,86000.0,2654.320987654321,1592.5925925925926,33.54101966249685,40.0,2.0,1.0,191378.78224003024,89894.52267619007,281273.3049162203,301.0,601.0,41.0,0.0,51.0,0.0,7.0,3.0,296704.27094981854,148.35213547490926,True,
SRC,6,10,#5,8,19.0,9.5,100.0,#57 stone,120.0,40.59760966213721,5.499039842323396,5.431260308356283,209.39372242415251,41.878744484830506,0.46499999999999997,6.6875,0.6078431372549019,178.1018382352941,160.2916544117647,130.0,0.2612659070649457,0.32214418834485004,0.024229989919354843,2.0,45000.0,41000.0,86000.0,2654.320987654321,1592.5925925925926,33.54101966249685,40.0,2.0,1.0,143653.57439245237,67969.02934053396,211622.60373298632,226.0,451.0,31.0,0.0,51.0,0.0,7.0,3.0,223232.4549100043,111.61622745500216,True,
SRC,6,10,#5,10,19.0,9.5,100.0,#57 stone,120.0,40.59760966213721,5.499039842323396,5.431260308356283,209.39372242415251,41.878744484830506,0.372,6.6875,0.48627450980392156,143.83817647058822,129.4543588235294,130.0,0.323502003836882,0.32214418834485004,0.03103748739919355,2.0,45000.0,41000.0,86000.0,2654.320987654321,1592.5925925925926,33.54101966249685,40.0,2.0,1.0,115018.44968390564,54813.733339140286,169832.18302304592,181.0,361.0,25.0,0.0,51.0,0.0,7.0,3.0,179149.36528611582,89.57468264305791,True,
SRC,6,10,#5,12,19.0,9.5,100.0,#57 stone,120.0,40.59760966213721,5.499039842323396,5.431260308356283,209.39372242415251,41.878744484830506,0.31,6.6875,0.40522875816993464,120.61887254901961,108.55698529411765,130.0,0.38577659808225884,0.32214418834485004,0.037844984879032255,2.0,45000.0,41000.0,86000.0,2654.320987654321,1592.5925925925926,33.54101966249685,40.0,2.0,1.0,95928.36654487449,46043.53600487784,141971.90254975233,151.0,301.0,21.0,0.0,51.0,0.0,7.0,3.0,149760.63887019013,74.88031943509506,True,
SRC,6,10,#5,15,19.0,9.5,100.0,#57 stone,120.0,40.59760966213721,5.499039842323396,5.431260308356283,209.39372242415251,41.878744484830506,0.24799999999999997,6.6875,0.32418300653594767,97.09807843137253,87.38827058823527,130.0,0.4792261501793408,0.32214418834485004,0.04805623109879032,2.0,45000.0,41000.0,86000.0,2654.320987654321,1592.5925925925926,33.54101966249685,40.0,2.0,1.0,76838.28340584334,37273.3386706154,114111.62207645873,121.0,241.0,17.0,0.0,51.0,0.0,7.0,3.0,120371.91245426444,60.18595622713222,True,
SRC,6,10,#5,18,19.0,9.5,100.0,#57 stone,120.0,40.59760966213721,5.499039842323396,5.431260308356283,209.39372242415251,41.878744484830506,0.20666666666666667,6.6875,0.2701525054466231,81.25005446623094,73.12504901960784,130.0,0.572700395367955,0.32214418834485004,0.05826747731854837,2.0,45000.0,41000.0,86000.0,2654.320987654321,1592.5925925925926,33.54101966249685,40.0,2.0,1.0,64111.56131315591,32888.24000348417,96999.80131664008,101.0,201.0,15.0,0.0,51.0,0.0,7.0,3.0,102321.31819442795,51.16065909721397,True,
SRC,6,10,#5,24,19.0,9.5,100.0,#57 stone,120.0,40.59760966213721,5.499039842323396,5.431260308356283,209.39372242415251,41.878744484830506,0.155,6.6875,0.20261437908496732,61.2515931372549,55.12643382352941,130.0,0.7596853556479388,0.32214418834485004,0.07868996975806451,2.0,45000.0,41000.0,86000.0,2654.320987654321,1592.5925925925926,33.54101966249685,40.0,2.0,1.0,48203.15869729662,24118.042669221726,72321.20136651835,76.0,151.0,11.0,0.0,51.0,0.0,7.0,3.0,76288.82283037595,38.144411415187975,True,
SRC,6,10,#6,6,19.0,9.5,100.0,#57 stone,120.0,40.59760966213721,5.499039842323396,5.431260308356283,209.39372242415251,41.878744484830506,0.88,6.625,1.1503267973856208,319.4313725490196,287.4882352941177,130.0,0.1456711591762565,0.32214418834485004,0.0112541015625,2.0,45000.0,41000.0,86000.0,2654.320987654321,1592.5925925925926,40.249223594996224,40.0,2.0,1.0,193564.53868803626,91063.42721142809,284627.9658994643,301.0,601.0,41.0,0.0,51.0,0.0,7.0,3.0,426151.31561058684,213.07565780529342,True,
SRC,6,10,#6,8,19.0,9.5,100.0,#57 stone,120.0,40.59760966213721,5.499039842323396,5.431260308356283,209.39372242415251,41.878744484830506,0.66,6.625,0.8627450980392157,245.2676470588235,220.74088235294118,130.0,0.18971902276747651,0.32214418834485004,0.01600546875,2.0,45000.0,41000.0,86000.0,2654.320987654321,1592.5925925925926,40.249223594996224,40.0,2.0,1.0,145294.28927094283,68852.83520864075,214147.12447958358,226.0,451.0,31.0,0.0,51.0,0.0,7.0,3.0,320625.833595821,160.3129167979105,True,
SRC,6,10,#6,10,19.0,9.5,100.0,#57 stone,120.0,40.59760966213721,5.499039842323396,5.431260308356283,209.39372242415251,41.878744484830506,0.528,6.625,0.6901960784313725,198.9472941176471,179.05256470588236,130.0,0.23389078259572496,0.32214418834485004,0.020756835937500002,2.0,45000.0,41000.0,86000.0,2654.320987654321,1592.5925925925926,40.249223594996224,40.0,2.0,1.0,116332.13962068676,55526.48000696835,171858.6196276551,181.0,361.0,25.0,0.0,51.0,0.0,7.0,3.0,257310.54438696138,128.6552721934807,True,
SRC,6,10,#6,12,19.0,9.5,100.0,#57 stone,120.0,40.59760966213721,5.499039842323396,5.431260308356283,209.39372242415251,41.878744484830506,0.44,6.625,0.5751633986928104,167.3078431372549,150.57705882352943,130.0,0.27812167943797333,0.32214418834485004,0.025508203125000004,2.0,45000.0,41000.0,86000.0,2654.320987654321,1592.5925925925926,40.249223594996224,40.0,2.0,1.0,97024.03985384939,46642.24320585341,143666.2830597028,151.0,301.0,21.0,0.0,51.0,0.0,7.0,3.0,215100.35158105503,107.55017579052752,True,
SRC,6,10,#6,15,19.0,9.5,100.0,#57 stone,120.0,40.59760966213721,5.499039842323396,5.431260308356283,209.39372242415251,41.878744484830506,0.35200000000000004,6.625,0.46013071895424845,135.06101960784315,121.55491764705884,130.0,0.3445253001316464,0.32214418834485004,0.032635253906249995,2.0,45000.0,41000.0,86000.0,2654.320987654321,1592.5925925925926,40.249223594996224,40.0,2.0,1.0,77715.94008701202,37758.00640473847,115473.94649175048,121.0,241.0,17.0,0.0,51.0,0.0,7.0,3.0,172890.15877514865,86.44507938757432,True,
SRC,6,10,#6,18,19.0,9.5,100.0,#57 stone,120.0,40.59760966213721,5.499039842323396,5.431260308356283,209.39372242415251,41.878744484830506,0.29333333333333333,6.625,0.38344226579520696,113.22570806100218,101.90313725490196,130.0,0.41096619410327295,0.32214418834485004,0.0397623046875,2.0,45000.0,41000.0,86000.0,2654.320987654321,1592.5925925925926,40.249223594996224,40.0,2.0,1.0,64843.87357578709,33315.88800418101,98159.7615799681,101.0,201.0,15.0,0.0,51.0,0.0,7.0,3.0,146966.97636556334,73.48348818278167,True,
SRC,6,10,#6,24,19.0,9.5,100.0,#57 stone,120.0,40.59760966213721,5.499039842323396,5.431260308356283,209.39372242415251,41.878744484830506,0.22,6.625,0.2875816993464052,85.55196078431372,76.99676470588236,130.0,0.5439026515568787,0.32214418834485004,0.05401640625,2.0,45000.0,41000.0,86000.0,2654.320987654321,1592.5925925925926,40.249223594996224,40.0,2.0,1.0,48753.79043675594,24431.651203066074,73185.441639822,76.0,151.0,11.0,0.0,51.0,0.0,7.0,3.0,109574.86956628907,54.78743478314453,True,
SRC,6,12,#3,6,19.0,9.5,100.0,#57 stone,120.0,46.546432238898426,5.499039842323396,5.77022359949313,150.4076490927939,43.31740293872463,0.22,8.8125,0.2875816993464052,114.42696078431374,102.98426470588237,187.2,0.4206215683768472,0.2313963832196829,0.07284257812500002,2.0,45000.0,41000.0,86000.0,3185.185185185185,1592.5925925925926,20.124611797498112,40.0,2.0,1.0,187007.26934401813,87556.71360571406,274563.9829497322,301.0,601.0,41.0,0.0,51.0,0.0,7.0,3.0,102770.82417354561,51.3854120867728,True,
SRC,6,12,#3,8,19.0,9.5,100.0,#57 stone,120.0,46.546432238898426,5.499039842323396,5.77022359949313,150.4076490927939,43.31740293872463,0.165,8.8125,0.21568627450980393,86.17610294117648,77.55849264705883,187.2,0.55851269745335,0.2313963832196829,0.09812343749999998,2.0,45000.0,41000.0,86000.0,3185.185185185185,1592.5925925925926,20.124611797498112,40.0,2.0,1.0,140372.1446354714,66201.41760432038,206573.5622397918,226.0,451.0,31.0,0.0,51.0,0.0,7.0,3.0,77321.63197725541,38.660815988627704,True,
SRC,6,12,#3,10,19.0,9.5,100.0,#57 stone,120.0,46.546432238898426,5.499039842323396,5.77022359949313,150.4076490927939,43.31740293872463,0.132,8.8125,0.17254901960784313,69.11170588235294,62.20053529411764,187.2,0.6964152757511911,0.2313963832196829,0.123404296875,2.0,45000.0,41000.0,86000.0,3185.185185185185,1592.5925925925926,20.124611797498112,40.0,2.0,1.0,112391.06981034338,53388.24000348418,165779.30981382757,181.0,361.0,25.0,0.0,51.0,0.0,7.0,3.0,62052.1166594813,31.02605832974065,True,
SRC,6,12,#3,12,19.0,9.5,100.0,#57 stone,120.0,46.546432238898426,5.499039842323396,5.77022359949313,150.4076490927939,43.31740293872463,0.11,8.8125,0.1437908496732026,57.68799019607843,51.9191911764706,187.2,0.83432353157219,0.2313963832196829,0.14868515625,2.0,45000.0,41000.0,86000.0,3185.185185185185,1592.5925925925926,20.124611797498112,40.0,2.0,1.0,93737.0199269247,44846.12160292671,138583.14152985142,151.0,301.0,21.0,0.0,51.0,0.0,7.0,3.0,51872.43978096522,25.93621989048261,True,
SRC,6,12,#4,6,19.0,9.5,100.0,#57 stone,120.0,46.546432238898426,5.499039842323396,5.77022359949313,150.4076490927939,43.31740293872463,0.4000000000000001,8.75,0.5228758169934641,203.72549019607843,183.3529411764706,187.2,0.2362514757646194,0.2313963832196829,0.038417578125,2.0,45000.0,41000.0,86000.0,3185.185185185185,1592.5925925925926,26.83281572999748,40.0,2.0,1.0,189193.02579202416,88725.61814095205,277918.6439329762,301.0,601.0,41.0,0.0,51.0,0.0,7.0,3.0,189139.07712105327,94.56953856052664,True,
SRC,6,12,#4,8,19.0,9.5,100.0,#57 stone,120.0,46.546432238898426,5.499039842323396,5.77022359949313,150.4076490927939,43.31740293872463,0.30000000000000004,8.75,0.39215686274509814,153.97058823529414,138.57352941176475,187.2,0.3125950758604769,0.2313963832196829,0.05222343749999999,2.0,45000.0,41000.0,86000.0,3185.185185185185,1592.5925925925926,26.83281572999748,40.0,2.0,1.0,142012.85951396188,67085.22347242717,209098.08298638905,226.0,451.0,31.0,0.0,51.0,0.0,7.0,3.0,142302.86203240367,71.15143101620184,True,
SRC,6,12,#4,10,19.0,9.5,100.0,#57 stone,120.0,46.546432238898426,5.499039842323396,5.77022359949313,150.4076490927939,43.31740293872463,0.24000000000000005,8.75,0.31372549019607854,123.74117647058829,111.36705882352946,187.2,0.38896064416466924,0.2313963832196829,0.06602929687499998,2.0,45000.0,41000.0,86000.0,3185.185185185185,1592.5925925925926,26.83281572999748,40.0,2.0,1.0,113704.75974712451,54100.986671312225,167805.74641843673,181.0,361.0,25.0,0.0,51.0,0.0,7.0,3.0,114201.13297921389,57.10056648960694,True,
SRC,6,12,#4,12,19.0,9.5,100.0,#57 stone,120.0,46.546432238898426,5.499039842323396,5.77022359949313,150.4076490927939,43.31740293872463,0.20000000000000004,8.75,0.26143790849673204,103.43137254901963,93.08823529411767,187.2,0.46533702998945886,0.2313963832196829,0.07983515624999998,2.0,45000.0,41000.0,86000.0,3185.185185185185,1592.5925925925926,26.83281572999748,40.0,2.0,1.0,94832.69323589958,45444.828803902274,140277.52203980187,151.0,301.0,21.0,0.0,51.0,0.0,7.0,3.0,95466.64694375407,47.733323471877036,True,
SRC,6,12,#4,15,19.0,9.5,100.0,#57 stone,120.0,46.546432238898426,5.499039842323396,5.77022359949313,150.4076490927939,43.31740293872463,0.16000000000000003,8.75,0.20915032679738566,82.99607843137258,74.69647058823531,187.2,0.5799123117544877,0.2313963832196829,0.1005439453125,2.0,45000.0,41000.0,86000.0,3185.185185185185,1592.5925925925926,26.83281572999748,40.0,2.0,1.0,75960.62672467467,36788.670936492315,112749.29766116699,121.0,241.0,17.0,0.0,51.0,0.0,7.0,3.0,76732.16090829422,38.36608045414711,True,
SRC,6,12,#4,18,19.0,9.5,100.0,#57 stone,120.0,46.546432238898426,5.499039842323396,5.77022359949313,150.4076490927939,43.31740293872463,0.13333333333333336,8.75,0.1742919389978214,69.30283224400873,62.37254901960785,187.2,0.6944946714476441,0.2313963832196829,0.12125273437499998,2.0,45000.0,41000.0,86000.0,3185.185185185185,1592.5925925925926,26.83281572999748,40.0,2.0,1.0,63379.249050524726,32460.592002787336,95839.84105331206,101.0,201.0,15.0,0.0,51.0,0.0,7.0,3.0,65224.33627239294,32.612168136196466,True,
SRC,6,12,#4,24,19.0,9.5,100.0,#57 stone,120.0,46.546432238898426,5.499039842323396,5.77022359949313,150.4076490927939,43.31740293872463,0.10000000000000002,8.75,0.13071895424836602,52.10784313725491,46.89705882352942,187.2,0.9236699278247961,0.2313963832196829,0.1626703125,2.0,45000.0,41000.0,86000.0,3185.185185185185,1592.5925925925926,26.83281572999748,40.0,2.0,1.0,47652.5269578373,23804.43413537738,71456.96109321468,76.0,151.0,11.0,0.0,51.0,0.0,7.0,3.0,48630.431855104434,24.315215927552217,True,
SRC,6,12,#5,6,19.0,9.5,100.0,#57 stone,120.0,46.546432238898426,5.499039842323396,5.77022359949313,150.4076490927939,43.31740293872463,0.62,8.6875,0.8104575163398693,308.10049019607845,277.2904411764706,187.2,0.1562167190291171,0.2313963832196829,0.02353015372983871,2.0,45000.0,41000.0,86000.0,3185.185185185185,1592.5925925925926,33.54101966249685,40.0,2.0,1.0,191378.78224003024,89894.52267619007,281273.3049162203,301.0,601.0,41.0,0.0,51.0,0.0,7.0,3.0,296704.27094981854,148.35213547490926,True,
SRC,6,12,#5,8,19.0,9.5,100.0,#57 stone,120.0,46.546432238898426,5.499039842323396,5.77022359949313,150.4076490927939,43.31740293872463,0.46499999999999997,8.6875,0.6078431372549019,233.90183823529406,210.51165441176468,187.2,0.20577199423835696,0.2313963832196829,0.032373538306451614,2.0,45000.0,41000.0,86000.0,3185.185185185185,1592.5925925925926,33.54101966249685,40.0,2.0,1.0,143653.57439245237,67969.02934053396,211622.60373298632,226.0,451.0,31.0,0.0,51.0,0.0,7.0,3.0,223232.4549100043,111.61622745500216,True,
SRC,6,12,#5,10,19.0,9.5,100.0,#57 stone,120.0,46.546432238898426,5.499039842323396,5.77022359949313,150.4076490927939,43.31740293872463,0.372,8.6875,0.48627450980392156,188.47817647058827,169.63035882352943,187.2,0.2553635047355455,0.2313963832196829,0.04121692288306452,2.0,45000.0,41000.0,86000.0,3185.185185185185,1592.5925925925926,33.54101966249685,40.0,2.0,1.0,115018.44968390564,54813.733339140286,169832.18302304592,181.0,361.0,25.0,0.0,51.0,0.0,7.0,3.0,179149.36528611582,89.57468264305791,True,
SRC,6,12,#5,12,19.0,9.5,100.0,#57 stone,120.0,46.546432238898426,5.499039842323396,5.77022359949313,150.4076490927939,43.31740293872463,0.31,8.6875,0.40522875816993464,157.8188725490196,142.03698529411764,187.2,0.3049727002373838,0.2313963832196829,0.05006030745967741,2.0,45000.0,41000.0,86000.0,3185.185185185185,1592.5925925925926,33.54101966249685,40.0,2.0,1.0,95928.36654487449,46043.53600487784,141971.90254975233,151.0,301.0,21.0,0.0,51.0,0.0,7.0,3.0,149760.63887019013,74.88031943509506,True,
SRC,6,12,#5,15,19.0,9.5,100.0,#57 stone,120.0,46.546432238898426,5.499039842323396,5.77022359949313,150.4076490927939,43.31740293872463,0.24799999999999997,8.6875,0.32418300653594767,126.85807843137255,114.17227058823529,187.2,0.3794038842842126,0.2313963832196829,0.06332538432459678,2.0,45000.0,41000.0,86000.0,3185.185185185185,1592.5925925925926,33.54101966249685,40.0,2.0,1.0,76838.28340584334,37273.3386706154,114111.62207645873,121.0,241.0,17.0,0.0,51.0,0.0,7.0,3.0,120371.91245426444,60.18595622713222,True,
SRC,6,12,#5,18,19.0,9.5,100.0,#57 stone,120.0,46.546432238898426,5.499039842323396,5.77022359949313,150.4076490927939,43.31740293872463,0.20666666666666667,8.6875,0.2701525054466231,106.05005446623093,95.44504901960784,187.2,0.45384651570377094,0.2313963832196829,0.07659046118951612,2.0,45000.0,41000.0,86000.0,3185.185185185185,1592.5925925925926,33.54101966249685,40.0,2.0,1.0,64111.56131315591,32888.24000348417,96999.80131664008,101.0,201.0,15.0,0.0,51.0,0.0,7.0,3.0,102321.31819442795,51.16065909721397,True,
SRC,6,12,#5,24,19.0,9.5,100.0,#57 stone,120.0,46.546432238898426,5.499039842323396,5.77022359949313,150.4076490927939,43.31740293872463,0.155,8.6875,0.20261437908496732,79.85159313725491,71.86643382352943,187.2,0.602748747003254,0.2313963832196829,0.10312061491935483,2.0,45000.0,41000.0,86000.0,3185.185185185185,1592.5925925925926,33.54101966249685,40.0,2.0,1.0,48203.15869729662,24118.042669221726,72321.20136651835,76.0,151.0,11.0,0.0,51.0,0.0,7.0,3.0,76288.82283037595,38.144411415187975,True,
SRC,6,12,#6,6,19.0,9.5,100.0,#57 stone,120.0,46.546432238898426,5.499039842323396,5.77022359949313,150.4076490927939,43.31740293872463,0.88,8.625,1.1503267973856208,425.03137254901964,382.52823529411774,187.2,0.11323975315291122,0.2313963832196829,0.015557226562500004,2.0,45000.0,41000.0,86000.0,3185.185185185185,1592.5925925925926,40.249223594996224,40.0,2.0,1.0,193564.53868803626,91063.42721142809,284627.9658994643,301.0,601.0,41.0,0.0,51.0,0.0,7.0,3.0,426151.31561058684,213.07565780529342,True,
SRC,6,12,#6,8,19.0,9.5,100.0,#57 stone,120.0,46.546432238898426,5.499039842323396,5.77022359949313,150.4076490927939,43.31740293872463,0.66,8.625,0.8627450980392157,324.4676470588235,292.02088235294116,187.2,0.14833666205545712,0.2313963832196829,0.021742968749999998,2.0,45000.0,41000.0,86000.0,3185.185185185185,1592.5925925925926,40.249223594996224,40.0,2.0,1.0,145294.28927094283,68852.83520864075,214147.12447958358,226.0,451.0,31.0,0.0,51.0,0.0,7.0,3.0,320625.833595821,160.3129167979105,True,
SRC,6,12,#6,10,19.0,9.5,100.0,#57 stone,120.0,46.546432238898426,5.499039842323396,5.77022359949313,150.4076490927939,43.31740293872463,0.528,8.625,0.6901960784313725,262.3072941176471,236.07656470588233,187.2,0.18348878887106787,0.2313963832196829,0.0279287109375,2.0,45000.0,41000.0,86000.0,3185.185185185185,1592.5925925925926,40.249223594996224,40.0,2.0,1.0,116332.13962068676,55526.48000696835,171858.6196276551,181.0,361.0,25.0,0.0,51.0,0.0,7.0,3.0,257310.54438696138,128.6552721934807,True,
SRC,6,12,#6,12,19.0,9.5,100.0,#57 stone,120.0,46.546432238898426,5.499039842323396,5.77022359949313,150.4076490927939,43.31740293872463,0.44,8.625,0.5751633986928104,220.1078431372549,198.0970588235294,187.2,0.21866757233035464,0.2313963832196829,0.034114453125000006,2.0,45000.0,41000.0,86000.0,3185.185185185185,1592.5925925925926,40.249223594996224,40.0,2.0,1.0,97024.03985384939,46642.24320585341,143666.2830597028,151.0,301.0,21.0,0.0,51.0,0.0,7.0,3.0,215100.35158105503,107.55017579052752,True,
SRC,6,12,#6,15,19.0,9.5,100.0,#57 stone,120.0,46.546432238898426,5.499039842323396,5.77022359949313,150.4076490927939,43.31740293872463,0.35200000000000004,8.625,0.46013071895424845,177.3010196078432,159.57091764705888,187.2,0.271461764947261,0.2313963832196829,0.043393066406249986,2.0,45000.0,41000.0,86000.0,3185.185185185185,1592.5925925925926,40.249223594996224,40.0,2.0,1.0,77715.94008701202,37758.00640473847,115473.94649175048,121.0,241.0,17.0,0.0,51.0,0.0,7.0,3.0,172890.15877514865,86.44507938757432,True,
SRC,6,12,#6,18,19.0,9.5,100.0,#57 stone,120.0,46.546432238898426,5.499039842323396,5.77022359949313,150.4076490927939,43.31740293872463,0.29333333333333333,8.625,0.38344226579520696,148.42570806100215,133.58313725490197,187.2,0.3242729870617338,0.2313963832196829,0.0526716796875,2.0,45000.0,41000.0,86000.0,3185.185185185185,1592.5925925925926,40.249223594996224,40.0,2.0,1.0,64843.87357578709,33315.88800418101,98159.7615799681,101.0,201.0,15.0,0.0,51.0,0.0,7.0,3.0,146966.97636556334,73.48348818278167,True,
SRC,6,12,#6,24,19.0,9.5,100.0,#57 stone,120.0,46.546432238898426,5.499039842323396,5.77022359949313,150.4076490927939,43.31740293872463,0.22,8.625,0.2875816993464052,111.95196078431374,100.75676470588236,187.2,0.4299205424585818,0.2313963832196829,0.07122890625000002,2.0,45000.0,41000.0,86000.0,3185.185185185185,1592.5925925925926,40.249223594996224,40.0,2.0,1.0,48753.79043675594,24431.651203066074,73185.441639822,76.0,151.0,11.0,0.0,51.0,0.0,7.0,3.0,109574.86956628907,54.78743478314453,True,
SRC,8,6,#4,6,19.0,9.5,100.0,#57 stone,130.0,27.12834968194135,5.499039842323396,5.136027579968186,490.59723490824183,35.323000913393415,0.4000000000000001,2.75,0.5228758169934641,59.72549019607844,53.75294117647059,46.8,0.6571361518140599,0.7547649767819106,0.010016953124999999,2.0,45000.0,41000.0,86000.0,1592.5925925925926,2123.456790123457,26.83281572999748,40.0,2.0,1.0,189193.02579202416,88725.61814095205,277918.6439329762,301.0,601.0,41.0,0.0,51.0,0.0,7.0,3.0,189139.07712105327,94.56953856052664,True,
SRC,8,6,#4,8,19.0,9.5,100.0,#57 stone,130.0,27.12834968194135,5.499039842323396,5.136027579968186,490.59723490824183,35.323000913393415,0.30000000000000004,2.75,0.39215686274509814,45.97058823529412,41.373529411764714,46.8,0.8537584638198449,0.7547649767819106,0.014355937499999997,2.0,45000.0,41000.0,86000.0,1592.5925925925926,2123.456790123457,26.83281572999748,40.0,2.0,1.0,142012.85951396188,67085.22347242717,209098.08298638905,226.0,451.0,31.0,0.0,51.0,0.0,7.0,3.0,142302.86203240367,71.15143101620184,True,
SRC,8,6,#5,6,19.0,9.5,100.0,#57 stone,130.0,27.12834968194135,5.499039842323396,5.136027579968186,490.59723490824183,35.323000913393415,0.62,2.6875,0.8104575163398693,84.90049019607844,76.41044117647058,46.8,0.4622797666069567,0.7547649767819106,0.005207169858870968,2.0,45000.0,41000.0,86000.0,1592.5925925925926,2123.456790123457,33.54101966249685,40.0,2.0,1.0,191378.78224003024,89894.52267619007,281273.3049162203,301.0,601.0,41.0,0.0,51.0,0.0,7.0,3.0,296704.27094981854,148.35213547490926,True,
SRC,8,6,#5,8,19.0,9.5,100.0,#57 stone,130.0,27.12834968194135,5.499039842323396,5.136027579968186,490.59723490824183,35.323000913393415,0.46499999999999997,2.6875,0.6078431372549019,66.50183823529412,59.8516544117647,46.8,0.5901758482794783,0.7547649767819106,0.007942893145161292,2.0,45000.0,41000.0,86000.0,1592.5925925925926,2123.456790123457,33.54101966249685,40.0,2.0,1.0,143653.57439245237,67969.02934053396,211622.60373298632,226.0,451.0,31.0,0.0,51.0,0.0,7.0,3.0,223232.4549100043,111.61622745500216,True,
SRC,8,6,#5,10,19.0,9.5,100.0,#57 stone,130.0,27.12834968194135,5.499039842323396,5.136027579968186,490.59723490824183,35.323000913393415,0.372,2.6875,0.48627450980392156,54.558176470588236,49.102358823529414,46.8,0.7193748275992587,0.7547649767819106,0.010678616431451614,2.0,45000.0,41000.0,86000.0,1592.5925925925926,2123.456790123457,33.54101966249685,40.0,2.0,1.0,115018.44968390564,54813.733339140286,169832.18302304592,181.0,361.0,25.0,0.0,51.0,0.0,7.0,3.0,179149.36528611582,89.57468264305791,True,
SRC,8,6,#5,12,19.0,9.5,100.0,#57 stone,130.0,27.12834968194135,5.499039842323396,5.136027579968186,490.59723490824183,35.323000913393415,0.31,2.6875,0.40522875816993464,46.2188725490196,41.596985294117644,46.8,0.84917213744306,0.7547649767819106,0.013414339717741934,2.0,45000.0,41000.0,86000.0,1592.5925925925926,2123.456790123457,33.54101966249685,40.0,2.0,1.0,95928.36654487449,46043.53600487784,141971.90254975233,151.0,301.0,21.0,0.0,51.0,0.0,7.0,3.0,149760.63887019013,74.88031943509506,True,
SRC,8,6,#6,6,19.0,9.5,100.0,#57 stone,130.0,27.12834968194135,5.499039842323396,5.136027579968186,490.59723490824183,35.323000913393415,0.88,2.625,1.1503267973856208,108.23137254901962,97.40823529411766,46.8,0.36262848625414446,0.7547649767819106,0.0026478515625000007,2.0,45000.0,41000.0,86000.0,1592.5925925925926,2123.456790123457,40.249223594996224,40.0,2.0,1.0,193564.53868803626,91063.42721142809,284627.9658994643,301.0,601.0,41.0,0.0,51.0,0.0,7.0,3.0,426151.31561058684,213.07565780529342,True,Section may not be tension-controlled; phi = 0.90 should be reviewed.
SRC,8,6,#6,8,19.0,9.5,100.0,#57 stone,130.0,27.12834968194135,5.499039842323396,5.136027579968186,490.59723490824183,35.323000913393415,0.66,2.625,0.8627450980392157,86.86764705882352,78.18088235294117,46.8,0.45181123377363064,0.7547649767819106,0.00453046875,2.0,45000.0,41000.0,86000.0,1592.5925925925926,2123.456790123457,40.249223594996224,40.0,2.0,1.0,145294.28927094283,68852.83520864075,214147.12447958358,226.0,451.0,31.0,0.0,51.0,0.0,7.0,3.0,320625.833595821,160.3129167979105,True,Section may not be tension-controlled; phi = 0.90 should be reviewed.
SRC,8,6,#6,10,19.0,9.5,100.0,#57 stone,130.0,27.12834968194135,5.499039842323396,5.136027579968186,490.59723490824183,35.323000913393415,0.528,2.625,0.6901960784313725,72.22729411764705,65.00456470588234,46.8,0.543392622859868,0.7547649767819106,0.0064130859375,2.0,45000.0,41000.0,86000.0,1592.5925925925926,2123.456790123457,40.249223594996224,40.0,2.0,1.0,116332.13962068676,55526.48000696835,171858.6196276551,181.0,361.0,25.0,0.0,51.0,0.0,7.0,3.0,257310.54438696138,128.6552721934807,True,
SRC,8,6,#6,12,19.0,9.5,100.0,#57 stone,130.0,27.12834968194135,5.499039842323396,5.136027579968186,490.59723490824183,35.323000913393415,0.44,2.625,0.5751633986928104,61.707843137254905,55.537058823529414,46.8,0.636025775611079,0.7547649767819106,0.008295703125000001,2.0,45000.0,41000.0,86000.0,1592.5925925925926,2123.456790123457,40.249223594996224,40.0,2.0,1.0,97024.03985384939,46642.24320585341,143666.2830597028,151.0,301.0,21.0,0.0,51.0,0.0,7.0,3.0,215100.35158105503,107.55017579052752,True,
SRC,8,6,#6,15,19.0,9.5,100.0,#57 stone,130.0,27.12834968194135,5.499039842323396,5.136027579968186,490.59723490824183,35.323000913393415,0.35200000000000004,2.625,0.46013071895424845,50.581019607843146,45.52291764705883,46.8,0.7759388619871463,0.7547649767819106,0.011119628906249995,2.0,45000.0,41000.0,86000.0,1592.5925925925926,2123.456790123457,40.249223594996224,40.0,2.0,1.0,77715.94008701202,37758.00640473847,115473.94649175048,121.0,241.0,17.0,0.0,51.0,0.0,7.0,3.0,172890.15877514865,86.44507938757432,True,
SRC,8,6,#6,18,19.0,9.5,100.0,#57 stone,130.0,27.12834968194135,5.499039842323396,5.136027579968186,490.59723490824183,35.323000913393415,0.29333333333333333,2.625,0.38344226579520696,42.82570806100218,38.543137254901964,46.8,0.9164537043206308,0.7547649767819106,0.013943554687499998,2.0,45000.0,41000.0,86000.0,1592.5925925925926,2123.456790123457,40.249223594996224,40.0,2.0,1.0,64843.87357578709,33315.88800418101,98159.7615799681,101.0,201.0,15.0,0.0,51.0,0.0,7.0,3.0,146966.97636556334,73.48348818278167,True,
SRC,8,8,#3,6,19.0,9.5,100.0,#57 stone,130.0,33.66103204458069,5.499039842323396,5.201089693986001,305.92845488004406,39.15884222464564,0.22,4.8125,0.2875816993464052,61.62696078431372,55.46426470588235,83.2,0.7060193159018402,0.4706591613539139,0.038417578125,2.0,45000.0,41000.0,86000.0,2123.456790123457,2123.456790123457,20.124611797498112,40.0,2.0,1.0,187007.26934401813,87556.71360571406,274563.9829497322,301.0,601.0,41.0,0.0,51.0,0.0,7.0,3.0,102770.82417354561,51.3854120867728,True,
SRC,8,8,#3,8,19.0,9.5,100.0,#57 stone,130.0,33.66103204458069,5.499039842323396,5.201089693986001,305.92845488004406,39.15884222464564,0.165,4.8125,0.21568627450980393,46.57610294117647,41.918492647058834,83.2,0.9341662772645805,0.4706591613539139,0.052223437500000004,2.0,45000.0,41000.0,86000.0,2123.456790123457,2123.456790123457,20.124611797498112,40.0,2.0,1.0,140372.1446354714,66201.41760432038,206573.5622397918,226.0,451.0,31.0,0.0,51.0,0.0,7.0,3.0,77321.63197725541,38.660815988627704,True,
SRC,8,8,#4,6,19.0,9.5,100.0,#57 stone,130.0,33.66103204458069,5.499039842323396,5.201089693986001,305.92845488004406,39.15884222464564,0.4000000000000001,4.75,0.5228758169934641,107.72549019607845,96.9529411764706,83.2,0.4038953511824874,0.4706591613539139,0.019483828124999998,2.0,45000.0,41000.0,86000.0,2123.456790123457,2123.456790123457,26.83281572999748,40.0,2.0,1.0,189193.02579202416,88725.61814095205,277918.6439329762,301.0,601.0,41.0,0.0,51.0,0.0,7.0,3.0,189139.07712105327,94.56953856052664,True,
SRC,8,8,#4,8,19.0,9.5,100.0,#57 stone,130.0,33.66103204458069,5.499039842323396,5.201089693986001,305.92845488004406,39.15884222464564,0.30000000000000004,4.75,0.39215686274509814,81.97058823529413,73.77352941176471,83.2,0.5307980048789824,0.4706591613539139,0.02697843749999999,2.0,45000.0,41000.0,86000.0,2123.456790123457,2123.456790123457,26.83281572999748,40.0,2.0,1.0,142012.85951396188,67085.22347242717,209098.08298638905,226.0,451.0,31.0,0.0,51.0,0.0,7.0,3.0,142302.86203240367,71.15143101620184,True,
SRC,8,8,#4,10,19.0,9.5,100.0,#57 stone,130.0,33.66103204458069,5.499039842323396,5.201089693986001,305.92845488004406,39.15884222464564,0.24000000000000005,4.75,0.31372549019607854,66.14117647058825,59.52705882352943,83.2,0.65783263945114,0.4706591613539139,0.03447304687499999,2.0,45000.0,41000.0,86000.0,2123.456790123457,2123.456790123457,26.83281572999748,40.0,2.0,1.0,113704.75974712451,54100.986671312225,167805.74641843673,181.0,361.0,25.0,0.0,51.0,0.0,7.0,3.0,114201.13297921389,57.10056648960694,True,
SRC,8,8,#4,12,19.0,9.5,100.0,#57 stone,130.0,33.66103204458069,5.499039842323396,5.201089693986001,305.92845488004406,39.15884222464564,0.20000000000000004,4.75,0.26143790849673204,55.431372549019606,49.88823529411765,83.2,0.7849313970274446,0.4706591613539139,0.04196765625,2.0,45000.0,41000.0,86000.0,2123.456790123457,2123.456790123457,26.83281572999748,40.0,2.0,1.0,94832.69323589958,45444.828803902274,140277.52203980187,151.0,301.0,21.0,0.0,51.0,0.0,7.0,3.0,95466.64694375407,47.733323471877036,True,
SRC,8,8,#4,15,19.0,9.5,100.0,#57 stone,130.0,33.66103204458069,5.499039842323396,5.201089693986001,305.92845488004406,39.15884222464564,0.16000000000000003,4.75,0.20915032679738566,44.59607843137256,40.136470588235305,83.2,0.9756423933330046,0.4706591613539139,0.05320957031249999,2.0,45000.0,41000.0,86000.0,2123.456790123457,2123.456790123457,26.83281572999748,40.0,2.0,1.0,75960.62672467467,36788.670936492315,112749.29766116699,121.0,241.0,17.0,0.0,51.0,0.0,7.0,3.0,76732.16090829422,38.36608045414711,True,
SRC,8,8,#5,6,19.0,9.5,100.0,#57 stone,130.0,33.66103204458069,5.499039842323396,5.201089693986001,305.92845488004406,39.15884222464564,0.62,4.6875,0.8104575163398693,159.3004901960784,143.37044117647056,83.2,0.27313051353762763,0.4706591613539139,0.011314831149193547,2.0,45000.0,41000.0,86000.0,2123.456790123457,2123.456790123457,33.54101966249685,40.0,2.0,1.0,191378.78224003024,89894.52267619007,281273.3049162203,301.0,601.0,41.0,0.0,51.0,0.0,7.0,3.0,296704.27094981854,148.35213547490926,True,
SRC,8,8,#5,8,19.0,9.5,100.0,#57 stone,130.0,33.66103204458069,5.499039842323396,5.201089693986001,305.92845488004406,39.15884222464564,0.46499999999999997,4.6875,0.6078431372549019,122.30183823529411,110.0716544117647,83.2,0.3557577328506135,0.4706591613539139,0.016086441532258064,2.0,45000.0,41000.0,86000.0,2123.456790123457,2123.456790123457,33.54101966249685,40.0,2.0,1.0,143653.57439245237,67969.02934053396,211622.60373298632,226.0,451.0,31.0,0.0,51.0,0.0,7.0,3.0,223232.4549100043,111.61622745500216,True,
SRC,8,8,#5,10,19.0,9.5,100.0,#57 stone,130.0,33.66103204458069,5.499039842323396,5.201089693986001,305.92845488004406,39.15884222464564,0.372,4.6875,0.48627450980392156,99.19817647058824,89.27835882352942,83.2,0.4386151665494693,0.4706591613539139,0.02085805191532258,2.0,45000.0,41000.0,86000.0,2123.456790123457,2123.456790123457,33.54101966249685,40.0,2.0,1.0,115018.44968390564,54813.733339140286,169832.18302304592,181.0,361.0,25.0,0.0,51.0,0.0,7.0,3.0,179149.36528611582,89.57468264305791,True,
SRC,8,8,#5,12,19.0,9.5,100.0,#57 stone,130.0,33.66103204458069,5.499039842323396,5.201089693986001,305.92845488004406,39.15884222464564,0.31,4.6875,0.40522875816993464,83.41887254901961,75.07698529411765,83.2,0.5215825072256034,0.4706591613539139,0.02562966229838709,2.0,45000.0,41000.0,86000.0,2123.456790123457,2123.456790123457,33.54101966249685,40.0,2.0,1.0,95928.36654487449,46043.53600487784,141971.90254975233,151.0,301.0,21.0,0.0,51.0,0.0,7.0,3.0,149760.63887019013,74.88031943509506,True,
SRC,8,8,#5,15,19.0,9.5,100.0,#57 stone,130.0,33.66103204458069,5.499039842323396,5.201089693986001,305.92845488004406,39.15884222464564,0.24799999999999997,4.6875,0.32418300653594767,67.33807843137254,60.60427058823528,83.2,0.6461399806410226,0.4706591613539139,0.03278707787298387,2.0,45000.0,41000.0,86000.0,2123.456790123457,2123.456790123457,33.54101966249685,40.0,2.0,1.0,76838.28340584334,37273.3386706154,114111.62207645873,121.0,241.0,17.0,0.0,51.0,0.0,7.0,3.0,120371.91245426444,60.18595622713222,True,
SRC,8,8,#5,18,19.0,9.5,100.0,#57 stone,130.0,33.66103204458069,5.499039842323396,5.201089693986001,305.92845488004406,39.15884222464564,0.20666666666666667,4.6875,0.2701525054466231,56.45005446623094,50.80504901960784,83.2,0.7707667442567089,0.4706591613539139,0.03994449344758064,2.0,45000.0,41000.0,86000.0,2123.456790123457,2123.456790123457,33.54101966249685,40.0,2.0,1.0,64111.56131315591,32888.24000348417,96999.80131664008,101.0,201.0,15.0,0.0,51.0,0.0,7.0,3.0,102321.31819442795,51.16065909721397,True,
SRC,8,8,#6,6,19.0,9.5,100.0,#57 stone,130.0,33.66103204458069,5.499039842323396,5.201089693986001,305.92845488004406,39.15884222464564,0.88,4.625,1.1503267973856208,213.83137254901962,192.44823529411764,83.2,0.20347727358891798,0.4706591613539139,0.006950976562500001,2.0,45000.0,41000.0,86000.0,2123.456790123457,2123.456790123457,40.249223594996224,40.0,2.0,1.0,193564.53868803626,91063.42721142809,284627.9658994643,301.0,601.0,41.0,0.0,51.0,0.0,7.0,3.0,426151.31561058684,213.07565780529342,True,
SRC,8,8,#6,8,19.0,9.5,100.0,#57 stone,130.0,33.66103204458069,5.499039842323396,5.201089693986001,305.92845488004406,39.15884222464564,0.66,4.625,0.8627450980392157,166.06764705882352,149.46088235294118,83.2,0.2620006091772885,0.4706591613539139,0.010267968749999998,2.0,45000.0,41000.0,86000.0,2123.456790123457,2123.456790123457,40.249223594996224,40.0,2.0,1.0,145294.28927094283,68852.83520864075,214147.12447958358,226.0,451.0,31.0,0.0,51.0,0.0,7.0,3.0,320625.833595821,160.3129167979105,True,
SRC,8,8,#6,10,19.0,9.5,100.0,#57 stone,130.0,33.66103204458069,5.499039842323396,5.201089693986001,305.92845488004406,39.15884222464564,0.528,4.625,0.6901960784313725,135.58729411764708,122.02856470588236,83.2,0.3208989822917912,0.4706591613539139,0.013584960937499998,2.0,45000.0,41000.0,86000.0,2123.456790123457,2123.456790123457,40.249223594996224,40.0,2.0,1.0,116332.13962068676,55526.48000696835,171858.6196276551,181.0,361.0,25.0,0.0,51.0,0.0,7.0,3.0,257310.54438696138,128.6552721934807,True,
SRC,8,8,#6,12,19.0,9.5,100.0,#57 stone,130.0,33.66103204458069,5.499039842323396,5.201089693986001,305.92845488004406,39.15884222464564,0.44,4.625,0.5751633986928104,114.50784313725491,103.05705882352943,83.2,0.3799724412056004,0.4706591613539139,0.016901953125,2.0,45000.0,41000.0,86000.0,2123.456790123457,2123.456790123457,40.249223594996224,40.0,2.0,1.0,97024.03985384939,46642.24320585341,143666.2830597028,151.0,301.0,21.0,0.0,51.0,0.0,7.0,3.0,215100.35158105503,107.55017579052752,True,
SRC,8,8,#6,15,19.0,9.5,100.0,#57 stone,130.0,33.66103204458069,5.499039842323396,5.201089693986001,305.92845488004406,39.15884222464564,0.35200000000000004,4.625,0.46013071895424845,92.82101960784314,83.53891764705882,83.2,0.46874969568179836,0.4706591613539139,0.021877441406249993,2.0,45000.0,41000.0,86000.0,2123.456790123457,2123.456790123457,40.249223594996224,40.0,2.0,1.0,77715.94008701202,37758.00640473847,115473.94649175048,121.0,241.0,17.0,0.0,51.0,0.0,7.0,3.0,172890.15877514865,86.44507938757432,True,
SRC,8,8,#6,18,19.0,9.5,100.0,#57 stone,130.0,33.66103204458069,5.499039842323396,5.201089693986001,305.92845488004406,39.15884222464564,0.29333333333333333,4.625,0.38344226579520696,78.02570806100218,70.22313725490196,83.2,0.557634474268837,0.4706591613539139,0.0268529296875,2.0,45000.0,41000.0,86000.0,2123.456790123457,2123.456790123457,40.249223594996224,40.0,2.0,1.0,64843.87357578709,33315.88800418101,98159.7615799681,101.0,201.0,15.0,0.0,51.0,0.0,7.0,3.0,146966.97636556334,73.48348818278167,True,
SRC,8,8,#6,24,19.0,9.5,100.0,#57 stone,130.0,33.66103204458069,5.499039842323396,5.201089693986001,305.92845488004406,39.15884222464564,0.22,4.625,0.2875816993464052,59.15196078431372,53.23676470588235,83.2,0.7355601423374778,0.4706591613539139,0.036803906250000004,2.0,45000.0,41000.0,86000.0,2123.456790123457,2123.456790123457,40.249223594996224,40.0,2.0,1.0,48753.79043675594,24431.651203066074,73185.441639822,76.0,151.0,11.0,0.0,51.0,0.0,7.0,3.0,109574.86956628907,54.78743478314453,True,
SRC,8,10,#3,6,19.0,9.5,100.0,#57 stone,130.0,39.7932982581865,5.499039842323396,5.431260308356283,207.50474957002695,41.50094991400539,0.22,6.8125,0.2875816993464052,88.02696078431372,79.22426470588235,130.0,0.5238414022279209,0.3192380762615799,0.055630078125,2.0,45000.0,41000.0,86000.0,2654.320987654321,2123.456790123457,20.124611797498112,40.0,2.0,1.0,187007.26934401813,87556.71360571406,274563.9829497322,301.0,601.0,41.0,0.0,51.0,0.0,7.0,3.0,102770.82417354561,51.3854120867728,True,
SRC,8,10,#3,8,19.0,9.5,100.0,#57 stone,130.0,39.7932982581865,5.499039842323396,5.431260308356283,207.50474957002695,41.50094991400539,0.165,6.8125,0.21568627450980393,66.37610294117647,59.738492647058834,130.0,0.6947103630350581,0.3192380762615799,0.0751734375,2.0,45000.0,41000.0,86000.0,2654.320987654321,2123.456790123457,20.124611797498112,40.0,2.0,1.0,140372.1446354714,66201.41760432038,206573.5622397918,226.0,451.0,31.0,0.0,51.0,0.0,7.0,3.0,77321.63197725541,38.660815988627704,True,
SRC,8,10,#3,10,19.0,9.5,100.0,#57 stone,130.0,39.7932982581865,5.499039842323396,5.431260308356283,207.50474957002695,41.50094991400539,0.132,6.8125,0.17254901960784313,53.27170588235295,47.94453529411766,130.0,0.8656033405979673,0.3192380762615799,0.094716796875,2.0,45000.0,41000.0,86000.0,2654.320987654321,2123.456790123457,20.124611797498112,40.0,2.0,1.0,112391.06981034338,53388.24000348418,165779.30981382757,181.0,361.0,25.0,0.0,51.0,0.0,7.0,3.0,62052.1166594813,31.02605832974065,True,
SRC,8,10,#4,6,19.0,9.5,100.0,#57 stone,130.0,39.7932982581865,5.499039842323396,5.431260308356283,207.50474957002695,41.50094991400539,0.4000000000000001,6.75,0.5228758169934641,155.72549019607845,140.15294117647062,130.0,0.2961118729699032,0.3192380762615799,0.028950703124999994,2.0,45000.0,41000.0,86000.0,2654.320987654321,2123.456790123457,26.83281572999748,40.0,2.0,1.0,189193.02579202416,88725.61814095205,277918.6439329762,301.0,601.0,41.0,0.0,51.0,0.0,7.0,3.0,189139.07712105327,94.56953856052664,True,
SRC,8,10,#4,8,19.0,9.5,100.0,#57 stone,130.0,39.7932982581865,5.499039842323396,5.431260308356283,207.50474957002695,41.50094991400539,0.30000000000000004,6.75,0.39215686274509814,117.97058823529414,106.17352941176473,130.0,0.3908784999795515,0.3192380762615799,0.03960093749999999,2.0,45000.0,41000.0,86000.0,2654.320987654321,2123.456790123457,26.83281572999748,40.0,2.0,1.0,142012.85951396188,67085.22347242717,209098.08298638905,226.0,451.0,31.0,0.0,51.0,0.0,7.0,3.0,142302.86203240367,71.15143101620184,True,
SRC,8,10,#4,10,19.0,9.5,100.0,#57 stone,130.0,39.7932982581865,5.499039842323396,5.431260308356283,207.50474957002695,41.50094991400539,0.24000000000000005,6.75,0.31372549019607854,94.94117647058825,85.44705882352943,130.0,0.48569196512329027,0.3192380762615799,0.05025117187499998,2.0,45000.0,41000.0,86000.0,2654.320987654321,2123.456790123457,26.83281572999748,40.0,2.0,1.0,113704.75974712451,54100.986671312225,167805.74641843673,181.0,361.0,25.0,0.0,51.0,0.0,7.0,3.0,114201.13297921389,57.10056648960694,True,
SRC,8,10,#4,12,19.0,9.5,100.0,#57 stone,130.0,39.7932982581865,5.499039842323396,5.431260308356283,207.50474957002695,41.50094991400539,0.20000000000000004,6.75,0.26143790849673204,79.43137254901961,71.48823529411764,130.0,0.580528386849413,0.3192380762615799,0.06090140624999999,2.0,45000.0,41000.0,86000.0,2654.320987654321,2123.456790123457,26.83281572999748,40.0,2.0,1.0,94832.69323589958,45444.828803902274,140277.52203980187,151.0,301.0,21.0,0.0,51.0,0.0,7.0,3.0,95466.64694375407,47.733323471877036,True,
SRC,8,10,#4,15,19.0,9.5,100.0,#57 stone,130.0,39.7932982581865,5.499039842323396,5.431260308356283,207.50474957002695,41.50094991400539,0.16000000000000003,6.75,0.20915032679738566,63.796078431372564,57.416470588235306,130.0,0.7228056599234607,0.3192380762615799,0.07687675781249999,2.0,45000.0,41000.0,86000.0,2654.320987654321,2123.456790123457,26.83281572999748,40.0,2.0,1.0,75960.62672467467,36788.670936492315,112749.29766116699,121.0,241.0,17.0,0.0,51.0,0.0,7.0,3.0,76732.16090829422,38.36608045414711,True,
SRC,8,10,#4,18,19.0,9.5,100.0,#57 stone,130.0,39.7932982581865,5.499039842323396,5.431260308356283,207.50474957002695,41.50094991400539,0.13333333333333336,6.75,0.1742919389978214,53.30283224400872,47.972549019607854,130.0,0.8650978687216032,0.3192380762615799,0.09285210937499999,2.0,45000.0,41000.0,86000.0,2654.320987654321,2123.456790123457,26.83281572999748,40.0,2.0,1.0,63379.249050524726,32460.592002787336,95839.84105331206,101.0,201.0,15.0,0.0,51.0,0.0,7.0,3.0,65224.33627239294,32.612168136196466,True,
SRC,8,10,#5,6,19.0,9.5,100.0,#57 stone,130.0,39.7932982581865,5.499039842323396,5.431260308356283,207.50474957002695,41.50094991400539,0.62,6.6875,0.8104575163398693,233.7004901960784,210.33044117647057,130.0,0.19731309306381112,0.3192380762615799,0.017422492439516126,2.0,45000.0,41000.0,86000.0,2654.320987654321,2123.456790123457,33.54101966249685,40.0,2.0,1.0,191378.78224003024,89894.52267619007,281273.3049162203,301.0,601.0,41.0,0.0,51.0,0.0,7.0,3.0,296704.27094981854,148.35213547490926,True,
SRC,8,10,#5,8,19.0,9.5,100.0,#57 stone,130.0,39.7932982581865,5.499039842323396,5.431260308356283,207.50474957002695,41.50094991400539,0.46499999999999997,6.6875,0.6078431372549019,178.1018382352941,160.2916544117647,130.0,0.25890898728511347,0.3192380762615799,0.024229989919354843,2.0,45000.0,41000.0,86000.0,2654.320987654321,2123.456790123457,33.54101966249685,40.0,2.0,1.0,143653.57439245237,67969.02934053396,211622.60373298632,226.0,451.0,31.0,0.0,51.0,0.0,7.0,3.0,223232.4549100043,111.61622745500216,True,
SRC,8,10,#5,10,19.0,9.5,100.0,#57 stone,130.0,39.7932982581865,5.499039842323396,5.431260308356283,207.50474957002695,41.50094991400539,0.372,6.6875,0.48627450980392156,143.83817647058822,129.4543588235294,130.0,0.3205836426920084,0.3192380762615799,0.03103748739919355,2.0,45000.0,41000.0,86000.0,2654.320987654321,2123.456790123457,33.54101966249685,40.0,2.0,1.0,115018.44968390564,54813.733339140286,169832.18302304592,181.0,361.0,25.0,0.0,51.0,0.0,7.0,3.0,179149.36528611582,89.57468264305791,True,
SRC,8,10,#5,12,19.0,9.5,100.0,#57 stone,130.0,39.7932982581865,5.499039842323396,5.431260308356283,207.50474957002695,41.50094991400539,0.31,6.6875,0.40522875816993464,120.61887254901961,108.55698529411765,130.0,0.3822964482807371,0.3192380762615799,0.037844984879032255,2.0,45000.0,41000.0,86000.0,2654.320987654321,2123.456790123457,33.54101966249685,40.0,2.0,1.0,95928.36654487449,46043.53600487784,141971.90254975233,151.0,301.0,21.0,0.0,51.0,0.0,7.0,3.0,149760.63887019013,74.88031943509506,True,
SRC,8,10,#5,15,19.0,9.5,100.0,#57 stone,130.0,39.7932982581865,5.499039842323396,5.431260308356283,207.50474957002695,41.50094991400539,0.24799999999999997,6.6875,0.32418300653594767,97.09807843137253,87.38827058823527,130.0,0.47490297764964,0.3192380762615799,0.04805623109879032,2.0,45000.0,41000.0,86000.0,2654.320987654321,2123.456790123457,33.54101966249685,40.0,2.0,1.0,76838.28340584334,37273.3386706154,114111.62207645873,121.0,241.0,17.0,0.0,51.0,0.0,7.0,3.0,120371.91245426444,60.18595622713222,True,
SRC,8,10,#5,18,19.0,9.5,100.0,#57 stone,130.0,39.7932982581865,5.499039842323396,5.431260308356283,207.50474957002695,41.50094991400539,0.20666666666666667,6.6875,0.2701525054466231,81.25005446623094,73.12504901960784,130.0,0.567533977349913,0.3192380762615799,0.05826747731854837,2.0,45000.0,41000.0,86000.0,2654.320987654321,2123.456790123457,33.54101966249685,40.0,2.0,1.0,64111.56131315591,32888.24000348417,96999.80131664008,101.0,201.0,15.0,0.0,51.0,0.0,7.0,3.0,102321.31819442795,51.16065909721397,True,
SRC,8,10,#5,24,19.0,9.5,100.0,#57 stone,130.0,39.7932982581865,5.499039842323396,5.431260308356283,207.50474957002695,41.50094991400539,0.155,6.6875,0.20261437908496732,61.2515931372549,55.12643382352941,130.0,0.7528321176526331,0.3192380762615799,0.07868996975806451,2.0,45000.0,41000.0,86000.0,2654.320987654321,2123.456790123457,33.54101966249685,40.0,2.0,1.0,48203.15869729662,24118.042669221726,72321.20136651835,76.0,151.0,11.0,0.0,51.0,0.0,7.0,3.0,76288.82283037595,38.144411415187975,True,
SRC,8,10,#6,6,19.0,9.5,100.0,#57 stone,130.0,39.7932982581865,5.499039842323396,5.431260308356283,207.50474957002695,41.50094991400539,0.88,6.625,1.1503267973856208,319.4313725490196,287.4882352941177,130.0,0.14435703732901428,0.3192380762615799,0.0112541015625,2.0,45000.0,41000.0,86000.0,2654.320987654321,2123.456790123457,40.249223594996224,40.0,2.0,1.0,193564.53868803626,91063.42721142809,284627.9658994643,301.0,601.0,41.0,0.0,51.0,0.0,7.0,3.0,426151.31561058684,213.07565780529342,True,
SRC,8,10,#6,8,19.0,9.5,100.0,#57 stone,130.0,39.7932982581865,5.499039842323396,5.431260308356283,207.50474957002695,41.50094991400539,0.66,6.625,0.8627450980392157,245.2676470588235,220.74088235294118,130.0,0.18800753839358939,0.3192380762615799,0.01600546875,2.0,45000.0,41000.0,86000.0,2654.320987654321,2123.456790123457,40.249223594996224,40.0,2.0,1.0,145294.28927094283,68852.83520864075,214147.12447958358,226.0,451.0,31.0,0.0,51.0,0.0,7.0,3.0,320625.833595821,160.3129167979105,True,
SRC,8,10,#6,10,19.0,9.5,100.0,#57 stone,130.0,39.7932982581865,5.499039842323396,5.431260308356283,207.50474957002695,41.50094991400539,0.528,6.625,0.6901960784313725,198.9472941176471,179.05256470588236,130.0,0.2317808180082548,0.3192380762615799,0.020756835937500002,2.0,45000.0,41000.0,86000.0,2654.320987654321,2123.456790123457,40.249223594996224,40.0,2.0,1.0,116332.13962068676,55526.48000696835,171858.6196276551,181.0,361.0,25.0,0.0,51.0,0.0,7.0,3.0,257310.54438696138,128.6552721934807,True,
SRC,8,10,#6,12,19.0,9.5,100.0,#57 stone,130.0,39.7932982581865,5.499039842323396,5.431260308356283,207.50474957002695,41.50094991400539,0.44,6.625,0.5751633986928104,167.3078431372549,150.57705882352943,130.0,0.2756127011528557,0.3192380762615799,0.025508203125000004,2.0,45000.0,41000.0,86000.0,2654.320987654321,2123.456790123457,40.249223594996224,40.0,2.0,1.0,97024.03985384939,46642.24320585341,143666.2830597028,151.0,301.0,21.0,0.0,51.0,0.0,7.0,3.0,215100.35158105503,107.55017579052752,True,
SRC,8,10,#6,15,19.0,9.5,100.0,#57 stone,130.0,39.7932982581865,5.499039842323396,5.431260308356283,207.50474957002695,41.50094991400539,0.35200000000000004,6.625,0.46013071895424845,135.06101960784315,121.55491764705884,130.0,0.3414172846096248,0.3192380762615799,0.032635253906249995,2.0,45000.0,41000.0,86000.0,2654.320987654321,2123.456790123457,40.249223594996224,40.0,2.0,1.0,77715.94008701202,37758.00640473847,115473.94649175048,121.0,241.0,17.0,0.0,51.0,0.0,7.0,3.0,172890.15877514865,86.44507938757432,True,
SRC,8,10,#6,18,19.0,9.5,100.0,#57 stone,130.0,39.7932982581865,5.499039842323396,5.431260308356283,207.50474957002695,41.50094991400539,0.29333333333333333,6.625,0.38344226579520696,113.22570806100218,101.90313725490196,130.0,0.4072588050963958,0.3192380762615799,0.0397623046875,2.0,45000.0,41000.0,86000.0,2654.320987654321,2123.456790123457,40.249223594996224,40.0,2.0,1.0,64843.87357578709,33315.88800418101,98159.7615799681,101.0,201.0,15.0,0.0,51.0,0.0,7.0,3.0,146966.97636556334,73.48348818278167,True,
SRC,8,10,#6,24,19.0,9.5,100.0,#57 stone,130.0,39.7932982581865,5.499039842323396,5.431260308356283,207.50474957002695,41.50094991400539,0.22,6.625,0.2875816993464052,85.55196078431372,76.99676470588236,130.0,0.5389960223982608,0.3192380762615799,0.05401640625,2.0,45000.0,41000.0,86000.0,2654.320987654321,2123.456790123457,40.249223594996224,40.0,2.0,1.0,48753.79043675594,24431.651203066074,73185.441639822,76.0,151.0,11.0,0.0,51.0,0.0,7.0,3.0,109574.86956628907,54.78743478314453,True,
SRC,8,12,#3,6,19.0,9.5,100.0,#57 stone,130.0,45.62426399858746,5.499039842323396,5.77022359949313,149.09586238854,42.939608367899524,0.22,8.8125,0.2875816993464052,114.42696078431374,102.98426470588237,187.2,0.41695309949080844,0.22937824982852312,0.07284257812500002,2.0,45000.0,41000.0,86000.0,3185.185185185185,2123.456790123457,20.124611797498112,40.0,2.0,1.0,187007.26934401813,87556.71360571406,274563.9829497322,301.0,601.0,41.0,0.0,51.0,0.0,7.0,3.0,102770.82417354561,51.3854120867728,True,
SRC,8,12,#3,8,19.0,9.5,100.0,#57 stone,130.0,45.62426399858746,5.499039842323396,5.77022359949313,149.09586238854,42.939608367899524,0.165,8.8125,0.21568627450980393,86.17610294117648,77.55849264705883,187.2,0.553641605224362,0.22937824982852312,0.09812343749999998,2.0,45000.0,41000.0,86000.0,3185.185185185185,2123.456790123457,20.124611797498112,40.0,2.0,1.0,140372.1446354714,66201.41760432038,206573.5622397918,226.0,451.0,31.0,0.0,51.0,0.0,7.0,3.0,77321.63197725541,38.660815988627704,True,
SRC,8,12,#3,10,19.0,9.5,100.0,#57 stone,130.0,45.62426399858746,5.499039842323396,5.77022359949313,149.09586238854,42.939608367899524,0.132,8.8125,0.17254901960784313,69.11170588235294,62.20053529411764,187.2,0.6903414603243834,0.22937824982852312,0.123404296875,2.0,45000.0,41000.0,86000.0,3185.185185185185,2123.456790123457,20.124611797498112,40.0,2.0,1.0,112391.06981034338,53388.24000348418,165779.30981382757,181.0,361.0,25.0,0.0,51.0,0.0,7.0,3.0,62052.1166594813,31.02605832974065,True,
SRC,8,12,#3,12,19.0,9.5,100.0,#57 stone,130.0,45.62426399858746,5.499039842323396,5.77022359949313,149.09586238854,42.939608367899524,0.11,8.8125,0.1437908496732026,57.68799019607843,51.9191911764706,187.2,0.827046943430803,0.22937824982852312,0.14868515625,2.0,45000.0,41000.0,86000.0,3185.185185185185,2123.456790123457,20.124611797498112,40.0,2.0,1.0,93737.0199269247,44846.12160292671,138583.14152985142,151.0,301.0,21.0,0.0,51.0,0.0,7.0,3.0,51872.43978096522,25.93621989048261,True,
SRC,8,12,#4,6,19.0,9.5,100.0,#57 stone,130.0,45.62426399858746,5.499039842323396,5.77022359949313,149.09586238854,42.939608367899524,0.4000000000000001,8.75,0.5228758169934641,203.72549019607843,183.3529411764706,187.2,0.2341909984774757,0.22937824982852312,0.038417578125,2.0,45000.0,41000.0,86000.0,3185.185185185185,2123.456790123457,26.83281572999748,40.0,2.0,1.0,189193.02579202416,88725.61814095205,277918.6439329762,301.0,601.0,41.0,0.0,51.0,0.0,7.0,3.0,189139.07712105327,94.56953856052664,True,
SRC,8,12,#4,8,19.0,9.5,100.0,#57 stone,130.0,45.62426399858746,5.499039842323396,5.77022359949313,149.09586238854,42.939608367899524,0.30000000000000004,8.75,0.39215686274509814,153.97058823529414,138.57352941176475,187.2,0.3098687646203085,0.22937824982852312,0.05222343749999999,2.0,45000.0,41000.0,86000.0,3185.185185185185,2123.456790123457,26.83281572999748,40.0,2.0,1.0,142012.85951396188,67085.22347242717,209098.08298638905,226.0,451.0,31.0,0.0,51.0,0.0,7.0,3.0,142302.86203240367,71.15143101620184,True,
SRC,8,12,#4,10,19.0,9.5,100.0,#57 stone,130.0,45.62426399858746,5.499039842323396,5.77022359949313,149.09586238854,42.939608367899524,0.24000000000000005,8.75,0.31372549019607854,123.74117647058829,111.36705882352946,187.2,0.38556830737481335,0.22937824982852312,0.06602929687499998,2.0,45000.0,41000.0,86000.0,3185.185185185185,2123.456790123457,26.83281572999748,40.0,2.0,1.0,113704.75974712451,54100.986671312225,167805.74641843673,181.0,361.0,25.0,0.0,51.0,0.0,7.0,3.0,114201.13297921389,57.10056648960694,True,
SRC,8,12,#4,12,19.0,9.5,100.0,#57 stone,130.0,45.62426399858746,5.499039842323396,5.77022359949313,149.09586238854,42.939608367899524,0.20000000000000004,8.75,0.26143790849673204,103.43137254901963,93.08823529411767,187.2,0.46127857330444977,0.22937824982852312,0.07983515624999998,2.0,45000.0,41000.0,86000.0,3185.185185185185,2123.456790123457,26.83281572999748,40.0,2.0,1.0,94832.69323589958,45444.828803902274,140277.52203980187,151.0,301.0,21.0,0.0,51.0,0.0,7.0,3.0,95466.64694375407,47.733323471877036,True,
SRC,8,12,#4,15,19.0,9.5,100.0,#57 stone,130.0,45.62426399858746,5.499039842323396,5.77022359949313,149.09586238854,42.939608367899524,0.16000000000000003,8.75,0.20915032679738566,82.99607843137258,74.69647058823531,187.2,0.5748545818798366,0.22937824982852312,0.1005439453125,2.0,45000.0,41000.0,86000.0,3185.185185185185,2123.456790123457,26.83281572999748,40.0,2.0,1.0,75960.62672467467,36788.670936492315,112749.29766116699,121.0,241.0,17.0,0.0,51.0,0.0,7.0,3.0,76732.16090829422,38.36608045414711,True,
SRC,8,12,#4,18,19.0,9.5,100.0,#57 stone,130.0,45.62426399858746,5.499039842323396,5.77022359949313,149.09586238854,42.939608367899524,0.13333333333333336,8.75,0.1742919389978214,69.30283224400873,62.37254901960785,187.2,0.6884376066529001,0.22937824982852312,0.12125273437499998,2.0,45000.0,41000.0,86000.0,3185.185185185185,2123.456790123457,26.83281572999748,40.0,2.0,1.0,63379.249050524726,32460.592002787336,95839.84105331206,101.0,201.0,15.0,0.0,51.0,0.0,7.0,3.0,65224.33627239294,32.612168136196466,True,
SRC,8,12,#4,24,19.0,9.5,100.0,#57 stone,130.0,45.62426399858746,5.499039842323396,5.77022359949313,149.09586238854,42.939608367899524,0.10000000000000002,8.75,0.13071895424836602,52.10784313725491,46.89705882352942,187.2,0.9156141012910527,0.22937824982852312,0.1626703125,2.0,45000.0,41000.0,86000.0,3185.185185185185,2123.456790123457,26.83281572999748,40.0,2.0,1.0,47652.5269578373,23804.43413537738,71456.96109321468,76.0,151.0,11.0,0.0,51.0,0.0,7.0,3.0,48630.431855104434,24.315215927552217,True,
SRC,8,12,#5,6,19.0,9.5,100.0,#57 stone,130.0,45.62426399858746,5.499039842323396,5.77022359949313,149.09586238854,42.939608367899524,0.62,8.6875,0.8104575163398693,308.10049019607845,277.2904411764706,187.2,0.154854268274514,0.22937824982852312,0.02353015372983871,2.0,45000.0,41000.0,86000.0,3185.185185185185,2123.456790123457,33.54101966249685,40.0,2.0,1.0,191378.78224003024,89894.52267619007,281273.3049162203,301.0,601.0,41.0,0.0,51.0,0.0,7.0,3.0,296704.27094981854,148.35213547490926,True,
SRC,8,12,#5,8,19.0,9.5,100.0,#57 stone,130.0,45.62426399858746,5.499039842323396,5.77022359949313,149.09586238854,42.939608367899524,0.46499999999999997,8.6875,0.6078431372549019,233.90183823529406,210.51165441176468,187.2,0.2039773450447967,0.22937824982852312,0.032373538306451614,2.0,45000.0,41000.0,86000.0,3185.185185185185,2123.456790123457,33.54101966249685,40.0,2.0,1.0,143653.57439245237,67969.02934053396,211622.60373298632,226.0,451.0,31.0,0.0,51.0,0.0,7.0,3.0,223232.4549100043,111.61622745500216,True,
SRC,8,12,#5,10,19.0,9.5,100.0,#57 stone,130.0,45.62426399858746,5.499039842323396,5.77022359949313,149.09586238854,42.939608367899524,0.372,8.6875,0.48627450980392156,188.47817647058827,169.63035882352943,187.2,0.2531363410754241,0.22937824982852312,0.04121692288306452,2.0,45000.0,41000.0,86000.0,3185.185185185185,2123.456790123457,33.54101966249685,40.0,2.0,1.0,115018.44968390564,54813.733339140286,169832.18302304592,181.0,361.0,25.0,0.0,51.0,0.0,7.0,3.0,179149.36528611582,89.57468264305791,True,
SRC,8,12,#5,12,19.0,9.5,100.0,#57 stone,130.0,45.62426399858746,5.499039842323396,5.77022359949313,149.09586238854,42.939608367899524,0.31,8.6875,0.40522875816993464,157.8188725490196,142.03698529411764,187.2,0.3023128678701817,0.22937824982852312,0.05006030745967741,2.0,45000.0,41000.0,86000.0,3185.185185185185,2123.456790123457,33.54101966249685,40.0,2.0,1.0,95928.36654487449,46043.53600487784,141971.90254975233,151.0,301.0,21.0,0.0,51.0,0.0,7.0,3.0,149760.63887019013,74.88031943509506,True,
SRC,8,12,#5,15,19.0,9.5,100.0,#57 stone,130.0,45.62426399858746,5.499039842323396,5.77022359949313,149.09586238854,42.939608367899524,0.24799999999999997,8.6875,0.32418300653594767,126.85807843137255,114.17227058823529,187.2,0.37609489718183964,0.22937824982852312,0.06332538432459678,2.0,45000.0,41000.0,86000.0,3185.185185185185,2123.456790123457,33.54101966249685,40.0,2.0,1.0,76838.28340584334,37273.3386706154,114111.62207645873,121.0,241.0,17.0,0.0,51.0,0.0,7.0,3.0,120371.91245426444,60.18595622713222,True,
SRC,8,12,#5,18,19.0,9.5,100.0,#57 stone,130.0,45.62426399858746,5.499039842323396,5.77022359949313,149.09586238854,42.939608367899524,0.20666666666666667,8.6875,0.2701525054466231,106.05005446623093,95.44504901960784,187.2,0.4498882740274793,0.22937824982852312,0.07659046118951612,2.0,45000.0,41000.0,86000.0,3185.185185185185,2123.456790123457,33.54101966249685,40.0,2.0,1.0,64111.56131315591,32888.24000348417,96999.80131664008,101.0,201.0,15.0,0.0,51.0,0.0,7.0,3.0,102321.31819442795,51.16065909721397,True,
SRC,8,12,#5,24,19.0,9.5,100.0,#57 stone,130.0,45.62426399858746,5.499039842323396,5.77022359949313,149.09586238854,42.939608367899524,0.155,8.6875,0.20261437908496732,79.85159313725491,71.86643382352943,187.2,0.5974918481879767,0.22937824982852312,0.10312061491935483,2.0,45000.0,41000.0,86000.0,3185.185185185185,2123.456790123457,33.54101966249685,40.0,2.0,1.0,48203.15869729662,24118.042669221726,72321.20136651835,76.0,151.0,11.0,0.0,51.0,0.0,7.0,3.0,76288.82283037595,38.144411415187975,True,
SRC,8,12,#6,6,19.0,9.5,100.0,#57 stone,130.0,45.62426399858746,5.499039842323396,5.77022359949313,149.09586238854,42.939608367899524,0.88,8.625,1.1503267973856208,425.03137254901964,382.52823529411774,187.2,0.11225212783282307,0.22937824982852312,0.015557226562500004,2.0,45000.0,41000.0,86000.0,3185.185185185185,2123.456790123457,40.249223594996224,40.0,2.0,1.0,193564.53868803626,91063.42721142809,284627.9658994643,301.0,601.0,41.0,0.0,51.0,0.0,7.0,3.0,426151.31561058684,213.07565780529342,True,
SRC,8,12,#6,8,19.0,9.5,100.0,#57 stone,130.0,45.62426399858746,5.499039842323396,5.77022359949313,149.09586238854,42.939608367899524,0.66,8.625,0.8627450980392157,324.4676470588235,292.02088235294116,187.2,0.1470429375526714,0.22937824982852312,0.021742968749999998,2.0,45000.0,41000.0,86000.0,3185.185185185185,2123.456790123457,40.249223594996224,40.0,2.0,1.0,145294.28927094283,68852.83520864075,214147.12447958358,226.0,451.0,31.0,0.0,51.0,0.0,7.0,3.0,320625.833595821,160.3129167979105,True,
SRC,8,12,#6,10,19.0,9.5,100.0,#57 stone,130.0,45.62426399858746,5.499039842323396,5.77022359949313,149.09586238854,42.939608367899524,0.528,8.625,0.6901960784313725,262.3072941176471,236.07656470588233,187.2,0.18188848360020884,0.22937824982852312,0.0279287109375,2.0,45000.0,41000.0,86000.0,3185.185185185185,2123.456790123457,40.249223594996224,40.0,2.0,1.0,116332.13962068676,55526.48000696835,171858.6196276551,181.0,361.0,25.0,0.0,51.0,0.0,7.0,3.0,257310.54438696138,128.6552721934807,True,
SRC,8,12,#6,12,19.0,9.5,100.0,#57 stone,130.0,45.62426399858746,5.499039842323396,5.77022359949313,149.09586238854,42.939608367899524,0.44,8.625,0.5751633986928104,220.1078431372549,198.0970588235294,187.2,0.21676045380437156,0.22937824982852312,0.034114453125000006,2.0,45000.0,41000.0,86000.0,3185.185185185185,2123.456790123457,40.249223594996224,40.0,2.0,1.0,97024.03985384939,46642.24320585341,143666.2830597028,151.0,301.0,21.0,0.0,51.0,0.0,7.0,3.0,215100.35158105503,107.55017579052752,True,
SRC,8,12,#6,15,19.0,9.5,100.0,#57 stone,130.0,45.62426399858746,5.499039842323396,5.77022359949313,149.09586238854,42.939608367899524,0.35200000000000004,8.625,0.46013071895424845,177.3010196078432,159.57091764705888,187.2,0.2690941996264879,0.22937824982852312,0.043393066406249986,2.0,45000.0,41000.0,86000.0,3185.185185185185,2123.456790123457,40.249223594996224,40.0,2.0,1.0,77715.94008701202,37758.00640473847,115473.94649175048,121.0,241.0,17.0,0.0,51.0,0.0,7.0,3.0,172890.15877514865,86.44507938757432,True,
SRC,8,12,#6,18,19.0,9.5,100.0,#57 stone,130.0,45.62426399858746,5.499039842323396,5.77022359949313,149.09586238854,42.939608367899524,0.29333333333333333,8.625,0.38344226579520696,148.42570806100215,133.58313725490197,187.2,0.3214448264226839,0.22937824982852312,0.0526716796875,2.0,45000.0,41000.0,86000.0,3185.185185185185,2123.456790123457,40.249223594996224,40.0,2.0,1.0,64843.87357578709,33315.88800418101,98159.7615799681,101.0,201.0,15.0,0.0,51.0,0.0,7.0,3.0,146966.97636556334,73.48348818278167,True,
SRC,8,12,#6,24,19.0,9.5,100.0,#57 stone,130.0,45.62426399858746,5.499039842323396,5.77022359949313,149.09586238854,42.939608367899524,0.22,8.625,0.2875816993464052,111.95196078431374,100.75676470588236,187.2,0.42617097217486016,0.22937824982852312,0.07122890625000002,2.0,45000.0,41000.0,86000.0,3185.185185185185,2123.456790123457,40.249223594996224,40.0,2.0,1.0,48753.79043675594,24431.651203066074,73185.441639822,76.0,151.0,11.0,0.0,51.0,0.0,7.0,3.0,109574.86956628907,54.78743478314453,True,
SRC,10,6,#4,6,19.0,9.5,100.0,#57 stone,140.0,26.630370211515178,5.499039842323396,5.136027579968186,485.7391357571253,34.973217774513024,0.4000000000000001,2.75,0.5228758169934641,59.72549019607844,53.75294117647059,46.8,0.6506289146057358,0.7472909780878851,0.010016953124999999,2.0,45000.0,41000.0,86000.0,1592.5925925925926,2654.320987654321,26.83281572999748,40.0,2.0,1.0,189193.02579202416,88725.61814095205,277918.6439329762,301.0,601.0,41.0,0.0,51.0,0.0,7.0,3.0,189139.07712105327,94.56953856052664,True,
SRC,10,6,#4,8,19.0,9.5,100.0,#57 stone,140.0,26.630370211515178,5.499039842323396,5.136027579968186,485.7391357571253,34.973217774513024,0.30000000000000004,2.75,0.39215686274509814,45.97058823529412,41.373529411764714,46.8,0.8453041901851444,0.7472909780878851,0.014355937499999997,2.0,45000.0,41000.0,86000.0,1592.5925925925926,2654.320987654321,26.83281572999748,40.0,2.0,1.0,142012.85951396188,67085.22347242717,209098.08298638905,226.0,451.0,31.0,0.0,51.0,0.0,7.0,3.0,142302.86203240367,71.15143101620184,True,
SRC,10,6,#5,6,19.0,9.5,100.0,#57 stone,140.0,26.630370211515178,5.499039842323396,5.136027579968186,485.7391357571253,34.973217774513024,0.62,2.6875,0.8104575163398693,84.90049019607844,76.41044117647058,46.8,0.45770207887875,0.7472909780878851,0.005207169858870968,2.0,45000.0,41000.0,86000.0,1592.5925925925926,2654.320987654321,33.54101966249685,40.0,2.0,1.0,191378.78224003024,89894.52267619007,281273.3049162203,301.0,601.0,41.0,0.0,51.0,0.0,7.0,3.0,296704.27094981854,148.35213547490926,True,
SRC,10,6,#5,8,19.0,9.5,100.0,#57 stone,140.0,26.630370211515178,5.499039842323396,5.136027579968186,485.7391357571253,34.973217774513024,0.46499999999999997,2.6875,0.6078431372549019,66.50183823529412,59.8516544117647,46.8,0.5843316800218398,0.7472909780878851,0.007942893145161292,2.0,45000.0,41000.0,86000.0,1592.5925925925926,2654.320987654321,33.54101966249685,40.0,2.0,1.0,143653.57439245237,67969.02934053396,211622.60373298632,226.0,451.0,31.0,0.0,51.0,0.0,7.0,3.0,223232.4549100043,111.61622745500216,True,
SRC,10,6,#5,10,19.0,9.5,100.0,#57 stone,140.0,26.630370211515178,5.499039842323396,5.136027579968186,485.7391357571253,34.973217774513024,0.372,2.6875,0.48627450980392156,54.558176470588236,49.102358823529414,46.8,0.7122512769743796,0.7472909780878851,0.010678616431451614,2.0,45000.0,41000.0,86000.0,1592.5925925925926,2654.320987654321,33.54101966249685,40.0,2.0,1.0,115018.44968390564,54813.733339140286,169832.18302304592,181.0,361.0,25.0,0.0,51.0,0.0,7.0,3.0,179149.36528611582,89.57468264305791,True,
SRC,10,6,#5,12,19.0,9.5,100.0,#57 stone,140.0,26.630370211515178,5.499039842323396,5.136027579968186,485.7391357571253,34.973217774513024,0.31,2.6875,0.40522875816993464,46.2188725490196,41.596985294117644,46.8,0.8407632795316706,0.7472909780878851,0.013414339717741934,2.0,45000.0,41000.0,86000.0,1592.5925925925926,2654.320987654321,33.54101966249685,40.0,2.0,1.0,95928.36654487449,46043.53600487784,141971.90254975233,151.0,301.0,21.0,0.0,51.0,0.0,7.0,3.0,149760.63887019013,74.88031943509506,True,
SRC,10,6,#6,6,19.0,9.5,100.0,#57 stone,140.0,26.630370211515178,5.499039842323396,5.136027579968186,485.7391357571253,34.973217774513024,0.88,2.625,1.1503267973856208,108.23137254901962,97.40823529411766,46.8,0.3590375872113249,0.7472909780878851,0.0026478515625000007,2.0,45000.0,41000.0,86000.0,1592.5925925925926,2654.320987654321,40.249223594996224,40.0,2.0,1.0,193564.53868803626,91063.42721142809,284627.9658994643,301.0,601.0,41.0,0.0,51.0,0.0,7.0,3.0,426151.31561058684,213.07565780529342,True,Section may not be tension-controlled; phi = 0.90 should be reviewed.
SRC,10,6,#6,8,19.0,9.5,100.0,#57 stone,140.0,26.630370211515178,5.499039842323396,5.136027579968186,485.7391357571253,34.973217774513024,0.66,2.625,0.8627450980392157,86.86764705882352,78.18088235294117,46.8,0.4473372098389643,0.7472909780878851,0.00453046875,2.0,45000.0,41000.0,86000.0,1592.5925925925926,2654.320987654321,40.249223594996224,40.0,2.0,1.0,145294.28927094283,68852.83520864075,214147.12447958358,226.0,451.0,31.0,0.0,51.0,0.0,7.0,3.0,320625.833595821,160.3129167979105,True,Section may not be tension-controlled; phi = 0.90 should be reviewed.
SRC,10,6,#6,10,19.0,9.5,100.0,#57 stone,140.0,26.630370211515178,5.499039842323396,5.136027579968186,485.7391357571253,34.973217774513024,0.528,2.625,0.6901960784313725,72.22729411764705,65.00456470588234,46.8,0.5380117216806507,0.7472909780878851,0.0064130859375,2.0,45000.0,41000.0,86000.0,1592.5925925925926,2654.320987654321,40.249223594996224,40.0,2.0,1.0,116332.13962068676,55526.48000696835,171858.6196276551,181.0,361.0,25.0,0.0,51.0,0.0,7.0,3.0,257310.54438696138,128.6552721934807,True,
SRC,10,6,#6,12,19.0,9.5,100.0,#57 stone,140.0,26.630370211515178,5.499039842323396,5.136027579968186,485.7391357571253,34.973217774513024,0.44,2.625,0.5751633986928104,61.707843137254905,55.537058823529414,46.8,0.6297275821833025,0.7472909780878851,0.008295703125000001,2.0,45000.0,41000.0,86000.0,1592.5925925925926,2654.320987654321,40.249223594996224,40.0,2.0,1.0,97024.03985384939,46642.24320585341,143666.2830597028,151.0,301.0,21.0,0.0,51.0,0.0,7.0,3.0,215100.35158105503,107.55017579052752,True,
SRC,10,6,#6,15,19.0,9.5,100.0,#57 stone,140.0,26.630370211515178,5.499039842323396,5.136027579968186,485.7391357571253,34.973217774513024,0.35200000000000004,2.625,0.46013071895424845,50.581019607843146,45.52291764705883,46.8,0.7682551906198524,0.7472909780878851,0.011119628906249995,2.0,45000.0,41000.0,86000.0,1592.5925925925926,2654.320987654321,40.249223594996224,40.0,2.0,1.0,77715.94008701202,37758.00640473847,115473.94649175048,121.0,241.0,17.0,0.0,51.0,0.0,7.0,3.0,172890.15877514865,86.44507938757432,True,
SRC,10,6,#6,18,19.0,9.5,100.0,#57 stone,140.0,26.630370211515178,5.499039842323396,5.136027579968186,485.7391357571253,34.973217774513024,0.29333333333333333,2.625,0.38344226579520696,42.82570806100218,38.543137254901964,46.8,0.9073785961744743,0.7472909780878851,0.013943554687499998,2.0,45000.0,41000.0,86000.0,1592.5925925925926,2654.320987654321,40.249223594996224,40.0,2.0,1.0,64843.87357578709,33315.88800418101,98159.7615799681,101.0,201.0,15.0,0.0,51.0,0.0,7.0,3.0,146966.97636556334,73.48348818278167,True,
SRC,10,8,#3,6,19.0,9.5,100.0,#57 stone,140.0,33.04313589136511,5.499039842323396,5.201089693986001,303.195774107541,38.80905908576525,0.22,4.8125,0.2875816993464052,61.62696078431372,55.46426470588235,83.2,0.6997128564051673,0.4664550370885246,0.038417578125,2.0,45000.0,41000.0,86000.0,2123.456790123457,2654.320987654321,20.124611797498112,40.0,2.0,1.0,187007.26934401813,87556.71360571406,274563.9829497322,301.0,601.0,41.0,0.0,51.0,0.0,7.0,3.0,102770.82417354561,51.3854120867728,True,
SRC,10,8,#3,8,19.0,9.5,100.0,#57 stone,140.0,33.04313589136511,5.499039842323396,5.201089693986001,303.195774107541,38.80905908576525,0.165,4.8125,0.21568627450980393,46.57610294117647,41.918492647058834,83.2,0.9258219137917462,0.4664550370885246,0.052223437500000004,2.0,45000.0,41000.0,86000.0,2123.456790123457,2654.320987654321,20.124611797498112,40.0,2.0,1.0,140372.1446354714,66201.41760432038,206573.5622397918,226.0,451.0,31.0,0.0,51.0,0.0,7.0,3.0,77321.63197725541,38.660815988627704,True,
SRC,10,8,#4,6,19.0,9.5,100.0,#57 stone,140.0,33.04313589136511,5.499039842323396,5.201089693986001,303.195774107541,38.80905908576525,0.4000000000000001,4.75,0.5228758169934641,107.72549019607845,96.9529411764706,83.2,0.4002875891627285,0.4664550370885246,0.019483828124999998,2.0,45000.0,41000.0,86000.0,2123.456790123457,2654.320987654321,26.83281572999748,40.0,2.0,1.0,189193.02579202416,88725.61814095205,277918.6439329762,301.0,601.0,41.0,0.0,51.0,0.0,7.0,3.0,189139.07712105327,94.56953856052664,True,
SRC,10,8,#4,8,19.0,9.5,100.0,#57 stone,140.0,33.04313589136511,5.499039842323396,5.201089693986001,303.195774107541,38.80905908576525,0.30000000000000004,4.75,0.39215686274509814,81.97058823529413,73.77352941176471,83.2,0.5260566953378856,0.4664550370885246,0.02697843749999999,2.0,45000.0,41000.0,86000.0,2123.456790123457,2654.320987654321,26.83281572999748,40.0,2.0,1.0,142012.85951396188,67085.22347242717,209098.08298638905,226.0,451.0,31.0,0.0,51.0,0.0,7.0,3.0,142302.86203240367,71.15143101620184,True,
SRC,10,8,#4,10,19.0,9.5,100.0,#57 stone,140.0,33.04313589136511,5.499039842323396,5.201089693986001,303.195774107541,38.80905908576525,0.24000000000000005,4.75,0.31372549019607854,66.14117647058825,59.52705882352943,83.2,0.6519566034803836,0.4664550370885246,0.03447304687499999,2.0,45000.0,41000.0,86000.0,2123.456790123457,2654.320987654321,26.83281572999748,40.0,2.0,1.0,113704.75974712451,54100.986671312225,167805.74641843673,181.0,361.0,25.0,0.0,51.0,0.0,7.0,3.0,114201.13297921389,57.10056648960694,True,
SRC,10,8,#4,12,19.0,9.5,100.0,#57 stone,140.0,33.04313589136511,5.499039842323396,5.201089693986001,303.195774107541,38.80905908576525,0.20000000000000004,4.75,0.26143790849673204,55.431372549019606,49.88823529411765,83.2,0.7779200618535659,0.4664550370885246,0.04196765625,2.0,45000.0,41000.0,86000.0,2123.456790123457,2654.320987654321,26.83281572999748,40.0,2.0,1.0,94832.69323589958,45444.828803902274,140277.52203980187,151.0,301.0,21.0,0.0,51.0,0.0,7.0,3.0,95466.64694375407,47.733323471877036,True,
SRC,10,8,#4,15,19.0,9.5,100.0,#57 stone,140.0,33.04313589136511,5.499039842323396,5.201089693986001,303.195774107541,38.80905908576525,0.16000000000000003,4.75,0.20915032679738566,44.59607843137256,40.136470588235305,83.2,0.966927547863186,0.4664550370885246,0.05320957031249999,2.0,45000.0,41000.0,86000.0,2123.456790123457,2654.320987654321,26.83281572999748,40.0,2.0,1.0,75960.62672467467,36788.670936492315,112749.29766116699,121.0,241.0,17.0,0.0,51.0,0.0,7.0,3.0,76732.16090829422,38.36608045414711,True,
SRC,10,8,#5,6,19.0,9.5,100.0,#57 stone,140.0,33.04313589136511,5.499039842323396,5.201089693986001,303.195774107541,38.80905908576525,0.62,4.6875,0.8104575163398693,159.3004901960784,143.37044117647056,83.2,0.2706907976798111,0.4664550370885246,0.011314831149193547,2.0,45000.0,41000.0,86000.0,2123.456790123457,2654.320987654321,33.54101966249685,40.0,2.0,1.0,191378.78224003024,89894.52267619007,281273.3049162203,301.0,601.0,41.0,0.0,51.0,0.0,7.0,3.0,296704.27094981854,148.35213547490926,True,
SRC,10,8,#5,8,19.0,9.5,100.0,#57 stone,140.0,33.04313589136511,5.499039842323396,5.201089693986001,303.195774107541,38.80905908576525,0.46499999999999997,4.6875,0.6078431372549019,122.30183823529411,110.0716544117647,83.2,0.3525799561491578,0.4664550370885246,0.016086441532258064,2.0,45000.0,41000.0,86000.0,2123.456790123457,2654.320987654321,33.54101966249685,40.0,2.0,1.0,143653.57439245237,67969.02934053396,211622.60373298632,226.0,451.0,31.0,0.0,51.0,0.0,7.0,3.0,223232.4549100043,111.61622745500216,True,
SRC,10,8,#5,10,19.0,9.5,100.0,#57 stone,140.0,33.04313589136511,5.499039842323396,5.201089693986001,303.195774107541,38.80905908576525,0.372,4.6875,0.48627450980392156,99.19817647058824,89.27835882352942,83.2,0.4346972726332988,0.4664550370885246,0.02085805191532258,2.0,45000.0,41000.0,86000.0,2123.456790123457,2654.320987654321,33.54101966249685,40.0,2.0,1.0,115018.44968390564,54813.733339140286,169832.18302304592,181.0,361.0,25.0,0.0,51.0,0.0,7.0,3.0,179149.36528611582,89.57468264305791,True,
SRC,10,8,#5,12,19.0,9.5,100.0,#57 stone,140.0,33.04313589136511,5.499039842323396,5.201089693986001,303.195774107541,38.80905908576525,0.31,4.6875,0.40522875816993464,83.41887254901961,75.07698529411765,83.2,0.5169235143596792,0.4664550370885246,0.02562966229838709,2.0,45000.0,41000.0,86000.0,2123.456790123457,2654.320987654321,33.54101966249685,40.0,2.0,1.0,95928.36654487449,46043.53600487784,141971.90254975233,151.0,301.0,21.0,0.0,51.0,0.0,7.0,3.0,149760.63887019013,74.88031943509506,True,
SRC,10,8,#5,15,19.0,9.5,100.0,#57 stone,140.0,33.04313589136511,5.499039842323396,5.201089693986001,303.195774107541,38.80905908576525,0.24799999999999997,4.6875,0.32418300653594767,67.33807843137254,60.60427058823528,83.2,0.6403683883838213,0.4664550370885246,0.03278707787298387,2.0,45000.0,41000.0,86000.0,2123.456790123457,2654.320987654321,33.54101966249685,40.0,2.0,1.0,76838.28340584334,37273.3386706154,114111.62207645873,121.0,241.0,17.0,0.0,51.0,0.0,7.0,3.0,120371.91245426444,60.18595622713222,True,
SRC,10,8,#5,18,19.0,9.5,100.0,#57 stone,140.0,33.04313589136511,5.499039842323396,5.201089693986001,303.195774107541,38.80905908576525,0.20666666666666667,4.6875,0.2701525054466231,56.45005446623094,50.80504901960784,83.2,0.7638819336792131,0.4664550370885246,0.03994449344758064,2.0,45000.0,41000.0,86000.0,2123.456790123457,2654.320987654321,33.54101966249685,40.0,2.0,1.0,64111.56131315591,32888.24000348417,96999.80131664008,101.0,201.0,15.0,0.0,51.0,0.0,7.0,3.0,102321.31819442795,51.16065909721397,True,
SRC,10,8,#6,6,19.0,9.5,100.0,#57 stone,140.0,33.04313589136511,5.499039842323396,5.201089693986001,303.195774107541,38.80905908576525,0.88,4.625,1.1503267973856208,213.83137254901962,192.44823529411764,83.2,0.20165972957067424,0.4664550370885246,0.006950976562500001,2.0,45000.0,41000.0,86000.0,2123.456790123457,2654.320987654321,40.249223594996224,40.0,2.0,1.0,193564.53868803626,91063.42721142809,284627.9658994643,301.0,601.0,41.0,0.0,51.0,0.0,7.0,3.0,426151.31561058684,213.07565780529342,True,
SRC,10,8,#6,8,19.0,9.5,100.0,#57 stone,140.0,33.04313589136511,5.499039842323396,5.201089693986001,303.195774107541,38.80905908576525,0.66,4.625,0.8627450980392157,166.06764705882352,149.46088235294118,83.2,0.25966031027516906,0.4664550370885246,0.010267968749999998,2.0,45000.0,41000.0,86000.0,2123.456790123457,2654.320987654321,40.249223594996224,40.0,2.0,1.0,145294.28927094283,68852.83520864075,214147.12447958358,226.0,451.0,31.0,0.0,51.0,0.0,7.0,3.0,320625.833595821,160.3129167979105,True,
SRC,10,8,#6,10,19.0,9.5,100.0,#57 stone,140.0,33.04313589136511,5.499039842323396,5.201089693986001,303.195774107541,38.80905908576525,0.528,4.625,0.6901960784313725,135.58729411764708,122.02856470588236,83.2,0.31803257851392613,0.4664550370885246,0.013584960937499998,2.0,45000.0,41000.0,86000.0,2123.456790123457,2654.320987654321,40.249223594996224,40.0,2.0,1.0,116332.13962068676,55526.48000696835,171858.6196276551,181.0,361.0,25.0,0.0,51.0,0.0,7.0,3.0,257310.54438696138,128.6552721934807,True,
SRC,10,8,#6,12,19.0,9.5,100.0,#57 stone,140.0,33.04313589136511,5.499039842323396,5.201089693986001,303.195774107541,38.80905908576525,0.44,4.625,0.5751633986928104,114.50784313725491,103.05705882352943,83.2,0.37657836861248145,0.4664550370885246,0.016901953125,2.0,45000.0,41000.0,86000.0,2123.456790123457,2654.320987654321,40.249223594996224,40.0,2.0,1.0,97024.03985384939,46642.24320585341,143666.2830597028,151.0,301.0,21.0,0.0,51.0,0.0,7.0,3.0,215100.35158105503,107.55017579052752,True,
SRC,10,8,#6,15,19.0,9.5,100.0,#57 stone,140.0,33.04313589136511,5.499039842323396,5.201089693986001,303.195774107541,38.80905908576525,0.35200000000000004,4.625,0.46013071895424845,92.82101960784314,83.53891764705882,83.2,0.464562627561546,0.4664550370885246,0.021877441406249993,2.0,45000.0,41000.0,86000.0,2123.456790123457,2654.320987654321,40.249223594996224,40.0,2.0,1.0,77715.94008701202,37758.00640473847,115473.94649175048,121.0,241.0,17.0,0.0,51.0,0.0,7.0,3.0,172890.15877514865,86.44507938757432,True,
SRC,10,8,#6,18,19.0,9.5,100.0,#57 stone,140.0,33.04313589136511,5.499039842323396,5.201089693986001,303.195774107541,38.80905908576525,0.29333333333333333,4.625,0.38344226579520696,78.02570806100218,70.22313725490196,83.2,0.5526534501711708,0.4664550370885246,0.0268529296875,2.0,45000.0,41000.0,86000.0,2123.456790123457,2654.320987654321,40.249223594996224,40.0,2.0,1.0,64843.87357578709,33315.88800418101,98159.7615799681,101.0,201.0,15.0,0.0,51.0,0.0,7.0,3.0,146966.97636556334,73.48348818278167,True,
SRC,10,8,#6,24,19.0,9.5,100.0,#57 stone,140.0,33.04313589136511,5.499039842323396,5.201089693986001,303.195774107541,38.80905908576525,0.22,4.625,0.2875816993464052,59.15196078431372,53.23676470588235,83.2,0.7289898118372523,0.4664550370885246,0.036803906250000004,2.0,45000.0,41000.0,86000.0,2123.456790123457,2654.320987654321,40.249223594996224,40.0,2.0,1.0,48753.79043675594,24431.651203066074,73185.441639822,76.0,151.0,11.0,0.0,51.0,0.0,7.0,3.0,109574.86956628907,54.78743478314453,True,
SRC,10,10,#3,6,19.0,9.5,100.0,#57 stone,140.0,39.06283563051279,5.499039842323396,5.431260308356283,205.755833875625,41.151166775125,0.22,6.8125,0.2875816993464052,88.02696078431372,79.22426470588235,130.0,0.5194263011199591,0.31654743673173075,0.055630078125,2.0,45000.0,41000.0,86000.0,2654.320987654321,2654.320987654321,20.124611797498112,40.0,2.0,1.0,187007.26934401813,87556.71360571406,274563.9829497322,301.0,601.0,41.0,0.0,51.0,0.0,7.0,3.0,102770.82417354561,51.3854120867728,True,
SRC,10,10,#3,8,19.0,9.5,100.0,#57 stone,140.0,39.06283563051279,5.499039842323396,5.431260308356283,205.755833875625,41.151166775125,0.165,6.8125,0.21568627450980393,66.37610294117647,59.738492647058834,130.0,0.6888551242538095,0.31654743673173075,0.0751734375,2.0,45000.0,41000.0,86000.0,2654.320987654321,2654.320987654321,20.124611797498112,40.0,2.0,1.0,140372.1446354714,66201.41760432038,206573.5622397918,226.0,451.0,31.0,0.0,51.0,0.0,7.0,3.0,77321.63197725541,38.660815988627704,True,
SRC,10,10,#3,10,19.0,9.5,100.0,#57 stone,140.0,39.06283563051279,5.499039842323396,5.431260308356283,205.755833875625,41.151166775125,0.132,6.8125,0.17254901960784313,53.27170588235295,47.94453529411766,130.0,0.8583077617226141,0.31654743673173075,0.094716796875,2.0,45000.0,41000.0,86000.0,2654.320987654321,2654.320987654321,20.124611797498112,40.0,2.0,1.0,112391.06981034338,53388.24000348418,165779.30981382757,181.0,361.0,25.0,0.0,51.0,0.0,7.0,3.0,62052.1166594813,31.02605832974065,True,
SRC,10,10,#4,6,19.0,9.5,100.0,#57 stone,140.0,39.06283563051279,5.499039842323396,5.431260308356283,205.755833875625,41.151166775125,0.4000000000000001,6.75,0.5228758169934641,155.72549019607845,140.15294117647062,130.0,0.29361614839969985,0.31654743673173075,0.028950703124999994,2.0,45000.0,41000.0,86000.0,2654.320987654321,2654.320987654321,26.83281572999748,40.0,2.0,1.0,189193.02579202416,88725.61814095205,277918.6439329762,301.0,601.0,41.0,0.0,51.0,0.0,7.0,3.0,189139.07712105327,94.56953856052664,True,
SRC,10,10,#4,8,19.0,9.5,100.0,#57 stone,140.0,39.06283563051279,5.499039842323396,5.431260308356283,205.755833875625,41.151166775125,0.30000000000000004,6.75,0.39215686274509814,117.97058823529414,106.17352941176473,130.0,0.3875840522879442,0.31654743673173075,0.03960093749999999,2.0,45000.0,41000.0,86000.0,2654.320987654321,2654.320987654321,26.83281572999748,40.0,2.0,1.0,142012.85951396188,67085.22347242717,209098.08298638905,226.0,451.0,31.0,0.0,51.0,0.0,7.0,3.0,142302.86203240367,71.15143101620184,True,
SRC,10,10,#4,10,19.0,9.5,100.0,#57 stone,140.0,39.06283563051279,5.499039842323396,5.431260308356283,205.755833875625,41.151166775125,0.24000000000000005,6.75,0.31372549019607854,94.94117647058825,85.44705882352943,130.0,0.48159839954366296,0.31654743673173075,0.05025117187499998,2.0,45000.0,41000.0,86000.0,2654.320987654321,2654.320987654321,26.83281572999748,40.0,2.0,1.0,113704.75974712451,54100.986671312225,167805.74641843673,181.0,361.0,25.0,0.0,51.0,0.0,7.0,3.0,114201.13297921389,57.10056648960694,True,
SRC,10,10,#4,12,19.0,9.5,100.0,#57 stone,140.0,39.06283563051279,5.499039842323396,5.431260308356283,205.755833875625,41.151166775125,0.20000000000000004,6.75,0.26143790849673204,79.43137254901961,71.48823529411764,130.0,0.5756355098964248,0.31654743673173075,0.06090140624999999,2.0,45000.0,41000.0,86000.0,2654.320987654321,2654.320987654321,26.83281572999748,40.0,2.0,1.0,94832.69323589958,45444.828803902274,140277.52203980187,151.0,301.0,21.0,0.0,51.0,0.0,7.0,3.0,95466.64694375407,47.733323471877036,True,
SRC,10,10,#4,15,19.0,9.5,100.0,#57 stone,140.0,39.06283563051279,5.499039842323396,5.431260308356283,205.755833875625,41.151166775125,0.16000000000000003,6.75,0.20915032679738566,63.796078431372564,57.416470588235306,130.0,0.71671362508926,0.31654743673173075,0.07687675781249999,2.0,45000.0,41000.0,86000.0,2654.320987654321,2654.320987654321,26.83281572999748,40.0,2.0,1.0,75960.62672467467,36788.670936492315,112749.29766116699,121.0,241.0,17.0,0.0,51.0,0.0,7.0,3.0,76732.16090829422,38.36608045414711,True,
SRC,10,10,#4,18,19.0,9.5,100.0,#57 stone,140.0,39.06283563051279,5.499039842323396,5.431260308356283,205.755833875625,41.151166775125,0.13333333333333336,6.75,0.1742919389978214,53.30283224400872,47.972549019607854,130.0,0.857806550123181,0.31654743673173075,0.09285210937499999,2.0,45000.0,41000.0,86000.0,2654.320987654321,2654.320987654321,26.83281572999748,40.0,2.0,1.0,63379.249050524726,32460.592002787336,95839.84105331206,101.0,201.0,15.0,0.0,51.0,0.0,7.0,3.0,65224.33627239294,32.612168136196466,True,
SRC,10,10,#5,6,19.0,9.5,100.0,#57 stone,140.0,39.06283563051279,5.499039842323396,5.431260308356283,205.755833875625,41.151166775125,0.62,6.6875,0.8104575163398693,233.7004901960784,210.33044117647057,130.0,0.19565007587560052,0.31654743673173075,0.017422492439516126,2.0,45000.0,41000.0,86000.0,2654.320987654321,2654.320987654321,33.54101966249685,40.0,2.0,1.0,191378.78224003024,89894.52267619007,281273.3049162203,301.0,601.0,41.0,0.0,51.0,0.0,7.0,3.0,296704.27094981854,148.35213547490926,True,
SRC,10,10,#5,8,19.0,9.5,100.0,#57 stone,140.0,39.06283563051279,5.499039842323396,5.431260308356283,205.755833875625,41.151166775125,0.46499999999999997,6.6875,0.6078431372549019,178.1018382352941,160.2916544117647,130.0,0.2567268204083411,0.31654743673173075,0.024229989919354843,2.0,45000.0,41000.0,86000.0,2654.320987654321,2654.320987654321,33.54101966249685,40.0,2.0,1.0,143653.57439245237,67969.02934053396,211622.60373298632,226.0,451.0,31.0,0.0,51.0,0.0,7.0,3.0,223232.4549100043,111.61622745500216,True,
SRC,10,10,#5,10,19.0,9.5,100.0,#57 stone,140.0,39.06283563051279,5.499039842323396,5.431260308356283,205.755833875625,41.151166775125,0.372,6.6875,0.48627450980392156,143.83817647058822,129.4543588235294,130.0,0.3178816623024781,0.31654743673173075,0.03103748739919355,2.0,45000.0,41000.0,86000.0,2654.320987654321,2654.320987654321,33.54101966249685,40.0,2.0,1.0,115018.44968390564,54813.733339140286,169832.18302304592,181.0,361.0,25.0,0.0,51.0,0.0,7.0,3.0,179149.36528611582,89.57468264305791,True,
SRC,10,10,#5,12,19.0,9.5,100.0,#57 stone,140.0,39.06283563051279,5.499039842323396,5.431260308356283,205.755833875625,41.151166775125,0.31,6.6875,0.40522875816993464,120.61887254901961,108.55698529411765,130.0,0.37907433283664377,0.31654743673173075,0.037844984879032255,2.0,45000.0,41000.0,86000.0,2654.320987654321,2654.320987654321,33.54101966249685,40.0,2.0,1.0,95928.36654487449,46043.53600487784,141971.90254975233,151.0,301.0,21.0,0.0,51.0,0.0,7.0,3.0,149760.63887019013,74.88031943509506,True,
SRC,10,10,#5,15,19.0,9.5,100.0,#57 stone,140.0,39.06283563051279,5.499039842323396,5.431260308356283,205.755833875625,41.151166775125,0.24799999999999997,6.6875,0.32418300653594767,97.09807843137253,87.38827058823527,130.0,0.4709003450706234,0.31654743673173075,0.04805623109879032,2.0,45000.0,41000.0,86000.0,2654.320987654321,2654.320987654321,33.54101966249685,40.0,2.0,1.0,76838.28340584334,37273.3386706154,114111.62207645873,121.0,241.0,17.0,0.0,51.0,0.0,7.0,3.0,120371.91245426444,60.18595622713222,True,
SRC,10,10,#5,18,19.0,9.5,100.0,#57 stone,140.0,39.06283563051279,5.499039842323396,5.431260308356283,205.755833875625,41.151166775125,0.20666666666666667,6.6875,0.2701525054466231,81.25005446623094,73.12504901960784,130.0,0.5627506213922766,0.31654743673173075,0.05826747731854837,2.0,45000.0,41000.0,86000.0,2654.320987654321,2654.320987654321,33.54101966249685,40.0,2.0,1.0,64111.56131315591,32888.24000348417,96999.80131664008,101.0,201.0,15.0,0.0,51.0,0.0,7.0,3.0,102321.31819442795,51.16065909721397,True,
SRC,10,10,#5,24,19.0,9.5,100.0,#57 stone,140.0,39.06283563051279,5.499039842323396,5.431260308356283,205.755833875625,41.151166775125,0.155,6.6875,0.20261437908496732,61.2515931372549,55.12643382352941,130.0,0.746487010330797,0.31654743673173075,0.07868996975806451,2.0,45000.0,41000.0,86000.0,2654.320987654321,2654.320987654321,33.54101966249685,40.0,2.0,1.0,48203.15869729662,24118.042669221726,72321.20136651835,76.0,151.0,11.0,0.0,51.0,0.0,7.0,3.0,76288.82283037595,38.144411415187975,True,
SRC,10,10,#6,6,19.0,9.5,100.0,#57 stone,140.0,39.06283563051279,5.499039842323396,5.431260308356283,205.755833875625,41.151166775125,0.88,6.625,1.1503267973856208,319.4313725490196,287.4882352941177,130.0,0.14314035053651808,0.31654743673173075,0.0112541015625,2.0,45000.0,41000.0,86000.0,2654.320987654321,2654.320987654321,40.249223594996224,40.0,2.0,1.0,193564.53868803626,91063.42721142809,284627.9658994643,301.0,601.0,41.0,0.0,51.0,0.0,7.0,3.0,426151.31561058684,213.07565780529342,True,
SRC,10,10,#6,8,19.0,9.5,100.0,#57 stone,140.0,39.06283563051279,5.499039842323396,5.431260308356283,205.755833875625,41.151166775125,0.66,6.625,0.8627450980392157,245.2676470588235,220.74088235294118,130.0,0.18642295136488882,0.31654743673173075,0.01600546875,2.0,45000.0,41000.0,86000.0,2654.320987654321,2654.320987654321,40.249223594996224,40.0,2.0,1.0,145294.28927094283,68852.83520864075,214147.12447958358,226.0,451.0,31.0,0.0,51.0,0.0,7.0,3.0,320625.833595821,160.3129167979105,True,
SRC,10,10,#6,10,19.0,9.5,100.0,#57 stone,140.0,39.06283563051279,5.499039842323396,5.431260308356283,205.755833875625,41.151166775125,0.528,6.625,0.6901960784313725,198.9472941176471,179.05256470588236,130.0,0.22982729592687634,0.31654743673173075,0.020756835937500002,2.0,45000.0,41000.0,86000.0,2654.320987654321,2654.320987654321,40.249223594996224,40.0,2.0,1.0,116332.13962068676,55526.48000696835,171858.6196276551,181.0,361.0,25.0,0.0,51.0,0.0,7.0,3.0,257310.54438696138,128.6552721934807,True,
SRC,10,10,#6,12,19.0,9.5,100.0,#57 stone,140.0,39.06283563051279,5.499039842323396,5.431260308356283,205.755833875625,41.151166775125,0.44,6.625,0.5751633986928104,167.3078431372549,150.57705882352943,130.0,0.2732897500897039,0.31654743673173075,0.025508203125000004,2.0,45000.0,41000.0,86000.0,2654.320987654321,2654.320987654321,40.249223594996224,40.0,2.0,1.0,97024.03985384939,46642.24320585341,143666.2830597028,151.0,301.0,21.0,0.0,51.0,0.0,7.0,3.0,215100.35158105503,107.55017579052752,True,
SRC,10,10,#6,15,19.0,9.5,100.0,#57 stone,140.0,39.06283563051279,5.499039842323396,5.431260308356283,205.755833875625,41.151166775125,0.35200000000000004,6.625,0.46013071895424845,135.06101960784315,121.55491764705884,130.0,0.338539711693192,0.31654743673173075,0.032635253906249995,2.0,45000.0,41000.0,86000.0,2654.320987654321,2654.320987654321,40.249223594996224,40.0,2.0,1.0,77715.94008701202,37758.00640473847,115473.94649175048,121.0,241.0,17.0,0.0,51.0,0.0,7.0,3.0,172890.15877514865,86.44507938757432,True,
SRC,10,10,#6,18,19.0,9.5,100.0,#57 stone,140.0,39.06283563051279,5.499039842323396,5.431260308356283,205.755833875625,41.151166775125,0.29333333333333333,6.625,0.38344226579520696,113.22570806100218,101.90313725490196,130.0,0.4038262990097045,0.31654743673173075,0.0397623046875,2.0,45000.0,41000.0,86000.0,2654.320987654321,2654.320987654321,40.249223594996224,40.0,2.0,1.0,64843.87357578709,33315.88800418101,98159.7615799681,101.0,201.0,15.0,0.0,51.0,0.0,7.0,3.0,146966.97636556334,73.48348818278167,True,
SRC,10,10,#6,24,19.0,9.5,100.0,#57 stone,140.0,39.06283563051279,5.499039842323396,5.431260308356283,205.755833875625,41.151166775125,0.22,6.625,0.2875816993464052,85.55196078431372,76.99676470588236,130.0,0.5344531933558132,0.31654743673173075,0.05401640625,2.0,45000.0,41000.0,86000.0,2654.320987654321,2654.320987654321,40.249223594996224,40.0,2.0,1.0,48753.79043675594,24431.651203066074,73185.441639822,76.0,151.0,11.0,0.0,51.0,0.0,7.0,3.0,109574.86956628907,54.78743478314453,True,
SRC,10,12,#3,6,19.0,9.5,100.0,#57 stone,140.0,44.78676569548484,5.499039842323396,5.77022359949313,147.88133760076087,42.58982522901914,0.22,8.8125,0.2875816993464052,114.42696078431374,102.98426470588237,187.2,0.41355662780768926,0.2275097501550168,0.07284257812500002,2.0,45000.0,41000.0,86000.0,3185.185185185185,2654.320987654321,20.124611797498112,40.0,2.0,1.0,187007.26934401813,87556.71360571406,274563.9829497322,301.0,601.0,41.0,0.0,51.0,0.0,7.0,3.0,102770.82417354561,51.3854120867728,True,
SRC,10,12,#3,8,19.0,9.5,100.0,#57 stone,140.0,44.78676569548484,5.499039842323396,5.77022359949313,147.88133760076087,42.58982522901914,0.165,8.8125,0.21568627450980393,86.17610294117648,77.55849264705883,187.2,0.549131678239678,0.2275097501550168,0.09812343749999998,2.0,45000.0,41000.0,86000.0,3185.185185185185,2654.320987654321,20.124611797498112,40.0,2.0,1.0,140372.1446354714,66201.41760432038,206573.5622397918,226.0,451.0,31.0,0.0,51.0,0.0,7.0,3.0,77321.63197725541,38.660815988627704,True,
SRC,10,12,#3,10,19.0,9.5,100.0,#57 stone,140.0,44.78676569548484,5.499039842323396,5.77022359949313,147.88133760076087,42.58982522901914,0.132,8.8125,0.17254901960784313,69.11170588235294,62.20053529411764,187.2,0.6847179855869648,0.2275097501550168,0.123404296875,2.0,45000.0,41000.0,86000.0,3185.185185185185,2654.320987654321,20.124611797498112,40.0,2.0,1.0,112391.06981034338,53388.24000348418,165779.30981382757,181.0,361.0,25.0,0.0,51.0,0.0,7.0,3.0,62052.1166594813,31.02605832974065,True,
SRC,10,12,#3,12,19.0,9.5,100.0,#57 stone,140.0,44.78676569548484,5.499039842323396,5.77022359949313,147.88133760076087,42.58982522901914,0.11,8.8125,0.1437908496732026,57.68799019607843,51.9191911764706,187.2,0.8203098750952912,0.2275097501550168,0.14868515625,2.0,45000.0,41000.0,86000.0,3185.185185185185,2654.320987654321,20.124611797498112,40.0,2.0,1.0,93737.0199269247,44846.12160292671,138583.14152985142,151.0,301.0,21.0,0.0,51.0,0.0,7.0,3.0,51872.43978096522,25.93621989048261,True,
SRC,10,12,#4,6,19.0,9.5,100.0,#57 stone,140.0,44.78676569548484,5.499039842323396,5.77022359949313,147.88133760076087,42.58982522901914,0.4000000000000001,8.75,0.5228758169934641,203.72549019607843,183.3529411764706,187.2,0.23228329447973223,0.2275097501550168,0.038417578125,2.0,45000.0,41000.0,86000.0,3185.185185185185,2654.320987654321,26.83281572999748,40.0,2.0,1.0,189193.02579202416,88725.61814095205,277918.6439329762,301.0,601.0,41.0,0.0,51.0,0.0,7.0,3.0,189139.07712105327,94.56953856052664,True,
SRC,10,12,#4,8,19.0,9.5,100.0,#57 stone,140.0,44.78676569548484,5.499039842323396,5.77022359949313,147.88133760076087,42.58982522901914,0.30000000000000004,8.75,0.39215686274509814,153.97058823529414,138.57352941176475,187.2,0.30734459466977615,0.2275097501550168,0.05222343749999999,2.0,45000.0,41000.0,86000.0,3185.185185185185,2654.320987654321,26.83281572999748,40.0,2.0,1.0,142012.85951396188,67085.22347242717,209098.08298638905,226.0,451.0,31.0,0.0,51.0,0.0,7.0,3.0,142302.86203240367,71.15143101620184,True,
SRC,10,12,#4,10,19.0,9.5,100.0,#57 stone,140.0,44.78676569548484,5.499039842323396,5.77022359949313,147.88133760076087,42.58982522901914,0.24000000000000005,8.75,0.31372549019607854,123.74117647058829,111.36705882352946,187.2,0.38242749408068977,0.2275097501550168,0.06602929687499998,2.0,45000.0,41000.0,86000.0,3185.185185185185,2654.320987654321,26.83281572999748,40.0,2.0,1.0,113704.75974712451,54100.986671312225,167805.74641843673,181.0,361.0,25.0,0.0,51.0,0.0,7.0,3.0,114201.13297921389,57.10056648960694,True,
SRC,10,12,#4,12,19.0,9.5,100.0,#57 stone,140.0,44.78676569548484,5.499039842323396,5.77022359949313,147.88133760076087,42.58982522901914,0.20000000000000004,8.75,0.26143790849673204,103.43137254901963,93.08823529411767,187.2,0.45752102931647726,0.2275097501550168,0.07983515624999998,2.0,45000.0,41000.0,86000.0,3185.185185185185,2654.320987654321,26.83281572999748,40.0,2.0,1.0,94832.69323589958,45444.828803902274,140277.52203980187,151.0,301.0,21.0,0.0,51.0,0.0,7.0,3.0,95466.64694375407,47.733323471877036,True,
SRC,10,12,#4,15,19.0,9.5,100.0,#57 stone,140.0,44.78676569548484,5.499039842323396,5.77022359949313,147.88133760076087,42.58982522901914,0.16000000000000003,8.75,0.20915032679738566,82.99607843137258,74.69647058823531,187.2,0.570171855425349,0.2275097501550168,0.1005439453125,2.0,45000.0,41000.0,86000.0,3185.185185185185,2654.320987654321,26.83281572999748,40.0,2.0,1.0,75960.62672467467,36788.670936492315,112749.29766116699,121.0,241.0,17.0,0.0,51.0,0.0,7.0,3.0,76732.16090829422,38.36608045414711,True,
SRC,10,12,#4,18,19.0,9.5,100.0,#57 stone,140.0,44.78676569548484,5.499039842323396,5.77022359949313,147.88133760076087,42.58982522901914,0.13333333333333336,8.75,0.1742919389978214,69.30283224400873,62.37254901960785,187.2,0.6828296405784269,0.2275097501550168,0.12125273437499998,2.0,45000.0,41000.0,86000.0,3185.185185185185,2654.320987654321,26.83281572999748,40.0,2.0,1.0,63379.249050524726,32460.592002787336,95839.84105331206,101.0,201.0,15.0,0.0,51.0,0.0,7.0,3.0,65224.33627239294,32.612168136196466,True,
SRC,10,12,#4,24,19.0,9.5,100.0,#57 stone,140.0,44.78676569548484,5.499039842323396,5.77022359949313,147.88133760076087,42.58982522901914,0.10000000000000002,8.75,0.13071895424836602,52.10784313725491,46.89705882352942,187.2,0.9081555708915965,0.2275097501550168,0.1626703125,2.0,45000.0,41000.0,86000.0,3185.185185185185,2654.320987654321,26.83281572999748,40.0,2.0,1.0,47652.5269578373,23804.43413537738,71456.96109321468,76.0,151.0,11.0,0.0,51.0,0.0,7.0,3.0,48630.431855104434,24.315215927552217,True,
SRC,10,12,#5,6,19.0,9.5,100.0,#57 stone,140.0,44.78676569548484,5.499039842323396,5.77022359949313,147.88133760076087,42.58982522901914,0.62,8.6875,0.8104575163398693,308.10049019607845,277.2904411764706,187.2,0.15359283590275122,0.2275097501550168,0.02353015372983871,2.0,45000.0,41000.0,86000.0,3185.185185185185,2654.320987654321,33.54101966249685,40.0,2.0,1.0,191378.78224003024,89894.52267619007,281273.3049162203,301.0,601.0,41.0,0.0,51.0,0.0,7.0,3.0,296704.27094981854,148.35213547490926,True,
SRC,10,12,#5,8,19.0,9.5,100.0,#57 stone,140.0,44.78676569548484,5.499039842323396,5.77022359949313,147.88133760076087,42.58982522901914,0.46499999999999997,8.6875,0.6078431372549019,233.90183823529406,210.51165441176468,187.2,0.20231575941972627,0.2275097501550168,0.032373538306451614,2.0,45000.0,41000.0,86000.0,3185.185185185185,2654.320987654321,33.54101966249685,40.0,2.0,1.0,143653.57439245237,67969.02934053396,211622.60373298632,226.0,451.0,31.0,0.0,51.0,0.0,7.0,3.0,223232.4549100043,111.61622745500216,True,
SRC,10,12,#5,10,19.0,9.5,100.0,#57 stone,140.0,44.78676569548484,5.499039842323396,5.77022359949313,147.88133760076087,42.58982522901914,0.372,8.6875,0.48627450980392156,188.47817647058827,169.63035882352943,187.2,0.2510743096011862,0.2275097501550168,0.04121692288306452,2.0,45000.0,41000.0,86000.0,3185.185185185185,2654.320987654321,33.54101966249685,40.0,2.0,1.0,115018.44968390564,54813.733339140286,169832.18302304592,181.0,361.0,25.0,0.0,51.0,0.0,7.0,3.0,179149.36528611582,89.57468264305791,True,
SRC,10,12,#5,12,19.0,9.5,100.0,#57 stone,140.0,44.78676569548484,5.499039842323396,5.77022359949313,147.88133760076087,42.58982522901914,0.31,8.6875,0.40522875816993464,157.8188725490196,142.03698529411764,187.2,0.29985024774236013,0.2275097501550168,0.05006030745967741,2.0,45000.0,41000.0,86000.0,3185.185185185185,2654.320987654321,33.54101966249685,40.0,2.0,1.0,95928.36654487449,46043.53600487784,141971.90254975233,151.0,301.0,21.0,0.0,51.0,0.0,7.0,3.0,149760.63887019013,74.88031943509506,True,
SRC,10,12,#5,15,19.0,9.5,100.0,#57 stone,140.0,44.78676569548484,5.499039842323396,5.77022359949313,147.88133760076087,42.58982522901914,0.24799999999999997,8.6875,0.32418300653594767,126.85807843137255,114.17227058823529,187.2,0.37303125364494366,0.2275097501550168,0.06332538432459678,2.0,45000.0,41000.0,86000.0,3185.185185185185,2654.320987654321,33.54101966249685,40.0,2.0,1.0,76838.28340584334,37273.3386706154,114111.62207645873,121.0,241.0,17.0,0.0,51.0,0.0,7.0,3.0,120371.91245426444,60.18595622713222,True,
SRC,10,12,#5,18,19.0,9.5,100.0,#57 stone,140.0,44.78676569548484,5.499039842323396,5.77022359949313,147.88133760076087,42.58982522901914,0.20666666666666667,8.6875,0.2701525054466231,106.05005446623093,95.44504901960784,187.2,0.44622351464526633,0.2275097501550168,0.07659046118951612,2.0,45000.0,41000.0,86000.0,3185.185185185185,2654.320987654321,33.54101966249685,40.0,2.0,1.0,64111.56131315591,32888.24000348417,96999.80131664008,101.0,201.0,15.0,0.0,51.0,0.0,7.0,3.0,102321.31819442795,51.16065909721397,True,
SRC,10,12,#5,24,19.0,9.5,100.0,#57 stone,140.0,44.78676569548484,5.499039842323396,5.77022359949313,147.88133760076087,42.58982522901914,0.155,8.6875,0.20261437908496732,79.85159313725491,71.86643382352943,187.2,0.5926247200967277,0.2275097501550168,0.10312061491935483,2.0,45000.0,41000.0,86000.0,3185.185185185185,2654.320987654321,33.54101966249685,40.0,2.0,1.0,48203.15869729662,24118.042669221726,72321.20136651835,76.0,151.0,11.0,0.0,51.0,0.0,7.0,3.0,76288.82283037595,38.144411415187975,True,
SRC,10,12,#6,6,19.0,9.5,100.0,#57 stone,140.0,44.78676569548484,5.499039842323396,5.77022359949313,147.88133760076087,42.58982522901914,0.88,8.625,1.1503267973856208,425.03137254901964,382.52823529411774,187.2,0.11133772960909079,0.2275097501550168,0.015557226562500004,2.0,45000.0,41000.0,86000.0,3185.185185185185,2654.320987654321,40.249223594996224,40.0,2.0,1.0,193564.53868803626,91063.42721142809,284627.9658994643,301.0,601.0,41.0,0.0,51.0,0.0,7.0,3.0,426151.31561058684,213.07565780529342,True,
SRC,10,12,#6,8,19.0,9.5,100.0,#57 stone,140.0,44.78676569548484,5.499039842323396,5.77022359949313,147.88133760076087,42.58982522901914,0.66,8.625,0.8627450980392157,324.4676470588235,292.02088235294116,187.2,0.1458451357514371,0.2275097501550168,0.021742968749999998,2.0,45000.0,41000.0,86000.0,3185.185185185185,2654.320987654321,40.249223594996224,40.0,2.0,1.0,145294.28927094283,68852.83520864075,214147.12447958358,226.0,451.0,31.0,0.0,51.0,0.0,7.0,3.0,320625.833595821,160.3129167979105,True,
SRC,10,12,#6,10,19.0,9.5,100.0,#57 stone,140.0,44.78676569548484,5.499039842323396,5.77022359949313,147.88133760076087,42.58982522901914,0.528,8.625,0.6901960784313725,262.3072941176471,236.07656470588233,187.2,0.18040683234305777,0.2275097501550168,0.0279287109375,2.0,45000.0,41000.0,86000.0,3185.185185185185,2654.320987654321,40.249223594996224,40.0,2.0,1.0,116332.13962068676,55526.48000696835,171858.6196276551,181.0,361.0,25.0,0.0,51.0,0.0,7.0,3.0,257310.54438696138,128.6552721934807,True,
SRC,10,12,#6,12,19.0,9.5,100.0,#57 stone,140.0,44.78676569548484,5.499039842323396,5.77022359949313,147.88133760076087,42.58982522901914,0.44,8.625,0.5751633986928104,220.1078431372549,198.0970588235294,187.2,0.2149947378419151,0.2275097501550168,0.034114453125000006,2.0,45000.0,41000.0,86000.0,3185.185185185185,2654.320987654321,40.249223594996224,40.0,2.0,1.0,97024.03985384939,46642.24320585341,143666.2830597028,151.0,301.0,21.0,0.0,51.0,0.0,7.0,3.0,215100.35158105503,107.55017579052752,True,
SRC,10,12,#6,15,19.0,9.5,100.0,#57 stone,140.0,44.78676569548484,5.499039842323396,5.77022359949313,147.88133760076087,42.58982522901914,0.35200000000000004,8.625,0.46013071895424845,177.3010196078432,159.57091764705888,187.2,0.26690217651827947,0.2275097501550168,0.043393066406249986,2.0,45000.0,41000.0,86000.0,3185.185185185185,2654.320987654321,40.249223594996224,40.0,2.0,1.0,77715.94008701202,37758.00640473847,115473.94649175048,121.0,241.0,17.0,0.0,51.0,0.0,7.0,3.0,172890.15877514865,86.44507938757432,True,
SRC,10,12,#6,18,19.0,9.5,100.0,#57 stone,140.0,44.78676569548484,5.499039842323396,5.77022359949313,147.88133760076087,42.58982522901914,0.29333333333333333,8.625,0.38344226579520696,148.42570806100215,133.58313725490197,187.2,0.31882635865745296,0.2275097501550168,0.0526716796875,2.0,45000.0,41000.0,86000.0,3185.185185185185,2654.320987654321,40.249223594996224,40.0,2.0,1.0,64843.87357578709,33315.88800418101,98159.7615799681,101.0,201.0,15.0,0.0,51.0,0.0,7.0,3.0,146966.97636556334,73.48348818278167,True,
SRC,10,12,#6,24,19.0,9.5,100.0,#57 stone,140.0,44.78676569548484,5.499039842323396,5.77022359949313,147.88133760076087,42.58982522901914,0.22,8.625,0.2875816993464052,111.95196078431374,100.75676470588236,187.2,0.42269941232573804,0.2275097501550168,0.07122890625000002,2.0,45000.0,41000.0,86000.0,3185.185185185185,2654.320987654321,40.249223594996224,40.0,2.0,1.0,48753.79043675594,24431.651203066074,73185.441639822,76.0,151.0,11.0,0.0,51.0,0.0,7.0,3.0,109574.86956628907,54.78743478314453,True,
SRC,12,6,#4,6,19.0,9.5,100.0,#57 stone,150.0,26.174982388104926,5.499039842323396,5.136027579968186,481.21635365065237,34.647577462846975,0.4000000000000001,2.75,0.5228758169934641,59.72549019607844,53.75294117647059,46.8,0.6445708216988384,0.7403328517702346,0.010016953124999999,2.0,45000.0,41000.0,86000.0,1592.5925925925926,3185.185185185185,26.83281572999748,40.0,2.0,1.0,189193.02579202416,88725.61814095205,277918.6439329762,301.0,601.0,41.0,0.0,51.0,0.0,7.0,3.0,189139.07712105327,94.56953856052664,True,
SRC,12,6,#4,8,19.0,9.5,100.0,#57 stone,150.0,26.174982388104926,5.499039842323396,5.136027579968186,481.21635365065237,34.647577462846975,0.30000000000000004,2.75,0.39215686274509814,45.97058823529412,41.373529411764714,46.8,0.8374334497311416,0.7403328517702346,0.014355937499999997,2.0,45000.0,41000.0,86000.0,1592.5925925925926,3185.185185185185,26.83281572999748,40.0,2.0,1.0,142012.85951396188,67085.22347242717,209098.08298638905,226.0,451.0,31.0,0.0,51.0,0.0,7.0,3.0,142302.86203240367,71.15143101620184,True,
SRC,12,6,#5,6,19.0,9.5,100.0,#57 stone,150.0,26.174982388104926,5.499039842323396,5.136027579968186,481.21635365065237,34.647577462846975,0.62,2.6875,0.8104575163398693,84.90049019607844,76.41044117647058,46.8,0.4534403535614732,0.7403328517702346,0.005207169858870968,2.0,45000.0,41000.0,86000.0,1592.5925925925926,3185.185185185185,33.54101966249685,40.0,2.0,1.0,191378.78224003024,89894.52267619007,281273.3049162203,301.0,601.0,41.0,0.0,51.0,0.0,7.0,3.0,296704.27094981854,148.35213547490926,True,
SRC,12,6,#5,8,19.0,9.5,100.0,#57 stone,150.0,26.174982388104926,5.499039842323396,5.136027579968186,481.21635365065237,34.647577462846975,0.46499999999999997,2.6875,0.6078431372549019,66.50183823529412,59.8516544117647,46.8,0.5788908895396632,0.7403328517702346,0.007942893145161292,2.0,45000.0,41000.0,86000.0,1592.5925925925926,3185.185185185185,33.54101966249685,40.0,2.0,1.0,143653.57439245237,67969.02934053396,211622.60373298632,226.0,451.0,31.0,0.0,51.0,0.0,7.0,3.0,223232.4549100043,111.61622745500216,True,
SRC,12,6,#5,10,19.0,9.5,100.0,#57 stone,150.0,26.174982388104926,5.499039842323396,5.136027579968186,481.21635365065237,34.647577462846975,0.372,2.6875,0.48627450980392156,54.558176470588236,49.102358823529414,46.8,0.7056194100036629,0.7403328517702346,0.010678616431451614,2.0,45000.0,41000.0,86000.0,1592.5925925925926,3185.185185185185,33.54101966249685,40.0,2.0,1.0,115018.44968390564,54813.733339140286,169832.18302304592,181.0,361.0,25.0,0.0,51.0,0.0,7.0,3.0,179149.36528611582,89.57468264305791,True,
SRC,12,6,#5,12,19.0,9.5,100.0,#57 stone,150.0,26.174982388104926,5.499039842323396,5.136027579968186,481.21635365065237,34.647577462846975,0.31,2.6875,0.40522875816993464,46.2188725490196,41.596985294117644,46.8,0.8329348201045376,0.7403328517702346,0.013414339717741934,2.0,45000.0,41000.0,86000.0,1592.5925925925926,3185.185185185185,33.54101966249685,40.0,2.0,1.0,95928.36654487449,46043.53600487784,141971.90254975233,151.0,301.0,21.0,0.0,51.0,0.0,7.0,3.0,149760.63887019013,74.88031943509506,True,
SRC,12,6,#6,6,19.0,9.5,100.0,#57 stone,150.0,26.174982388104926,5.499039842323396,5.136027579968186,481.21635365065237,34.647577462846975,0.88,2.625,1.1503267973856208,108.23137254901962,97.40823529411766,46.8,0.3556945401816482,0.7403328517702346,0.0026478515625000007,2.0,45000.0,41000.0,86000.0,1592.5925925925926,3185.185185185185,40.249223594996224,40.0,2.0,1.0,193564.53868803626,91063.42721142809,284627.9658994643,301.0,601.0,41.0,0.0,51.0,0.0,7.0,3.0,426151.31561058684,213.07565780529342,True,Section may not be tension-controlled; phi = 0.90 should be reviewed.
SRC,12,6,#6,8,19.0,9.5,100.0,#57 stone,150.0,26.174982388104926,5.499039842323396,5.136027579968186,481.21635365065237,34.647577462846975,0.66,2.625,0.8627450980392157,86.86764705882352,78.18088235294117,46.8,0.44317199320459616,0.7403328517702346,0.00453046875,2.0,45000.0,41000.0,86000.0,1592.5925925925926,3185.185185185185,40.249223594996224,40.0,2.0,1.0,145294.28927094283,68852.83520864075,214147.12447958358,226.0,451.0,31.0,0.0,51.0,0.0,7.0,3.0,320625.833595821,160.3129167979105,True,Section may not be tension-controlled; phi = 0.90 should be reviewed.
SRC,12,6,#6,10,19.0,9.5,100.0,#57 stone,150.0,26.174982388104926,5.499039842323396,5.136027579968186,481.21635365065237,34.647577462846975,0.528,2.625,0.6901960784313725,72.22729411764705,65.00456470588234,46.8,0.5330022225302536,0.7403328517702346,0.0064130859375,2.0,45000.0,41000.0,86000.0,1592.5925925925926,3185.185185185185,40.249223594996224,40.0,2.0,1.0,116332.13962068676,55526.48000696835,171858.6196276551,181.0,361.0,25.0,0.0,51.0,0.0,7.0,3.0,257310.54438696138,128.6552721934807,True,
SRC,12,6,#6,12,19.0,9.5,100.0,#57 stone,150.0,26.174982388104926,5.499039842323396,5.136027579968186,481.21635365065237,34.647577462846975,0.44,2.625,0.5751633986928104,61.707843137254905,55.537058823529414,46.8,0.6238641043801156,0.7403328517702346,0.008295703125000001,2.0,45000.0,41000.0,86000.0,1592.5925925925926,3185.185185185185,40.249223594996224,40.0,2.0,1.0,97024.03985384939,46642.24320585341,143666.2830597028,151.0,301.0,21.0,0.0,51.0,0.0,7.0,3.0,215100.35158105503,107.55017579052752,True,
SRC,12,6,#6,15,19.0,9.5,100.0,#57 stone,150.0,26.174982388104926,5.499039842323396,5.136027579968186,481.21635365065237,34.647577462846975,0.35200000000000004,2.625,0.46013071895424845,50.581019607843146,45.52291764705883,46.8,0.7611018637133752,0.7403328517702346,0.011119628906249995,2.0,45000.0,41000.0,86000.0,1592.5925925925926,3185.185185185185,40.249223594996224,40.0,2.0,1.0,77715.94008701202,37758.00640473847,115473.94649175048,121.0,241.0,17.0,0.0,51.0,0.0,7.0,3.0,172890.15877514865,86.44507938757432,True,
SRC,12,6,#6,18,19.0,9.5,100.0,#57 stone,150.0,26.174982388104926,5.499039842323396,5.136027579968186,481.21635365065237,34.647577462846975,0.29333333333333333,2.625,0.38344226579520696,42.82570806100218,38.543137254901964,46.8,0.8989298726179964,0.7403328517702346,0.013943554687499998,2.0,45000.0,41000.0,86000.0,1592.5925925925926,3185.185185185185,40.249223594996224,40.0,2.0,1.0,64843.87357578709,33315.88800418101,98159.7615799681,101.0,201.0,15.0,0.0,51.0,0.0,7.0,3.0,146966.97636556334,73.48348818278167,True,
SRC,12,8,#3,6,19.0,9.5,100.0,#57 stone,150.0,32.47808772970976,5.499039842323396,5.201089693986001,300.65170917264993,38.48341877409919,0.22,4.8125,0.2875816993464052,61.62696078431372,55.46426470588235,83.2,0.6938416830759458,0.46254109103484603,0.038417578125,2.0,45000.0,41000.0,86000.0,2123.456790123457,3185.185185185185,20.124611797498112,40.0,2.0,1.0,187007.26934401813,87556.71360571406,274563.9829497322,301.0,601.0,41.0,0.0,51.0,0.0,7.0,3.0,102770.82417354561,51.3854120867728,True,
SRC,12,8,#3,8,19.0,9.5,100.0,#57 stone,150.0,32.47808772970976,5.499039842323396,5.201089693986001,300.65170917264993,38.48341877409919,0.165,4.8125,0.21568627450980393,46.57610294117647,41.918492647058834,83.2,0.9180534972504394,0.46254109103484603,0.052223437500000004,2.0,45000.0,41000.0,86000.0,2123.456790123457,3185.185185185185,20.124611797498112,40.0,2.0,1.0,140372.1446354714,66201.41760432038,206573.5622397918,226.0,451.0,31.0,0.0,51.0,0.0,7.0,3.0,77321.63197725541,38.660815988627704,True,
SRC,12,8,#4,6,19.0,9.5,100.0,#57 stone,150.0,32.47808772970976,5.499039842323396,5.201089693986001,300.65170917264993,38.48341877409919,0.4000000000000001,4.75,0.5228758169934641,107.72549019607845,96.9529411764706,83.2,0.396928843077106,0.46254109103484603,0.019483828124999998,2.0,45000.0,41000.0,86000.0,2123.456790123457,3185.185185185185,26.83281572999748,40.0,2.0,1.0,189193.02579202416,88725.61814095205,277918.6439329762,301.0,601.0,41.0,0.0,51.0,0.0,7.0,3.0,189139.07712105327,94.56953856052664,True,
SRC,12,8,#4,8,19.0,9.5,100.0,#57 stone,150.0,32.47808772970976,5.499039842323396,5.201089693986001,300.65170917264993,38.48341877409919,0.30000000000000004,4.75,0.39215686274509814,81.97058823529413,73.77352941176471,83.2,0.5216426417571154,0.46254109103484603,0.02697843749999999,2.0,45000.0,41000.0,86000.0,2123.456790123457,3185.185185185185,26.83281572999748,40.0,2.0,1.0,142012.85951396188,67085.22347242717,209098.08298638905,226.0,451.0,31.0,0.0,51.0,0.0,7.0,3.0,142302.86203240367,71.15143101620184,True,
SRC,12,8,#4,10,19.0,9.5,100.0,#57 stone,150.0,32.47808772970976,5.499039842323396,5.201089693986001,300.65170917264993,38.48341877409919,0.24000000000000005,4.75,0.31372549019607854,66.14117647058825,59.52705882352943,83.2,0.6464861448670759,0.46254109103484603,0.03447304687499999,2.0,45000.0,41000.0,86000.0,2123.456790123457,3185.185185185185,26.83281572999748,40.0,2.0,1.0,113704.75974712451,54100.986671312225,167805.74641843673,181.0,361.0,25.0,0.0,51.0,0.0,7.0,3.0,114201.13297921389,57.10056648960694,True,
SRC,12,8,#4,12,19.0,9.5,100.0,#57 stone,150.0,32.47808772970976,5.499039842323396,5.201089693986001,300.65170917264993,38.48341877409919,0.20000000000000004,4.75,0.26143790849673204,55.431372549019606,49.88823529411765,83.2,0.7713926649683838,0.46254109103484603,0.04196765625,2.0,45000.0,41000.0,86000.0,2123.456790123457,3185.185185185185,26.83281572999748,40.0,2.0,1.0,94832.69323589958,45444.828803902274,140277.52203980187,151.0,301.0,21.0,0.0,51.0,0.0,7.0,3.0,95466.64694375407,47.733323471877036,True,
SRC,12,8,#4,15,19.0,9.5,100.0,#57 stone,150.0,32.47808772970976,5.499039842323396,5.201089693986001,300.65170917264993,38.48341877409919,0.16000000000000003,4.75,0.20915032679738566,44.59607843137256,40.136470588235305,83.2,0.9588142208343389,0.46254109103484603,0.05320957031249999,2.0,45000.0,41000.0,86000.0,2123.456790123457,3185.185185185185,26.83281572999748,40.0,2.0,1.0,75960.62672467467,36788.670936492315,112749.29766116699,121.0,241.0,17.0,0.0,51.0,0.0,7.0,3.0,76732.16090829422,38.36608045414711,True,
SRC,12,8,#5,6,19.0,9.5,100.0,#57 stone,150.0,32.47808772970976,5.499039842323396,5.201089693986001,300.65170917264993,38.48341877409919,0.62,4.6875,0.8104575163398693,159.3004901960784,143.37044117647056,83.2,0.2684194765553595,0.46254109103484603,0.011314831149193547,2.0,45000.0,41000.0,86000.0,2123.456790123457,3185.185185185185,33.54101966249685,40.0,2.0,1.0,191378.78224003024,89894.52267619007,281273.3049162203,301.0,601.0,41.0,0.0,51.0,0.0,7.0,3.0,296704.27094981854,148.35213547490926,True,
SRC,12,8,#5,8,19.0,9.5,100.0,#57 stone,150.0,32.47808772970976,5.499039842323396,5.201089693986001,300.65170917264993,38.48341877409919,0.46499999999999997,4.6875,0.6078431372549019,122.30183823529411,110.0716544117647,83.2,0.34962151681792114,0.46254109103484603,0.016086441532258064,2.0,45000.0,41000.0,86000.0,2123.456790123457,3185.185185185185,33.54101966249685,40.0,2.0,1.0,143653.57439245237,67969.02934053396,211622.60373298632,226.0,451.0,31.0,0.0,51.0,0.0,7.0,3.0,223232.4549100043,111.61622745500216,True,
SRC,12,8,#5,10,19.0,9.5,100.0,#57 stone,150.0,32.47808772970976,5.499039842323396,5.201089693986001,300.65170917264993,38.48341877409919,0.372,4.6875,0.48627450980392156,99.19817647058824,89.27835882352942,83.2,0.4310498006596067,0.46254109103484603,0.02085805191532258,2.0,45000.0,41000.0,86000.0,2123.456790123457,3185.185185185185,33.54101966249685,40.0,2.0,1.0,115018.44968390564,54813.733339140286,169832.18302304592,181.0,361.0,25.0,0.0,51.0,0.0,7.0,3.0,179149.36528611582,89.57468264305791,True,
SRC,12,8,#5,12,19.0,9.5,100.0,#57 stone,150.0,32.47808772970976,5.499039842323396,5.201089693986001,300.65170917264993,38.48341877409919,0.31,4.6875,0.40522875816993464,83.41887254901961,75.07698529411765,83.2,0.5125860957700762,0.46254109103484603,0.02562966229838709,2.0,45000.0,41000.0,86000.0,2123.456790123457,3185.185185185185,33.54101966249685,40.0,2.0,1.0,95928.36654487449,46043.53600487784,141971.90254975233,151.0,301.0,21.0,0.0,51.0,0.0,7.0,3.0,149760.63887019013,74.88031943509506,True,
SRC,12,8,#5,15,19.0,9.5,100.0,#57 stone,150.0,32.47808772970976,5.499039842323396,5.201089693986001,300.65170917264993,38.48341877409919,0.24799999999999997,4.6875,0.32418300653594767,67.33807843137254,60.60427058823528,83.2,0.6349951645415848,0.46254109103484603,0.03278707787298387,2.0,45000.0,41000.0,86000.0,2123.456790123457,3185.185185185185,33.54101966249685,40.0,2.0,1.0,76838.28340584334,37273.3386706154,114111.62207645873,121.0,241.0,17.0,0.0,51.0,0.0,7.0,3.0,120371.91245426444,60.18595622713222,True,
SRC,12,8,#5,18,19.0,9.5,100.0,#57 stone,150.0,32.47808772970976,5.499039842323396,5.201089693986001,300.65170917264993,38.48341877409919,0.20666666666666667,4.6875,0.2701525054466231,56.45005446623094,50.80504901960784,83.2,0.7574723283752132,0.46254109103484603,0.03994449344758064,2.0,45000.0,41000.0,86000.0,2123.456790123457,3185.185185185185,33.54101966249685,40.0,2.0,1.0,64111.56131315591,32888.24000348417,96999.80131664008,101.0,201.0,15.0,0.0,51.0,0.0,7.0,3.0,102321.31819442795,51.16065909721397,True,
SRC,12,8,#6,6,19.0,9.5,100.0,#57 stone,150.0,32.47808772970976,5.499039842323396,5.201089693986001,300.65170917264993,38.48341877409919,0.88,4.625,1.1503267973856208,213.83137254901962,192.44823529411764,83.2,0.19996763657138858,0.46254109103484603,0.006950976562500001,2.0,45000.0,41000.0,86000.0,2123.456790123457,3185.185185185185,40.249223594996224,40.0,2.0,1.0,193564.53868803626,91063.42721142809,284627.9658994643,301.0,601.0,41.0,0.0,51.0,0.0,7.0,3.0,426151.31561058684,213.07565780529342,True,
SRC,12,8,#6,8,19.0,9.5,100.0,#57 stone,150.0,32.47808772970976,5.499039842323396,5.201089693986001,300.65170917264993,38.48341877409919,0.66,4.625,0.8627450980392157,166.06764705882352,149.46088235294118,83.2,0.25748154412218277,0.46254109103484603,0.010267968749999998,2.0,45000.0,41000.0,86000.0,2123.456790123457,3185.185185185185,40.249223594996224,40.0,2.0,1.0,145294.28927094283,68852.83520864075,214147.12447958358,226.0,451.0,31.0,0.0,51.0,0.0,7.0,3.0,320625.833595821,160.3129167979105,True,
SRC,12,8,#6,10,19.0,9.5,100.0,#57 stone,150.0,32.47808772970976,5.499039842323396,5.201089693986001,300.65170917264993,38.48341877409919,0.528,4.625,0.6901960784313725,135.58729411764708,122.02856470588236,83.2,0.3153640204394218,0.46254109103484603,0.013584960937499998,2.0,45000.0,41000.0,86000.0,2123.456790123457,3185.185185185185,40.249223594996224,40.0,2.0,1.0,116332.13962068676,55526.48000696835,171858.6196276551,181.0,361.0,25.0,0.0,51.0,0.0,7.0,3.0,257310.54438696138,128.6552721934807,True,
SRC,12,8,#6,12,19.0,9.5,100.0,#57 stone,150.0,32.47808772970976,5.499039842323396,5.201089693986001,300.65170917264993,38.48341877409919,0.44,4.625,0.5751633986928104,114.50784313725491,103.05705882352943,83.2,0.37341856262361006,0.46254109103484603,0.016901953125,2.0,45000.0,41000.0,86000.0,2123.456790123457,3185.185185185185,40.249223594996224,40.0,2.0,1.0,97024.03985384939,46642.24320585341,143666.2830597028,151.0,301.0,21.0,0.0,51.0,0.0,7.0,3.0,215100.35158105503,107.55017579052752,True,
SRC,12,8,#6,15,19.0,9.5,100.0,#57 stone,150.0,32.47808772970976,5.499039842323396,5.201089693986001,300.65170917264993,38.48341877409919,0.35200000000000004,4.625,0.46013071895424845,92.82101960784314,83.53891764705882,83.2,0.46066456039910264,0.46254109103484603,0.021877441406249993,2.0,45000.0,41000.0,86000.0,2123.456790123457,3185.185185185185,40.249223594996224,40.0,2.0,1.0,77715.94008701202,37758.00640473847,115473.94649175048,121.0,241.0,17.0,0.0,51.0,0.0,7.0,3.0,172890.15877514865,86.44507938757432,True,
SRC,12,8,#6,18,19.0,9.5,100.0,#57 stone,150.0,32.47808772970976,5.499039842323396,5.201089693986001,300.65170917264993,38.48341877409919,0.29333333333333333,4.625,0.38344226579520696,78.02570806100218,70.22313725490196,83.2,0.5480162276773364,0.46254109103484603,0.0268529296875,2.0,45000.0,41000.0,86000.0,2123.456790123457,3185.185185185185,40.249223594996224,40.0,2.0,1.0,64843.87357578709,33315.88800418101,98159.7615799681,101.0,201.0,15.0,0.0,51.0,0.0,7.0,3.0,146966.97636556334,73.48348818278167,True,
SRC,12,8,#6,24,19.0,9.5,100.0,#57 stone,150.0,32.47808772970976,5.499039842323396,5.201089693986001,300.65170917264993,38.48341877409919,0.22,4.625,0.2875816993464052,59.15196078431372,53.23676470588235,83.2,0.7228729804808556,0.46254109103484603,0.036803906250000004,2.0,45000.0,41000.0,86000.0,2123.456790123457,3185.185185185185,40.249223594996224,40.0,2.0,1.0,48753.79043675594,24431.651203066074,73185.441639822,76.0,151.0,11.0,0.0,51.0,0.0,7.0,3.0,109574.86956628907,54.78743478314453,True,
SRC,12,10,#3,6,19.0,9.5,100.0,#57 stone,150.0,38.39484868355252,5.499039842323396,5.431260308356283,204.12763231729474,40.82552646345895,0.22,6.8125,0.2875816993464052,88.02696078431372,79.22426470588235,130.0,0.5153159403248798,0.31404251125737653,0.055630078125,2.0,45000.0,41000.0,86000.0,2654.320987654321,3185.185185185185,20.124611797498112,40.0,2.0,1.0,187007.26934401813,87556.71360571406,274563.9829497322,301.0,601.0,41.0,0.0,51.0,0.0,7.0,3.0,102770.82417354561,51.3854120867728,True,
SRC,12,10,#3,8,19.0,9.5,100.0,#57 stone,150.0,38.39484868355252,5.499039842323396,5.431260308356283,204.12763231729474,40.82552646345895,0.165,6.8125,0.21568627450980393,66.37610294117647,59.738492647058834,130.0,0.683404027360723,0.31404251125737653,0.0751734375,2.0,45000.0,41000.0,86000.0,2654.320987654321,3185.185185185185,20.124611797498112,40.0,2.0,1.0,140372.1446354714,66201.41760432038,206573.5622397918,226.0,451.0,31.0,0.0,51.0,0.0,7.0,3.0,77321.63197725541,38.660815988627704,True,
SRC,12,10,#3,10,19.0,9.5,100.0,#57 stone,150.0,38.39484868355252,5.499039842323396,5.431260308356283,204.12763231729474,40.82552646345895,0.132,6.8125,0.17254901960784313,53.27170588235295,47.94453529411766,130.0,0.8515157402822477,0.31404251125737653,0.094716796875,2.0,45000.0,41000.0,86000.0,2654.320987654321,3185.185185185185,20.124611797498112,40.0,2.0,1.0,112391.06981034338,53388.24000348418,165779.30981382757,181.0,361.0,25.0,0.0,51.0,0.0,7.0,3.0,62052.1166594813,31.02605832974065,True,
SRC,12,10,#4,6,19.0,9.5,100.0,#57 stone,150.0,38.39484868355252,5.499039842323396,5.431260308356283,204.12763231729474,40.82552646345895,0.4000000000000001,6.75,0.5228758169934641,155.72549019607845,140.15294117647062,130.0,0.2912926844114841,0.31404251125737653,0.028950703124999994,2.0,45000.0,41000.0,86000.0,2654.320987654321,3185.185185185185,26.83281572999748,40.0,2.0,1.0,189193.02579202416,88725.61814095205,277918.6439329762,301.0,601.0,41.0,0.0,51.0,0.0,7.0,3.0,189139.07712105327,94.56953856052664,True,
SRC,12,10,#4,8,19.0,9.5,100.0,#57 stone,150.0,38.39484868355252,5.499039842323396,5.431260308356283,204.12763231729474,40.82552646345895,0.30000000000000004,6.75,0.39215686274509814,117.97058823529414,106.17352941176473,130.0,0.3845169948634599,0.31404251125737653,0.03960093749999999,2.0,45000.0,41000.0,86000.0,2654.320987654321,3185.185185185185,26.83281572999748,40.0,2.0,1.0,142012.85951396188,67085.22347242717,209098.08298638905,226.0,451.0,31.0,0.0,51.0,0.0,7.0,3.0,142302.86203240367,71.15143101620184,True,
SRC,12,10,#4,10,19.0,9.5,100.0,#57 stone,150.0,38.39484868355252,5.499039842323396,5.431260308356283,204.12763231729474,40.82552646345895,0.24000000000000005,6.75,0.31372549019607854,94.94117647058825,85.44705882352943,130.0,0.47778738116398317,0.31404251125737653,0.05025117187499998,2.0,45000.0,41000.0,86000.0,2654.320987654321,3185.185185185185,26.83281572999748,40.0,2.0,1.0,113704.75974712451,54100.986671312225,167805.74641843673,181.0,361.0,25.0,0.0,51.0,0.0,7.0,3.0,114201.13297921389,57.10056648960694,True,
SRC,12,10,#4,12,19.0,9.5,100.0,#57 stone,150.0,38.39484868355252,5.499039842323396,5.431260308356283,204.12763231729474,40.82552646345895,0.20000000000000004,6.75,0.26143790849673204,79.43137254901961,71.48823529411764,130.0,0.5710803504310065,0.31404251125737653,0.06090140624999999,2.0,45000.0,41000.0,86000.0,2654.320987654321,3185.185185185185,26.83281572999748,40.0,2.0,1.0,94832.69323589958,45444.828803902274,140277.52203980187,151.0,301.0,21.0,0.0,51.0,0.0,7.0,3.0,95466.64694375407,47.733323471877036,True,
SRC,12,10,#4,15,19.0,9.5,100.0,#57 stone,150.0,38.39484868355252,5.499039842323396,5.431260308356283,204.12763231729474,40.82552646345895,0.16000000000000003,6.75,0.20915032679738566,63.796078431372564,57.416470588235306,130.0,0.7110420763449737,0.31404251125737653,0.07687675781249999,2.0,45000.0,41000.0,86000.0,2654.320987654321,3185.185185185185,26.83281572999748,40.0,2.0,1.0,75960.62672467467,36788.670936492315,112749.29766116699,121.0,241.0,17.0,0.0,51.0,0.0,7.0,3.0,76732.16090829422,38.36608045414711,True,
SRC,12,10,#4,18,19.0,9.5,100.0,#57 stone,150.0,38.39484868355252,5.499039842323396,5.431260308356283,204.12763231729474,40.82552646345895,0.13333333333333336,6.75,0.1742919389978214,53.30283224400872,47.972549019607854,130.0,0.8510184949057492,0.31404251125737653,0.09285210937499999,2.0,45000.0,41000.0,86000.0,2654.320987654321,3185.185185185185,26.83281572999748,40.0,2.0,1.0,63379.249050524726,32460.592002787336,95839.84105331206,101.0,201.0,15.0,0.0,51.0,0.0,7.0,3.0,65224.33627239294,32.612168136196466,True,
SRC,12,10,#5,6,19.0,9.5,100.0,#57 stone,150.0,38.39484868355252,5.499039842323396,5.431260308356283,204.12763231729474,40.82552646345895,0.62,6.6875,0.8104575163398693,233.7004901960784,210.33044117647057,130.0,0.19410184391333865,0.31404251125737653,0.017422492439516126,2.0,45000.0,41000.0,86000.0,2654.320987654321,3185.185185185185,33.54101966249685,40.0,2.0,1.0,191378.78224003024,89894.52267619007,281273.3049162203,301.0,601.0,41.0,0.0,51.0,0.0,7.0,3.0,296704.27094981854,148.35213547490926,True,
SRC,12,10,#5,8,19.0,9.5,100.0,#57 stone,150.0,38.39484868355252,5.499039842323396,5.431260308356283,204.12763231729474,40.82552646345895,0.46499999999999997,6.6875,0.6078431372549019,178.1018382352941,160.2916544117647,130.0,0.2546952716489183,0.31404251125737653,0.024229989919354843,2.0,45000.0,41000.0,86000.0,2654.320987654321,3185.185185185185,33.54101966249685,40.0,2.0,1.0,143653.57439245237,67969.02934053396,211622.60373298632,226.0,451.0,31.0,0.0,51.0,0.0,7.0,3.0,223232.4549100043,111.61622745500216,True,
SRC,12,10,#5,10,19.0,9.5,100.0,#57 stone,150.0,38.39484868355252,5.499039842323396,5.431260308356283,204.12763231729474,40.82552646345895,0.372,6.6875,0.48627450980392156,143.83817647058822,129.4543588235294,130.0,0.3153661787403529,0.31404251125737653,0.03103748739919355,2.0,45000.0,41000.0,86000.0,2654.320987654321,3185.185185185185,33.54101966249685,40.0,2.0,1.0,115018.44968390564,54813.733339140286,169832.18302304592,181.0,361.0,25.0,0.0,51.0,0.0,7.0,3.0,179149.36528611582,89.57468264305791,True,
SRC,12,10,#5,12,19.0,9.5,100.0,#57 stone,150.0,38.39484868355252,5.499039842323396,5.431260308356283,204.12763231729474,40.82552646345895,0.31,6.6875,0.40522875816993464,120.61887254901961,108.55698529411765,130.0,0.37607461512355717,0.31404251125737653,0.037844984879032255,2.0,45000.0,41000.0,86000.0,2654.320987654321,3185.185185185185,33.54101966249685,40.0,2.0,1.0,95928.36654487449,46043.53600487784,141971.90254975233,151.0,301.0,21.0,0.0,51.0,0.0,7.0,3.0,149760.63887019013,74.88031943509506,True,
SRC,12,10,#5,15,19.0,9.5,100.0,#57 stone,150.0,38.39484868355252,5.499039842323396,5.431260308356283,204.12763231729474,40.82552646345895,0.24799999999999997,6.6875,0.32418300653594767,97.09807843137253,87.38827058823527,130.0,0.4671739832891844,0.31404251125737653,0.04805623109879032,2.0,45000.0,41000.0,86000.0,2654.320987654321,3185.185185185185,33.54101966249685,40.0,2.0,1.0,76838.28340584334,37273.3386706154,114111.62207645873,121.0,241.0,17.0,0.0,51.0,0.0,7.0,3.0,120371.91245426444,60.18595622713222,True,
SRC,12,10,#5,18,19.0,9.5,100.0,#57 stone,150.0,38.39484868355252,5.499039842323396,5.431260308356283,204.12763231729474,40.82552646345895,0.20666666666666667,6.6875,0.2701525054466231,81.25005446623094,73.12504901960784,130.0,0.5582974235341974,0.31404251125737653,0.05826747731854837,2.0,45000.0,41000.0,86000.0,2654.320987654321,3185.185185185185,33.54101966249685,40.0,2.0,1.0,64111.56131315591,32888.24000348417,96999.80131664008,101.0,201.0,15.0,0.0,51.0,0.0,7.0,3.0,102321.31819442795,51.16065909721397,True,
SRC,12,10,#5,24,19.0,9.5,100.0,#57 stone,150.0,38.39484868355252,5.499039842323396,5.431260308356283,204.12763231729474,40.82552646345895,0.155,6.6875,0.20261437908496732,61.2515931372549,55.12643382352941,130.0,0.740579856737142,0.31404251125737653,0.07868996975806451,2.0,45000.0,41000.0,86000.0,2654.320987654321,3185.185185185185,33.54101966249685,40.0,2.0,1.0,48203.15869729662,24118.042669221726,72321.20136651835,76.0,151.0,11.0,0.0,51.0,0.0,7.0,3.0,76288.82283037595,38.144411415187975,True,
SRC,12,10,#6,6,19.0,9.5,100.0,#57 stone,150.0,38.39484868355252,5.499039842323396,5.431260308356283,204.12763231729474,40.82552646345895,0.88,6.625,1.1503267973856208,319.4313725490196,287.4882352941177,130.0,0.14200764223166207,0.31404251125737653,0.0112541015625,2.0,45000.0,41000.0,86000.0,2654.320987654321,3185.185185185185,40.249223594996224,40.0,2.0,1.0,193564.53868803626,91063.42721142809,284627.9658994643,301.0,601.0,41.0,0.0,51.0,0.0,7.0,3.0,426151.31561058684,213.07565780529342,True,
SRC,12,10,#6,8,19.0,9.5,100.0,#57 stone,150.0,38.39484868355252,5.499039842323396,5.431260308356283,204.12763231729474,40.82552646345895,0.66,6.625,0.8627450980392157,245.2676470588235,220.74088235294118,130.0,0.18494773613427565,0.31404251125737653,0.01600546875,2.0,45000.0,41000.0,86000.0,2654.320987654321,3185.185185185185,40.249223594996224,40.0,2.0,1.0,145294.28927094283,68852.83520864075,214147.12447958358,226.0,451.0,31.0,0.0,51.0,0.0,7.0,3.0,320625.833595821,160.3129167979105,True,
SRC,12,10,#6,10,19.0,9.5,100.0,#57 stone,150.0,38.39484868355252,5.499039842323396,5.431260308356283,204.12763231729474,40.82552646345895,0.528,6.625,0.6901960784313725,198.9472941176471,179.05256470588236,130.0,0.22800861037941736,0.31404251125737653,0.020756835937500002,2.0,45000.0,41000.0,86000.0,2654.320987654321,3185.185185185185,40.249223594996224,40.0,2.0,1.0,116332.13962068676,55526.48000696835,171858.6196276551,181.0,361.0,25.0,0.0,51.0,0.0,7.0,3.0,257310.54438696138,128.6552721934807,True,
SRC,12,10,#6,12,19.0,9.5,100.0,#57 stone,150.0,38.39484868355252,5.499039842323396,5.431260308356283,204.12763231729474,40.82552646345895,0.44,6.625,0.5751633986928104,167.3078431372549,150.57705882352943,130.0,0.27112713438841246,0.31404251125737653,0.025508203125000004,2.0,45000.0,41000.0,86000.0,2654.320987654321,3185.185185185185,40.249223594996224,40.0,2.0,1.0,97024.03985384939,46642.24320585341,143666.2830597028,151.0,301.0,21.0,0.0,51.0,0.0,7.0,3.0,215100.35158105503,107.55017579052752,True,
SRC,12,10,#6,15,19.0,9.5,100.0,#57 stone,150.0,38.39484868355252,5.499039842323396,5.431260308356283,204.12763231729474,40.82552646345895,0.35200000000000004,6.625,0.46013071895424845,135.06101960784315,121.55491764705884,130.0,0.3358607553994486,0.31404251125737653,0.032635253906249995,2.0,45000.0,41000.0,86000.0,2654.320987654321,3185.185185185185,40.249223594996224,40.0,2.0,1.0,77715.94008701202,37758.00640473847,115473.94649175048,121.0,241.0,17.0,0.0,51.0,0.0,7.0,3.0,172890.15877514865,86.44507938757432,True,
SRC,12,10,#6,18,19.0,9.5,100.0,#57 stone,150.0,38.39484868355252,5.499039842323396,5.431260308356283,204.12763231729474,40.82552646345895,0.29333333333333333,6.625,0.38344226579520696,113.22570806100218,101.90313725490196,130.0,0.4006307122943369,0.31404251125737653,0.0397623046875,2.0,45000.0,41000.0,86000.0,2654.320987654321,3185.185185185185,40.249223594996224,40.0,2.0,1.0,64843.87357578709,33315.88800418101,98159.7615799681,101.0,201.0,15.0,0.0,51.0,0.0,7.0,3.0,146966.97636556334,73.48348818278167,True,
SRC,12,10,#6,24,19.0,9.5,100.0,#57 stone,150.0,38.39484868355252,5.499039842323396,5.431260308356283,204.12763231729474,40.82552646345895,0.22,6.625,0.2875816993464052,85.55196078431372,76.99676470588236,130.0,0.5302239206985795,0.31404251125737653,0.05401640625,2.0,45000.0,41000.0,86000.0,2654.320987654321,3185.185185185185,40.249223594996224,40.0,2.0,1.0,48753.79043675594,24431.651203066074,73185.441639822,76.0,151.0,11.0,0.0,51.0,0.0,7.0,3.0,109574.86956628907,54.78743478314453,True,
SRC,12,12,#3,6,19.0,9.5,100.0,#57 stone,150.0,44.02089771897309,5.499039842323396,5.77022359949313,146.75064207414266,42.264184917353084,0.22,8.8125,0.2875816993464052,114.42696078431374,102.98426470588237,187.2,0.4103945883194619,0.2257702185756041,0.07284257812500002,2.0,45000.0,41000.0,86000.0,3185.185185185185,3185.185185185185,20.124611797498112,40.0,2.0,1.0,187007.26934401813,87556.71360571406,274563.9829497322,301.0,601.0,41.0,0.0,51.0,0.0,7.0,3.0,102770.82417354561,51.3854120867728,True,
SRC,12,12,#3,8,19.0,9.5,100.0,#57 stone,150.0,44.02089771897309,5.499039842323396,5.77022359949313,146.75064207414266,42.264184917353084,0.165,8.8125,0.21568627450980393,86.17610294117648,77.55849264705883,187.2,0.5449330366654028,0.2257702185756041,0.09812343749999998,2.0,45000.0,41000.0,86000.0,3185.185185185185,3185.185185185185,20.124611797498112,40.0,2.0,1.0,140372.1446354714,66201.41760432038,206573.5622397918,226.0,451.0,31.0,0.0,51.0,0.0,7.0,3.0,77321.63197725541,38.660815988627704,True,
SRC,12,12,#3,10,19.0,9.5,100.0,#57 stone,150.0,44.02089771897309,5.499039842323396,5.77022359949313,146.75064207414266,42.264184917353084,0.132,8.8125,0.17254901960784313,69.11170588235294,62.20053529411764,187.2,0.6794826558566618,0.2257702185756041,0.123404296875,2.0,45000.0,41000.0,86000.0,3185.185185185185,3185.185185185185,20.124611797498112,40.0,2.0,1.0,112391.06981034338,53388.24000348418,165779.30981382757,181.0,361.0,25.0,0.0,51.0,0.0,7.0,3.0,62052.1166594813,31.02605832974065,True,
SRC,12,12,#3,12,19.0,9.5,100.0,#57 stone,150.0,44.02089771897309,5.499039842323396,5.77022359949313,146.75064207414266,42.264184917353084,0.11,8.8125,0.1437908496732026,57.68799019607843,51.9191911764706,187.2,0.8140378145279525,0.2257702185756041,0.14868515625,2.0,45000.0,41000.0,86000.0,3185.185185185185,3185.185185185185,20.124611797498112,40.0,2.0,1.0,93737.0199269247,44846.12160292671,138583.14152985142,151.0,301.0,21.0,0.0,51.0,0.0,7.0,3.0,51872.43978096522,25.93621989048261,True,
SRC,12,12,#4,6,19.0,9.5,100.0,#57 stone,150.0,44.02089771897309,5.499039842323396,5.77022359949313,146.75064207414266,42.264184917353084,0.4000000000000001,8.75,0.5228758169934641,203.72549019607843,183.3529411764706,187.2,0.23050726454764273,0.2257702185756041,0.038417578125,2.0,45000.0,41000.0,86000.0,3185.185185185185,3185.185185185185,26.83281572999748,40.0,2.0,1.0,189193.02579202416,88725.61814095205,277918.6439329762,301.0,601.0,41.0,0.0,51.0,0.0,7.0,3.0,189139.07712105327,94.56953856052664,True,
SRC,12,12,#4,8,19.0,9.5,100.0,#57 stone,150.0,44.02089771897309,5.499039842323396,5.77022359949313,146.75064207414266,42.264184917353084,0.30000000000000004,8.75,0.39215686274509814,153.97058823529414,138.57352941176475,187.2,0.3049946486660309,0.2257702185756041,0.05222343749999999,2.0,45000.0,41000.0,86000.0,3185.185185185185,3185.185185185185,26.83281572999748,40.0,2.0,1.0,142012.85951396188,67085.22347242717,209098.08298638905,226.0,451.0,31.0,0.0,51.0,0.0,7.0,3.0,142302.86203240367,71.15143101620184,True,
SRC,12,12,#4,10,19.0,9.5,100.0,#57 stone,150.0,44.02089771897309,5.499039842323396,5.77022359949313,146.75064207414266,42.264184917353084,0.24000000000000005,8.75,0.31372549019607854,123.74117647058829,111.36705882352946,187.2,0.3795034668584026,0.2257702185756041,0.06602929687499998,2.0,45000.0,41000.0,86000.0,3185.185185185185,3185.185185185185,26.83281572999748,40.0,2.0,1.0,113704.75974712451,54100.986671312225,167805.74641843673,181.0,361.0,25.0,0.0,51.0,0.0,7.0,3.0,114201.13297921389,57.10056648960694,True,
SRC,12,12,#4,12,19.0,9.5,100.0,#57 stone,150.0,44.02089771897309,5.499039842323396,5.77022359949313,146.75064207414266,42.264184917353084,0.20000000000000004,8.75,0.26143790849673204,103.43137254901963,93.08823529411767,187.2,0.4540228395545038,0.2257702185756041,0.07983515624999998,2.0,45000.0,41000.0,86000.0,3185.185185185185,3185.185185185185,26.83281572999748,40.0,2.0,1.0,94832.69323589958,45444.828803902274,140277.52203980187,151.0,301.0,21.0,0.0,51.0,0.0,7.0,3.0,95466.64694375407,47.733323471877036,True,
SRC,12,12,#4,15,19.0,9.5,100.0,#57 stone,150.0,44.02089771897309,5.499039842323396,5.77022359949313,146.75064207414266,42.264184917353084,0.16000000000000003,8.75,0.20915032679738566,82.99607843137258,74.69647058823531,187.2,0.5658123413934056,0.2257702185756041,0.1005439453125,2.0,45000.0,41000.0,86000.0,3185.185185185185,3185.185185185185,26.83281572999748,40.0,2.0,1.0,75960.62672467467,36788.670936492315,112749.29766116699,121.0,241.0,17.0,0.0,51.0,0.0,7.0,3.0,76732.16090829422,38.36608045414711,True,
SRC,12,12,#4,18,19.0,9.5,100.0,#57 stone,150.0,44.02089771897309,5.499039842323396,5.77022359949313,146.75064207414266,42.264184917353084,0.13333333333333336,8.75,0.1742919389978214,69.30283224400873,62.37254901960785,187.2,0.6776087490679054,0.2257702185756041,0.12125273437499998,2.0,45000.0,41000.0,86000.0,3185.185185185185,3185.185185185185,26.83281572999748,40.0,2.0,1.0,63379.249050524726,32460.592002787336,95839.84105331206,101.0,201.0,15.0,0.0,51.0,0.0,7.0,3.0,65224.33627239294,32.612168136196466,True,
SRC,12,12,#4,24,19.0,9.5,100.0,#57 stone,150.0,44.02089771897309,5.499039842323396,5.77022359949313,146.75064207414266,42.264184917353084,0.10000000000000002,8.75,0.13071895424836602,52.10784313725491,46.89705882352942,187.2,0.901211845211668,0.2257702185756041,0.1626703125,2.0,45000.0,41000.0,86000.0,3185.185185185185,3185.185185185185,26.83281572999748,40.0,2.0,1.0,47652.5269578373,23804.43413537738,71456.96109321468,76.0,151.0,11.0,0.0,51.0,0.0,7.0,3.0,48630.431855104434,24.315215927552217,True,
SRC,12,12,#5,6,19.0,9.5,100.0,#57 stone,150.0,44.02089771897309,5.499039842323396,5.77022359949313,146.75064207414266,42.264184917353084,0.62,8.6875,0.8104575163398693,308.10049019607845,277.2904411764706,187.2,0.15241847046020496,0.2257702185756041,0.02353015372983871,2.0,45000.0,41000.0,86000.0,3185.185185185185,3185.185185185185,33.54101966249685,40.0,2.0,1.0,191378.78224003024,89894.52267619007,281273.3049162203,301.0,601.0,41.0,0.0,51.0,0.0,7.0,3.0,296704.27094981854,148.35213547490926,True,
SRC,12,12,#5,8,19.0,9.5,100.0,#57 stone,150.0,44.02089771897309,5.499039842323396,5.77022359949313,146.75064207414266,42.264184917353084,0.46499999999999997,8.6875,0.6078431372549019,233.90183823529406,210.51165441176468,187.2,0.200768860210863,0.2257702185756041,0.032373538306451614,2.0,45000.0,41000.0,86000.0,3185.185185185185,3185.185185185185,33.54101966249685,40.0,2.0,1.0,143653.57439245237,67969.02934053396,211622.60373298632,226.0,451.0,31.0,0.0,51.0,0.0,7.0,3.0,223232.4549100043,111.61622745500216,True,
SRC,12,12,#5,10,19.0,9.5,100.0,#57 stone,150.0,44.02089771897309,5.499039842323396,5.77022359949313,146.75064207414266,42.264184917353084,0.372,8.6875,0.48627450980392156,188.47817647058827,169.63035882352943,187.2,0.2491546042257774,0.2257702185756041,0.04121692288306452,2.0,45000.0,41000.0,86000.0,3185.185185185185,3185.185185185185,33.54101966249685,40.0,2.0,1.0,115018.44968390564,54813.733339140286,169832.18302304592,181.0,361.0,25.0,0.0,51.0,0.0,7.0,3.0,179149.36528611582,89.57468264305791,True,
SRC,12,12,#5,12,19.0,9.5,100.0,#57 stone,150.0,44.02089771897309,5.499039842323396,5.77022359949313,146.75064207414266,42.264184917353084,0.31,8.6875,0.40522875816993464,157.8188725490196,142.03698529411764,187.2,0.29755760325267494,0.2257702185756041,0.05006030745967741,2.0,45000.0,41000.0,86000.0,3185.185185185185,3185.185185185185,33.54101966249685,40.0,2.0,1.0,95928.36654487449,46043.53600487784,141971.90254975233,151.0,301.0,21.0,0.0,51.0,0.0,7.0,3.0,149760.63887019013,74.88031943509506,True,
SRC,12,12,#5,15,19.0,9.5,100.0,#57 stone,150.0,44.02089771897309,5.499039842323396,5.77022359949313,146.75064207414266,42.264184917353084,0.24799999999999997,8.6875,0.32418300653594767,126.85807843137255,114.17227058823529,187.2,0.37017906974785286,0.2257702185756041,0.06332538432459678,2.0,45000.0,41000.0,86000.0,3185.185185185185,3185.185185185185,33.54101966249685,40.0,2.0,1.0,76838.28340584334,37273.3386706154,114111.62207645873,121.0,241.0,17.0,0.0,51.0,0.0,7.0,3.0,120371.91245426444,60.18595622713222,True,
SRC,12,12,#5,18,19.0,9.5,100.0,#57 stone,150.0,44.02089771897309,5.499039842323396,5.77022359949313,146.75064207414266,42.264184917353084,0.20666666666666667,8.6875,0.2701525054466231,106.05005446623093,95.44504901960784,187.2,0.44281170528468694,0.2257702185756041,0.07659046118951612,2.0,45000.0,41000.0,86000.0,3185.185185185185,3185.185185185185,33.54101966249685,40.0,2.0,1.0,64111.56131315591,32888.24000348417,96999.80131664008,101.0,201.0,15.0,0.0,51.0,0.0,7.0,3.0,102321.31819442795,51.16065909721397,True,
SRC,12,12,#5,24,19.0,9.5,100.0,#57 stone,150.0,44.02089771897309,5.499039842323396,5.77022359949313,146.75064207414266,42.264184917353084,0.155,8.6875,0.20261437908496732,79.85159313725491,71.86643382352943,187.2,0.5880935322480907,0.2257702185756041,0.10312061491935483,2.0,45000.0,41000.0,86000.0,3185.185185185185,3185.185185185185,33.54101966249685,40.0,2.0,1.0,48203.15869729662,24118.042669221726,72321.20136651835,76.0,151.0,11.0,0.0,51.0,0.0,7.0,3.0,76288.82283037595,38.144411415187975,True,
SRC,12,12,#6,6,19.0,9.5,100.0,#57 stone,150.0,44.02089771897309,5.499039842323396,5.77022359949313,146.75064207414266,42.264184917353084,0.88,8.625,1.1503267973856208,425.03137254901964,382.52823529411774,187.2,0.11048644522895693,0.2257702185756041,0.015557226562500004,2.0,45000.0,41000.0,86000.0,3185.185185185185,3185.185185185185,40.249223594996224,40.0,2.0,1.0,193564.53868803626,91063.42721142809,284627.9658994643,301.0,601.0,41.0,0.0,51.0,0.0,7.0,3.0,426151.31561058684,213.07565780529342,True,
SRC,12,12,#6,8,19.0,9.5,100.0,#57 stone,150.0,44.02089771897309,5.499039842323396,5.77022359949313,146.75064207414266,42.264184917353084,0.66,8.625,0.8627450980392157,324.4676470588235,292.02088235294116,187.2,0.14473000895282517,0.2257702185756041,0.021742968749999998,2.0,45000.0,41000.0,86000.0,3185.185185185185,3185.185185185185,40.249223594996224,40.0,2.0,1.0,145294.28927094283,68852.83520864075,214147.12447958358,226.0,451.0,31.0,0.0,51.0,0.0,7.0,3.0,320625.833595821,160.3129167979105,True,
SRC,12,12,#6,10,19.0,9.5,100.0,#57 stone,150.0,44.02089771897309,5.499039842323396,5.77022359949313,146.75064207414266,42.264184917353084,0.528,8.625,0.6901960784313725,262.3072941176471,236.07656470588233,187.2,0.17902744802309462,0.2257702185756041,0.0279287109375,2.0,45000.0,41000.0,86000.0,3185.185185185185,3185.185185185185,40.249223594996224,40.0,2.0,1.0,116332.13962068676,55526.48000696835,171858.6196276551,181.0,361.0,25.0,0.0,51.0,0.0,7.0,3.0,257310.54438696138,128.6552721934807,True,
SRC,12,12,#6,12,19.0,9.5,100.0,#57 stone,150.0,44.02089771897309,5.499039842323396,5.77022359949313,146.75064207414266,42.264184917353084,0.44,8.625,0.5751633986928104,220.1078431372549,198.0970588235294,187.2,0.21335089560821416,0.2257702185756041,0.034114453125000006,2.0,45000.0,41000.0,86000.0,3185.185185185185,3185.185185185185,40.249223594996224,40.0,2.0,1.0,97024.03985384939,46642.24320585341,143666.2830597028,151.0,301.0,21.0,0.0,51.0,0.0,7.0,3.0,215100.35158105503,107.55017579052752,True,
SRC,12,12,#6,15,19.0,9.5,100.0,#57 stone,150.0,44.02089771897309,5.499039842323396,5.77022359949313,146.75064207414266,42.264184917353084,0.35200000000000004,8.625,0.46013071895424845,177.3010196078432,159.57091764705888,187.2,0.26486145182691484,0.2257702185756041,0.043393066406249986,2.0,45000.0,41000.0,86000.0,3185.185185185185,3185.185185185185,40.249223594996224,40.0,2.0,1.0,77715.94008701202,37758.00640473847,115473.94649175048,121.0,241.0,17.0,0.0,51.0,0.0,7.0,3.0,172890.15877514865,86.44507938757432,True,
SRC,12,12,#6,18,19.0,9.5,100.0,#57 stone,150.0,44.02089771897309,5.499039842323396,5.77022359949313,146.75064207414266,42.264184917353084,0.29333333333333333,8.625,0.38344226579520696,148.42570806100215,133.58313725490197,187.2,0.31638862348849467,0.2257702185756041,0.0526716796875,2.0,45000.0,41000.0,86000.0,3185.185185185185,3185.185185185185,40.249223594996224,40.0,2.0,1.0,64843.87357578709,33315.88800418101,98159.7615799681,101.0,201.0,15.0,0.0,51.0,0.0,7.0,3.0,146966.97636556334,73.48348818278167,True,
SRC,12,12,#6,24,19.0,9.5,100.0,#57 stone,150.0,44.02089771897309,5.499039842323396,5.77022359949313,146.75064207414266,42.264184917353084,0.22,8.625,0.2875816993464052,111.95196078431374,100.75676470588236,187.2,0.41946746742738183,0.2257702185756041,0.07122890625000002,2.0,45000.0,41000.0,86000.0,3185.185185185185,3185.185185185185,40.249223594996224,40.0,2.0,1.0,48753.79043675594,24431.651203066074,73185.441639822,76.0,151.0,11.0,0.0,51.0,0.0,7.0,3.0,109574.86956628907,54.78743478314453,True,
